query,oracle_alpha,best_ndcg,ndcg_at_alpha1,curve_range,n_argmax_ties
)what was the immediate impact of the success of the manhattan project?,0.6,1.0,0.6309297535714575,0.36907024642854247,8
"_________ justice is designed to repair the harm to victim, the community and the offender caused by the offender criminal act. question 19 options:",0.7,1.0,1.0,0.6437928128919779,7
what color is amber urine,0.0,0.5,0.3333333333333333,0.16666666666666669,1
is autoimmune hepatitis a bile acid synthesis disorder,0.0,0.43067655807339306,0.3562071871080222,0.07446937096537087,11
elegxo meaning,0.0,1.0,0.5,0.5,11
how much does an average person make for tutoring,1.0,0.43067655807339306,0.43067655807339306,0.43067655807339306,1
can you use a calculator on the compass test,0.35,1.0,1.0,0.36907024642854247,14
what does physical medicine do,0.25,0.6309297535714575,0.43067655807339306,0.6309297535714575,7
what does pending mean on listing,0.6,0.5,0.5,0.5,9
feeding rice cereal how many times per day,0.85,1.0,1.0,0.6131471927654584,4
most dependable affordable cars,0.35,1.0,0.5,0.5693234419266069,11
lithophile definition,0.0,1.0,0.6309297535714575,0.36907024642854247,1
what is a flail chest,0.0,0.5,0.38685280723454163,0.11314719276545837,9
what causes ear infection in adults,0.75,0.6309297535714575,0.6309297535714575,0.6309297535714575,6
put yourself on child support in texas,0.45,1.0,1.0,0.36907024642854247,12
mushrooms health benefits,0.9,0.38685280723454163,0.38685280723454163,0.38685280723454163,3
what happens in a wrist sprain,0.95,1.0,1.0,0.6845351232142712,2
example of culture &sensitivity results,0.35,1.0,1.0,0.6437928128919779,14
what are rhetorical topics,0.0,0.6309297535714575,0.0,0.6309297535714575,5
mode of acquisition,0.0,0.0,0.0,0.0,21
how beautiful on the mountain are the feet,0.0,0.6309297535714575,0.31546487678572877,0.31546487678572877,1
what is considered early fall,0.0,0.0,0.0,0.0,21
what causes elevated nitrate levels in aquariums,0.7,0.6309297535714575,0.6309297535714575,0.2440769463369159,7
is an independent contractor hired by a company entitled to the same non-compete as a normal employee,0.0,0.5,0.38685280723454163,0.11314719276545837,16
lyme disease symptoms mood,0.0,0.43067655807339306,0.38685280723454163,0.04382375083885143,15
what forms the epineurium,0.0,1.0,0.6309297535714575,0.36907024642854247,20
an alpha helix is an example of which protein structure?,0.85,1.0,1.0,1.0,4
aggregate demand curve,0.0,0.6309297535714575,0.0,0.6309297535714575,3
what county is ackley iowa in,0.0,1.0,1.0,0.0,21
"weather in medellin, colombia",0.8,0.6309297535714575,0.6309297535714575,0.2975964202381242,5
what is adiabatic?,0.3,1.0,0.6309297535714575,0.5,6
how much does a lipid panel cost,0.35,1.0,1.0,1.0,14
what is a nrr noise reduction rating mean,0.0,1.0,0.5,0.5,4
fibroid symptoms after menopause,0.9,0.6309297535714575,0.6309297535714575,0.32989975790747633,3
what are the requirements for neurologist,0.1,1.0,1.0,0.36907024642854247,19
meaning of ..bann..,0.85,0.3562071871080222,0.3562071871080222,0.3562071871080222,4
watts & browning engineers,0.95,0.38685280723454163,0.38685280723454163,0.08582281157056043,2
how long was jack denison dorothy dandridge married,0.0,1.0,1.0,0.0,21
literal define,0.25,1.0,1.0,0.5693234419266069,16
what does lease to purchase on car mean?,0.7,1.0,0.6309297535714575,0.6845351232142712,4
steering define,0.3,0.5,0.5,0.5,15
what does fb mean on a ring,0.0,1.0,0.6309297535714575,0.36907024642854247,20
what causes elevation in ast (sgot),0.0,0.0,0.0,0.0,21
what is garlic used for,0.0,1.0,0.6309297535714575,0.36907024642854247,19
what is garlic used for,0.6,0.3333333333333333,0.2890648263178879,0.3333333333333333,1
definition of legal term injunctive relief,0.0,0.5,0.5,0.0,21
how many seconds should check for breathing,0.0,1.0,1.0,0.0,21
what does the term bar none mean,0.0,0.6309297535714575,0.5,0.20025319549806447,12
what is a mini whoodle,0.65,1.0,1.0,0.5,8
is frida kahlo mexican,0.1,0.6309297535714575,0.6309297535714575,0.13092975357145753,19
is frida kahlo mexican,0.0,1.0,1.0,0.0,21
what causes everything to taste sugary,0.8,0.6309297535714575,0.5,0.6309297535714575,1
what color is venus planet,0.8,0.3562071871080222,0.3562071871080222,0.3562071871080222,5
what class lever is a nutcracker,0.0,0.6309297535714575,0.5,0.13092975357145753,18
what does the name halima mean,0.0,1.0,1.0,0.0,21
meds that can cause irregular heartbeat,0.85,1.0,1.0,1.0,4
how much does a ballet dancer make,0.75,0.3562071871080222,0.3333333333333333,0.3562071871080222,2
highest enlisted marine female,0.9,0.5,0.43067655807339306,0.1989700043360188,2
cyrillic alphabet definition,0.1,1.0,1.0,0.36907024642854247,19
spousal roth ira contribution after age 70,0.0,1.0,1.0,0.0,21
typical retirement fers,0.95,1.0,1.0,0.6989700043360187,2
what does the name asia mean,0.05,0.6309297535714575,0.6309297535714575,0.2440769463369159,20
what cell type is responsible for producing current?,0.0,0.0,0.0,0.0,21
what causes excel file corruption,0.7,0.5,0.5,0.16666666666666669,7
infrax system,0.0,1.0,0.43067655807339306,0.5693234419266069,1
what is a virtual interface,0.0,1.0,0.6309297535714575,0.36907024642854247,10
what ethnicity is darren criss' mom?,0.75,1.0,1.0,1.0,6
how was the esperanza fire started,0.1,1.0,1.0,0.36907024642854247,19
what does whistling dixie mean,0.7,1.0,1.0,0.36907024642854247,7
how does a bump key work,1.0,0.43067655807339306,0.43067655807339306,0.14161173175550518,1
is gwen stefani italian,0.35,0.6309297535714575,0.6309297535714575,0.13092975357145753,14
what causes exhaust hanger to fail,0.2,1.0,1.0,0.5,17
what county is fine ny in,0.9,1.0,1.0,1.0,3
what can cause a metallic smell,0.65,0.6309297535714575,0.5,0.6309297535714575,3
what are garlic supplements good for,1.0,0.43067655807339306,0.43067655807339306,0.43067655807339306,1
what county is lochbuie co in,1.0,0.6309297535714575,0.6309297535714575,0.2440769463369159,1
vde definition,0.35,1.0,1.0,0.6437928128919779,14
definition chemical,0.0,0.0,0.0,0.0,21
difference between hep b and c,0.0,0.6309297535714575,0.6309297535714575,0.0,21
what causes extreme swelling in just one leg?,0.0,0.0,0.0,0.0,21
what citation is used for outside sources,0.0,1.0,0.43067655807339306,0.5693234419266069,12
what are the drugs used for moderate sedation,0.4,0.3562071871080222,0.31546487678572877,0.3562071871080222,7
what is hardie plank,0.05,1.0,1.0,0.5,20
what does ISF mean fluid do,0.0,0.0,0.0,0.0,21
what is a affidavit of support,0.4,1.0,1.0,0.6666666666666667,13
syracuse minor league baseball,0.0,1.0,1.0,0.0,21
current fuel price in delhi,0.95,0.6309297535714575,0.5,0.2440769463369159,1
what causes eyelid itching and swelling,1.0,0.6309297535714575,0.6309297535714575,0.6309297535714575,1
myers-briggs personality test what do the letters stand for,0.2,0.2890648263178879,0.2890648263178879,0.2890648263178879,17
what is a good home remedy for hemorrhoids,0.65,1.0,1.0,0.5693234419266069,8
what does the last name spratt mean,0.35,1.0,1.0,0.5,14
element al,0.45,1.0,1.0,0.6666666666666667,12
"what causes feelings of detachment from reality,",0.75,0.6309297535714575,0.6309297535714575,0.27472256646343535,6
concrete walkway cost per square foot,0.9,1.0,1.0,0.5693234419266069,3
armistead meaning,0.65,0.6309297535714575,0.6309297535714575,0.2975964202381242,8
ross cameron age,0.45,1.0,1.0,0.6131471927654584,12
reasons why nuclear power is bad,0.0,1.0,0.5,0.5,9
what does dealer invoice price mean,0.55,1.0,1.0,0.6989700043360187,10
use pi as wired vpn router,0.0,0.3010299956639812,0.0,0.3010299956639812,5
singular noun definition for kids,0.6,1.0,1.0,1.0,9
causes of back pain in female for a week,0.4,0.31546487678572877,0.0,0.31546487678572877,4
savannah georgia average yearly weather,0.65,1.0,1.0,0.5,8
temperature sorrento italy september,0.0,1.0,1.0,0.0,21
what county is exeter nh,0.2,1.0,1.0,0.36907024642854247,17
what is fms medical term,0.85,0.6309297535714575,0.6309297535714575,0.6309297535714575,4
what is boot screening?,0.6,1.0,1.0,1.0,9
is acre capitalized,0.75,0.5,0.3333333333333333,0.16666666666666669,1
smoking patches how long should you be on them,0.85,0.31546487678572877,0.31546487678572877,0.31546487678572877,4
what does it mean when the bottom of your foot is really hot,0.65,1.0,1.0,1.0,8
oliguric meaning,0.85,0.3562071871080222,0.3562071871080222,0.3562071871080222,4
average annual snowfall in jersey,0.05,0.6309297535714575,0.6309297535714575,0.13092975357145753,19
price for hardwood floor refinishing,0.3,0.31546487678572877,0.2890648263178879,0.31546487678572877,2
what is e. pluribus unum,0.25,1.0,1.0,0.5693234419266069,16
how much do club set bottles cost?,0.2,0.6309297535714575,0.38685280723454163,0.2440769463369159,6
what causes film creasing during folding process,0.45,0.5,0.5,0.06932344192660694,12
what is a lease?,0.65,1.0,1.0,1.0,8
meaning of a discrete concept,0.55,0.6309297535714575,0.6309297535714575,0.27472256646343535,10
va choice provider phone number,0.65,1.0,1.0,1.0,8
va choice provider phone number,0.5,0.6309297535714575,0.6309297535714575,0.27472256646343535,10
population nehalem or,0.15,1.0,0.6309297535714575,0.36907024642854247,15
how much is a pint of patron,0.7,1.0,1.0,0.36907024642854247,7
what is home systems protection insurance,0.0,1.0,1.0,0.0,21
what all is ferric gluconate used for,0.3,1.0,1.0,0.5693234419266069,15
causes of swollen ankles and feet,0.9,0.3333333333333333,0.3010299956639812,0.3333333333333333,1
causes of swollen ankles and feet,0.0,1.0,0.38685280723454163,0.6131471927654584,18
causes of swollen ankles and feet,0.0,0.0,0.0,0.0,21
is levaquin an antibiotic,0.0,1.0,0.5,0.5,14
what does the sphinx represent,0.4,1.0,0.6309297535714575,0.5,3
meaning of obtunded,0.3,0.38685280723454163,0.38685280723454163,0.030645620126519446,15
"what county is marlboro, nj",0.0,1.0,1.0,0.0,21
symptoms of tularemia in rabbits,0.9,0.43067655807339306,0.43067655807339306,0.43067655807339306,3
what is a health unit coordinator,0.3,1.0,1.0,0.36907024642854247,15
what causes flashes of light in your peripheral vision?,0.0,0.6309297535714575,0.5,0.13092975357145753,16
ibm filenet discovery,0.8,1.0,1.0,0.6437928128919779,5
how to abbreviate degrees fahrenheit,0.0,0.3010299956639812,0.0,0.3010299956639812,13
inherent legal definition,0.7,0.6309297535714575,0.6309297535714575,0.2440769463369159,7
carbs withdrawal signs and symptoms,0.45,0.6309297535714575,0.5,0.6309297535714575,7
is turmeric curcumin,0.15,1.0,0.6309297535714575,0.36907024642854247,14
is rosemary oil good for back pain?,0.0,0.6309297535714575,0.5,0.13092975357145753,18
what are setbacks in zoning,0.9,1.0,1.0,0.36907024642854247,3
what is a cleric,0.55,1.0,1.0,0.6437928128919779,10
what files do dvd players read,0.0,0.0,0.0,0.0,21
integrated dna technology,0.55,0.5,0.5,0.11314719276545837,10
what happens when waves hit a concave surface,0.0,0.0,0.0,0.0,21
does dehydration cause sleep harder,0.65,0.6309297535714575,0.5,0.6309297535714575,4
(Metformin what is it and what does it do?),0.7,0.6309297535714575,0.6309297535714575,0.6309297535714575,7
unconscious bias definition,0.85,0.6309297535714575,0.6309297535714575,0.6309297535714575,4
most expensive places in the world dublin,0.05,0.6309297535714575,0.6309297535714575,0.20025319549806447,20
what causes fluid in the ears?,0.0,0.5,0.3010299956639812,0.1989700043360188,10
what causes fluid in the ears?,0.3,1.0,1.0,0.6131471927654584,15
what causes fluid in the ears?,0.9,0.38685280723454163,0.38685280723454163,0.38685280723454163,3
what does the legal term demur mean?,0.5,0.6309297535714575,0.5,0.6309297535714575,4
what do architectural drawings show,0.6,0.3562071871080222,0.3562071871080222,0.0671423607901343,9
salt water aquarium salinity,0.4,1.0,1.0,0.5693234419266069,13
what does lactose do,0.95,0.38685280723454163,0.38685280723454163,0.38685280723454163,2
prices for massages,0.15,0.2890648263178879,0.0,0.2890648263178879,2
prices for massages,1.0,0.5,0.5,0.5,1
how many species go extinct in an average day,0.95,1.0,1.0,1.0,2
how many species go extinct in an average day,0.0,1.0,0.5,0.5,19
what is an alias name,0.6,0.6309297535714575,0.43067655807339306,0.31546487678572877,2
"what county is lawton, ok",0.4,1.0,1.0,0.36907024642854247,13
pluvious definition,0.0,1.0,1.0,0.0,21
medicare prior authorization number for florida,0.95,0.6309297535714575,0.6309297535714575,0.6309297535714575,2
does restrictive lung disease cause sleep apnea,0.0,1.0,1.0,0.0,21
how common is the name andrew?,1.0,0.43067655807339306,0.43067655807339306,0.43067655807339306,1
what is human trafficking,0.2,1.0,0.3562071871080222,0.6437928128919779,8
how much is does it cost to insure a house,0.6,1.0,1.0,1.0,9
what do you need to be certified in medical coding,0.0,0.43067655807339306,0.3562071871080222,0.07446937096537087,17
irs continuing education requirements,0.7,1.0,1.0,0.36907024642854247,7
irs continuing education requirements,0.0,1.0,0.6309297535714575,0.36907024642854247,14
smart procurement definition,0.0,1.0,0.38685280723454163,0.6131471927654584,19
to_date function,0.0,0.6309297535714575,0.43067655807339306,0.20025319549806447,1
what degree  is ideal flag mount,0.0,1.0,0.6309297535714575,0.36907024642854247,20
amnesty define,0.0,1.0,0.38685280723454163,0.6131471927654584,15
talk stoop cat what happened to bulldog gracie,0.0,1.0,1.0,0.0,21
how much does a teaching assistant earn,0.85,1.0,1.0,0.5,4
how much is Welding school,0.0,1.0,1.0,0.0,21
time hawaii,0.0,1.0,1.0,0.0,21
how to become a class b cdl driver,1.0,1.0,1.0,1.0,1
what includes in nursing general survey,0.0,1.0,0.5,0.5,12
what includes in nursing general survey,0.0,0.6309297535714575,0.43067655807339306,0.20025319549806447,9
what did the nuremberg trials do explanation,0.8,0.43067655807339306,0.43067655807339306,0.11521168128766429,5
what are mangroves,0.9,0.5,0.5,0.5,3
what is an open system server,0.0,1.0,1.0,0.0,21
how much do pediatric nurse practioners make a year,0.5,1.0,0.6309297535714575,0.5693234419266069,9
meaning of material requisition,0.8,1.0,1.0,0.5,5
what is a prostate rub,0.55,0.5,0.5,0.5,10
population brigham city utah,0.35,1.0,1.0,0.5693234419266069,14
price clips,0.0,1.0,1.0,0.0,21
team uniform color schemes,0.0,0.6309297535714575,0.6309297535714575,0.0,21
what causes gall bladder infection,0.2,0.43067655807339306,0.0,0.43067655807339306,13
what causes gall bladder infection,0.0,1.0,1.0,0.0,21
volcano hawaii stats,0.0,1.0,0.3333333333333333,0.6666666666666667,6
does vinegar help poison ivy,0.55,1.0,1.0,0.5,10
is the pill nabumetone a narcotic,0.4,0.6309297535714575,0.6309297535714575,0.6309297535714575,12
symptoms of strep throat for an adult,0.5,0.6309297535714575,0.6309297535714575,0.6309297535714575,11
if i contribute to a roth ira is it taxable,0.4,1.0,1.0,1.0,13
what are voles?,0.85,1.0,1.0,1.0,4
how many people died at the battle of gettysburg,0.75,0.5,0.3562071871080222,0.14379281289197782,2
what causes hair to break,0.0,1.0,0.3333333333333333,0.6666666666666667,12
what causes hair to break,0.35,0.38685280723454163,0.38685280723454163,0.053519473901208314,11
what causes hair to break,0.9,0.3010299956639812,0.3010299956639812,0.3010299956639812,3
what causes gall bladder infections?,1.0,0.6309297535714575,0.6309297535714575,0.6309297535714575,1
meaning of a navigate,0.2,0.6309297535714575,0.6309297535714575,0.27472256646343535,15
what does a spider bute sore look like,0.0,0.0,0.0,0.0,21
is china bigger than the united states,0.1,1.0,1.0,0.36907024642854247,19
what are trap cards,0.2,0.5,0.38685280723454163,0.11314719276545837,14
what degree sunburn causes blisters,0.0,1.0,1.0,0.0,21
average age of nhl teams,1.0,0.43067655807339306,0.43067655807339306,0.43067655807339306,1
what are the symptoms of a bad O2 sensor,0.0,1.0,1.0,0.0,21
what are the three major groups of protists,0.6,0.43067655807339306,0.43067655807339306,0.43067655807339306,9
how much does it cost to replace a foundation of a house?,0.9,0.5,0.5,0.5,3
what is glycohemoglobin,0.6,0.38685280723454163,0.3562071871080222,0.08582281157056043,7
stalactites definition,0.85,1.0,1.0,0.5693234419266069,4
stalactites definition,1.0,0.3562071871080222,0.3562071871080222,0.3562071871080222,1
redemption cast,0.6,0.43067655807339306,0.3333333333333333,0.11521168128766429,4
what is adh,0.85,1.0,1.0,0.5693234419266069,4
defense base act chubb,0.75,0.6309297535714575,0.6309297535714575,0.2440769463369159,6
what are hereditary traits,0.0,1.0,1.0,0.0,21
how to freeze fresh beet greens,0.0,0.6309297535714575,0.0,0.6309297535714575,5
what are the symptoms of scabies,0.0,1.0,0.6309297535714575,0.36907024642854247,16
what causes gout in ankles?,0.3,1.0,1.0,0.5693234419266069,15
the definition of the word civilization,1.0,0.5,0.5,0.5,1
is mystique a hero or villain,0.55,0.6309297535714575,0.6309297535714575,0.6309297535714575,10
how many of methane is released by cows,0.0,1.0,1.0,0.0,21
what is buprenorphine taken for?,1.0,0.43067655807339306,0.43067655807339306,0.43067655807339306,1
derivation of roe name,0.9,0.6309297535714575,0.6309297535714575,0.32989975790747633,3
kahley meaning,0.4,1.0,1.0,0.5,13
what instrument is used to measure humidity,1.0,0.3333333333333333,0.3333333333333333,0.3333333333333333,1
what does the name rin mean,0.2,1.0,0.5,0.5,2
what is fascial stretch therapy,0.7,1.0,1.0,0.6666666666666667,7
how many days are in a school year in texas,0.1,1.0,1.0,0.36907024642854247,19
lasagna meaning,0.0,0.0,0.0,0.0,21
weather in santorini in august,0.75,0.5,0.43067655807339306,0.11314719276545837,5
weather in santorini in august,0.25,1.0,1.0,0.36907024642854247,16
what is eden lake,0.8,1.0,1.0,0.5,5
what causes rust on iron,0.25,0.5,0.0,0.5,1
what is a receptionist,0.45,1.0,1.0,1.0,12
are poppies grown from seed or bulb,0.0,1.0,1.0,0.0,21
what city is sjo in costa rica,0.05,0.6309297535714575,0.5,0.13092975357145753,16
what is abstract noun for rich,0.05,1.0,1.0,0.36907024642854247,20
what does tax mean,0.55,0.6309297535714575,0.6309297535714575,0.6309297535714575,10
what is inhibitors,0.95,0.3333333333333333,0.3333333333333333,0.3333333333333333,2
anthracite highest,0.0,0.6309297535714575,0.38685280723454163,0.2440769463369159,5
on what date is the solar eclipse this year,0.95,0.3010299956639812,0.3010299956639812,0.3010299956639812,2
miana name meaning,0.0,0.5,0.5,0.0,21
"movie , how he invented things",0.95,0.3562071871080222,0.3562071871080222,0.3562071871080222,2
stat means,0.35,0.38685280723454163,0.38685280723454163,0.38685280723454163,14
what foods to avoid if you have burning mouth syndrome,0.55,0.38685280723454163,0.3562071871080222,0.053519473901208314,8
what foods to avoid if you have burning mouth syndrome,0.75,1.0,1.0,0.6989700043360187,6
how long can i stay in cambodia,0.1,1.0,1.0,0.6131471927654584,19
what is a butterfly needle,0.5,1.0,1.0,0.6666666666666667,11
what are three branches of government,0.0,1.0,0.43067655807339306,0.5693234419266069,15
most quoted writer in english language,0.0,0.6309297535714575,0.6309297535714575,0.0,21
what causes headache at back of head and behind eyes,0.0,0.0,0.0,0.0,21
what do rabbits eat in the wild,0.15,0.6309297535714575,0.6309297535714575,0.13092975357145753,17
definition of the word conjure,0.8,1.0,0.6309297535714575,0.6131471927654584,3
is windows defender good enough,0.0,0.0,0.0,0.0,21
what is a mood disorder,0.4,1.0,0.43067655807339306,0.6131471927654584,3
adjustable mortgage loans definition,0.15,1.0,0.43067655807339306,0.5693234419266069,9
adjustable mortgage loans definition,0.6,1.0,0.6309297535714575,0.6845351232142712,7
is sclera a layer of the eye,0.0,0.5,0.5,0.0,21
8 days after conception symptoms,0.6,1.0,1.0,0.6131471927654584,9
what causes heterochromia eyes and,0.0,1.0,0.5,0.5,11
what cause chest pains,0.45,0.5,0.2890648263178879,0.5,5
meaning of name merin,0.9,1.0,1.0,0.5693234419266069,3
"what county is macungie, pa in",0.0,1.0,1.0,0.0,21
what is epidemiology pdf,0.3,0.43067655807339306,0.38685280723454163,0.43067655807339306,7
how many leadership characteristics,0.0,0.0,0.0,0.0,21
what do scientists classify as a air masses according to,0.0,1.0,1.0,0.0,21
inorganic nutrients definition,0.4,1.0,1.0,0.7109351736821121,13
what is a financier dessert,0.45,1.0,1.0,1.0,12
can threadworms cause appendicitis,0.0,1.0,1.0,0.0,21
foods to avoid in gallbladder disease,0.0,0.5,0.0,0.5,6
foods to avoid in gallbladder disease,0.9,0.31546487678572877,0.31546487678572877,0.31546487678572877,3
foods to avoid in gallbladder disease,1.0,0.3010299956639812,0.3010299956639812,0.3010299956639812,1
what is a mastic,0.45,1.0,0.5,0.6989700043360187,9
what causes white tongue coating,0.85,0.3333333333333333,0.3333333333333333,0.3333333333333333,4
masseter definition,0.7,0.6309297535714575,0.6309297535714575,0.2440769463369159,7
gas octane ratings,1.0,0.3333333333333333,0.3333333333333333,0.3333333333333333,1
what duration should you change your refrigerator water filter,0.0,0.3562071871080222,0.3562071871080222,0.022873853774688868,12
industry day navy,0.25,1.0,0.5,0.5,10
what causes hives and itching,0.95,0.43067655807339306,0.43067655807339306,0.43067655807339306,2
meaning of samoset,0.35,1.0,1.0,0.36907024642854247,14
alcohol disinfect,0.0,0.6309297535714575,0.43067655807339306,0.20025319549806447,13
what are some of the main causes of deforestation in amazon rainforest,0.25,1.0,1.0,0.36907024642854247,16
promulgates definition,0.45,1.0,1.0,0.6845351232142712,12
what is a vulnerability scanner,0.0,0.5,0.43067655807339306,0.06932344192660694,19
what generation is keflex,0.0,1.0,0.5,0.5,18
is waiver of subrogation on gl or property,0.35,0.6309297535714575,0.5,0.20025319549806447,13
how long does it take epoxy floor to cure,0.5,1.0,0.5,0.5,1
waterloo war,0.85,0.6309297535714575,0.6309297535714575,0.32989975790747633,4
liters measures what,0.0,0.5,0.3333333333333333,0.16666666666666669,12
temperature of meatloaf when it's done,0.6,0.6309297535714575,0.6309297535714575,0.13092975357145753,9
what date is jefferson tx mardi gras,0.5,0.43067655807339306,0.38685280723454163,0.04382375083885143,4
how much does a brachioplasty cost,0.3,1.0,1.0,1.0,15
soleil meaning,0.2,1.0,0.43067655807339306,0.5693234419266069,10
NAD / NADH definition,0.45,0.38685280723454163,0.3333333333333333,0.38685280723454163,2
what county is nyc,0.5,1.0,1.0,1.0,11
normal body temperature range for toddlers,1.0,1.0,1.0,1.0,1
what does interossei mean,0.4,0.38685280723454163,0.31546487678572877,0.08582281157056043,4
what is flight time from newark to heathrow,0.75,0.6309297535714575,0.6309297535714575,0.31546487678572877,6
what is dyeing,0.5,1.0,0.5,0.6131471927654584,6
is intellectual property tangible,0.0,1.0,0.6309297535714575,0.36907024642854247,1
what causes you aortic artery to get plaque build up,0.0,0.0,0.0,0.0,21
what causes stinging pain,0.0,1.0,1.0,0.0,21
what is a good profit margin ratio,0.55,0.38685280723454163,0.3562071871080222,0.030645620126519446,9
can not enough sleep make adhd,0.0,1.0,1.0,0.0,21
what is a gdb file gis,0.7,0.43067655807339306,0.43067655807339306,0.43067655807339306,7
definition of the calculus,0.9,0.5,0.43067655807339306,0.5,1
what does col mean for a source document,0.3,1.0,0.6309297535714575,0.5693234419266069,12
what are they building by wow factory,0.0,1.0,1.0,0.0,21
what county is scottsboro alabama,0.35,0.6309297535714575,0.6309297535714575,0.13092975357145753,14
is the endoplasmic reticulum eukaryotic or prokaryotic,0.25,1.0,0.5,0.5,2
what is a bismarck donut,0.0,1.0,1.0,0.0,21
how did the tet offensive damage american morale?,0.0,0.0,0.0,0.0,21
what conference is the u of connecticut in,0.8,0.3333333333333333,0.3333333333333333,0.3333333333333333,5
elements that exist as molecule,0.35,0.38685280723454163,0.0,0.38685280723454163,1
how do otters mate?,0.0,1.0,1.0,0.0,21
what is abwehr,0.15,0.5,0.5,0.06932344192660694,18
what is blains,0.5,1.0,1.0,0.6666666666666667,11
shed tear meaning,0.7,1.0,1.0,0.36907024642854247,7
what is a boiler room scam,0.1,0.31546487678572877,0.31546487678572877,0.014434881121747567,19
what is formica,0.4,1.0,0.6309297535714575,0.36907024642854247,6
mood definition literature,0.0,1.0,0.6309297535714575,0.36907024642854247,17
what causes ice to be blue,0.15,1.0,0.6309297535714575,0.36907024642854247,1
what does it mean when your ear is popping,0.5,0.43067655807339306,0.43067655807339306,0.43067655807339306,3
what is a galena,0.65,0.38685280723454163,0.38685280723454163,0.38685280723454163,5
what does nemorosa mean,0.4,0.6309297535714575,0.43067655807339306,0.6309297535714575,9
what is hecate,0.0,0.38685280723454163,0.3333333333333333,0.053519473901208314,13
how much would it cost to order things from lush uk to usa,0.0,0.0,0.0,0.0,21
meijer pharmacy hours of operation,0.85,0.5,0.5,0.14379281289197782,4
what is an allele?,0.4,1.0,1.0,1.0,13
what foods sare complex carbohydrates,0.85,1.0,1.0,1.0,4
population of searcy arkansas,0.5,1.0,1.0,0.6131471927654584,11
what causes squeaky sound when you turn this steering wheel with all the way?,0.6,0.43067655807339306,0.31546487678572877,0.11521168128766429,4
does diclofenac need prescription,0.0,0.5,0.3333333333333333,0.16666666666666669,7
lucentis injections cost,0.5,0.6309297535714575,0.5,0.20025319549806447,9
what is a platysma,0.0,0.6309297535714575,0.38685280723454163,0.27472256646343535,13
phone number for verizon wireless bill pay,0.25,1.0,1.0,0.5,16
what causes inflammation arthritis,0.55,0.6309297535714575,0.6309297535714575,0.6309297535714575,10
bobbles meaning,0.0,0.6309297535714575,0.38685280723454163,0.2440769463369159,17
how to use nicotine patches to quit smoking,0.4,0.31546487678572877,0.0,0.31546487678572877,1
westcave preserve,0.4,1.0,1.0,0.6131471927654584,13
social security benefits working before full retirement age,0.6,0.5,0.3562071871080222,0.5,2
alessandro manfredini how old is he,0.0,0.6309297535714575,0.5,0.20025319549806447,5
is radon gas a hoax,0.0,1.0,0.3333333333333333,0.6666666666666667,12
most dangerous sharks,0.75,0.38685280723454163,0.38685280723454163,0.07138793044881286,6
most dangerous sharks,0.0,1.0,0.5,0.5,17
what is health benefits of coconut water,1.0,0.43067655807339306,0.43067655807339306,0.43067655807339306,1
what causes inflammation in foot,0.45,0.6309297535714575,0.6309297535714575,0.13092975357145753,12
define and example of a grant-in-aid,0.9,1.0,1.0,1.0,3
what is half life,1.0,0.3562071871080222,0.3562071871080222,0.3562071871080222,1
laggard meaning,0.9,1.0,1.0,0.6989700043360187,3
mastoid infection symptoms,0.45,1.0,0.6309297535714575,0.6666666666666667,4
polar customer service phone number,1.0,1.0,1.0,1.0,1
define fable in literature,0.0,0.5,0.38685280723454163,0.11314719276545837,13
is ilovemakonnen ovo,0.0,1.0,1.0,0.0,21
is ilovemakonnen ovo,0.0,0.5,0.43067655807339306,0.06932344192660694,14
t rowe price contact phone number,0.65,0.6309297535714575,0.6309297535714575,0.20025319549806447,8
what causes itching dry skin,0.3,1.0,0.5,0.5,6
what causes itching dry skin,0.0,1.0,0.0,1.0,3
towing weight definition,0.0,1.0,1.0,0.0,21
age limit to drive for haul,0.65,1.0,1.0,0.5,8
what elevates glucose,0.8,0.6309297535714575,0.6309297535714575,0.6309297535714575,5
"what county is bethlehem, pa",0.0,1.0,0.6309297535714575,0.36907024642854247,20
what causes lower back pain and cramping,0.85,0.43067655807339306,0.43067655807339306,0.43067655807339306,4
what causes lower back pain and cramping,0.0,0.0,0.0,0.0,21
cancers that cause death,0.4,0.38685280723454163,0.0,0.38685280723454163,4
cancers that cause death,0.9,0.2890648263178879,0.0,0.2890648263178879,1
cancers that cause death,0.0,0.0,0.0,0.0,21
what is cism team,0.5,1.0,1.0,0.5,11
what causes itching during exercise,0.0,0.6309297535714575,0.6309297535714575,0.0,21
what did a sculpture do in ancient india,0.8,1.0,1.0,0.5693234419266069,5
is a crabapple tree deciduous,0.4,0.6309297535714575,0.6309297535714575,0.20025319549806447,9
what county is thermal california in,0.95,1.0,1.0,0.36907024642854247,2
what county is thermal california in,0.0,0.5,0.5,0.0,21
what do heterotopias appear on imaging,0.0,0.5,0.2890648263178879,0.21093517368211212,3
what are the two vertical muscles behind the knee,0.65,0.6309297535714575,0.38685280723454163,0.2440769463369159,5
what does the term presidential democracy mean?,0.0,0.0,0.0,0.0,21
what causes itching from a yeast infection,1.0,0.31546487678572877,0.31546487678572877,0.31546487678572877,1
what is cost of automatic transmission service,0.55,0.43067655807339306,0.43067655807339306,0.43067655807339306,10
another term meaning executor of estate,0.45,1.0,0.6309297535714575,0.5693234419266069,9
what are dental implants dentures,0.0,0.0,0.0,0.0,21
what is cellular respiration in biology,0.05,1.0,0.43067655807339306,0.5693234419266069,16
is apoquel safe for dogs,0.0,0.5,0.3562071871080222,0.14379281289197782,17
what are the palatines,0.7,0.43067655807339306,0.43067655807339306,0.09734322474005974,7
what is creatinine blood test,0.9,1.0,1.0,0.6989700043360187,3
meaning of drill in english,0.85,0.6309297535714575,0.6309297535714575,0.6309297535714575,4
bear tracks cabin in pigeon forge tn,0.25,1.0,0.6309297535714575,0.36907024642854247,6
what county is ocoee tn in?,0.3,1.0,1.0,0.7109351736821121,15
what does ecosexual mean,0.95,1.0,1.0,1.0,2
can you propagate orchids,0.25,0.5,0.5,0.06932344192660694,16
what county in amarillo in',0.0,1.0,1.0,0.0,21
how did david ruffin die,0.25,1.0,1.0,0.5,16
what is a gamekeeper,0.6,0.43067655807339306,0.38685280723454163,0.43067655807339306,5
how many miles to the gallon does a buick verano  have,0.0,1.0,1.0,0.0,21
how many miles to the gallon does a buick verano  have,0.0,0.3562071871080222,0.2890648263178879,0.0671423607901343,4
elements that from austenite,0.0,1.0,1.0,0.0,21
what causes jock itch fungus,0.0,0.6309297535714575,0.6309297535714575,0.13092975357145753,16
is greece the same as greek,0.0,0.0,0.0,0.0,21
independent living for seniors in owasso ok,0.0,1.0,1.0,0.0,21
average temperature in paris france,0.5,1.0,1.0,1.0,11
what causes tire vibration,0.0,1.0,1.0,0.0,21
how to waive resort fee,0.0,1.0,0.5,0.5,17
lee's sandwich vegetarian calories,0.0,0.6309297535714575,0.6309297535714575,0.0,21
is conduit raceway,0.0,0.38685280723454163,0.3562071871080222,0.030645620126519446,18
"what county is wilmington, delaware in",0.0,1.0,0.5,0.5,11
subq emphysema causes,0.25,0.3010299956639812,0.3010299956639812,0.3010299956639812,10
subq emphysema causes,0.0,0.0,0.0,0.0,21
What Is Being,0.45,1.0,1.0,1.0,12
what causes kidneys to leak protein,0.0,0.6309297535714575,0.6309297535714575,0.13092975357145753,12
sack of potatoes price,0.9,0.5,0.5,0.5,3
how long do you bake thin pork chops in the oven,0.9,0.5,0.5,0.5,3
how long do you bake thin pork chops in the oven,0.8,1.0,1.0,1.0,5
is yellow mucus from nose an infection,0.75,1.0,1.0,1.0,6
what causes severe low back pain when blood work and ct scan comes back normal,0.4,0.43067655807339306,0.0,0.43067655807339306,1
salmon cooked with cream,0.0,0.43067655807339306,0.3562071871080222,0.07446937096537087,18
list of gift cards sold at costco,0.65,1.0,1.0,0.5,8
meaning of flag don't tread on me?,0.95,1.0,1.0,0.6131471927654584,2
what are the enzymes that catalyze the synthesis of new DNA called,0.15,0.5,0.38685280723454163,0.11314719276545837,13
dividends vs stock price,0.0,1.0,1.0,0.0,21
what are diagnostic reports,0.85,0.43067655807339306,0.38685280723454163,0.14161173175550518,2
what foods are the best to eat for leg cramps,0.4,1.0,1.0,0.5693234419266069,13
fastest browser for wix editor,0.0,0.6309297535714575,0.2890648263178879,0.34186492725356965,3
what is american style kobe beef,0.6,0.3562071871080222,0.3562071871080222,0.022873853774688868,9
serpentine stone meaning,0.55,1.0,1.0,0.5693234419266069,10
benefit of rice water for hair,0.0,1.0,0.6309297535714575,0.36907024642854247,14
benefit of rice water for hair,0.0,0.6309297535714575,0.31546487678572877,0.31546487678572877,3
benefit of rice water for hair,0.7,0.38685280723454163,0.38685280723454163,0.053519473901208314,7
benefit of rice water for hair,0.7,1.0,1.0,0.5693234419266069,7
what is air flow meter,0.4,0.5,0.5,0.11314719276545837,13
the difference between absorption and assimilation,0.55,0.5,0.5,0.14379281289197782,10
what causes knuckle pads,0.0,1.0,1.0,0.0,21
what are the trees in the northwest are moss covered,0.0,1.0,0.0,1.0,10
how do you cure loss of voice,0.7,1.0,1.0,0.36907024642854247,7
how long has donald trump been in office,0.9,1.0,1.0,1.0,3
"what is akamai technologies, inc",0.0,1.0,1.0,0.0,21
"what county is rochester, wa",0.15,1.0,1.0,0.5,18
what causes lava to erupt as pyroclasts,0.45,1.0,1.0,1.0,12
what color do the liatris come in,0.75,0.3333333333333333,0.2890648263178879,0.3333333333333333,4
what county is hagerstown in in,0.0,1.0,0.5,0.5,11
meaning of lincoln,0.0,1.0,0.5,0.5,18
average household income phoenix,0.0,1.0,1.0,0.0,21
what is demountable partitions,0.05,0.6309297535714575,0.5,0.13092975357145753,7
how much does a mclaren cost,0.0,1.0,1.0,0.0,21
what antibiotic eye drops are prescribed after cataract surgery,0.2,0.43067655807339306,0.3562071871080222,0.07446937096537087,7
is there a such thing as organic seeds,0.0,0.5,0.43067655807339306,0.06932344192660694,5
longest war us has fought in,0.1,1.0,0.6309297535714575,0.36907024642854247,17
toyota sienna prices paid,0.0,1.0,0.6309297535714575,0.36907024642854247,17
what can cause kidney numbers to be slightly elevated,0.0,0.0,0.0,0.0,21
what are ukuleles,0.9,0.6309297535714575,0.6309297535714575,0.6309297535714575,3
meaning of heart,0.0,0.0,0.0,0.0,21
how many calories does a crispy chicken sandwich have,0.0,1.0,1.0,0.0,21
what is an activity report,0.35,1.0,1.0,1.0,14
price for neck lift,0.0,1.0,0.6309297535714575,0.36907024642854247,19
what code is used for false positive,0.0,1.0,0.38685280723454163,0.6131471927654584,13
are nurse practitioner scope of practice and privileges the same thing?,0.7,1.0,1.0,0.5,7
what does the communicating artery in the brain do,0.0,0.43067655807339306,0.38685280723454163,0.04382375083885143,3
what does the communicating artery in the brain do,0.65,1.0,1.0,0.6437928128919779,8
what is an alternative software package to microsoft publisher,0.2,1.0,0.43067655807339306,0.5693234419266069,16
meaning of score,0.65,0.43067655807339306,0.3562071871080222,0.43067655807339306,2
what causes leprosy?,0.05,0.3333333333333333,0.3333333333333333,0.03230333766935212,8
r&d acronym definition,0.75,0.6309297535714575,0.6309297535714575,0.6309297535714575,6
how to use the callaway scoring system,0.1,1.0,1.0,0.36907024642854247,19
what is a siamese persian mix cat,0.4,1.0,1.0,0.36907024642854247,13
definition of faun,0.9,0.6309297535714575,0.6309297535714575,0.31546487678572877,3
what do neurotransmitters attach to,0.75,1.0,0.43067655807339306,0.5693234419266069,3
weather in charleston sc in march,0.55,0.43067655807339306,0.38685280723454163,0.43067655807339306,5
other hot flashes causes,0.0,1.0,0.31546487678572877,0.6845351232142712,8
symptoms of pyelonephritis in adults,0.0,0.0,0.0,0.0,21
sestina definition,0.65,1.0,1.0,0.5,8
most important decades in physics,0.0,1.0,1.0,0.0,21
what is duoderm used for,0.2,1.0,0.6309297535714575,0.5693234419266069,13
is it safe for dogs to eat bananas,0.0,1.0,0.6309297535714575,0.36907024642854247,17
time for scab to fall off,0.0,1.0,1.0,0.0,21
what causes effusion/hemarthrosis,0.1,1.0,1.0,0.5,19
cost for surrogate,0.6,0.6309297535714575,0.6309297535714575,0.27472256646343535,9
what is antifa mean,0.6,1.0,1.0,0.6989700043360187,9
what are pinocytosis,0.1,0.38685280723454163,0.3562071871080222,0.030645620126519446,15
temperature for seattle in april,0.0,1.0,1.0,0.0,21
punisher skull with american flag meaning,0.1,1.0,1.0,0.36907024642854247,19
ordinate axis definition,0.85,0.3562071871080222,0.3562071871080222,0.3562071871080222,4
uneven chest color,0.0,0.0,0.0,0.0,21
define fi$cal,0.6,0.6309297535714575,0.5,0.2440769463369159,5
is bait and switch illegal,0.45,1.0,0.5,0.5693234419266069,6
what is cowardin classification system,0.0,1.0,1.0,0.0,21
the cells of the immune system include four types of what,0.4,0.5,0.38685280723454163,0.18453512321427123,2
how do cats feel other cat's heart beats?,0.0,1.0,0.6309297535714575,0.36907024642854247,17
what does cetirizine hydrochloride do,0.2,1.0,0.3562071871080222,0.6437928128919779,1
what area is la metro,1.0,1.0,1.0,1.0,1
how does weight affect speed of a car,0.0,1.0,1.0,0.0,21
what is a hexenbiest,0.75,1.0,1.0,0.5693234419266069,6
what is a signature medallion?,0.0,1.0,0.6309297535714575,0.36907024642854247,14
manheim index definition,0.95,1.0,1.0,0.5693234419266069,2
what is ceo,0.45,1.0,1.0,1.0,12
what causes liver and spleen swelling,0.0,1.0,1.0,0.0,21
how many cups raw rice to cooked rice,0.0,1.0,0.5,0.5,5
what causes a scar?,0.0,1.0,0.0,1.0,4
what causes a scar?,0.95,0.6309297535714575,0.6309297535714575,0.6309297535714575,2
what causes a scar?,0.2,1.0,0.43067655807339306,0.5693234419266069,8
what do people use gold for?,0.85,0.3562071871080222,0.3562071871080222,0.3562071871080222,4
is dwi a traffic violation,0.0,1.0,1.0,0.0,21
distance from las vegas to hoover dam,0.15,1.0,0.6309297535714575,0.36907024642854247,4
what are the correct colors of the solar system planets,0.0,0.0,0.0,0.0,21
what are the correct colors of the solar system planets,1.0,0.3333333333333333,0.3333333333333333,0.3333333333333333,1
what are the correct colors of the solar system planets,0.0,0.0,0.0,0.0,21
replacing a deck cost,1.0,0.6309297535714575,0.6309297535714575,0.32989975790747633,1
what causes liver enzymes to go up,0.9,0.6309297535714575,0.6309297535714575,0.6309297535714575,3
what county is roy wa in,0.75,0.6309297535714575,0.6309297535714575,0.27472256646343535,6
define palingenesis,0.3,1.0,1.0,0.5693234419266069,15
how to raise crickets,0.95,0.31546487678572877,0.31546487678572877,0.31546487678572877,2
what diameter should a ground rod,0.5,0.6309297535714575,0.6309297535714575,0.2440769463369159,11
is udc aba accredited,0.0,1.0,0.0,1.0,2
what did walt disney die,0.3,0.6309297535714575,0.6309297535714575,0.27472256646343535,15
meaning of abbreviation dtf,0.95,1.0,1.0,0.5,2
what harvoni,0.45,1.0,0.5,0.6666666666666667,8
what county in florida is destin located,0.0,1.0,1.0,0.0,21
how many calories are in air popped popcorn,1.0,0.43067655807339306,0.43067655807339306,0.09734322474005974,1
what is icc,0.4,0.6309297535714575,0.6309297535714575,0.2440769463369159,13
ptcb exam score to pass,0.9,0.5,0.5,0.21093517368211212,3
how much pay riding coach,0.55,1.0,1.0,1.0,10
what is cubicin antibiotic for,0.0,1.0,1.0,0.0,21
what county is brighton co,0.25,1.0,1.0,0.5,16
what county is brighton co,0.25,0.6309297535714575,0.6309297535714575,0.20025319549806447,16
what drugs are used for conscious sedation,0.8,0.5,0.5,0.5,5
what happened to design on a dime stars,0.95,0.43067655807339306,0.43067655807339306,0.43067655807339306,2
what causes liver enzymes to go up?,0.25,0.6309297535714575,0.5,0.20025319549806447,4
is laxative harmful to dogs,0.45,0.6309297535714575,0.6309297535714575,0.20025319549806447,12
what does chimes mean,0.55,1.0,1.0,0.6845351232142712,10
can ibs cause various pain areas,0.15,0.6309297535714575,0.0,0.6309297535714575,10
weather myrtle be,0.8,0.5,0.38685280723454163,0.5,2
what causes loss of hair in women,0.0,0.5,0.3562071871080222,0.14379281289197782,9
what causes loss of hair in women,0.95,0.6309297535714575,0.6309297535714575,0.6309297535714575,2
what causes loss of hair in women,0.0,1.0,1.0,0.0,21
"weather in granite falls, wa",1.0,1.0,1.0,0.6131471927654584,1
what does usb cord do,0.7,0.43067655807339306,0.38685280723454163,0.43067655807339306,6
what color is march stone,0.8,0.6309297535714575,0.6309297535714575,0.2440769463369159,5
what county is walnut creek,0.0,1.0,1.0,0.0,21
types of polynomial with definition,0.0,0.3562071871080222,0.3333333333333333,0.022873853774688868,9
types of polynomial with definition,0.9,0.43067655807339306,0.43067655807339306,0.12964656240941186,3
how many miles is yosemite from san jose california,0.0,1.0,1.0,0.0,21
how often to change porsche boxster oil,0.7,1.0,1.0,0.36907024642854247,7
how long to simmer chicken breast strips for soup,0.0,0.3562071871080222,0.31546487678572877,0.04074231032229342,4
how much does soapstone cost,0.25,0.6309297535714575,0.5,0.20025319549806447,10
what are thebenifits of clove,0.4,0.5,0.5,0.5,13
should you rinse after mouthwash,0.0,0.38685280723454163,0.3333333333333333,0.053519473901208314,5
the unit of measurement used by nutritionists to describe the energy content of food is the,0.55,1.0,1.0,0.5693234419266069,10
what company owns bosch tools,0.75,0.6309297535714575,0.43067655807339306,0.20025319549806447,4
what is a spark plug electrode,0.35,1.0,1.0,0.5693234419266069,14
what is gobo lighting,0.4,1.0,0.6309297535714575,0.5693234419266069,9
salaries of illinois state legislators,0.7,1.0,1.0,0.5693234419266069,7
what causes low water pressure in the kitchen,0.5,1.0,1.0,0.6131471927654584,11
what does lego symbolise,0.9,0.38685280723454163,0.38685280723454163,0.38685280723454163,3
is the vampire bats mammals,0.0,0.6309297535714575,0.43067655807339306,0.20025319549806447,6
what county is silver spring in,0.0,1.0,0.5,0.5,13
what is an emulsion,0.75,0.5,0.5,0.5,6
what does mosquito squad spray,0.4,1.0,1.0,0.6666666666666667,13
what is a cloze test,0.15,1.0,1.0,0.36907024642854247,18
meaning of the name louvenia,0.85,0.43067655807339306,0.43067655807339306,0.14161173175550518,4
what comes out of an eye when you cry,0.25,0.5,0.43067655807339306,0.1989700043360188,10
what does no provision mean?,0.55,0.5,0.5,0.5,10
how soon can i submit my pfl claim,0.0,1.0,1.0,0.0,21
what is an airplane ride like?,0.15,0.6309297535714575,0.6309297535714575,0.13092975357145753,18
"what county is st paul, indiana",0.0,1.0,1.0,0.0,21
what causes men to leak urine in old age,0.7,1.0,1.0,1.0,7
best type of sand to level before turfing,0.55,1.0,0.6309297535714575,0.5,6
deloitte federal consultant salary,0.0,0.6309297535714575,0.6309297535714575,0.0,21
what irregular heart rhythms can you feel,0.4,1.0,1.0,0.5,13
what does a nuclear stress test show,1.0,0.3562071871080222,0.3562071871080222,0.3562071871080222,1
what does a restaurant concept mean,0.4,0.43067655807339306,0.3010299956639812,0.12964656240941186,8
what does physical education promote?,0.0,0.0,0.0,0.0,21
what is considered first time home buyer,0.95,1.0,1.0,1.0,2
definition of caught,0.6,1.0,1.0,0.5,9
how many kilojoules per day teenager,0.0,1.0,0.5,0.5,19
Chris Tomlin daughter,0.3,0.3333333333333333,0.31546487678572877,0.01786845654760455,3
elevators meaning,1.0,1.0,1.0,1.0,1
coal miner's daughter cast,0.45,1.0,0.6309297535714575,0.36907024642854247,4
coal miner's daughter cast,0.65,1.0,1.0,0.6845351232142712,8
does bj's accept food stamps,0.0,1.0,1.0,0.0,21
crevice define,0.15,1.0,1.0,0.36907024642854247,18
what does laches mean in legal terms,0.9,0.6309297535714575,0.6309297535714575,0.6309297535714575,3
what county is yucaipa california in,0.4,1.0,1.0,0.6131471927654584,13
what is a summary synthesis,0.0,0.43067655807339306,0.38685280723454163,0.04382375083885143,13
what is dvr service,0.0,1.0,0.5,0.5,17
is a bachelors a graduate program?,0.0,0.3333333333333333,0.0,0.3333333333333333,4
what county is albertville in,0.0,1.0,1.0,0.0,21
what causes enlarged liver,0.8,1.0,1.0,0.6437928128919779,5
important names in the civil rights movement,0.55,1.0,1.0,0.5693234419266069,10
what county is wallace idaho in,1.0,0.6309297535714575,0.6309297535714575,0.20025319549806447,1
how to use viagra?,0.55,0.43067655807339306,0.43067655807339306,0.43067655807339306,10
what does very insightful mean,0.5,0.5,0.5,0.5,11
what does HEP equiped mean?,0.0,0.0,0.0,0.0,21
what is a fugue,0.8,0.38685280723454163,0.38685280723454163,0.08582281157056043,5
what is crackling bread,0.0,1.0,0.5,0.5,9
research methodology definition,0.25,0.6309297535714575,0.5,0.27472256646343535,10
meaning of abbreviation poc,1.0,0.3010299956639812,0.3010299956639812,0.3010299956639812,1
what is a pediatric doctor,0.85,1.0,1.0,1.0,4
new retail definition,0.0,0.0,0.0,0.0,21
weather forecast islamabad in celsius,0.05,0.6309297535714575,0.6309297535714575,0.13092975357145753,20
can unopened lantus insulin be stored at room temperature?,0.0,1.0,0.43067655807339306,0.5693234419266069,15
cost of sirius xm,0.7,1.0,0.6309297535714575,1.0,3
what does the nAME Evelyn mean,0.6,1.0,1.0,0.36907024642854247,9
what is cvs software,0.6,1.0,1.0,1.0,9
how to make pre workout,0.2,1.0,0.6309297535714575,0.36907024642854247,13
what is a gri,0.9,1.0,1.0,0.6845351232142712,3
inspected definition,0.15,1.0,1.0,0.36907024642854247,18
inspected definition,0.2,0.6309297535714575,0.43067655807339306,0.20025319549806447,6
what causes mouth blisters inside,0.45,0.6309297535714575,0.5,0.13092975357145753,8
the kansas city star subscription,0.85,0.6309297535714575,0.6309297535714575,0.20025319549806447,4
stripe how many days before payment,0.3,1.0,1.0,1.0,15
what are foam play mats made of,0.35,1.0,1.0,0.5,14
number swipe puzzle grid,0.75,0.5,0.5,0.5,6
what is ecg for?,0.05,0.5,0.0,0.5,14
u of a elementary education transfer requirements,0.0,0.0,0.0,0.0,21
what causes muscle low stamina,0.9,0.3333333333333333,0.3333333333333333,0.3333333333333333,3
juneteenth holiday,0.0,0.43067655807339306,0.2890648263178879,0.14161173175550518,1
lymphoma start symptoms,0.8,0.6309297535714575,0.6309297535714575,0.6309297535714575,5
types of benign brain tumors,0.0,1.0,0.5,0.5,17
types of benign brain tumors,0.85,1.0,1.0,1.0,4
types of benign brain tumors,0.0,0.0,0.0,0.0,21
roatan honduras average temperature in december,0.0,1.0,1.0,0.0,21
what does civil liberties protect,0.8,0.43067655807339306,0.3562071871080222,0.12964656240941186,2
labor cost to install tile shower,0.2,0.6309297535714575,0.6309297535714575,0.13092975357145753,17
what is a disease that affects the legs,0.55,0.38685280723454163,0.3010299956639812,0.38685280723454163,5
is it legal for my landlord to enter my apartment without my permission,0.0,1.0,1.0,0.0,21
slavery history definition,0.6,1.0,0.43067655807339306,0.5693234419266069,6
what is a jaguars predator,0.7,1.0,1.0,0.36907024642854247,7
what causes nausea and hot flashes,0.65,0.6309297535714575,0.6309297535714575,0.27472256646343535,8
http definition computer,0.8,1.0,1.0,1.0,5
what is dmdd,0.75,0.3333333333333333,0.31546487678572877,0.03230333766935212,4
most products are in decline stage of product lifestyle,0.0,1.0,1.0,0.0,21
london time india time,0.6,0.5,0.5,0.16666666666666669,9
london time india time,0.0,0.6309297535714575,0.38685280723454163,0.2440769463369159,3
temperature in san francisco in january,0.0,0.6309297535714575,0.5,0.13092975357145753,12
definition of resource management,0.7,1.0,1.0,0.36907024642854247,7
what causes nausea while eating,0.25,1.0,0.3333333333333333,0.6666666666666667,9
what causes nausea while eating,0.7,1.0,1.0,1.0,7
weather in punta cana in nov,0.85,1.0,1.0,1.0,4
what is celluclay,0.8,1.0,1.0,0.6845351232142712,5
what is a home study done by child lawyer,0.95,0.3562071871080222,0.3562071871080222,0.3562071871080222,2
most favorite women to win wimbledon,0.0,1.0,1.0,0.0,21
what ear waxing,1.0,0.3562071871080222,0.3562071871080222,0.3562071871080222,1
convert meters to kilometers ratio,0.95,0.6309297535714575,0.6309297535714575,0.6309297535714575,2
what functional group is cyclohexene,0.9,0.6309297535714575,0.6309297535714575,0.6309297535714575,3
interagency committee defined,0.25,0.3562071871080222,0.0,0.3562071871080222,8
"average commute time in longmont, co",0.65,0.43067655807339306,0.43067655807339306,0.11521168128766429,8
what classes in college do i take for sports medicine,1.0,0.5,0.5,0.5,1
what is captive insurance,0.9,0.6309297535714575,0.5,0.20025319549806447,2
turning point literary term definition,0.6,1.0,1.0,1.0,9
triton benefits,0.4,0.3562071871080222,0.0,0.3562071871080222,7
do all seed plants have vascular tissue and produce seeds,0.2,0.5,0.5,0.14379281289197782,17
what are side effects of melatonin pills,0.65,0.6309297535714575,0.6309297535714575,0.32989975790747633,8
what are side effects of melatonin pills,0.95,0.5,0.5,0.5,2
can va compensation be suspended if incarcerated?,0.0,0.6309297535714575,0.5,0.13092975357145753,17
what hogwarts house was newt scamander,0.0,1.0,1.0,0.0,21
explain why some economists are against a target of zero inflation,0.0,1.0,1.0,0.0,21
is a rotisserie chicken healthy,0.8,1.0,1.0,0.5,5
what is author royalty kindle unlimited,0.45,1.0,0.6309297535714575,0.36907024642854247,9
what can you use to wear baby in water,0.55,0.5,0.5,0.5,10
what is incisura,0.0,1.0,1.0,0.0,21
most popular creole dish,0.0,1.0,1.0,0.0,21
facts on why alcohol should be banned,0.2,1.0,0.5,0.5693234419266069,8
what is charge of the goddess,0.35,1.0,1.0,0.36907024642854247,14
are pineapples anti inflammatory,0.65,0.5,0.5,0.16666666666666669,8
what causes nighttime leg c,0.95,0.6309297535714575,0.6309297535714575,0.6309297535714575,2
what causes nighttime leg c,0.05,1.0,1.0,0.36907024642854247,20
what is feldspar used for,0.8,0.6309297535714575,0.6309297535714575,0.34186492725356965,5
what can cause tooth pain,0.4,1.0,1.0,0.5,13
institute for physician wellness cme,0.75,0.6309297535714575,0.6309297535714575,0.34186492725356965,6
what does wifi hotspot mean,0.95,1.0,1.0,1.0,2
in what country can you find the most volcanoes,0.85,1.0,1.0,1.0,4
kohl's charge customer service number,0.75,0.43067655807339306,0.43067655807339306,0.12964656240941186,6
what causes non alcoholic fatty liver,0.7,1.0,1.0,1.0,7
define heritage culture,0.2,1.0,1.0,0.36907024642854247,17
how do you play oklahoma gin,0.7,0.43067655807339306,0.43067655807339306,0.04382375083885143,7
what is fennel seed?,0.1,0.6309297535714575,0.38685280723454163,0.2440769463369159,3
meaning of acquitted,0.7,0.5,0.5,0.5,7
what is a lady bird deed texas,0.0,0.6309297535714575,0.6309297535714575,0.0,21
how long does frozen shrimp stay good,0.85,1.0,1.0,0.5,4
is longmire returning for another season,0.0,0.3333333333333333,0.0,0.3333333333333333,13
three types of anthrax infection,0.0,1.0,1.0,0.0,21
is there a natural muscle relaxer,0.6,0.5,0.3333333333333333,0.16666666666666669,3
what causes occasional black stools,0.0,0.0,0.0,0.0,21
what happened when alexander the great died,1.0,0.2890648263178879,0.2890648263178879,0.2890648263178879,1
what happened when alexander the great died,0.0,1.0,0.3333333333333333,0.6666666666666667,13
what is cyrene,0.7,1.0,1.0,0.6666666666666667,7
what does medical abbreviation ams stand for,0.45,0.6309297535714575,0.5,0.31546487678572877,1
alan saporta the best way to escape from a problem is to solve it,0.0,1.0,0.6309297535714575,0.36907024642854247,20
what genre is scarface,0.0,0.6309297535714575,0.6309297535714575,0.0,21
what genre is scarface,0.85,1.0,1.0,0.6989700043360187,4
what is health advocate,0.0,1.0,0.3562071871080222,0.6437928128919779,10
how many ounce in a bottle of wine,0.0,0.6309297535714575,0.5,0.13092975357145753,6
what causes occipital migraine,0.6,0.3562071871080222,0.3333333333333333,0.055177191444040985,8
cost of a vasectomy,0.25,0.6309297535714575,0.6309297535714575,0.20025319549806447,16
what is cpap for?,0.0,0.43067655807339306,0.43067655807339306,0.04382375083885143,20
origin and meaning of the name cassandra,1.0,0.43067655807339306,0.43067655807339306,0.12964656240941186,1
what county is stokesdale in?,0.45,1.0,0.6309297535714575,0.5693234419266069,1
meaning of the arabic name ihab,0.0,1.0,0.5,0.5,5
what colour is pottery,0.9,0.3562071871080222,0.3562071871080222,0.3562071871080222,3
can valerie by a male name,0.85,1.0,0.6309297535714575,0.6437928128919779,3
what are the modern methods presidents use to influence the policy making process,0.25,1.0,1.0,0.6131471927654584,16
what county is wainscott ny in,0.8,1.0,1.0,1.0,5
what does rdw mean in a blood test result,0.45,0.5,0.3562071871080222,0.14379281289197782,4
definition of fluency,0.0,0.43067655807339306,0.3333333333333333,0.09734322474005974,1
what county is mikado mi in,0.0,1.0,1.0,0.0,21
the ubermensch definition,0.85,1.0,1.0,0.36907024642854247,4
how many weeks is a term baby,0.85,0.6309297535714575,0.6309297535714575,0.6309297535714575,4
what causes odor in clothes,0.0,0.6309297535714575,0.38685280723454163,0.2440769463369159,17
what are human rights,0.0,0.0,0.0,0.0,21
what is esplost,0.0,0.0,0.0,0.0,21
united technologies stock price,0.0,1.0,0.6309297535714575,0.36907024642854247,18
average weight for teen,0.7,0.38685280723454163,0.3562071871080222,0.38685280723454163,2
medications that cause respiratory depression,0.85,0.38685280723454163,0.38685280723454163,0.38685280723454163,4
medications that cause respiratory depression,0.0,0.0,0.0,0.0,21
what are the layers of the atmosphere?,0.5,1.0,1.0,0.5693234419266069,11
can titanium eyeglass frames be repaired,0.15,1.0,0.6309297535714575,0.36907024642854247,16
longitudinal axis definition,0.95,1.0,1.0,0.36907024642854247,2
what causes condensation on double glazing windows,1.0,0.5,0.5,0.14379281289197782,1
urine chemical screening definition,0.0,1.0,1.0,0.0,21
is bile duct cancer hereditary,0.2,1.0,0.6309297535714575,0.5,16
most desired watches,0.75,0.6309297535714575,0.3562071871080222,0.2975964202381242,2
most desired watches,0.0,1.0,0.0,1.0,14
infrared radiation definition physics,0.25,1.0,0.6309297535714575,0.36907024642854247,7
define majority party leader,1.0,0.3333333333333333,0.3333333333333333,0.3333333333333333,1
meloxicam is for what,0.85,1.0,1.0,0.6131471927654584,4
what is hata,1.0,0.6309297535714575,0.6309297535714575,0.2440769463369159,1
what does rebellion mean,0.6,1.0,0.38685280723454163,1.0,2
netops definition,0.25,0.5,0.5,0.06932344192660694,16
how to check for occult blood in stool,0.15,0.6309297535714575,0.2890648263178879,0.34186492725356965,6
how big is the moon,0.65,1.0,1.0,1.0,8
star wars was the name given to which reagan effort?,0.05,0.5,0.5,0.06932344192660694,20
definition of extrinsic motivation,0.5,1.0,1.0,0.5693234419266069,11
what can u do to a solution to make it more concentrated,0.65,0.6309297535714575,0.6309297535714575,0.27472256646343535,8
what are the risks associated with the use of nuclear energy,0.75,0.6309297535714575,0.6309297535714575,0.6309297535714575,6
is a citation in lieu of arrest considered an arrest?,0.0,1.0,0.38685280723454163,0.6131471927654584,6
temperature in cocoa beach,0.5,1.0,1.0,0.5,11
synonym for occur,0.9,0.5,0.5,0.5,3
what is biofield,0.1,1.0,1.0,0.36907024642854247,19
foods that increase thinning of blood,1.0,0.5,0.5,0.5,1
what  is cipta,0.0,1.0,1.0,0.0,21
is neuropsychology a subspecialty,0.15,1.0,1.0,0.5,18
what causes a person to get so sleepy after eating,0.0,0.0,0.0,0.0,21
what causes a person to get so sleepy after eating,0.75,1.0,1.0,1.0,6
"how long is a flight from miami, fl to seoul, south korea?",0.8,1.0,1.0,0.6131471927654584,5
weather in august in ireland,0.4,1.0,1.0,0.36907024642854247,13
what does grudges mean,0.75,1.0,0.6309297535714575,0.6989700043360187,3
what causes organ to become enlarged,0.25,0.38685280723454163,0.0,0.38685280723454163,6
Megan- name meaning- what does my name mean,0.0,0.43067655807339306,0.38685280723454163,0.07446937096537087,15
what is a travelers cheque,0.0,1.0,0.6309297535714575,0.36907024642854247,14
payment due date meaning,0.45,1.0,1.0,1.0,12
what is cannon fodder,0.0,0.5,0.43067655807339306,0.14379281289197782,11
what causes outgassing?,0.0,0.6309297535714575,0.5,0.13092975357145753,12
rummage meaning,0.05,1.0,1.0,0.36907024642854247,20
what is considered low for blood pressure,0.8,0.5,0.5,0.14379281289197782,5
what is hammock,0.65,1.0,1.0,1.0,8
what is bergamot flavoring,0.0,0.43067655807339306,0.38685280723454163,0.04382375083885143,14
what is bergamot flavoring,0.0,1.0,1.0,0.0,21
what does ./path means,0.9,0.43067655807339306,0.43067655807339306,0.43067655807339306,3
how many cities in the us?,0.95,0.6309297535714575,0.6309297535714575,0.6309297535714575,2
how much are standard braces,0.95,0.6309297535714575,0.6309297535714575,0.6309297535714575,2
different versions of windows server,0.25,0.43067655807339306,0.0,0.43067655807339306,5
different versions of windows server,0.15,1.0,0.31546487678572877,0.6845351232142712,9
different versions of windows server,0.35,0.6309297535714575,0.3562071871080222,0.27472256646343535,4
what is facets,0.75,1.0,1.0,1.0,6
origin of name burns,0.5,1.0,0.6309297535714575,0.5693234419266069,6
what are scriptlets,0.5,1.0,1.0,0.6131471927654584,11
what are the seven common rock forming minerals,0.55,1.0,0.6309297535714575,0.6666666666666667,7
what causes pain in my chest when i cough,0.1,1.0,1.0,0.5,19
the context the treaty of waitangi was signed,0.9,0.5,0.5,0.21093517368211212,3
what can cause elevated troponin levels,0.0,1.0,1.0,0.0,21
is cream or cheese bad for constipation,0.0,1.0,0.6309297535714575,0.36907024642854247,20
hof  meaning in german,0.65,0.6309297535714575,0.5,0.2440769463369159,3
hof  meaning in german,0.05,1.0,0.43067655807339306,0.5693234419266069,6
how far is manchester connecticut to nyc,0.0,0.6309297535714575,0.6309297535714575,0.0,21
are capybaras dangerous,0.75,0.6309297535714575,0.6309297535714575,0.2975964202381242,6
is it hard to get a jewelry store credit card,0.8,0.6309297535714575,0.6309297535714575,0.2440769463369159,5
what is a trireme,0.15,1.0,0.6309297535714575,0.36907024642854247,17
is the legal  age for betting in n.y.,0.9,0.3562071871080222,0.3562071871080222,0.3562071871080222,3
what is crimean,0.75,0.6309297535714575,0.6309297535714575,0.2975964202381242,6
how much do marine biologist make,0.8,0.38685280723454163,0.3562071871080222,0.08582281157056043,1
how long to reach steady state of drug?,0.0,1.0,1.0,0.0,21
what is difference between p value and confidence interval,0.95,1.0,1.0,0.7109351736821121,2
what causes pain in the legs?,0.75,0.38685280723454163,0.38685280723454163,0.38685280723454163,4
what causes pain in the legs?,0.0,0.0,0.0,0.0,21
what component of blood contains antibodies,0.45,0.3562071871080222,0.2890648263178879,0.3562071871080222,5
"phone number us post office godfrey, il",0.6,1.0,1.0,0.36907024642854247,9
meanings of polish surnames,0.0,0.6309297535714575,0.5,0.13092975357145753,18
what age do girls get periods,0.85,0.5,0.43067655807339306,0.11314719276545837,3
what are the four main components of the forebrain,0.2,0.3562071871080222,0.3010299956639812,0.0671423607901343,1
can you bring a kid to the oath ceremony,0.6,0.5,0.5,0.5,9
what does a telemetry receiver do,0.35,1.0,1.0,0.5693234419266069,14
what causes heavy flem in the throat,0.0,0.0,0.0,0.0,21
roy orbison how did he die,1.0,0.5,0.5,0.14379281289197782,1
how long can instagram videos go,0.35,1.0,1.0,0.36907024642854247,14
"what county is bon aqua,tn",0.45,0.6309297535714575,0.6309297535714575,0.20025319549806447,12
did l ron hubbard practice black magic,0.55,0.5,0.5,0.11314719276545837,10
export autocomplete file outlook 2010 to csv,0.0,0.6309297535714575,0.5,0.13092975357145753,14
what does the mucus plug mean in a pregnant person,0.5,1.0,1.0,0.5693234419266069,11
can water in the ear  cause a headache,0.0,0.6309297535714575,0.38685280723454163,0.2440769463369159,13
what are tire load range,0.0,1.0,0.5,0.5,8
what is havrix vaccine,0.95,1.0,1.0,0.5693234419266069,2
what county is upland in in,0.35,0.6309297535714575,0.6309297535714575,0.2440769463369159,7
synonyms and antonyms of doze,0.0,1.0,0.5,0.5,19
synonyms and antonyms of doze,0.0,0.5,0.38685280723454163,0.11314719276545837,3
how long does a usual mlb baseball game last?,0.0,1.0,0.3562071871080222,0.6437928128919779,16
what causes pelvic prolapse,0.0,0.38685280723454163,0.2890648263178879,0.09778798091665375,4
what causes pelvic prolapse,0.3,1.0,1.0,0.5693234419266069,15
what causes pelvic prolapse,0.7,0.6309297535714575,0.6309297535714575,0.32989975790747633,7
what causes pelvic prolapse,0.0,1.0,0.3333333333333333,0.6666666666666667,5
how did temperance movement lead to prohibition,0.0,0.5,0.5,0.06932344192660694,15
epinephrine effects what cells,0.1,0.38685280723454163,0.31546487678572877,0.07138793044881286,5
is marijuana legal in france,0.65,1.0,0.6309297535714575,0.5693234419266069,6
what is crest disease,0.0,1.0,0.5,0.5,11
what causes pleural plaques in both lungs,0.0,1.0,1.0,0.0,21
is a reserve account considered as profit,0.45,1.0,1.0,0.7109351736821121,12
estimated cost of a home sprinkler system,0.35,0.38685280723454163,0.3010299956639812,0.08582281157056043,4
is hydrogen the most flammable gas on earth,0.7,1.0,1.0,0.36907024642854247,7
what does pacs stand for in radiology,1.0,0.43067655807339306,0.43067655807339306,0.43067655807339306,1
osha competent person definition,0.8,1.0,1.0,0.5,5
what is apocalyptic language,1.0,0.5,0.5,0.18453512321427123,1
how do i get cigarette smell out of a car,0.75,1.0,1.0,0.5693234419266069,6
what age do dogs get vaccine,0.0,0.0,0.0,0.0,21
what causes potholes in gravel driveway,0.0,1.0,1.0,0.0,21
what county is milroy pa,0.85,1.0,1.0,0.6131471927654584,4
pop art art definition,0.0,1.0,1.0,0.0,21
did hillary give russia uranium,0.0,0.43067655807339306,0.38685280723454163,0.04382375083885143,8
how many units per ml insulin,0.0,1.0,1.0,0.0,21
repair cost for VINYL flooring per square foot,0.95,0.3333333333333333,0.3333333333333333,0.3333333333333333,2
uranus conjunct saturn transit,0.0,1.0,0.6309297535714575,0.36907024642854247,7
what is array out of bound exception in java,0.0,1.0,1.0,0.0,21
what causes power lacking in truck,0.95,1.0,1.0,0.6437928128919779,2
what do you do for guest services,0.7,1.0,1.0,1.0,7
what do you do for guest services,0.45,1.0,0.5,1.0,5
what causes a fever and rash on babies,0.0,1.0,0.38685280723454163,0.6131471927654584,15
diet to get rid of food allergies,0.0,1.0,0.6309297535714575,0.36907024642854247,19
what is allocation accounting book,0.7,0.3333333333333333,0.31546487678572877,0.3333333333333333,1
what is a clinical nurse specialist scope of practice,0.55,1.0,1.0,1.0,10
is skype best for business,0.0,1.0,0.5,0.5,10
is skype best for business,0.5,1.0,1.0,0.36907024642854247,11
what is hmc code,0.65,0.5,0.5,0.16666666666666669,8
what happens when you stop smoking and start vaping,0.65,0.5,0.5,0.16666666666666669,8
what causes pseudarthrosis,0.65,1.0,1.0,0.5693234419266069,8
how many calories should the average man eat,0.6,0.43067655807339306,0.3333333333333333,0.43067655807339306,5
what is involved in a business valuation,0.7,0.43067655807339306,0.43067655807339306,0.07446937096537087,7
common side effects of lexapro,0.85,0.3333333333333333,0.3333333333333333,0.3333333333333333,4
common side effects of lexapro,0.7,0.6309297535714575,0.6309297535714575,0.2440769463369159,7
common side effects of lexapro,0.05,0.6309297535714575,0.5,0.13092975357145753,9
is hydrogen abundant on earth,0.0,1.0,0.31546487678572877,0.6845351232142712,3
what is astronomy,0.0,1.0,0.5,0.5,19
what is a shell company,0.25,1.0,0.6309297535714575,0.36907024642854247,10
what causes pulsing in your eye?,0.0,0.0,0.0,0.0,21
can a blood thinner cause fluid to collect in the lungs?,0.0,0.0,0.0,0.0,21
marginal cost of capital explained,0.0,1.0,0.6309297535714575,0.36907024642854247,4
is glaucoma inherited,0.0,1.0,0.3333333333333333,0.6666666666666667,7
can baby bunnies have strawberries,0.0,1.0,0.6309297535714575,0.36907024642854247,16
effects of hydrogen combustion,0.95,0.5,0.5,0.5,2
tell me symptoms of mesothelioma,0.7,0.5,0.43067655807339306,0.16666666666666669,1
tell me symptoms of mesothelioma,0.8,1.0,1.0,0.6845351232142712,5
tell me symptoms of mesothelioma,0.95,0.6309297535714575,0.6309297535714575,0.6309297535714575,2
what are intranets,0.8,0.6309297535714575,0.6309297535714575,0.32989975790747633,5
what is challenging?.,0.25,0.43067655807339306,0.38685280723454163,0.43067655807339306,2
what does diocese mean,0.5,0.6309297535714575,0.6309297535714575,0.2440769463369159,10
is the liberty bell on display a replica?,0.0,0.5,0.38685280723454163,0.11314719276545837,2
citi costco anywhere card benefits,0.0,0.6309297535714575,0.3562071871080222,0.27472256646343535,11
citi costco anywhere card benefits,0.7,0.31546487678572877,0.31546487678572877,0.31546487678572877,7
how much does a adjunct professor get paid,1.0,0.38685280723454163,0.38685280723454163,0.38685280723454163,1
what bacteria produce exotoxin,0.75,0.5,0.38685280723454163,0.11314719276545837,1
can you dye polyester dress lighter color,0.6,1.0,1.0,0.6845351232142712,9
what is droning,0.0,1.0,1.0,0.0,21
is parsley nutritious,0.0,0.5,0.3562071871080222,0.14379281289197782,13
is a PFa block aerated,0.0,0.6309297535714575,0.43067655807339306,0.20025319549806447,16
the first asylum was founded in quizlet,0.0,1.0,1.0,0.0,21
what is ireland government system,0.0,0.6309297535714575,0.6309297535714575,0.0,21
what age to start adhd meds,0.6,0.38685280723454163,0.38685280723454163,0.38685280723454163,9
is dark brown stool normal,0.15,0.6309297535714575,0.5,0.13092975357145753,12
how many sentences in a paragraph apa,0.0,0.5,0.0,0.5,5
"what county in elmhurst, il",0.45,0.6309297535714575,0.6309297535714575,0.20025319549806447,12
how long does it take after interview to know if citizenship is granted,0.4,1.0,0.6309297535714575,0.36907024642854247,11
how do nursing homes get paid,0.95,1.0,1.0,1.0,2
what causes water heater to overheat,0.25,0.6309297535714575,0.6309297535714575,0.6309297535714575,16
wevo distributor,0.0,0.43067655807339306,0.31546487678572877,0.11521168128766429,9
how many sizes do aviator sunglasses come in,0.45,0.43067655807339306,0.43067655807339306,0.43067655807339306,12
weather in st petersburg russia in august,0.2,1.0,1.0,0.36907024642854247,17
can williams syndrome be detected,0.2,0.38685280723454163,0.38685280723454163,0.053519473901208314,7
what does the name alitza mean,0.4,1.0,1.0,0.5,13
different types of working gloves,0.6,0.3333333333333333,0.3333333333333333,0.3333333333333333,9
what is a valley?,0.7,1.0,1.0,1.0,7
what is access recovery charge centurylink,0.0,1.0,1.0,0.0,21
south easton mass area code,0.0,1.0,1.0,0.0,21
what county is belmont ca,0.5,1.0,1.0,1.0,11
what causes reye's syndrome in children,0.0,0.6309297535714575,0.38685280723454163,0.2440769463369159,7
what county is galveston texas in?,0.6,0.6309297535714575,0.6309297535714575,0.2440769463369159,9
what are the major characteristics of the dermis,0.9,0.6309297535714575,0.6309297535714575,0.6309297535714575,3
is liquid asphalt hazmat?,0.55,0.6309297535714575,0.6309297535714575,0.31546487678572877,10
types of gastric bypass pouch,0.55,0.38685280723454163,0.38685280723454163,0.09778798091665375,10
elvis was born in what state?,0.9,0.38685280723454163,0.38685280723454163,0.38685280723454163,3
what causes ringing in the ears home treatment,0.5,1.0,0.43067655807339306,0.5693234419266069,2
what causes ringing in the ears home treatment,0.0,0.0,0.0,0.0,21
largest fanuc robot,0.0,1.0,1.0,0.0,21
what does ist mean,0.45,0.6309297535714575,0.6309297535714575,0.27472256646343535,7
organizational theory definition,0.1,1.0,1.0,0.36907024642854247,19
the general insurance quote number,0.0,1.0,1.0,0.0,21
how does negative feedback control heart rate,0.0,1.0,1.0,0.0,21
what industry is remodeling and roofing in?,0.0,0.5,0.0,0.5,4
what does the name aparicio mean,0.0,1.0,1.0,0.0,21
lithroscopy definition,0.9,0.2890648263178879,0.2890648263178879,0.2890648263178879,3
what is a computer wireshark,0.75,0.5,0.5,0.18453512321427123,6
causes of loose foul stools,0.15,1.0,0.31546487678572877,0.6845351232142712,9
difference between full and widescreen,1.0,1.0,1.0,0.7109351736821121,1
difference between full and widescreen,0.0,1.0,0.6309297535714575,0.36907024642854247,20
guide to becoming an anesthesiologist,1.0,0.3562071871080222,0.3562071871080222,0.3562071871080222,1
what can i do with a degree in exercise science,0.55,1.0,0.6309297535714575,0.36907024642854247,7
number of days in patient for a coronary bypass,0.35,1.0,1.0,0.6989700043360187,14
dead body in dream meaning,0.25,0.6309297535714575,0.6309297535714575,0.13092975357145753,14
can wind power be used in canada,0.25,1.0,1.0,0.5693234419266069,16
what causes eyes to pop out,0.0,0.0,0.0,0.0,21
cause of dry mouth,0.7,0.31546487678572877,0.31546487678572877,0.31546487678572877,7
"what county is halethorpe, md",0.85,1.0,1.0,0.5693234419266069,4
what county is kansas city mo in,0.9,0.3333333333333333,0.3010299956639812,0.3333333333333333,1
what is a quantum dot,1.0,0.6309297535714575,0.6309297535714575,0.34186492725356965,1
weather in st. croix,0.55,1.0,0.6309297535714575,0.36907024642854247,8
what is considered a rotator cuff,0.0,0.5,0.0,0.5,7
what causes rotten egg smell inside a house,0.7,0.6309297535714575,0.6309297535714575,0.6309297535714575,7
how much water do humans need to survive,0.95,0.3333333333333333,0.3333333333333333,0.3333333333333333,2
what is crystalline,0.05,1.0,1.0,0.36907024642854247,20
what does iso sensor mean,0.0,0.6309297535714575,0.5,0.13092975357145753,1
how many ounces in a bottle of water,0.85,1.0,0.5,0.6131471927654584,3
what does pineapple tattoo symbolize,0.85,1.0,1.0,1.0,4
is a pap smear necessary during pregnancy,0.4,1.0,1.0,0.5,13
types of validity assessment,0.0,1.0,1.0,0.0,21
types of validity assessment,0.2,0.3010299956639812,0.3010299956639812,0.3010299956639812,8
types of validity assessment,0.05,0.3562071871080222,0.31546487678572877,0.04074231032229342,3
what is an adhesive body bra,0.0,1.0,0.6309297535714575,0.36907024642854247,14
what does consolidate debts mean,0.8,1.0,1.0,0.5693234419266069,5
most birds consume 50% of their weight,0.0,0.5,0.5,0.0,21
what causes sarcoidosis of the lungs,1.0,0.3562071871080222,0.3562071871080222,0.3562071871080222,1
how long can you lease a car,0.3,1.0,0.0,1.0,1
what is a vertically integrated company,0.8,1.0,1.0,0.5693234419266069,5
longest rivers in japan,1.0,1.0,1.0,0.36907024642854247,1
longest rivers in japan,0.3,0.5,0.5,0.5,15
what is a system tray?,0.6,1.0,1.0,0.6989700043360187,9
types of tyrosine kinase,0.0,0.43067655807339306,0.31546487678572877,0.11521168128766429,7
how long do american crows live in captivity,0.0,1.0,1.0,0.0,21
largest byte size,1.0,0.5,0.5,0.14379281289197782,1
s scale model railroad definition,0.2,1.0,1.0,0.36907024642854247,17
what do tick bites look like on human skin,0.45,0.43067655807339306,0.43067655807339306,0.11521168128766429,12
beck's theory,0.65,0.5,0.5,0.11314719276545837,8
how many leave days earned in a month for navy,0.8,0.6309297535714575,0.6309297535714575,0.6309297535714575,5
what invention does gulliver describe to the king,0.0,1.0,1.0,0.0,21
ingredients for amazing ribs pork rub,0.8,1.0,1.0,1.0,5
what is a civil offense,0.95,0.5,0.5,0.5,2
what causes tender very itchy scalp,0.95,1.0,1.0,1.0,2
what is a facial skin firming agent,0.65,1.0,1.0,1.0,8
what is a facial skin firming agent,0.0,0.0,0.0,0.0,21
what happens to a current in a circuit if the resistance is increased,0.0,0.6309297535714575,0.31546487678572877,0.31546487678572877,13
average salary counselor,0.0,1.0,1.0,0.0,21
town of mountain wi,0.5,1.0,1.0,0.36907024642854247,11
how does a mortgage lender determine your property taxes,0.0,0.0,0.0,0.0,21
what causes severe constipation after eating dark chocolate,0.0,1.0,1.0,0.0,21
types of punctuation marks,0.0,1.0,1.0,0.0,21
what county is trinidad co in,0.75,1.0,1.0,0.6666666666666667,6
is flagstone a good material for pool waterfall,0.0,1.0,1.0,0.0,21
what is in a quiche,0.7,1.0,1.0,0.6131471927654584,7
did rene angelil have a gambling problem,0.0,0.5,0.43067655807339306,0.11314719276545837,8
5 ft 6 inches in cm,0.8,0.6309297535714575,0.6309297535714575,0.6309297535714575,5
what do mites eat,0.2,1.0,1.0,0.36907024642854247,17
how to use jetblue credit,0.0,1.0,0.6309297535714575,0.36907024642854247,19
what is arroz con pollo,0.0,0.6309297535714575,0.3562071871080222,0.27472256646343535,7
what is a prefect,0.95,0.5,0.5,0.1989700043360188,2
phone number for booking customer service,0.6,1.0,1.0,1.0,9
how far is rhodes from lindos beach,0.0,1.0,1.0,0.0,21
what causes slab sweating,0.0,1.0,1.0,0.0,21
define one gigabyte,0.0,1.0,0.43067655807339306,0.5693234419266069,12
how long do.yorkies live,0.2,0.6309297535714575,0.5,0.20025319549806447,15
"what county is cuba, ny in",0.0,1.0,1.0,0.0,21
what are cancer days,0.35,0.6309297535714575,0.6309297535714575,0.6309297535714575,14
ely police station phone number,0.0,1.0,1.0,0.0,21
what causes slipped disk in dogs neck,0.4,1.0,1.0,0.5,13
harvard university teachers salary,0.0,0.0,0.0,0.0,21
what is a hygrometer,0.0,0.3562071871080222,0.2890648263178879,0.0671423607901343,5
how to teach kids grit,0.0,0.5,0.3010299956639812,0.1989700043360188,4
what does the name raiden mean,0.0,1.0,1.0,0.0,21
what form is used to ask for parental custody of a minor child in florida,0.9,0.3562071871080222,0.3562071871080222,0.3562071871080222,3
time to charge capacitor in a flashlight,0.0,0.5,0.0,0.5,4
is julianne hough married,1.0,0.3010299956639812,0.3010299956639812,0.011965169346093318,1
what causes some beaches to be white,0.25,1.0,0.5,0.6437928128919779,8
meaning of the name jerubbaal,0.3,1.0,1.0,0.36907024642854247,15
weather in lisbon april,0.0,1.0,1.0,0.0,21
what creates an agency,0.0,1.0,1.0,0.0,21
largest global car companies,0.55,1.0,0.6309297535714575,1.0,7
what is cdr military,0.65,1.0,1.0,1.0,8
what causes someone to get a shaky hand,0.0,1.0,1.0,0.0,21
what does the word usury mean,0.65,0.5,0.5,0.5,8
liquid calcium magnesium citrate with vitamin d3,0.0,1.0,0.6309297535714575,0.36907024642854247,19
causes of hypoxia in adults,0.5,0.5,0.38685280723454163,0.11314719276545837,10
was/were established to settle disputes between the states.,0.0,1.0,0.6309297535714575,0.36907024642854247,18
otc for allergic rhinitis,0.4,1.0,1.0,0.6845351232142712,13
what is inversion,0.65,1.0,1.0,1.0,8
madelung disease symptoms,0.0,1.0,0.5,0.5,5
virus that stays inactive and starts execute on a specific day or time,0.0,1.0,0.3010299956639812,0.6989700043360187,17
how dangerous is a hippo,0.4,1.0,1.0,0.36907024642854247,13
meaning of ade,0.0,1.0,0.6309297535714575,0.36907024642854247,13
what causes someone to have stinky belches,0.4,0.43067655807339306,0.0,0.43067655807339306,2
what causes runner's knee,0.85,1.0,1.0,0.5,4
monounsaturated definition biology,0.0,1.0,1.0,0.0,21
mandibular fossa definition,0.3,1.0,1.0,0.6131471927654584,15
how long does group policy update take,0.05,1.0,0.6309297535714575,0.36907024642854247,19
fastest growing bonsai trees,0.25,1.0,1.0,0.5,16
interest rates types,0.1,1.0,0.6309297535714575,0.36907024642854247,16
moniker synonym,0.6,1.0,1.0,0.7109351736821121,9
what is a nuc hive,0.55,0.5,0.5,0.06932344192660694,10
do I need to change my door lock after moving to a new home,0.15,0.6309297535714575,0.6309297535714575,0.13092975357145753,18
phone number for charbroil grills,0.95,0.6309297535714575,0.6309297535714575,0.6309297535714575,2
price per cubic foot of mulch,0.45,0.6309297535714575,0.6309297535714575,0.2975964202381242,12
what is akkadian,0.65,1.0,1.0,1.0,8
must pay employee within certain amount of time after discharge,0.0,0.43067655807339306,0.31546487678572877,0.11521168128766429,7
tear gland inflammation medical term,0.5,0.6309297535714575,0.6309297535714575,0.2440769463369159,11
what does no fear mean,0.95,0.3562071871080222,0.3562071871080222,0.3562071871080222,2
what are the virulence factors of anthrax?,0.0,0.0,0.0,0.0,21
does nexgard cause seizures,0.0,1.0,1.0,0.0,21
what is acupuncture,0.3,1.0,1.0,0.36907024642854247,15
mad dog liquor cost,0.0,1.0,1.0,0.0,21
define quintessential synonyms,0.0,1.0,0.3562071871080222,0.6437928128919779,13
what causes head gaskets to go bad,0.65,0.6309297535714575,0.6309297535714575,0.32989975790747633,8
what is hydrocephalus.,0.45,1.0,1.0,0.6666666666666667,12
what is a lanfill,0.0,0.0,0.0,0.0,21
how long does it take act scores to come in,1.0,0.5,0.5,0.5,1
define idiosyncratic,0.15,1.0,1.0,0.36907024642854247,18
what changed after obra was passed,0.0,0.6309297535714575,0.6309297535714575,0.0,21
what causes st depression on ekg,0.4,1.0,1.0,0.36907024642854247,13
taryn meaning of name,0.0,0.5,0.38685280723454163,0.11314719276545837,9
medication for gum disease,0.9,1.0,1.0,1.0,3
what class is baclofen,0.0,0.6309297535714575,0.6309297535714575,0.0,21
difference between us senator and congressman,0.0,1.0,0.6309297535714575,0.36907024642854247,19
what causes stock prices to drop,0.0,0.6309297535714575,0.3333333333333333,0.2975964202381242,3
what causes stock prices to drop,0.5,1.0,1.0,0.5,11
what is a utility tractor,0.0,1.0,0.5,0.5,7
what color is pepperdust,0.0,1.0,1.0,0.0,21
pronounce name valeria,0.4,1.0,1.0,0.36907024642854247,13
what foods kill candida,0.65,0.2890648263178879,0.2890648263178879,0.2890648263178879,8
what foods kill candida,0.0,1.0,1.0,0.0,21
jaleel white net worth,0.85,0.6309297535714575,0.6309297535714575,0.20025319549806447,4
common causes of foot drop,0.85,1.0,1.0,0.6437928128919779,4
a middleman is a person who,0.9,1.0,1.0,0.36907024642854247,3
informal leadership,0.0,1.0,1.0,0.0,21
what are mandalorians,0.85,1.0,1.0,0.6437928128919779,4
what generation is helioptile,0.0,1.0,0.43067655807339306,0.5693234419266069,7
what county is southern pines in?,0.0,0.6309297535714575,0.6309297535714575,0.0,21
population of rockville,0.0,1.0,0.43067655807339306,0.5693234419266069,3
what is boltzmann constant,0.0,0.6309297535714575,0.5,0.13092975357145753,18
is cipro and zyvox related,0.45,1.0,1.0,0.5693234419266069,12
what is cath lab short for,0.2,0.43067655807339306,0.38685280723454163,0.09734322474005974,12
was jeff goldblum in death wish the movie?,0.9,0.5,0.5,0.11314719276545837,3
embeda er side effects,0.05,0.43067655807339306,0.43067655807339306,0.07446937096537087,10
hertz customer service salary,0.0,1.0,0.6309297535714575,0.36907024642854247,15
is malaria caused by a fungus,0.0,0.6309297535714575,0.2890648263178879,0.34186492725356965,7
cost of attendance suny albany,0.35,1.0,1.0,0.5,14
what does long term care mean,0.7,1.0,1.0,1.0,7
what cause pain in left side back,0.35,1.0,1.0,0.6437928128919779,14
symptoms of a allergic reaction to food,0.6,0.5,0.5,0.21093517368211212,8
symptoms of a allergic reaction to food,0.3,1.0,1.0,0.5693234419266069,15
serotonin syndrome types of medication,0.9,0.6309297535714575,0.6309297535714575,0.6309297535714575,3
serotonin syndrome types of medication,0.1,1.0,1.0,0.36907024642854247,19
is clostridium tetani aerobic,0.0,1.0,1.0,0.0,21
respiration is controlled by which part of the brain,0.3,1.0,1.0,0.5,15
benefits of puzzle books,1.0,0.6309297535714575,0.6309297535714575,0.6309297535714575,1
what is a professional degree,0.4,0.3562071871080222,0.3562071871080222,0.04074231032229342,13
what causes tomato dry rot in tomatoes,0.6,0.6309297535714575,0.6309297535714575,0.27472256646343535,9
how many people attended woodstock,1.0,0.3333333333333333,0.3333333333333333,0.3333333333333333,1
how to use footnotes in a paper,0.0,0.6309297535714575,0.5,0.13092975357145753,8
"what county is rossville, ga in?",0.0,1.0,1.0,0.0,21
what causes t cell activation in ms,0.0,1.0,0.6309297535714575,0.36907024642854247,14
what is a hangar,0.2,1.0,1.0,0.6437928128919779,17
nitrogen monoxide,0.95,0.43067655807339306,0.43067655807339306,0.43067655807339306,2
cashmax title loan,0.35,1.0,1.0,0.36907024642854247,14
how to reset number of plays in itunes,0.7,0.3562071871080222,0.3562071871080222,0.022873853774688868,7
is hepatocellular diseases of the liver cancer,1.0,0.43067655807339306,0.43067655807339306,0.43067655807339306,1
mold exposure symptoms does it cause coughing,0.0,1.0,1.0,0.0,21
mold exposure symptoms does it cause coughing,0.0,0.5,0.5,0.0,21
what are .gz files,0.0,1.0,0.6309297535714575,0.36907024642854247,11
can you use peer reviewed article references,0.0,0.0,0.0,0.0,21
meaning of adherence,0.0,1.0,0.5,0.5,9
what causes tears in the eyes,0.1,0.5,0.31546487678572877,0.18453512321427123,10
how many spoons of sugar in tonic water,0.0,0.6309297535714575,0.5,0.13092975357145753,1
what age group is millennials,0.0,0.5,0.31546487678572877,0.18453512321427123,11
weather south carolina in march,0.85,1.0,1.0,0.5693234419266069,4
the ________ of the sound wave refers to the complexity of the wave,0.0,1.0,0.5,0.5,10
what is codepen,0.7,1.0,1.0,0.6666666666666667,7
what is codepen,0.7,0.6309297535714575,0.6309297535714575,0.27472256646343535,7
what big ceo died of cancer recently,0.0,1.0,1.0,0.0,21
is spasmodic dysphonia hereditary,0.4,0.5,0.5,0.16666666666666669,12
biggest horses in the world,0.8,0.6309297535714575,0.5,0.6309297535714575,1
is water finite?,0.0,0.5,0.38685280723454163,0.11314719276545837,1
translation price per word,0.0,1.0,0.6309297535714575,0.36907024642854247,16
translation price per word,0.55,0.3333333333333333,0.3333333333333333,0.3333333333333333,3
translation price per word,0.0,0.5,0.3562071871080222,0.14379281289197782,3
prime rate today is,0.0,1.0,1.0,0.0,21
what all is lyrica used for,0.25,0.3010299956639812,0.0,0.3010299956639812,2
is the cervix removed in most hysterectomies?,0.55,1.0,1.0,0.6131471927654584,10
what causes the actin filaments to slide past the myosin filaments?,0.0,1.0,0.3562071871080222,0.6437928128919779,14
powder green tea side effects,0.8,0.38685280723454163,0.38685280723454163,0.09778798091665375,5
what are tears of joy,0.6,1.0,1.0,0.5693234419266069,9
what are sunspots,0.9,0.6309297535714575,0.6309297535714575,0.6309297535714575,3
neurologists in rapid city sd,0.0,0.43067655807339306,0.3562071871080222,0.07446937096537087,1
neurologists in rapid city sd,0.05,0.43067655807339306,0.43067655807339306,0.04382375083885143,7
how to find the total manufacturing cost,0.5,0.5,0.5,0.16666666666666669,11
walrus pup,0.0,0.6309297535714575,0.6309297535714575,0.0,21
what foods contain sorbitol,0.9,0.5,0.5,0.18453512321427123,3
can you cure a tooth root abscess with just antibiotics,0.9,1.0,1.0,0.6437928128919779,3
what causes swollen hurting ankle and foot,0.0,0.5,0.0,0.5,8
is yahoo mail shutting down?,0.0,1.0,1.0,0.0,21
homozygous recessive,0.15,1.0,1.0,0.36907024642854247,18
what is business process management,0.05,1.0,1.0,0.36907024642854247,20
what does disbursed amount mean,0.15,0.5,0.43067655807339306,0.11314719276545837,2
what episode did the hound die in,0.9,0.6309297535714575,0.6309297535714575,0.6309297535714575,3
most majors won in tennis,0.75,0.2890648263178879,0.0,0.2890648263178879,2
ashland ohio population,0.0,1.0,1.0,0.0,21
t-bone steak meaning,0.5,1.0,1.0,0.7109351736821121,11
meaning of aiden name,0.0,0.43067655807339306,0.3562071871080222,0.07446937096537087,16
what is a phrasal compound?,0.7,1.0,1.0,0.36907024642854247,7
salaries for city of rockford il employees,0.45,1.0,0.5,0.5693234419266069,9
how much does a prius traction battery cost,0.0,1.0,1.0,0.0,21
international definition of a foot,0.05,1.0,0.5,0.5,19
ivf for gender selection cost,0.9,0.5,0.5,0.11314719276545837,3
what causes the earth's temperature to rise,0.0,0.0,0.0,0.0,21
icd code non healing surgical wound,0.0,0.6309297535714575,0.5,0.13092975357145753,13
cost for appliance repair,0.05,1.0,1.0,0.36907024642854247,20
average pay for a title company closer,0.0,1.0,1.0,0.0,21
what does exclusionary rule mean for law enforcement,0.4,1.0,1.0,0.5,13
what is hertz corporation,0.15,1.0,1.0,0.36907024642854247,18
how many weeks are there in a month,0.4,0.5,0.38685280723454163,0.5,2
waht is the main food energy molecule for all cells in the body,0.7,0.3333333333333333,0.31546487678572877,0.3333333333333333,5
pedal definition,0.0,0.6309297535714575,0.6309297535714575,0.0,21
what are causes of inflammation or infections in the lung,0.0,1.0,1.0,0.0,21
"what county is des moines, wa in",0.5,0.5,0.5,0.5,11
what happens if the blood clot falls out,0.0,0.6309297535714575,0.0,0.6309297535714575,1
define humanism theory,0.85,0.5,0.5,0.5,4
embeddedness meaning,0.0,0.6309297535714575,0.43067655807339306,0.20025319549806447,10
definition of inverse,0.65,1.0,1.0,1.0,8
how many americans suffer with social anxiety,0.8,0.5,0.43067655807339306,0.5,2
identify what pulse oximetry is meassuring,0.95,0.6309297535714575,0.6309297535714575,0.31546487678572877,2
telegraphed definition,1.0,0.6309297535714575,0.6309297535714575,0.2440769463369159,1
task allocation definition,0.5,0.5,0.5,0.06932344192660694,11
what is a pro hormone,0.75,0.38685280723454163,0.38685280723454163,0.38685280723454163,6
oxygen is used by body cells in aerobic respiration,0.0,0.2890648263178879,0.0,0.2890648263178879,1
false statement definition,0.2,1.0,1.0,0.36907024642854247,17
what does operational excellence mean,0.7,1.0,1.0,1.0,7
define capillaries,0.4,1.0,1.0,1.0,13
symptoms of a dry cough,0.85,1.0,1.0,1.0,4
what channel is nbc in atlanta,0.0,1.0,0.31546487678572877,0.6845351232142712,18
"weather in november in limassol, cyprus",0.5,1.0,0.6309297535714575,0.6131471927654584,2
what is imprinted concrete driveways,0.05,1.0,1.0,0.36907024642854247,20
how to sew a baby rag quilt,0.0,0.5,0.3562071871080222,0.14379281289197782,9
how to sew a baby rag quilt,0.8,0.38685280723454163,0.38685280723454163,0.08582281157056043,5
what does enumeration date mean when referring to npi,0.2,1.0,1.0,0.36907024642854247,17
what benefits can knowledge management give a company,0.95,0.5,0.5,0.5,2
what does harm mean,0.75,0.6309297535714575,0.6309297535714575,0.6309297535714575,6
what district is cilegon in?,0.65,1.0,1.0,0.6437928128919779,8
how long do i have to wait to pull the basis out of my roth,1.0,0.43067655807339306,0.43067655807339306,0.43067655807339306,1
list of root vegetables,0.35,0.6309297535714575,0.6309297535714575,0.27472256646343535,13
what happened to the man who shot kris kyle,1.0,0.3562071871080222,0.3562071871080222,0.3562071871080222,1
how to become a cpa in tennessee,0.8,0.5,0.5,0.5,5
how to become a cpa in tennessee,0.85,0.43067655807339306,0.43067655807339306,0.43067655807339306,4
what does bearer stand for,0.45,1.0,1.0,1.0,12
relevant range definition accounting,0.6,0.6309297535714575,0.6309297535714575,0.20025319549806447,9
what is an orthopedic evaluation?,0.0,1.0,1.0,0.0,21
treatment of scar and stretch mark research,0.0,0.0,0.0,0.0,21
treatment of scar and stretch mark research,0.3,0.2890648263178879,0.0,0.2890648263178879,6
can one gas displace another gas,0.0,1.0,0.0,1.0,8
what causes the skin above the eyelid to droop,1.0,0.3333333333333333,0.3333333333333333,0.3333333333333333,1
what causes the skin above the eyelid to droop,0.0,0.0,0.0,0.0,21
what causes the skin above the eyelid to droop,0.3,0.38685280723454163,0.31546487678572877,0.09778798091665375,11
napa valley average monthly temperature,0.8,1.0,1.0,0.6131471927654584,5
napa valley average monthly temperature,0.0,0.3010299956639812,0.3010299956639812,0.0,21
napa valley average monthly temperature,0.8,0.3562071871080222,0.3333333333333333,0.022873853774688868,3
what is a compression sleeve used for,0.25,1.0,1.0,0.36907024642854247,16
define fasciitis,0.2,1.0,1.0,0.6437928128919779,17
is generic cialis available with prescription,1.0,0.5,0.5,0.1989700043360188,1
what is an api connector,0.35,1.0,0.43067655807339306,0.5693234419266069,4
calories in whole grain couscous,0.25,0.6309297535714575,0.43067655807339306,0.20025319549806447,1
most of the atp in cellular respiration is generated by,0.2,1.0,0.3333333333333333,0.6666666666666667,9
wan name,0.9,1.0,1.0,1.0,3
what causes the tiny bump on tip of tongue,0.0,1.0,0.6309297535714575,0.36907024642854247,14
special causes of loss coverage,0.95,0.31546487678572877,0.31546487678572877,0.31546487678572877,2
myron meaning of name,0.0,1.0,1.0,0.0,21
is a sham a comforter,0.0,1.0,0.6309297535714575,0.36907024642854247,16
what is in darvocet,0.0,1.0,1.0,0.0,21
how to become a u.s. marshal,1.0,0.5,0.5,0.5,1
is putlocker.ch down,0.0,0.5,0.43067655807339306,0.06932344192660694,3
what causes the transmission fluid to aerate,0.0,0.3333333333333333,0.0,0.3333333333333333,1
what counts as formula on excel,0.9,1.0,1.0,0.6666666666666667,3
speech or language impairment definition,0.0,1.0,1.0,0.0,21
what is derm surgery,0.35,1.0,1.0,0.6845351232142712,14
the chordate invertebrates have what type of nerve cord,0.0,1.0,1.0,0.0,21
Explain what amniocentesis is,0.75,0.5,0.5,0.5,6
phone number for canon printers,0.0,1.0,0.5,0.5,14
standard size of indian wc,0.0,0.0,0.0,0.0,21
what is  tinea,0.05,1.0,1.0,0.5,20
what company originated java?,0.95,1.0,1.0,1.0,2
olive oil negative health effects,0.55,1.0,1.0,0.5693234419266069,10
olive oil negative health effects,0.15,1.0,0.5,0.5,8
what is a co-op atm,0.85,1.0,1.0,0.6131471927654584,4
my allergies are kicking in and im pregnant what can i take,0.3,0.5,0.5,0.06932344192660694,5
my allergies are kicking in and im pregnant what can i take,0.8,1.0,1.0,1.0,5
diseases caused by bacillus cereus,0.05,1.0,0.43067655807339306,0.5693234419266069,16
what causes thin skin as you age,0.0,1.0,0.6309297535714575,0.36907024642854247,16
how can a half-life be used to tell the age of a sample?,0.0,1.0,1.0,0.0,21
lumbar puncture medical definition,0.0,0.6309297535714575,0.38685280723454163,0.2440769463369159,2
what is axona powder packets,0.0,1.0,1.0,0.0,21
what bills has donald trump signed into law,0.0,0.6309297535714575,0.3010299956639812,0.32989975790747633,1
garnett ks population,0.0,0.6309297535714575,0.6309297535714575,0.13092975357145753,16
the definition bid rent,1.0,1.0,1.0,0.5693234419266069,1
phone number for infoscout,0.7,1.0,1.0,0.36907024642854247,7
minimum soldier requirements,0.4,1.0,1.0,1.0,13
what causes thinning of the retina,0.0,1.0,1.0,0.0,21
what causes thinning of the retina,0.0,0.0,0.0,0.0,21
how long does it take for baby fish eggs to hatch,0.55,0.6309297535714575,0.5,0.6309297535714575,4
what caused castleman disease,0.55,0.6309297535714575,0.6309297535714575,0.20025319549806447,10
what are cabinets made of,0.4,1.0,1.0,1.0,13
what are cabinets made of,0.6,0.6309297535714575,0.5,0.6309297535714575,5
is an employer required to pay for 2 weeks notice,0.7,0.6309297535714575,0.6309297535714575,0.31546487678572877,7
what does right wing mean,0.75,1.0,1.0,0.6437928128919779,6
google pacific time,0.0,1.0,0.5,0.5,18
what causes thyroid to enlarge,0.0,0.3333333333333333,0.3333333333333333,0.03230333766935212,7
what causes thyroid to enlarge,0.7,1.0,1.0,1.0,7
what is flagella,0.2,1.0,0.6309297535714575,0.36907024642854247,3
phrase mutually exclusive meaning,0.45,1.0,1.0,0.5693234419266069,12
average range of heart rate for adolescents,0.0,0.43067655807339306,0.0,0.43067655807339306,3
what age do kids need to be to go to dentist,0.65,0.6309297535714575,0.6309297535714575,0.6309297535714575,7
name origin of belcher,0.45,0.6309297535714575,0.5,0.2440769463369159,10
what does wreath mean,0.85,1.0,1.0,1.0,4
gestation period for hares,0.05,1.0,0.5,0.5,10
maltese definition,0.0,0.5,0.31546487678572877,0.18453512321427123,8
what causes tightening in the stomach,0.0,1.0,1.0,0.0,21
is perrigrine falcon extinct,0.7,0.6309297535714575,0.6309297535714575,0.6309297535714575,7
what are hilton hotels,0.05,1.0,1.0,0.5,20
what is dicyclomine used for,0.55,1.0,1.0,0.6437928128919779,10
meaning of agitate,0.0,1.0,0.43067655807339306,0.5693234419266069,16
what is a medical gas,1.0,1.0,1.0,1.0,1
what channel is american horror story on,0.0,0.6309297535714575,0.3562071871080222,0.27472256646343535,4
what causes tongue deviation,0.0,0.38685280723454163,0.0,0.38685280723454163,10
"what county is staten island, ny in?",0.8,0.3562071871080222,0.3333333333333333,0.0671423607901343,3
hsn code for automobiles parts in india,0.75,0.5,0.5,0.11314719276545837,6
how to teach baby to come down the stairs,0.3,0.3333333333333333,0.3333333333333333,0.044268507015445435,11
tanka meaning,0.85,1.0,1.0,0.6845351232142712,4
is chromium safe browser,0.4,1.0,1.0,0.5,13
what does an advertising and marketing manager do,0.95,0.2890648263178879,0.2890648263178879,0.2890648263178879,2
what does an advertising and marketing manager do,0.0,1.0,0.6309297535714575,0.36907024642854247,19
biblical definition of equity,1.0,0.6309297535714575,0.6309297535714575,0.6309297535714575,1
what are the characteristics of sociopath,0.8,0.5,0.31546487678572877,0.21093517368211212,1
what causes tonsils to turn black and die,0.6,1.0,0.6309297535714575,0.36907024642854247,7
if you are driving slow on interstate which lane do u use,0.0,0.5,0.43067655807339306,0.11314719276545837,7
what are the two major functions of a dialyzer?,0.8,0.5,0.3562071871080222,0.5,1
what does freight collect means,0.0,0.6309297535714575,0.6309297535714575,0.13092975357145753,9
what date was the virginia convention,0.0,1.0,0.6309297535714575,0.36907024642854247,4
what county is pomona ny,0.55,1.0,1.0,0.6666666666666667,10
what county is dillsburg pa,1.0,1.0,1.0,0.6666666666666667,1
connecticut post subscription phone number,1.0,0.5,0.5,0.5,1
what food contains bifidobacterium,0.0,0.43067655807339306,0.3562071871080222,0.07446937096537087,19
us bank hours glenway,0.2,1.0,1.0,0.36907024642854247,17
what color is charcoal,0.6,1.0,1.0,0.36907024642854247,9
what is gist,0.05,1.0,0.6309297535714575,0.36907024642854247,11
what is an assent form,0.7,0.38685280723454163,0.38685280723454163,0.07138793044881286,7
whale ornament,0.65,0.6309297535714575,0.6309297535714575,0.27472256646343535,8
average cost of radiation treatments,0.6,1.0,1.0,0.5693234419266069,9
cost of an echocardiogram,0.0,1.0,1.0,0.0,21
what causes u joints to break,0.85,0.6309297535714575,0.6309297535714575,0.6309297535714575,4
what is an.fha loan,0.15,0.6309297535714575,0.6309297535714575,0.27472256646343535,18
what is cushingoid,0.3,1.0,1.0,0.36907024642854247,15
translate c'est la vie to english,0.6,1.0,1.0,0.36907024642854247,9
cost of home theater installation,0.3,0.6309297535714575,0.5,0.20025319549806447,5
should transgenders be allowed to use any bathrooms,0.5,1.0,0.6309297535714575,0.5,9
what does the name Kai Mean,0.7,1.0,0.6309297535714575,0.36907024642854247,6
buddhism animals symbolism,0.0,1.0,0.6309297535714575,0.36907024642854247,18
define local color,0.0,1.0,0.5,0.5,4
what does deep tendon reflexes 2+ mean,0.1,1.0,1.0,0.6131471927654584,19
what date did the beatles break up,0.8,0.6309297535714575,0.6309297535714575,0.2975964202381242,5
average salary uk 1970,0.3,1.0,1.0,0.6845351232142712,15
what do i need to learn to become a occupational therapy,0.85,1.0,1.0,1.0,4
what causes ulcers on dogs eyes,0.0,1.0,1.0,0.0,21
what is a christian worldview,0.0,0.6309297535714575,0.5,0.13092975357145753,15
jeffrey preston net worth,0.4,0.3562071871080222,0.3562071871080222,0.3562071871080222,13
define standard deviation for a group,0.85,0.6309297535714575,0.5,0.20025319549806447,2
what is an individual taxpayer identification number,0.55,1.0,0.5,0.6437928128919779,4
what is artificial respiration known as,0.2,1.0,0.6309297535714575,0.36907024642854247,15
what causes varicosities of the tongue,0.75,1.0,0.5,0.5,1
what cases do the FBI handle,1.0,0.6309297535714575,0.6309297535714575,0.20025319549806447,1
calories in mike's margarita classic,0.0,1.0,1.0,0.0,21
what is definition of management change,1.0,0.3562071871080222,0.3562071871080222,0.3562071871080222,1
legal definition of mediation,0.65,0.6309297535714575,0.6309297535714575,0.6309297535714575,8
what body system is the skin a part of,0.45,0.43067655807339306,0.0,0.43067655807339306,5
what doctor treat ptsd?,0.85,1.0,1.0,0.5693234419266069,4
what is direct express debit card program,0.0,1.0,1.0,0.0,21
what causes vitamin b2 deficiencies,0.0,1.0,1.0,0.0,21
what county is forney,0.0,1.0,1.0,0.0,21
how many people died in dunkirk,0.8,1.0,1.0,1.0,5
what is azomite used for,0.9,0.6309297535714575,0.6309297535714575,0.6309297535714575,3
the defenition of the word grievances,0.1,0.5,0.5,0.06932344192660694,11
us congress salary,1.0,1.0,1.0,0.6437928128919779,1
difference between horse and pony,0.0,0.5,0.38685280723454163,0.11314719276545837,12
population lumberton texas,0.0,1.0,1.0,0.0,21
what do you call it when it's snowing and lightning,0.7,1.0,1.0,1.0,7
meatloaf calories homemade,0.0,1.0,0.5,0.5,16
what is asio direct monitoring,0.0,0.43067655807339306,0.38685280723454163,0.04382375083885143,2
meaning of amalgamated,0.5,0.6309297535714575,0.6309297535714575,0.32989975790747633,11
weather in taos new mexico in september,0.2,1.0,1.0,0.36907024642854247,17
what is dermalone ointment used for,0.0,1.0,1.0,0.0,21
meaning of name nastasia,0.0,0.0,0.0,0.0,21
what is a nepa document,0.8,0.43067655807339306,0.43067655807339306,0.11521168128766429,5
is a productive cough good,0.0,1.0,0.6309297535714575,0.36907024642854247,16
infliximab cost,0.0,1.0,1.0,0.0,21
definition of vastus intermedius,0.65,0.6309297535714575,0.6309297535714575,0.2975964202381242,8
is soccer a large sport in canada,0.0,1.0,1.0,0.0,21
is fosamax a bisphosphonate,0.2,1.0,1.0,0.36907024642854247,17
trump hotel las vegas is there a resort fee,0.0,1.0,1.0,0.0,21
can you get your retirement money early,0.0,0.0,0.0,0.0,21
what ingredients to make moist cake,0.85,0.5,0.5,0.5,4
vitamin d refill,0.65,0.43067655807339306,0.43067655807339306,0.43067655807339306,8
name the specfic veins and arteries that feed and drain each chanmber,0.0,0.0,0.0,0.0,21
what application opens .mdb files?,0.0,0.6309297535714575,0.6309297535714575,0.0,21
what causes shaking when braking,0.85,0.5,0.5,0.21093517368211212,4
what causes shaking when braking,0.9,0.2890648263178879,0.2890648263178879,0.2890648263178879,3
what is an fsb,0.55,1.0,1.0,0.6666666666666667,10
how much blood does an average person have,0.6,0.43067655807339306,0.43067655807339306,0.43067655807339306,9
bipolar medication most commonly prescribed,0.0,1.0,0.0,1.0,6
symptoms stds in women,0.0,0.0,0.0,0.0,21
what does I.T PAN mean,1.0,0.3333333333333333,0.3333333333333333,0.3333333333333333,1
species of bacteria that have a capsule,0.8,1.0,0.6309297535714575,0.5693234419266069,1
is herceptin considered chemotherapy,0.0,1.0,1.0,0.0,21
how long does it take to pass out upside down,0.2,1.0,1.0,0.6131471927654584,17
what is a informative essay,0.85,0.6309297535714575,0.6309297535714575,0.27472256646343535,4
meaning of the name rubaiyat,0.0,1.0,0.6309297535714575,0.36907024642854247,15
how many credits needed to take cpa exam,0.75,1.0,1.0,0.5693234419266069,6
what color does copper streak,0.0,0.0,0.0,0.0,21
how many oz gallon,0.45,0.6309297535714575,0.6309297535714575,0.20025319549806447,12
does the skin hurt on the outside of your leg with blood clots?,0.3,1.0,0.3333333333333333,0.6666666666666667,5
what is bdc,0.85,1.0,1.0,0.6989700043360187,4
what dose ~ mean,0.0,1.0,0.5,0.5,19
what is a cpim,0.55,1.0,1.0,0.6666666666666667,10
what causes facial skin to darken,0.0,0.0,0.0,0.0,21
what county is george iowa in,0.35,1.0,1.0,0.5,14
what is a composite chemical,0.25,1.0,1.0,1.0,16
alcohol urine test how long in system,0.8,0.3010299956639812,0.0,0.3010299956639812,4
weather to date colorado springs,0.7,1.0,1.0,1.0,7
greek meaning of the word phobos,0.45,1.0,1.0,0.6845351232142712,12
what causes dwarfism in humans,0.45,1.0,1.0,0.5,12
definition of hospital-based,0.55,1.0,0.5,0.5693234419266069,3
what is a compost toilet,0.0,1.0,0.38685280723454163,0.6131471927654584,10
how long does it take for a severe sunburn to heal,0.4,1.0,1.0,1.0,13
symptoms of blood clot in bend of leg,0.0,1.0,0.3333333333333333,0.6666666666666667,7
what does the western meadowlark eat,0.55,0.43067655807339306,0.43067655807339306,0.07446937096537087,10
leading causes of death for children in the us,0.45,1.0,0.3333333333333333,0.6666666666666667,4
average bail of hay per acre in michigan,0.0,0.0,0.0,0.0,21
define wool,0.65,0.6309297535714575,0.5,0.6309297535714575,4
what are synthetic drugs,0.25,1.0,1.0,0.6437928128919779,16
how many calories does banana contain,0.7,0.5,0.5,0.5,7
what causes white calcium in ear,0.0,1.0,0.6309297535714575,0.36907024642854247,20
how much is judo class,0.0,1.0,1.0,0.0,21
what is hpw for sugar gliders,0.0,0.5,0.5,0.0,21
local tax levy definition,0.0,1.0,0.6309297535714575,0.36907024642854247,17
linea alba definition,0.05,1.0,0.5,0.5,13
jamocha shake calories,0.35,1.0,0.6309297535714575,0.36907024642854247,6
idea definition of intellectual disability,0.05,1.0,1.0,0.36907024642854247,20
what enzymes are needed to break down fat,0.0,0.0,0.0,0.0,21
emc support contact number,0.85,1.0,1.0,0.5693234419266069,4
what is a ear blockage,0.0,1.0,1.0,0.0,21
what is epididymitis,0.9,0.5,0.5,0.14379281289197782,3
us census bureau number,0.45,0.6309297535714575,0.38685280723454163,0.6309297535714575,4
what county is lincoln park nj,1.0,1.0,1.0,1.0,1
what are education credit limits,0.6,0.3562071871080222,0.0,0.3562071871080222,1
most average height of a newborn,0.9,0.3010299956639812,0.3010299956639812,0.3010299956639812,3
normal cost to have a lawn redone,0.7,0.3333333333333333,0.0,0.3333333333333333,1
what is a wall fistula,0.7,1.0,1.0,0.6666666666666667,7
define: teetotaler,0.0,1.0,0.6309297535714575,0.36907024642854247,15
what county is willard nm in?,0.4,0.6309297535714575,0.6309297535714575,0.2975964202381242,13
what is buprenorphine drug test,0.0,0.6309297535714575,0.38685280723454163,0.2440769463369159,1
what is google pinyin input,0.9,1.0,1.0,0.36907024642854247,3
hydrogen is it a solid liquid or gas,0.15,1.0,0.6309297535714575,0.36907024642854247,14
what causes you to get the pink eye and it's systems,0.95,0.5,0.5,0.5,2
mouth hurts when i swallow and tongue presses on roof of mouth,0.0,0.0,0.0,0.0,21
is sodium carbonate soluble,0.0,1.0,0.6309297535714575,0.36907024642854247,20
bumfuzzled definition,0.0,0.43067655807339306,0.43067655807339306,0.04382375083885143,11
what is caps mean,0.9,1.0,1.0,1.0,3
meaning of an earthquake in a dream,0.5,0.6309297535714575,0.6309297535714575,0.2440769463369159,9
What can you use a deferred prosecution on,0.0,0.3333333333333333,0.2890648263178879,0.044268507015445435,6
meaning of seeing a wild turkey,0.2,0.6309297535714575,0.6309297535714575,0.2440769463369159,17
define irritable bowel syndrome (ibs,0.95,0.3010299956639812,0.3010299956639812,0.3010299956639812,2
what health problems are associated with childhood obesity?,0.0,1.0,1.0,0.0,21
what is a deviated septum,0.25,0.43067655807339306,0.43067655807339306,0.07446937096537087,16
is diabetes genetic,0.0,0.43067655807339306,0.38685280723454163,0.04382375083885143,15
what county is beech island sc in,0.6,1.0,1.0,0.36907024642854247,9
what is a synapse in writing,0.6,1.0,1.0,1.0,9
what causes your leg to spasms,0.95,0.6309297535714575,0.6309297535714575,0.6309297535714575,2
is yahoo a search engine?,0.8,0.5,0.43067655807339306,0.5,3
do squamous cell carcinomas hurt,0.8,0.6309297535714575,0.6309297535714575,0.13092975357145753,5
what is chipotle chili powder,0.85,0.6309297535714575,0.6309297535714575,0.27472256646343535,4
what county is seymour wi in?,0.0,1.0,1.0,0.0,21
how many carbs does a baked potato have,0.3,1.0,0.6309297535714575,0.5,13
vgenx dividend,0.0,1.0,0.5,0.5,20
what foods are not good for constipation,0.35,0.6309297535714575,0.3562071871080222,0.27472256646343535,3
what is feline leukemia in kittens,0.1,1.0,1.0,0.36907024642854247,19
what is intrapreneurship,0.0,1.0,0.43067655807339306,0.5693234419266069,16
how to apply for social security death benefits,0.0,1.0,1.0,0.0,21
pari name origin,0.0,0.38685280723454163,0.0,0.38685280723454163,12
institution definition,0.5,1.0,1.0,0.5693234419266069,11
explain shotgun choke tubes,0.6,1.0,0.6309297535714575,0.36907024642854247,5
what abiotic factors affect climate,0.5,1.0,1.0,0.5693234419266069,11
number of students enrolled at kent state university,0.95,0.6309297535714575,0.6309297535714575,0.32989975790747633,2
largest cement companies,0.0,0.38685280723454163,0.31546487678572877,0.07138793044881286,11
largest cement companies,0.0,0.6309297535714575,0.43067655807339306,0.20025319549806447,14
largest cement companies,0.0,1.0,0.6309297535714575,0.36907024642854247,17
standalone meaning in english,0.4,1.0,1.0,0.36907024642854247,13
what is appropriate temperature for autoclave operation,0.45,1.0,1.0,0.6989700043360187,12
engine stall causes,0.35,0.31546487678572877,0.3010299956639812,0.026400050467840885,7
engine stall causes,0.15,1.0,1.0,0.5,18
what is brioche bread,0.0,0.5,0.3562071871080222,0.14379281289197782,2
is mandelate a salt,0.0,0.0,0.0,0.0,21
what helps with sciatica pain,0.45,1.0,1.0,1.0,12
what are 2 common salts,0.65,0.6309297535714575,0.43067655807339306,0.32989975790747633,3
what is crdp,0.0,1.0,1.0,0.0,21
what is a fancy french toilet called,0.6,1.0,0.5,0.7109351736821121,6
how early to give hepatitis b vaccine,1.0,1.0,1.0,1.0,1
how early to give hepatitis b vaccine,0.0,0.0,0.0,0.0,21
what cavity is the masseter muscle,0.0,1.0,0.31546487678572877,0.6845351232142712,9
what colors do plant pigments reflect,0.0,0.6309297535714575,0.2890648263178879,0.34186492725356965,10
average cost of rent in san jose california?,0.25,0.5,0.0,0.5,1
how do anthropologists view culture,0.5,1.0,0.43067655807339306,0.5693234419266069,1
how to sync computer to ps3,0.5,1.0,1.0,0.36907024642854247,11
what is genoese,1.0,0.6309297535714575,0.6309297535714575,0.6309297535714575,1
what causes eutrophication,0.0,1.0,1.0,0.0,21
what is financial coordinator,0.0,1.0,0.5,0.5,10
what cell does prolactin connect to,0.0,0.43067655807339306,0.2890648263178879,0.14161173175550518,6
what is a hemispherical combustion chamber?,0.95,1.0,1.0,0.36907024642854247,2
the civil rights act of 1964 was significant because,0.0,0.0,0.0,0.0,21
most popular diet pills,0.7,0.43067655807339306,0.38685280723454163,0.14161173175550518,4
most popular diet pills,0.9,0.31546487678572877,0.31546487678572877,0.31546487678572877,3
what does action speak louder than words mean,0.55,1.0,0.6309297535714575,0.36907024642854247,4
chemical reactions explanation,0.8,0.6309297535714575,0.6309297535714575,0.6309297535714575,5
chanted definition,0.0,0.6309297535714575,0.6309297535714575,0.0,21
what county is honeoye in,0.75,0.6309297535714575,0.6309297535714575,0.20025319549806447,6
difference between elevation and section,0.8,1.0,1.0,0.6131471927654584,5
what is inhalants,0.5,0.6309297535714575,0.6309297535714575,0.6309297535714575,11
emergency in a laboratory definition,0.15,1.0,1.0,0.36907024642854247,18
what cell part reads the mrna,0.0,1.0,0.5,0.5,19
definition wind energy,0.05,1.0,1.0,0.36907024642854247,20
what do the russian dolls represent,0.0,1.0,0.3333333333333333,0.6666666666666667,7
what does a ct scan show in the knee,0.0,0.5,0.5,0.0,21
vanity url definition,0.0,1.0,1.0,0.0,21
what happens when a rock is heated,0.2,1.0,1.0,0.36907024642854247,17
pren definition,0.0,0.6309297535714575,0.43067655807339306,0.20025319549806447,14
can you make phone calls on new ipod touch?,0.4,1.0,0.5,0.5,9
does toner help with redness,0.0,1.0,1.0,0.0,21
pregnancy women average calories,0.85,0.31546487678572877,0.31546487678572877,0.31546487678572877,4
what is a pulse meeting,0.1,1.0,1.0,0.36907024642854247,19
multiloculated definition,0.0,0.0,0.0,0.0,21
is antifreeze harmful to dogs,0.0,1.0,0.6309297535714575,0.36907024642854247,16
what is a high school principal salary,0.4,0.5,0.5,0.5,13
population mariposa ca,0.7,1.0,1.0,0.6845351232142712,7
what cell produces melanin,0.0,1.0,0.3010299956639812,0.6989700043360187,15
what are reasons your bank account could be on block,0.0,1.0,1.0,0.0,21
definition of cosmic,1.0,1.0,1.0,0.6437928128919779,1
meaning of anemia,0.35,0.38685280723454163,0.3333333333333333,0.38685280723454163,8
what is cattle ranching,0.7,0.3562071871080222,0.3562071871080222,0.3562071871080222,7
is mint secure,1.0,0.6309297535714575,0.6309297535714575,0.6309297535714575,1
what is interstitial fluid,0.6,0.6309297535714575,0.6309297535714575,0.32989975790747633,9
what is government id number,0.0,1.0,1.0,0.0,21
what cell structure does the gram stain allow you to differentiate?,0.0,1.0,1.0,0.0,21
what do infected wounds smell like,0.0,1.0,1.0,0.0,21
hardening of the arteries causes,0.85,0.5,0.38685280723454163,0.5,2
what flavour is tamarind,0.0,1.0,0.38685280723454163,0.6131471927654584,16
what did the rashidun caliphate start for,0.0,1.0,0.6309297535714575,0.36907024642854247,6
average lifespan of cactus,1.0,0.3562071871080222,0.3562071871080222,0.3562071871080222,1
average lifespan of cactus,0.0,0.0,0.0,0.0,21
is pertussis a communicable disease,0.55,1.0,0.38685280723454163,0.6131471927654584,1
what is essentials,0.55,0.6309297535714575,0.6309297535714575,0.6309297535714575,10
what is a vector network analyzer,0.65,0.3562071871080222,0.3562071871080222,0.055177191444040985,8
what is esotropia of the eye,0.0,0.6309297535714575,0.6309297535714575,0.13092975357145753,13
"kids science what is the relationship between atoms, elements, molecules, and compounds",0.35,0.43067655807339306,0.2890648263178879,0.14161173175550518,4
"kids science what is the relationship between atoms, elements, molecules, and compounds",0.0,0.0,0.0,0.0,21
"kids science what is the relationship between atoms, elements, molecules, and compounds",0.0,0.0,0.0,0.0,21
what is csc.exe,0.0,1.0,0.6309297535714575,0.36907024642854247,12
how old do you have to be go on cruise,0.75,1.0,1.0,1.0,6
what is hillary clinton's iq,0.0,1.0,0.6309297535714575,0.36907024642854247,18
meaning of the prefix em,0.15,1.0,1.0,0.5,18
what cell structure make the proteins of the cells,0.25,0.3562071871080222,0.31546487678572877,0.3562071871080222,6
is dry shampoo dandruff,0.0,0.6309297535714575,0.2890648263178879,0.34186492725356965,12
what is fishing behind the net mean,0.65,0.6309297535714575,0.6309297535714575,0.6309297535714575,8
what causes urine to be dark amber,0.0,1.0,0.5,0.5,4
cost sheet for bathroom renovation,0.9,1.0,1.0,0.36907024642854247,3
most popular portugal sports,0.0,1.0,1.0,0.0,21
how much to replace bushings on a honda civic,0.35,1.0,1.0,0.36907024642854247,14
what are the file properties,0.0,0.38685280723454163,0.31546487678572877,0.07138793044881286,6
what county is saxton pa in,0.75,1.0,1.0,0.6131471927654584,6
is titanium dioxide safe for skin,0.9,0.43067655807339306,0.43067655807339306,0.04382375083885143,3
what are withdrawal symptoms of marijuana,0.0,0.3562071871080222,0.0,0.3562071871080222,7
what cause corrosion in car engine,0.0,1.0,1.0,0.0,21
is albany near loudonville,0.45,1.0,1.0,0.36907024642854247,12
population of florence sc,0.75,0.6309297535714575,0.6309297535714575,0.13092975357145753,6
is avatar the last airbender anime,0.0,0.43067655807339306,0.3010299956639812,0.12964656240941186,4
what cell types have microvilli,0.55,1.0,1.0,0.6131471927654584,10
what hemisphere is afghanistan in,0.0,1.0,1.0,0.0,21
john f kennedy accomplishments during presidency,0.35,1.0,1.0,0.5693234419266069,14
what is abigail adams,0.25,0.6309297535714575,0.5,0.20025319549806447,5
cost of prp for hair loss,0.5,1.0,1.0,0.6131471927654584,11
how to become a certified yoga instructor,0.7,0.5,0.3562071871080222,0.16666666666666669,1
the branch of science of how the body function has a disease,0.0,1.0,0.6309297535714575,0.36907024642854247,12
what does agriculturalist mean,0.35,1.0,1.0,1.0,14
is it best to eat before or after swimming,0.0,0.3333333333333333,0.3010299956639812,0.03230333766935212,1
rebellion definition espanol,0.05,0.31546487678572877,0.0,0.31546487678572877,5
what does betel nut do,0.0,0.43067655807339306,0.3562071871080222,0.07446937096537087,3
how many days does chicken last in the fridge,0.7,0.6309297535714575,0.6309297535714575,0.6309297535714575,6
types of tile for kitchen,0.85,0.3010299956639812,0.3010299956639812,0.3010299956639812,4
what breed is a gray horse,0.0,1.0,0.5,0.5,20
definition of inquiry based learning,0.2,1.0,0.2890648263178879,0.7109351736821121,1
what county is sunnyvale,0.1,0.6309297535714575,0.6309297535714575,0.13092975357145753,19
emergency medical condition emtala definition,0.0,0.6309297535714575,0.43067655807339306,0.20025319549806447,14
what cells are in the plant xylem,0.0,1.0,1.0,0.0,21
predict the levels of glucose glucagon and insulin in a person who has,0.9,0.3333333333333333,0.3333333333333333,0.3333333333333333,3
typical aso service fee,0.0,1.0,1.0,0.0,21
what is a car software,0.0,1.0,0.6309297535714575,0.36907024642854247,20
what is a car software,0.65,0.5,0.5,0.11314719276545837,8
what is inquiry based learning,0.25,0.43067655807339306,0.0,0.43067655807339306,1
countries that comprises of the uk,0.05,1.0,0.5,0.5,18
what did eddie fisher die of,0.4,1.0,1.0,0.5,13
what cellular respiration phase produce water,0.65,0.5,0.38685280723454163,0.5,7
what industry is general mills,0.75,1.0,1.0,0.6131471927654584,6
what does snuff mean? in a dirty way,0.05,0.3562071871080222,0.0,0.3562071871080222,3
reasons chocolate is good for you,0.0,0.31546487678572877,0.0,0.31546487678572877,6
reasons chocolate is good for you,0.95,0.3010299956639812,0.3010299956639812,0.3010299956639812,2
definition for loyalty,0.55,0.6309297535714575,0.6309297535714575,0.20025319549806447,10
what century do we live in,0.7,0.43067655807339306,0.43067655807339306,0.43067655807339306,7
how often should the transmission be flushed,0.55,0.6309297535714575,0.43067655807339306,0.2975964202381242,7
marginal costs versus variable cost,0.35,1.0,1.0,0.5693234419266069,14
what is fluphenazine used for,0.1,0.6309297535714575,0.5,0.13092975357145753,15
meaning of annotated,0.0,0.6309297535714575,0.5,0.13092975357145753,20
cyst fluid,0.25,1.0,1.0,1.0,16
what happens when you dislocate your knee,0.0,0.6309297535714575,0.5,0.20025319549806447,4
what is a neutral group of atoms joined by covalent bonds,0.0,1.0,0.6309297535714575,0.36907024642854247,19
what is cruse,0.0,1.0,0.5,0.5,14
what is a urine c&s,0.45,1.0,1.0,1.0,12
what cereal has the highest fiber,0.0,1.0,1.0,0.0,21
what age was the oldest person to ever live,0.95,0.6309297535714575,0.6309297535714575,0.6309297535714575,2
how did the wagner act affect labor unions,0.0,0.6309297535714575,0.43067655807339306,0.20025319549806447,13
how does alcohol affect the skin,0.9,0.31546487678572877,0.31546487678572877,0.31546487678572877,3
employment pass malaysia for salary range,0.6,0.5,0.5,0.18453512321427123,9
how do you figure cubic yards,0.85,0.3333333333333333,0.3333333333333333,0.3333333333333333,4
is it possible to change a iphone battery,0.65,1.0,1.0,0.5693234419266069,8
what does it mean when flag flown upside down,0.85,1.0,1.0,0.5693234419266069,4
things about gettysburg battlefield gettysburg pennsylvania haunted,0.85,0.5,0.5,0.11314719276545837,4
what is actuated tool,0.0,0.6309297535714575,0.6309297535714575,0.0,21
what is bmc software,0.3,1.0,1.0,0.36907024642854247,15
what does merp mean,0.95,1.0,1.0,1.0,2
what is emotional wellness?,1.0,1.0,1.0,0.6845351232142712,1
what are the causes of the bubonic plague,0.2,1.0,1.0,0.5,17
define thermophiles,0.65,1.0,1.0,0.5,8
system effects of immobility,0.3,0.6309297535714575,0.43067655807339306,0.20025319549806447,6
what eye colors do humans can have,0.95,1.0,1.0,1.0,2
how many us citizens are in the philippines,0.0,1.0,1.0,0.0,21
what are the north carolina senators,0.05,0.5,0.5,0.06932344192660694,20
types of cells in different parts of digestive system,0.85,0.43067655807339306,0.43067655807339306,0.43067655807339306,4
what are bermuda shorts,0.9,1.0,1.0,0.6845351232142712,3
what are the main parts of the circulatory system?,0.6,1.0,1.0,0.36907024642854247,9
pain in upper left arm,0.0,1.0,0.6309297535714575,0.36907024642854247,11
what is acda,0.15,0.6309297535714575,0.6309297535714575,0.20025319549806447,18
what is a airbag squib,0.0,0.5,0.43067655807339306,0.06932344192660694,5
what color is a positive urea test?,0.0,0.6309297535714575,0.6309297535714575,0.0,21
states are responsible for conducting elections because __________.,0.0,1.0,1.0,0.0,21
what is crystal method drug,0.0,0.6309297535714575,0.6309297535714575,0.0,21
what chainsaw,0.8,1.0,1.0,1.0,5
what county is daly city ca in,0.15,0.6309297535714575,0.6309297535714575,0.13092975357145753,18
is marriage becoming a marker of class,0.2,1.0,1.0,0.36907024642854247,17
"what county is,moulton, al",0.0,1.0,1.0,0.0,21
what is a chimney swift?,0.95,1.0,1.0,0.6131471927654584,2
how big are baby brown snakes,0.15,0.6309297535714575,0.3333333333333333,0.2975964202381242,5
what is a media kit,0.7,0.6309297535714575,0.6309297535714575,0.31546487678572877,7
what is a sequence in video editing?,0.0,1.0,0.6309297535714575,0.36907024642854247,4
in what county is phenix city al located,0.0,0.3562071871080222,0.3010299956639812,0.055177191444040985,3
how common is patellar tracking disorder,0.6,0.6309297535714575,0.6309297535714575,0.20025319549806447,9
what is cider vinegar,0.0,0.0,0.0,0.0,21
length of time for earth to orbit the sun,0.8,0.3010299956639812,0.3010299956639812,0.3010299956639812,4
causes of asthma,0.15,1.0,0.6309297535714575,0.5,13
what is founder's syndrome,0.85,1.0,1.0,0.6666666666666667,4
what characteristic describes a metal,0.7,0.2890648263178879,0.0,0.2890648263178879,3
what are jinns attracted to,0.95,1.0,0.6309297535714575,0.36907024642854247,1
what is amazon workmail,0.0,1.0,0.5,0.5,19
how long does a masters degree take,0.75,0.3562071871080222,0.3333333333333333,0.3562071871080222,4
how long does a masters degree take,0.8,1.0,1.0,0.36907024642854247,5
what chamber of the heart does blood go back to,0.3,0.38685280723454163,0.38685280723454163,0.09778798091665375,4
definition of et seq,0.4,1.0,0.6309297535714575,0.36907024642854247,1
what are the types of symbiosis,0.85,0.43067655807339306,0.43067655807339306,0.11521168128766429,4
how fast is formula 1 car,0.05,1.0,1.0,0.5,20
what does encephalomyelopathy mean,0.65,0.38685280723454163,0.38685280723454163,0.38685280723454163,8
what is first degree sexual assault ne,0.4,1.0,0.6309297535714575,0.36907024642854247,8
metoprolol succinate dose range,0.0,1.0,1.0,0.0,21
definition of saccule,0.25,1.0,1.0,0.36907024642854247,16
can i iphone stay off while charging,0.0,0.6309297535714575,0.3010299956639812,0.32989975790747633,1
how to warm up brisket in oven,0.8,0.38685280723454163,0.3562071871080222,0.38685280723454163,3
population of russian federation,0.35,0.5,0.5,0.11314719276545837,10
what diabetic drugs are available beside tulicity,0.95,0.3562071871080222,0.3562071871080222,0.3562071871080222,2
uber wait time charge,0.0,1.0,1.0,0.0,21
average price of natural gas per them in washington dc,0.4,1.0,1.0,0.5,13
what is a principle,0.9,1.0,1.0,1.0,3
on blood lab work what is rdw,0.95,1.0,0.6309297535714575,0.6131471927654584,1
how much weight can i lose in attack phase of dukan diet,0.0,1.0,0.43067655807339306,0.5693234419266069,15
meaning of the name kayla,0.0,0.43067655807339306,0.38685280723454163,0.04382375083885143,20
what effects does cocaine have,0.05,0.38685280723454163,0.38685280723454163,0.053519473901208314,18
dietary potassium requirements,0.25,0.5,0.2890648263178879,0.21093517368211212,11
meaning of Getting a decent salary,0.8,0.5,0.5,0.5,5
cupie mascot,0.3,1.0,1.0,0.6845351232142712,15
population of kansas city metro area,0.8,1.0,1.0,0.36907024642854247,5
is struts a framework,0.0,0.43067655807339306,0.38685280723454163,0.04382375083885143,2
what does hydrocodone show up in ua,0.5,0.38685280723454163,0.0,0.38685280723454163,1
what does eunuch mean,0.0,1.0,0.6309297535714575,0.36907024642854247,19
meaning of antenatal care,0.45,0.5,0.5,0.18453512321427123,12
how to make grape drink,0.6,0.3010299956639812,0.0,0.3010299956639812,5
definition of managerial roles,0.0,0.5,0.3562071871080222,0.14379281289197782,3
types of fish oil supplements,1.0,0.3562071871080222,0.3562071871080222,0.3562071871080222,1
what fangs do centipedes use to defend themselves,0.0,0.43067655807339306,0.3562071871080222,0.07446937096537087,19
distance from ronald reagan airport to cuban embassy,0.0,0.6309297535714575,0.43067655807339306,0.20025319549806447,17
mootness legal definition,0.0,1.0,0.6309297535714575,0.36907024642854247,15
what is an account,0.9,1.0,1.0,1.0,3
what is cilostazol prescribed for,0.7,1.0,1.0,0.6845351232142712,7
what is injections,0.6,0.3010299956639812,0.0,0.3010299956639812,3
what is a mass quizlet,0.8,0.2890648263178879,0.2890648263178879,0.2890648263178879,5
"the modern fort lee, nj",0.35,0.5,0.5,0.16666666666666669,14
minimum width for shower door,0.0,1.0,1.0,0.0,21
what fluids are lost through vomiting,0.0,0.6309297535714575,0.0,0.6309297535714575,4
how old is rydel lynch,0.35,1.0,1.0,0.36907024642854247,14
what is a popover,0.45,1.0,1.0,0.6131471927654584,12
what are two major distinguishing characteristics of mammals?,0.0,1.0,0.6309297535714575,0.36907024642854247,20
someone who is morose is,0.0,1.0,0.38685280723454163,0.6131471927654584,4
can you redeem wyndham reward points for cash,0.5,0.6309297535714575,0.6309297535714575,0.13092975357145753,11
phi phenomenon definition psychology,0.3,0.6309297535714575,0.43067655807339306,0.20025319549806447,9
what is an averment,0.8,1.0,1.0,0.36907024642854247,5
how much does a neonatal nurse make an hour,0.8,1.0,1.0,0.5693234419266069,5
blue cross blue shield of south carolina phone number,1.0,0.6309297535714575,0.6309297535714575,0.6309297535714575,1
what county is northfield city board of education located in,0.0,0.6309297535714575,0.6309297535714575,0.0,21
what does malec mean,0.0,1.0,0.6309297535714575,0.36907024642854247,19
how much sugar per day for adults,0.3,1.0,0.6309297535714575,0.5,13
what channel did gossip girl play on,0.35,1.0,0.6309297535714575,0.6131471927654584,12
welding companies in ohio,0.55,0.5,0.43067655807339306,0.06932344192660694,5
modification of mortgage note,0.0,0.5,0.5,0.0,21
pancreatitis causes,0.15,0.6309297535714575,0.0,0.6309297535714575,3
state plan definition,0.4,1.0,1.0,1.0,13
what does liposuction cost,0.0,0.3562071871080222,0.0,0.3562071871080222,3
what does liposuction cost,0.3,1.0,1.0,0.5,15
price for screen the pool area,0.1,0.6309297535714575,0.5,0.13092975357145753,13
urgent care center of westmont,0.4,1.0,1.0,0.5,13
what famous singers died in plane crashes,0.5,1.0,0.6309297535714575,0.6437928128919779,6
how are steps determined in the gsa scale,0.6,0.6309297535714575,0.6309297535714575,0.6309297535714575,9
is tichina arnold still on daytime divas,0.15,0.6309297535714575,0.5,0.13092975357145753,9
how long rasp,0.25,0.6309297535714575,0.5,0.13092975357145753,14
what channel does dr phil come on,0.1,1.0,1.0,0.36907024642854247,19
what causes people to wake up in the night,0.0,1.0,0.3333333333333333,0.6666666666666667,5
what causes people to wake up in the night,0.25,1.0,1.0,0.5693234419266069,16
common side effects of seizures,0.0,1.0,1.0,0.0,21
does medicare include coverage for renal disease,0.6,0.31546487678572877,0.0,0.31546487678572877,1
about how many different combinations of chromosomes can be produced through the random fertilization of human gametes?,0.0,0.0,0.0,0.0,21
what is a nuclear treadmill test,0.0,0.0,0.0,0.0,21
what is  a terumo band,0.0,0.0,0.0,0.0,21
what channel does grown ish come on,0.0,0.6309297535714575,0.43067655807339306,0.20025319549806447,10
jviation salaries,0.0,0.6309297535714575,0.6309297535714575,0.0,21
is rohypnol a depressant,0.8,0.5,0.5,0.14379281289197782,5
how to trap bar deadlift with proper form,0.8,0.31546487678572877,0.31546487678572877,0.014434881121747567,5
what does transmembrane mean,0.4,0.3010299956639812,0.0,0.3010299956639812,1
what channel does nba come on,0.45,0.3333333333333333,0.3333333333333333,0.3333333333333333,12
tom araya net worth,0.1,0.43067655807339306,0.31546487678572877,0.11521168128766429,3
"pseudoscience is often characterized by? controlled experiments, acceptance is scientific journals, specific quantities, exaggerated claims",0.0,1.0,0.6309297535714575,0.36907024642854247,17
median home prices in northampton,0.0,1.0,0.5,0.5,1
what book is the dark tower movie based on,0.0,1.0,1.0,0.0,21
temperature for oven baked potatoes,0.7,0.38685280723454163,0.3562071871080222,0.09778798091665375,6
what causes flashes of light in eye,0.75,0.3562071871080222,0.3562071871080222,0.3562071871080222,6
what is dr demento,0.8,1.0,1.0,0.6989700043360187,5
what channel is benny hill on?,0.5,0.6309297535714575,0.6309297535714575,0.20025319549806447,11
how to dial a pager number,0.8,0.6309297535714575,0.6309297535714575,0.2440769463369159,5
what is a measurement,0.75,0.31546487678572877,0.3010299956639812,0.31546487678572877,3
pays homage definition,0.05,0.3333333333333333,0.3010299956639812,0.03230333766935212,11
what does surburban zoning mean,0.35,1.0,0.6309297535714575,1.0,11
what are primary data sources,0.85,0.5,0.38685280723454163,0.18453512321427123,1
how many calories in frozen pizza,0.0,1.0,0.5,0.5,1
life-cycle definition,0.4,1.0,1.0,1.0,13
what is forest certification,0.0,1.0,1.0,0.0,21
what channel is black mirror on,0.0,1.0,0.6309297535714575,0.36907024642854247,20
largest wine companies in the world,0.0,1.0,1.0,0.0,21
is latvia a multi ethnic state,0.0,1.0,0.43067655807339306,0.5693234419266069,13
what is cooperative form of business,0.7,0.5,0.5,0.5,7
can you use a wii remote on wii u,0.0,1.0,1.0,0.0,21
Is Polyvore a Store,0.0,0.38685280723454163,0.38685280723454163,0.053519473901208314,11
what does dress code formal casual mean,0.95,0.3333333333333333,0.3333333333333333,0.3333333333333333,2
how did Tecumseh's brother the prophet die,0.0,1.0,0.6309297535714575,0.36907024642854247,4
how much does an archaeologist earn,0.2,0.5,0.43067655807339306,0.06932344192660694,14
what does having blasts mean,0.8,1.0,1.0,1.0,5
can you speak the language called bangla,0.65,0.6309297535714575,0.6309297535714575,0.34186492725356965,8
show me #57 crushed stone for driveways,0.0,0.3333333333333333,0.31546487678572877,0.03230333766935212,4
is a pg movie ok for a 4 year old,0.15,1.0,1.0,0.5,18
"the ______ controls essential functions such as heartbeat, breathing, and blood circulation",0.0,0.0,0.0,0.0,21
"what county is pleasant, ne in",0.65,1.0,1.0,1.0,8
name origin of kaija,0.5,1.0,1.0,0.36907024642854247,11
what causes cramping in the neck,1.0,0.5,0.5,0.5,1
types of jobs related to science,0.0,0.0,0.0,0.0,21
types of jobs related to science,0.0,0.0,0.0,0.0,21
types of jobs related to science,0.0,0.0,0.0,0.0,21
meaning of anvil,1.0,0.38685280723454163,0.38685280723454163,0.053519473901208314,1
what channel is britannia on,0.5,1.0,1.0,0.5,11
what does it mean to be a tolerant person,0.85,0.3562071871080222,0.3562071871080222,0.3562071871080222,4
labour cost of tiling a kitchen floor,0.0,1.0,1.0,0.0,21
water temperature and time exposure for burns to occur,0.0,1.0,0.5,0.5,16
how many years does an architect need,1.0,1.0,1.0,1.0,1
what is apple touch bar,0.0,0.3333333333333333,0.3333333333333333,0.0,21
what is apple touch bar,0.35,0.43067655807339306,0.43067655807339306,0.07446937096537087,14
what channel is discovery on direct tv,1.0,0.5,0.5,0.5,1
conceptual definition of construct in research,0.75,1.0,1.0,1.0,6
is hungary a scandinavian country,0.65,0.3010299956639812,0.3010299956639812,0.3010299956639812,7
what are social apps,0.45,1.0,1.0,0.5,12
how much does it cost for varicose vein removal,0.6,1.0,1.0,0.5,9
what channel is discovery on directv,0.35,1.0,1.0,0.36907024642854247,14
how to tie your fishing boat to the dock,0.3,0.5,0.5,0.11314719276545837,15
is lte a wireless,0.2,1.0,1.0,0.36907024642854247,17
can you prune dracaena,0.0,0.3333333333333333,0.3333333333333333,0.0,21
what are health promotion approaches?,0.35,1.0,0.5,0.5693234419266069,10
cost of full time in home nursing care,0.0,1.0,0.38685280723454163,0.6131471927654584,16
cost of full time in home nursing care,0.0,0.0,0.0,0.0,21
how long does it take to groe hair,0.0,0.0,0.0,0.0,21
causes of bp sudden spike,0.0,1.0,1.0,0.0,21
causes of bp sudden spike,0.0,0.6309297535714575,0.3333333333333333,0.2975964202381242,3
causes of bp sudden spike,0.0,0.5,0.0,0.5,2
causes of bp sudden spike,0.6,0.43067655807339306,0.43067655807339306,0.43067655807339306,9
vector definition physics,0.0,1.0,1.0,0.0,21
war dogs wikipedia,0.0,1.0,0.6309297535714575,0.36907024642854247,17
taste aversion definition,0.0,1.0,1.0,0.0,21
super bowl 2016 date and location,0.0,0.3333333333333333,0.0,0.3333333333333333,1
what is a remicade infusion,0.45,1.0,1.0,0.5,12
beauceron cost,0.65,0.6309297535714575,0.6309297535714575,0.31546487678572877,8
what famous author lived in the keys fl,0.0,1.0,0.6309297535714575,0.36907024642854247,20
largest states pop,0.6,0.5,0.5,0.5,9
what channel is jenny mccarthy on sirius,0.75,1.0,1.0,0.6845351232142712,6
desuetude definition,0.0,1.0,0.6309297535714575,0.36907024642854247,10
sympathy words for death of mother,0.0,0.6309297535714575,0.5,0.13092975357145753,16
the meaning of availability,1.0,0.6309297535714575,0.6309297535714575,0.6309297535714575,1
is london a cuntry,0.45,0.6309297535714575,0.5,0.6309297535714575,6
what is a trans woman,0.85,0.6309297535714575,0.6309297535714575,0.2440769463369159,4
volatile compounds definition,0.0,0.5,0.43067655807339306,0.06932344192660694,20
what is domestic bca corporation,0.85,0.6309297535714575,0.6309297535714575,0.31546487678572877,4
what is a roundel in architecture,0.0,0.6309297535714575,0.43067655807339306,0.20025319549806447,11
what channel is midnight texas on,0.8,1.0,1.0,0.36907024642854247,5
is 23 mph very fast wind,0.8,1.0,0.6309297535714575,1.0,3
what does a headache above your eyes mean,0.0,1.0,0.6309297535714575,0.36907024642854247,18
salary of member of parliament,0.0,0.6309297535714575,0.3333333333333333,0.2975964202381242,4
what age should you start using teeth whitening products,1.0,1.0,1.0,0.36907024642854247,1
fdr's pearl harbor speech,0.0,0.5,0.5,0.0,21
what is a development project model,0.0,1.0,1.0,0.0,21
what does confit in cooking mean,0.0,1.0,0.6309297535714575,0.36907024642854247,19
what is a clavicula,0.35,1.0,1.0,0.36907024642854247,14
icd codes major depressive disorder,0.0,0.6309297535714575,0.5,0.13092975357145753,11
how much does a garage cost to build,0.0,0.0,0.0,0.0,21
what channel is project runway on?,0.45,1.0,1.0,0.5693234419266069,12
what is a wps,0.5,1.0,1.0,1.0,11
screening cholesterol how often,0.0,1.0,0.38685280723454163,0.6131471927654584,7
autosomal recessive pattern definition biology,0.65,1.0,1.0,0.6437928128919779,8
how old is monica seles,0.95,0.38685280723454163,0.38685280723454163,0.08582281157056043,2
what is a bice,0.0,1.0,1.0,0.0,21
does stringer throat depth include tread,0.0,1.0,1.0,0.0,21
meaning of name orla,0.0,1.0,0.43067655807339306,0.5693234419266069,13
emollient meaning,0.8,1.0,1.0,0.5693234419266069,5
how fast does a windmill turn,0.7,0.6309297535714575,0.43067655807339306,0.6309297535714575,5
what is a scottish lassie,0.35,1.0,1.0,0.36907024642854247,14
was the clayton antitrust act successful,0.0,1.0,0.43067655807339306,0.5693234419266069,16
totem pole animal meanings,0.0,1.0,0.31546487678572877,0.6845351232142712,12
average salary of olymmpic gold medalist,0.0,1.0,0.43067655807339306,0.5693234419266069,19
average salary of olymmpic gold medalist,0.7,0.3333333333333333,0.3333333333333333,0.3333333333333333,7
how fast are icbm missiles,0.95,0.6309297535714575,0.6309297535714575,0.6309297535714575,2
what is epic games launcher,0.45,1.0,1.0,0.6845351232142712,12
what is a fertilized egg called when it begins to divide,0.25,0.3010299956639812,0.0,0.3010299956639812,1
international ballroom dancing championships,0.0,1.0,0.43067655807339306,0.5693234419266069,13
what is a foot specialist,0.95,0.38685280723454163,0.38685280723454163,0.38685280723454163,2
what causes brain shrinkage,1.0,0.6309297535714575,0.6309297535714575,0.2440769463369159,1
penn power phone number,0.7,1.0,0.6309297535714575,0.36907024642854247,2
penn power phone number,0.65,0.38685280723454163,0.38685280723454163,0.38685280723454163,8
what gland influences taste buds,0.0,1.0,0.3562071871080222,0.6437928128919779,14
what is ground radish,0.5,0.6309297535714575,0.6309297535714575,0.2440769463369159,11
what is a minimizer bra,0.5,0.6309297535714575,0.6309297535714575,0.13092975357145753,11
how to determine the interquartile range of a box plot,0.95,0.6309297535714575,0.6309297535714575,0.2440769463369159,2
what is a vagabond,0.95,0.3562071871080222,0.3562071871080222,0.0671423607901343,2
maui hawaii population,0.15,0.6309297535714575,0.6309297535714575,0.20025319549806447,18
meaning of arach in arachnophobia,0.4,1.0,0.43067655807339306,0.5693234419266069,3
what channel is the sounders game on tonight?,0.0,1.0,1.0,0.0,21
is vanadate a vanadium compound,0.75,1.0,1.0,0.5,6
is playstation vue month by month,0.0,1.0,0.5,0.5,10
how many carbs are is in a barbecue sandwich,0.0,0.43067655807339306,0.31546487678572877,0.11521168128766429,9
landforms you would find along river brahmaputra,0.0,1.0,0.6309297535714575,0.36907024642854247,14
"what county is bloomington, illinois in",0.0,1.0,1.0,0.0,21
how much does airline stewardess make,0.8,0.43067655807339306,0.43067655807339306,0.43067655807339306,5
what county is twisp wa in,0.1,1.0,1.0,0.36907024642854247,19
what disease does trypanosoma cause,0.1,1.0,1.0,0.36907024642854247,19
how does digoxin work,0.1,1.0,1.0,0.36907024642854247,19
how to properly spray paint a mason jar,0.4,1.0,1.0,0.5,13
is dog a noun,0.6,1.0,1.0,0.5693234419266069,9
what channel is walker texas ranger on,0.0,1.0,0.6309297535714575,0.36907024642854247,19
what cancers make you itch,0.2,1.0,1.0,0.5,17
do you deduct life premiums before or after tax,0.0,1.0,1.0,0.0,21
definition of click distance military,0.0,1.0,1.0,0.0,21
pannis removal cost,0.85,0.6309297535714575,0.6309297535714575,0.6309297535714575,4
what does a chinese buyer of a condo need to do in hawaii,0.0,0.6309297535714575,0.38685280723454163,0.2440769463369159,14
what channel is women's us open golf on?,0.0,1.0,0.6309297535714575,0.36907024642854247,18
what channel is wfxr,0.1,1.0,1.0,0.36907024642854247,19
what does the cardiovascular system remove from cells,0.0,1.0,1.0,0.0,21
how long to cook pork shoulder at 350,0.9,1.0,1.0,0.6845351232142712,3
define gene imprinting,0.7,0.6309297535714575,0.6309297535714575,0.2975964202381242,7
what can defining do as a rhetorical device,0.75,1.0,1.0,0.6989700043360187,6
what channel on direct tv is grey's anatomy,0.9,0.38685280723454163,0.38685280723454163,0.38685280723454163,3
market price is determined by what,0.05,1.0,0.3562071871080222,0.6437928128919779,16
what is a magnetism,0.7,1.0,1.0,0.6989700043360187,7
singer oonagh,0.15,0.6309297535714575,0.6309297535714575,0.13092975357145753,18
how calculate input vat for namibia,0.0,1.0,0.5,0.5,13
what are treaties in law,0.0,1.0,0.5,0.5,18
father of tamil actor karthik,0.85,0.6309297535714575,0.6309297535714575,0.2975964202381242,4
what happen withthe pleural area in our lung has water,0.35,1.0,1.0,0.6437928128919779,14
what channels can be added to amazon prime,0.0,0.6309297535714575,0.3333333333333333,0.2975964202381242,5
show list of alkaline foods,0.5,1.0,1.0,1.0,11
thyroid disease treatment,0.3,0.6309297535714575,0.43067655807339306,0.20025319549806447,9
reading readiness definition,0.2,1.0,1.0,0.5,17
what is amerigroup insurance,0.25,1.0,0.6309297535714575,0.5693234419266069,11
what is buying behavior,0.7,1.0,1.0,1.0,7
what chapter is it when atticus defends tom,0.25,0.5,0.5,0.06932344192660694,16
mass in colon symptoms,0.6,1.0,1.0,0.6989700043360187,9
what is broncho hepatic fistula,0.6,1.0,1.0,0.6666666666666667,9
what is ats maintenance,0.7,1.0,1.0,0.5,7
what do mollies eat,0.0,1.0,1.0,0.0,21
what is a mixed government,0.2,1.0,1.0,0.36907024642854247,17
impregnable meaning,0.6,1.0,0.6309297535714575,0.6131471927654584,5
how to use seagate to restore files,0.0,0.3333333333333333,0.0,0.3333333333333333,7
definition of point of tangency geometry,0.0,0.6309297535714575,0.5,0.13092975357145753,17
is cefoxitin a cephalosporin,0.55,0.6309297535714575,0.6309297535714575,0.27472256646343535,6
how far is pineville from alexandria,0.0,1.0,1.0,0.0,21
what are function keys in sql,0.15,0.31546487678572877,0.0,0.31546487678572877,3
how to unlock locked mouse pad,0.05,0.5,0.38685280723454163,0.14379281289197782,15
what is a cow rae,0.0,1.0,1.0,0.0,21
can you contribute to a traditional ira if you are self employed,0.5,0.5,0.38685280723454163,0.11314719276545837,6
is squid fish or animal?,0.0,1.0,1.0,0.0,21
what does cdi stand for medical term,0.25,0.38685280723454163,0.2890648263178879,0.38685280723454163,12
what is data transmission,0.0,1.0,1.0,0.0,21
what does dermatological skin mean?,0.9,0.43067655807339306,0.43067655807339306,0.43067655807339306,3
"what county is white house, tn in",0.5,1.0,0.6309297535714575,0.5,6
what causes pain in the groin area in women,0.95,0.43067655807339306,0.43067655807339306,0.11521168128766429,2
what causes pain in the groin area in women,0.0,0.2890648263178879,0.0,0.2890648263178879,12
principal engineer salary range,0.0,1.0,1.0,0.0,21
principal engineer salary range,0.65,0.6309297535714575,0.5,0.13092975357145753,5
what herbs will lower your heart rate,0.0,0.0,0.0,0.0,21
can you use a socket extension on a torque wrench,0.55,1.0,1.0,0.5693234419266069,10
how literacy supports understanding in content areas,0.95,0.6309297535714575,0.6309297535714575,0.27472256646343535,2
do worms have lungs,0.0,1.0,0.6309297535714575,0.36907024642854247,13
what are some nursing organizations,0.0,0.0,0.0,0.0,21
what are some nursing organizations,0.0,1.0,0.5,0.5,7
what are some nursing organizations,0.35,1.0,1.0,0.6845351232142712,14
what does vitamin B complex do,0.05,0.6309297535714575,0.6309297535714575,0.13092975357145753,20
upper epidermis plant definition,0.95,0.31546487678572877,0.31546487678572877,0.31546487678572877,2
meaning of armaments,0.55,0.6309297535714575,0.6309297535714575,0.13092975357145753,10
what charges did martha stewart get for her imclone scandal,0.0,1.0,0.43067655807339306,0.5693234419266069,11
what is aso fee,0.3,0.6309297535714575,0.6309297535714575,0.20025319549806447,15
what are gentiles,0.05,0.38685280723454163,0.38685280723454163,0.030645620126519446,12
what does green snot indicate,0.2,1.0,1.0,0.36907024642854247,17
location of 516 area code,0.0,0.5,0.31546487678572877,0.18453512321427123,5
is wells fargo insured by fdic/ncua,0.0,1.0,1.0,0.0,21
is skiing in washington good,0.15,1.0,1.0,0.36907024642854247,18
what charges does hydrogen atoms have,0.45,0.43067655807339306,0.43067655807339306,0.43067655807339306,12
is trichomoniasis a std,0.65,1.0,1.0,0.5693234419266069,8
what is a full size classical guitar,0.6,0.43067655807339306,0.38685280723454163,0.09734322474005974,4
what is a full size classical guitar,0.0,0.43067655807339306,0.3333333333333333,0.09734322474005974,1
is hisense led?,1.0,0.5,0.5,0.21093517368211212,1
types of nouns quiz,0.0,0.6309297535714575,0.6309297535714575,0.0,21
what is an actuator on a vehicle,0.35,1.0,0.43067655807339306,0.5693234419266069,6
used drug escitalopram oxalate,0.8,0.6309297535714575,0.6309297535714575,0.2975964202381242,5
cost of the waterdale bridge,1.0,1.0,1.0,1.0,1
does hcg cause amenorrhea,0.0,1.0,1.0,0.0,21
what charges is joaquin guzman facing?,0.6,0.38685280723454163,0.38685280723454163,0.38685280723454163,9
what is a retroperitoneal mass definition,0.0,1.0,1.0,0.0,21
what happens to credit cards after bankruptcy,0.0,1.0,1.0,0.0,21
lack of thirst causes,0.45,0.5,0.38685280723454163,0.14379281289197782,9
what is illness psp,0.3,0.6309297535714575,0.5,0.13092975357145753,8
how to travel from beijing to dunhuang,0.5,1.0,0.3333333333333333,0.6666666666666667,4
"if batman's real name is bruce wayne, what is robins",0.75,0.5,0.43067655807339306,0.21093517368211212,2
what does cac card stand for in army,0.55,1.0,1.0,0.6437928128919779,10
what is a food source for red meat,0.5,0.38685280723454163,0.38685280723454163,0.38685280723454163,10
what causes liver failure,0.2,1.0,1.0,0.6131471927654584,17
what is a disease that affects the digestive system,0.0,1.0,0.6309297535714575,0.36907024642854247,20
are wolf spiders tarantulas,0.7,0.6309297535714575,0.43067655807339306,0.20025319549806447,1
wellness coordinator average annual salary,0.9,0.43067655807339306,0.43067655807339306,0.43067655807339306,3
wellness coordinator average annual salary,0.75,1.0,1.0,1.0,6
do peacocks lay eggs,0.05,0.6309297535714575,0.6309297535714575,0.13092975357145753,20
reasons why fossil fuels are bad,0.4,1.0,0.6309297535714575,0.36907024642854247,3
nasser name meaning,0.2,1.0,1.0,0.5693234419266069,17
nasser name meaning,0.2,0.6309297535714575,0.6309297535714575,0.2440769463369159,17
what cheat codes on psp gta vice city stories,0.0,0.43067655807339306,0.38685280723454163,0.04382375083885143,16
is stevia safe while breastfeeding,0.15,1.0,1.0,0.36907024642854247,18
what are shallots called in australia,0.85,0.38685280723454163,0.38685280723454163,0.38685280723454163,4
what is application frame host,0.45,0.6309297535714575,0.6309297535714575,0.20025319549806447,12
ventura foods address,0.7,1.0,1.0,0.6666666666666667,7
can occupational therapist treat knees,0.35,1.0,0.5,0.5,9
types of plywood for exterior use,0.3,0.31546487678572877,0.3010299956639812,0.026400050467840885,4
types of plywood for exterior use,0.0,0.0,0.0,0.0,21
what cheese is the babybel,0.4,1.0,0.6309297535714575,0.5,11
what are carpels?,0.7,1.0,1.0,1.0,7
hll programming,0.3,1.0,1.0,1.0,15
what disease are all newborns being protected from when they are given eye drops at birth,0.0,0.6309297535714575,0.6309297535714575,0.0,21
what does ad hoc mean in a job,0.75,0.3562071871080222,0.3562071871080222,0.055177191444040985,6
what county is springboro oh in?,0.55,1.0,1.0,0.5693234419266069,10
what do you say on memorial day instead of happy,0.85,0.38685280723454163,0.38685280723454163,0.38685280723454163,4
price of copper coin,0.55,0.6309297535714575,0.6309297535714575,0.6309297535714575,5
how much does a paint job cost on a car,0.5,0.6309297535714575,0.38685280723454163,0.2440769463369159,8
cost of craftsman homes,0.15,1.0,0.6309297535714575,0.36907024642854247,2
how long for a crn evaluation,0.1,0.6309297535714575,0.6309297535714575,0.13092975357145753,19
how cold can you pour concrete,0.35,1.0,1.0,0.6989700043360187,14
how was mount saint helens formed,0.35,1.0,1.0,0.5,14
weight watchers how many point is a piece of white bread,0.75,0.6309297535714575,0.6309297535714575,0.20025319549806447,6
what is a sitter in the hospital,0.0,1.0,1.0,0.0,21
mn housing lth definition,0.3,1.0,1.0,0.36907024642854247,15
what is a definition of sound energy,0.85,1.0,1.0,0.6131471927654584,4
emotive definition,0.05,1.0,0.5,0.5,16
hawaiian maile leaf meaning,0.5,0.6309297535714575,0.5,0.20025319549806447,7
what is clinical judgement,0.65,0.5,0.5,0.5,8
height of the rockies provincial park,0.0,1.0,0.6309297535714575,0.36907024642854247,18
what college is in fort washington pa,0.1,1.0,1.0,0.5,19
otp definition slang,0.05,0.5,0.5,0.18453512321427123,20
what is continental shelf,0.0,1.0,0.5,0.5,9
what is a stretch mark,0.4,1.0,1.0,1.0,13
How to Type ß,0.0,0.0,0.0,0.0,21
what documents do you need to get a louisiana driver license,0.0,1.0,0.3333333333333333,0.6666666666666667,3
what documents do you need to get a louisiana driver license,0.75,1.0,1.0,1.0,6
what is dell edoc viewer,0.0,1.0,1.0,0.0,21
don gibson net worth,0.25,1.0,1.0,0.36907024642854247,16
what is alexa skills kit,0.5,1.0,1.0,0.36907024642854247,11
warren buffett gift to gates foundation,0.0,0.5,0.3562071871080222,0.14379281289197782,9
what county is hoschton ga in,0.3,0.6309297535714575,0.5,0.2440769463369159,13
what chemical processes produce ethanol,0.35,1.0,0.6309297535714575,0.5693234419266069,11
nigel name meaning,0.45,0.5,0.5,0.16666666666666669,12
how many kids are bullied each year,1.0,0.43067655807339306,0.43067655807339306,0.12964656240941186,1
what county hartville school in,0.15,1.0,1.0,0.36907024642854247,18
is an 18 year old will valid,0.6,1.0,1.0,1.0,9
what county in nj is keyport,0.9,0.5,0.5,0.21093517368211212,3
what does OBD11 code P0102 mean,0.85,1.0,1.0,1.0,4
asexual animal definition,0.65,0.5,0.3010299956639812,0.1989700043360188,2
what brand of yogurt has live active culture,0.9,1.0,1.0,0.6437928128919779,3
do barred owl pairs nest together,0.55,1.0,1.0,0.5,10
how tall is the tallest dog,0.7,0.43067655807339306,0.38685280723454163,0.43067655807339306,5
what is a cold call,0.05,0.6309297535714575,0.5,0.20025319549806447,18
what is diagnosis code ams,0.35,1.0,0.43067655807339306,0.6845351232142712,11
"what county is allentown, nj",0.9,1.0,1.0,0.6989700043360187,3
weather zugspitze germany,0.85,0.43067655807339306,0.43067655807339306,0.12964656240941186,4
forbes  most powerful women,0.0,0.5,0.2890648263178879,0.21093517368211212,5
forbes  most powerful women,1.0,0.6309297535714575,0.6309297535714575,0.6309297535714575,1
forbes  most powerful women,0.65,1.0,1.0,0.36907024642854247,8
what is amneal prescribed for,0.2,0.43067655807339306,0.43067655807339306,0.11521168128766429,17
leukocytes meaning,0.05,0.3333333333333333,0.3010299956639812,0.03230333766935212,15
what is colitis symptoms,0.0,1.0,1.0,0.0,21
biggest shopping mall in the world,0.5,0.3562071871080222,0.3562071871080222,0.3562071871080222,7
what does it cost to remediate mold,0.55,0.6309297535714575,0.6309297535714575,0.32989975790747633,10
what does it cost to remediate mold,0.4,1.0,1.0,0.6845351232142712,13
how to make a hitmontop pokemon go,0.0,0.6309297535714575,0.5,0.13092975357145753,16
what is a shoulder hill sachs lesion,0.0,0.3562071871080222,0.2890648263178879,0.0671423607901343,5
can i tint my dual paine glass window,0.0,0.6309297535714575,0.38685280723454163,0.2440769463369159,17
what are quality control measures,0.0,1.0,0.6309297535714575,0.36907024642854247,17
what does the angel number 1132 mean,0.0,1.0,1.0,0.0,21
gift for someone living in assisted living,0.9,0.5,0.5,0.11314719276545837,3
qualification of a registered biomedical scientist,0.85,1.0,1.0,0.5693234419266069,4
what chemistry focuses on the composition of matter,0.0,0.43067655807339306,0.3010299956639812,0.12964656240941186,6
what is barbecue sauce made of,0.0,0.3562071871080222,0.3562071871080222,0.022873853774688868,16
what causes cats to vomit,0.65,1.0,0.6309297535714575,0.5,5
what causes cats to vomit,0.95,0.31546487678572877,0.31546487678572877,0.31546487678572877,2
what causes cats to vomit,0.9,1.0,1.0,0.6666666666666667,3
math meaning of variance,0.85,1.0,1.0,1.0,4
what does third trimester mean,0.0,1.0,1.0,0.0,21
is the usps part of the government,0.65,0.6309297535714575,0.6309297535714575,0.27472256646343535,8
average cost of a dental bridge,0.1,1.0,1.0,0.5,19
what is a kamea,0.0,1.0,0.6309297535714575,0.36907024642854247,12
what chicken breed lays darkest eggs,0.0,1.0,1.0,0.0,21
tuple definition,0.55,1.0,1.0,0.5693234419266069,10
what does an account executive does,0.0,1.0,0.5,0.5,18
how is dna packaged in eukaryotic cells,0.7,0.3333333333333333,0.2890648263178879,0.3333333333333333,1
unit rate definition,0.6,0.6309297535714575,0.3333333333333333,0.2975964202381242,4
how to do speed distance time calculations,0.3,0.6309297535714575,0.6309297535714575,0.20025319549806447,10
how to do speed distance time calculations,0.9,0.38685280723454163,0.38685280723454163,0.38685280723454163,3
what chinese dynasty invented abacus,0.8,1.0,1.0,0.5,5
what is blood group,0.1,0.5,0.5,0.06932344192660694,17
what does Excludes: Mineral rights and royalties mean,0.0,0.6309297535714575,0.3010299956639812,0.32989975790747633,9
international journal of digital earth,0.6,0.6309297535714575,0.6309297535714575,0.13092975357145753,9
what is a flower,0.8,0.43067655807339306,0.43067655807339306,0.43067655807339306,5
does chlamydia cause rash,0.0,1.0,1.0,0.0,21
what age can you leave a child home alone over night in california,1.0,0.6309297535714575,0.6309297535714575,0.2440769463369159,1
what county is leeds in england,0.9,0.6309297535714575,0.6309297535714575,0.20025319549806447,3
default layout manager for jframe,0.0,1.0,0.3562071871080222,0.6437928128919779,5
phylum aschelminthes definition,0.45,1.0,1.0,0.5693234419266069,12
what city is bwi in?,0.25,0.5,0.5,0.11314719276545837,16
signs symptoms of seizures,0.35,1.0,0.38685280723454163,0.6131471927654584,8
what could potentially happen to an organism if there was a mutation in the dna?,0.65,0.31546487678572877,0.2890648263178879,0.31546487678572877,3
what is hfd,0.5,1.0,1.0,0.6989700043360187,11
how many active satellites are there,0.45,0.38685280723454163,0.38685280723454163,0.38685280723454163,12
emphases definition,0.55,0.5,0.43067655807339306,0.5,8
what cholesterol medications interact with grapefruit,0.85,0.6309297535714575,0.6309297535714575,0.2975964202381242,4
what is ipmon,0.0,1.0,1.0,0.0,21
what is inbred mice,0.8,0.6309297535714575,0.6309297535714575,0.20025319549806447,5
what can i use to clean my computer screen,0.0,0.6309297535714575,0.5,0.13092975357145753,14
what are colonies ?,0.8,1.0,1.0,1.0,5
what does plum hibiscus tea taste like,0.0,1.0,1.0,0.0,21
meaning of gonner,0.8,0.6309297535714575,0.6309297535714575,0.2440769463369159,5
what incorporates osha requirements,0.05,0.43067655807339306,0.3010299956639812,0.14161173175550518,13
is a money market account considered a checking or savings account,0.9,1.0,1.0,0.6989700043360187,3
what are intercostal muscles,0.55,0.5,0.43067655807339306,0.5,9
adverse effects vs side effects,0.0,0.5,0.3562071871080222,0.14379281289197782,1
what is a tortuous thoracic aorta,0.9,1.0,1.0,0.6989700043360187,3
different types of precious stones,0.0,1.0,1.0,0.0,21
what diseases do worms cause in humans,0.0,0.6309297535714575,0.43067655807339306,0.20025319549806447,9
what is comprehensive service,0.5,1.0,1.0,1.0,11
anathema maranatha means,0.45,1.0,1.0,0.6131471927654584,12
western states drywall / lathing industry,0.0,0.6309297535714575,0.43067655807339306,0.20025319549806447,13
peasant wedding what was used,0.2,1.0,1.0,0.36907024642854247,17
what is curtail,0.35,0.5,0.43067655807339306,0.11314719276545837,4
what chromosome is parkinson's disease on,0.0,1.0,1.0,0.0,21
what is biology?,0.95,0.3010299956639812,0.3010299956639812,0.3010299956639812,2
what is biology?,0.0,0.0,0.0,0.0,21
meaning of astute,0.7,1.0,1.0,1.0,7
what is bebop? quizlet,0.75,1.0,1.0,1.0,6
what exactly is malt,0.0,1.0,0.0,1.0,11
what chromosome is prader willi syndrome missing,0.0,1.0,0.3562071871080222,0.6437928128919779,9
nrz price,0.0,1.0,1.0,0.0,21
what age is a child covered under parents health insurance,0.5,1.0,1.0,1.0,11
can you get cash for plastic water bottles,0.95,0.5,0.5,0.5,2
what are fog lights for,0.5,0.43067655807339306,0.43067655807339306,0.04382375083885143,11
weather in twin falls idaho,0.0,1.0,1.0,0.0,21
calgary average humidity,0.0,1.0,1.0,0.0,21
what is aa and ba degrees,1.0,0.38685280723454163,0.38685280723454163,0.38685280723454163,1
what is aa and ba degrees,0.15,0.3562071871080222,0.0,0.3562071871080222,7
types of cells within the nervous system,0.9,0.3562071871080222,0.3562071871080222,0.3562071871080222,3
is tyrannosaurus a dinosaur,0.3,0.43067655807339306,0.38685280723454163,0.11521168128766429,13
is tyrannosaurus a dinosaur,0.4,0.6309297535714575,0.6309297535714575,0.31546487678572877,13
pie the number full number,0.9,0.31546487678572877,0.31546487678572877,0.31546487678572877,3
how long does a dbs take to process,0.0,1.0,0.5,0.5,8
dna synthesis red blood cells,0.0,1.0,1.0,0.0,21
how much does it cost to obtain a passport,0.0,1.0,0.43067655807339306,0.5693234419266069,19
now defunct rock groups,0.0,1.0,1.0,0.0,21
urban dweller definition,0.05,0.6309297535714575,0.6309297535714575,0.13092975357145753,20
what clothing do people wear in denmark guys,0.25,0.43067655807339306,0.0,0.43067655807339306,7
what cities are in jackson county,1.0,0.5,0.5,0.5,1
is vitamin a and retin a the same,0.25,1.0,0.5,0.5,14
cost of having gutter guards installed,0.0,0.3562071871080222,0.31546487678572877,0.055177191444040985,18
what does infinity sign mean,0.85,1.0,0.6309297535714575,1.0,1
acanthosis nigricans symptoms,0.4,1.0,1.0,0.6989700043360187,13
"what county is yulee, fl",0.4,1.0,1.0,0.36907024642854247,13
what cities are near the four corners monument,0.65,0.43067655807339306,0.43067655807339306,0.09734322474005974,8
what are most common minerals,0.05,0.5,0.38685280723454163,0.14379281289197782,4
what are most common minerals,0.65,1.0,1.0,0.6131471927654584,8
what are most common minerals,1.0,0.43067655807339306,0.43067655807339306,0.07446937096537087,1
meaning of exude,0.75,1.0,1.0,1.0,6
hund's principle definition,0.7,0.5,0.5,0.5,7
coding strand definition biology,0.45,1.0,1.0,0.6845351232142712,12
coding strand definition biology,0.75,0.6309297535714575,0.6309297535714575,0.34186492725356965,6
what county is newport ky in,0.65,1.0,1.0,0.6845351232142712,8
average size driveway extensions,0.95,1.0,1.0,1.0,2
cost of installing ac condenser,0.25,1.0,1.0,0.5,16
cost of installing ac condenser,0.9,0.6309297535714575,0.6309297535714575,0.6309297535714575,3
what did retinol do,0.2,0.6309297535714575,0.6309297535714575,0.20025319549806447,17
what are nutrients in food wikipedia,0.85,0.38685280723454163,0.3562071871080222,0.38685280723454163,1
how long does it take for a fractured ankle to heal after surgery,0.0,1.0,0.6309297535714575,0.36907024642854247,20
what are the stages of the product life cycle concept,0.0,0.6309297535714575,0.0,0.6309297535714575,5
what are the stages of the product life cycle concept,0.9,1.0,1.0,1.0,3
what does steel do to aluminum,0.45,0.6309297535714575,0.0,0.6309297535714575,3
what is an open source platform,0.6,0.31546487678572877,0.2890648263178879,0.31546487678572877,2
gmc dealers in frederick maryland,0.0,1.0,1.0,0.0,21
gmc dealers in frederick maryland,0.0,0.5,0.38685280723454163,0.11314719276545837,14
gmc dealers in frederick maryland,0.95,0.6309297535714575,0.6309297535714575,0.6309297535714575,2
what cities were affected by hurricane harvey,0.0,1.0,0.43067655807339306,0.5693234419266069,16
what cities were affected by hurricane harvey,0.8,1.0,0.6309297535714575,0.5693234419266069,1
how much do star cheerleaders get paid,0.55,0.6309297535714575,0.5,0.31546487678572877,1
what are the national animals which represent scotland,0.85,1.0,1.0,0.5,4
what can go up a chimney down,0.0,0.5,0.5,0.06932344192660694,18
what is average income a retail manager makes ,0.0,0.5,0.31546487678572877,0.18453512321427123,6
what country were gummy bears originally made in,0.0,0.6309297535714575,0.43067655807339306,0.20025319549806447,1
what cities were in the sumerian civilization,0.0,1.0,1.0,0.0,21
cora crawley actress,0.0,1.0,0.5,0.5,14
what do episcopalians eat,0.7,1.0,1.0,1.0,7
what do episcopalians eat,0.7,0.3010299956639812,0.3010299956639812,0.3010299956639812,3
what county is valdosta city schools ga in?,0.0,1.0,1.0,0.0,21
what does cdn stand for?,0.6,1.0,1.0,1.0,9
what does status post mean medically?,0.35,1.0,1.0,1.0,14
sam's club hours of operation,0.55,1.0,1.0,0.5693234419266069,10
what does a systems support specialist do,0.75,0.5,0.5,0.5,6
garnishes for deviled eggs,0.6,0.3333333333333333,0.3333333333333333,0.01786845654760455,9
empire cast members,0.6,1.0,1.0,0.5,9
utm earth definition,0.0,1.0,1.0,0.0,21
gluconeogenesis meaning,1.0,0.5,0.5,0.5,1
what is dystopian genre,0.9,1.0,1.0,1.0,3
what is a web chart,1.0,0.38685280723454163,0.38685280723454163,0.030645620126519446,1
what are the signs of loss of memory for the elderly,0.15,0.38685280723454163,0.3562071871080222,0.030645620126519446,9
parent functions,0.45,1.0,1.0,0.5,12
what did greek boys wear,0.55,1.0,1.0,1.0,10
is greyhound ticket refundable,0.55,1.0,1.0,0.36907024642854247,10
what city did the first bahama bucks open?,0.8,1.0,1.0,0.6666666666666667,5
moringa traditionalmedicine what does it do,0.95,0.5,0.5,0.5,2
what is iceland's judicial system,0.0,1.0,1.0,0.0,21
what is amlodipine 5mg,0.0,1.0,0.43067655807339306,0.5693234419266069,10
what does detox tea do,0.0,1.0,1.0,0.0,21
scale that can weigh up to 180 kg,0.45,1.0,1.0,0.36907024642854247,12
what city do the nba suns play,0.0,1.0,0.43067655807339306,0.5693234419266069,12
what is a bridal ring ,0.65,0.6309297535714575,0.6309297535714575,0.13092975357145753,8
how tall is dove cameron,0.0,1.0,1.0,0.0,21
how to execute ref cursor procedure in oracle,0.0,1.0,0.3333333333333333,0.6666666666666667,7
causes of flank pain on both sides,0.25,0.38685280723454163,0.38685280723454163,0.030645620126519446,6
causes of flank pain on both sides,0.85,1.0,1.0,1.0,4
meaning of astuteness,0.5,1.0,0.6309297535714575,0.6131471927654584,10
most popular dishes in texas,0.0,0.0,0.0,0.0,21
what county is the city of fairfield located at,0.25,1.0,0.5,0.5,5
"what county is anna, ohio",0.0,1.0,0.6309297535714575,0.36907024642854247,14
typical cost to install switches and outlets,0.2,1.0,1.0,0.36907024642854247,17
what city do the pittsburgh penguins currently hold,0.0,1.0,0.6309297535714575,0.36907024642854247,14
what does an esophageal flap do,0.95,0.43067655807339306,0.43067655807339306,0.43067655807339306,2
kahmul dark souls speed run record,0.75,0.5,0.5,0.18453512321427123,6
what are the three isoforms of akt,0.15,0.5,0.5,0.06932344192660694,9
how long is raw pork good for in the fridge,0.55,1.0,0.6309297535714575,0.6131471927654584,3
subpoena duces tecum definition,0.5,0.5,0.38685280723454163,0.18453512321427123,8
product key windows 8.1 how to find,0.9,0.43067655807339306,0.43067655807339306,0.43067655807339306,3
wannamaker seed,0.5,0.6309297535714575,0.6309297535714575,0.32989975790747633,11
what city do tyler perry live in,0.3,1.0,1.0,0.6666666666666667,15
what is audubon nj zip code,0.0,1.0,1.0,0.0,21
is etoro a good deal,0.0,1.0,0.3562071871080222,0.6437928128919779,11
what is autophagy,0.95,0.3562071871080222,0.3562071871080222,0.0671423607901343,2
what does lemongrass taste like,0.0,0.43067655807339306,0.3562071871080222,0.09734322474005974,5
what is alias,0.85,0.43067655807339306,0.38685280723454163,0.43067655807339306,3
is dog the bounty hunter canceled,0.0,1.0,0.5,0.5,14
canada's province that borders the pacific ocean is named what,0.0,1.0,0.6309297535714575,0.36907024642854247,18
canada's province that borders the pacific ocean is named what,0.0,0.6309297535714575,0.38685280723454163,0.2440769463369159,14
eurovision winner 2014,0.9,0.38685280723454163,0.38685280723454163,0.09778798091665375,3
what is asparagus,0.5,1.0,1.0,0.6131471927654584,11
does skipping one meal a day diet work,0.8,1.0,1.0,0.5693234419266069,5
nyc phone number area code,0.75,0.43067655807339306,0.43067655807339306,0.43067655807339306,6
What is ALT in blood test,0.7,0.5,0.5,0.16666666666666669,7
Baking Turkey Legs Time,0.65,1.0,1.0,0.6437928128919779,8
marxism theory definition,1.0,0.5,0.5,0.5,1
what does the horse mean in chinese zodiac,0.0,1.0,1.0,0.0,21
what city does make way for ducklings book take place,0.0,0.6309297535714575,0.43067655807339306,0.20025319549806447,11
what is a tiff file?,0.0,1.0,0.6309297535714575,0.36907024642854247,20
what is a bullpen,0.15,0.43067655807339306,0.38685280723454163,0.04382375083885143,9
what counties are in portland metropolitan area,0.3,0.3333333333333333,0.2890648263178879,0.3333333333333333,7
what does sonar in science,0.6,1.0,1.0,1.0,9
what illness is contagious,0.95,0.43067655807339306,0.43067655807339306,0.43067655807339306,2
what is a salt lake zip code,0.6,1.0,1.0,0.5,9
what county is lake view ia,0.0,1.0,1.0,0.0,21
what disease mimics als,0.0,0.5,0.31546487678572877,0.18453512321427123,7
"define transcription, translation, and replication.",0.1,1.0,0.0,1.0,4
"define transcription, translation, and replication.",0.0,0.0,0.0,0.0,21
mansa musa definition quizlet,0.0,1.0,1.0,0.0,21
petco vet cost,0.3,1.0,0.6309297535714575,0.36907024642854247,14
how much does it cost to remove wallpaper,0.65,1.0,1.0,1.0,8
actress who played tarzan's jane,0.0,0.6309297535714575,0.43067655807339306,0.20025319549806447,3
what are herringbone gear used in,0.7,0.43067655807339306,0.43067655807339306,0.09734322474005974,7
soyala meaning,0.65,0.5,0.5,0.11314719276545837,8
what county is cassadaga ny in,0.35,1.0,1.0,0.36907024642854247,14
causes for urine to smell strong,0.15,0.5,0.3333333333333333,0.16666666666666669,12
causes for urine to smell strong,0.95,0.38685280723454163,0.38685280723454163,0.38685280723454163,2
if skewness is zero,0.0,1.0,0.43067655807339306,0.5693234419266069,16
what foods promote wound healing,0.65,0.5,0.5,0.5,3
what foods promote wound healing,0.0,1.0,0.6309297535714575,0.36907024642854247,18
what foods promote wound healing,0.8,0.3010299956639812,0.2890648263178879,0.3010299956639812,2
can you mountain bike the pacific crest trail,0.0,1.0,0.31546487678572877,0.6845351232142712,7
what city has the most population in mississippi,0.95,0.6309297535714575,0.6309297535714575,0.6309297535714575,2
causes of heliotrope rash,0.85,1.0,1.0,0.5,4
symptoms of a child with hiv,0.9,0.43067655807339306,0.38685280723454163,0.43067655807339306,1
what is a shamanism,0.2,1.0,1.0,0.5,17
different types of social security disability,0.1,1.0,1.0,0.36907024642854247,19
different types of social security disability,0.1,0.5,0.5,0.06932344192660694,19
how many judicial districts in nevada,0.0,0.0,0.0,0.0,21
mantle definition science,0.8,1.0,1.0,1.0,5
blue card provider services number,0.75,1.0,1.0,1.0,6
time in eglin,0.45,1.0,1.0,0.36907024642854247,12
empliciti side effects,0.0,0.5,0.43067655807339306,0.06932344192660694,6
empliciti side effects,0.1,1.0,0.6309297535714575,0.36907024642854247,14
what is a scottish flap,0.65,1.0,1.0,1.0,8
how many employees are in a home depot store,0.25,1.0,1.0,0.5693234419266069,16
what is a modified roof,0.65,0.5,0.43067655807339306,0.16666666666666669,4
"weather in ashdod, israel fahrenheit",0.95,0.5,0.5,0.06932344192660694,2
define genetic drift in evolution,0.5,0.3333333333333333,0.3333333333333333,0.3333333333333333,11
what is faster a sexual reproduction or sexual reproduction?,1.0,0.5,0.5,0.5,1
what do you use to measure an ekg,0.0,0.0,0.0,0.0,21
what is diabetic shock,0.7,1.0,1.0,0.6437928128919779,7
how many calories do you burn in an hour of hot yoga,0.35,1.0,1.0,0.36907024642854247,14
inappropriate language definition,0.0,0.6309297535714575,0.6309297535714575,0.0,21
what continent is india,0.0,0.43067655807339306,0.3333333333333333,0.09734322474005974,17
what is a gulf,0.5,0.43067655807339306,0.3562071871080222,0.14161173175550518,3
what can cause cramps in toes,0.0,0.6309297535714575,0.5,0.13092975357145753,1
routing number for arvest bank fayetteville,0.0,0.6309297535714575,0.6309297535714575,0.0,21
dimensions of outdoor fireplace,0.7,1.0,1.0,0.36907024642854247,7
are vit hits healthy,0.0,0.0,0.0,0.0,21
meaning of attenuate,0.6,1.0,0.6309297535714575,0.6437928128919779,7
symptom of walking pneumonia,0.95,1.0,1.0,0.6666666666666667,2
is enterococcus faecalis bile resistant,0.65,0.5,0.5,0.11314719276545837,8
what is emuaid homeopathic,0.0,0.3562071871080222,0.3562071871080222,0.022873853774688868,14
"what county is ocoee, fl in?",1.0,0.3333333333333333,0.3333333333333333,0.3333333333333333,1
what city in united states has the most earthquakes?,0.2,0.6309297535714575,0.6309297535714575,0.2440769463369159,17
what county is roseau mn in?,0.0,0.5,0.5,0.0,21
what county is roseau mn in?,1.0,0.3562071871080222,0.3562071871080222,0.04074231032229342,1
disney early entry prices,0.55,1.0,1.0,0.36907024642854247,10
rocket iii cost,0.65,1.0,1.0,0.6437928128919779,8
what does term life insurance cover,0.75,1.0,1.0,1.0,6
moringa uses for skin,0.95,0.43067655807339306,0.43067655807339306,0.43067655807339306,2
what city is arizona univ. located,0.85,0.6309297535714575,0.5,0.6309297535714575,3
what county is cherryvale ks,0.3,1.0,1.0,0.6989700043360187,15
prepaid amortization schedule in excel,0.0,1.0,0.6309297535714575,0.36907024642854247,20
examples of a subordinate clause,0.05,1.0,1.0,0.36907024642854247,20
define perioperative period,0.95,1.0,1.0,0.36907024642854247,2
is indus air iata approved,0.2,0.6309297535714575,0.5,0.20025319549806447,16
what is a hostile environment that often,0.0,0.6309297535714575,0.6309297535714575,0.0,21
what does shakespeare's phrase the killer angels mean,0.35,1.0,1.0,0.5693234419266069,14
what does the electromagnetic spectrum show,0.0,0.0,0.0,0.0,21
what does the electromagnetic spectrum show,0.05,0.43067655807339306,0.31546487678572877,0.11521168128766429,5
state grant aid definition,0.0,0.6309297535714575,0.6309297535714575,0.0,21
what is a geocache?,0.4,1.0,1.0,0.6666666666666667,13
what energy is used in photosynthesis,0.6,0.6309297535714575,0.38685280723454163,0.31546487678572877,5
what are the four elements needed in a negligence case quizlet,0.15,1.0,1.0,0.5,18
is cubital tunnel syndrome surgery pain,0.0,0.6309297535714575,0.5,0.13092975357145753,13
average prostitution fees,0.0,1.0,1.0,0.0,21
definition garment district,0.0,0.5,0.5,0.06932344192660694,12
what city is called second city,0.0,0.6309297535714575,0.6309297535714575,0.0,21
how much does the average wedding dj cost,1.0,1.0,1.0,0.7109351736821121,1
what age are kittens separated from mother,0.3,0.3562071871080222,0.31546487678572877,0.04074231032229342,12
what age should kids start preschool,0.35,1.0,1.0,0.6131471927654584,14
the amount of blood pumped per minute,0.05,1.0,1.0,0.36907024642854247,20
side effects of drontal cat tablets,0.95,1.0,1.0,0.36907024642854247,2
what connective tissue contains elastic fibers and is found in the lungs,0.0,1.0,1.0,0.0,21
how long do you go to jail for fraud,0.6,0.6309297535714575,0.5,0.32989975790747633,5
what hotels in ocean city have oceanfront balconies,0.0,1.0,0.3333333333333333,0.6666666666666667,1
lag time definition,0.6,1.0,1.0,0.5693234419266069,9
home insurance deductible definition,0.0,1.0,1.0,0.0,21
canadian cancer society priorities,0.65,0.6309297535714575,0.6309297535714575,0.13092975357145753,8
telephone number to prometric,0.65,1.0,1.0,0.36907024642854247,8
what is boqueron food,0.0,1.0,0.3333333333333333,0.6666666666666667,18
what is an egg,0.15,1.0,1.0,0.6666666666666667,18
is dha important after birth,0.0,0.6309297535714575,0.5,0.13092975357145753,20
salary for a radiologist,0.0,1.0,0.6309297535714575,0.36907024642854247,17
price leadership pricing,0.5,0.6309297535714575,0.6309297535714575,0.13092975357145753,11
organism definition biology,0.55,0.3333333333333333,0.31546487678572877,0.3333333333333333,3
average body temperature celsius,0.95,0.5,0.5,0.5,2
med rare temp for sirloin steak,0.95,0.3010299956639812,0.3010299956639812,0.3010299956639812,2
spirit airline cancel fee,0.0,1.0,1.0,0.0,21
sinkholes and caves are associated with what type of bedrock,0.0,1.0,0.38685280723454163,0.6131471927654584,8
what important skills do forensic psychologists,0.65,1.0,1.0,0.6437928128919779,8
what is color,0.45,1.0,0.3562071871080222,1.0,4
is university of tampa a research school,0.0,1.0,1.0,0.0,21
green fees golf definition,0.45,1.0,1.0,0.36907024642854247,12
employer meaning,0.95,1.0,1.0,1.0,2
"what city is close to fort lee, va",0.0,1.0,0.5,0.5,2
kohl's rewards customer service number,0.0,0.0,0.0,0.0,21
kohl's rewards customer service number,0.4,1.0,1.0,0.5,13
how does a longitudinal wave transfer energy,0.0,1.0,0.3333333333333333,0.6666666666666667,7
what are two components of the nephron,0.0,0.0,0.0,0.0,21
what did amanda blake died from,0.0,0.5,0.5,0.06932344192660694,8
average cost for lawn mowing service,0.0,0.6309297535714575,0.43067655807339306,0.20025319549806447,1
what is atr sampling,0.0,1.0,1.0,0.0,21
us presidents who died in office,0.0,1.0,0.5,0.5,20
what dosage magnesium gluconate daily,0.75,1.0,1.0,0.5,6
what foods have gmo ingredients,1.0,0.6309297535714575,0.6309297535714575,0.6309297535714575,1
what city is cooper medical center in,0.0,1.0,1.0,0.0,21
in what county is minneapolis,0.15,1.0,1.0,0.36907024642854247,18
how long does it take sperm to mature,0.45,0.43067655807339306,0.3333333333333333,0.09734322474005974,3
how to treat barometric headaches,0.65,1.0,1.0,0.6666666666666667,8
cannot be completed as dialed,0.0,0.43067655807339306,0.3562071871080222,0.07446937096537087,12
what is cause for double vi,0.0,0.0,0.0,0.0,21
what is drvinst.exe,0.0,0.6309297535714575,0.6309297535714575,0.0,21
what city is famous for doughnuts,0.0,1.0,1.0,0.0,21
types of capillaries,0.0,1.0,0.38685280723454163,0.6131471927654584,12
define genetic makeup,0.0,0.6309297535714575,0.0,0.6309297535714575,6
meaning of automotive,0.4,1.0,1.0,0.36907024642854247,13
excavation and backfill definition,0.35,0.5,0.5,0.18453512321427123,14
excavation and backfill definition,0.0,1.0,1.0,0.0,21
what does the name nicole mean,0.7,1.0,1.0,0.5693234419266069,7
what does the name nicole mean,0.0,1.0,0.3333333333333333,0.6666666666666667,14
side effects of coconut oil on skin,0.4,0.3333333333333333,0.0,0.3333333333333333,6
side effects of coconut oil on skin,1.0,0.31546487678572877,0.31546487678572877,0.31546487678572877,1
what county is portland mi in?,0.9,1.0,1.0,0.7109351736821121,3
what city is french lick in,0.35,1.0,1.0,0.5,14
what is abo rh type,0.4,1.0,1.0,0.5,13
what colleges have a forensic program,0.65,1.0,0.5,0.6131471927654584,1
how far from sole korea to hawaii?,0.0,1.0,1.0,0.0,21
how to copy same pages on word,0.2,0.43067655807339306,0.3333333333333333,0.09734322474005974,12
philippines beer price,0.0,1.0,1.0,0.0,21
"what county is culver city, ca in?",0.0,1.0,0.5,0.5,13
what is a seraph,0.7,1.0,1.0,0.36907024642854247,7
is sassafras albidum allelopathic,0.0,0.6309297535714575,0.6309297535714575,0.0,21
population italy,0.0,1.0,1.0,0.0,21
what are respite centers,0.55,1.0,1.0,0.5693234419266069,10
average price of pella windows,0.0,1.0,0.6309297535714575,0.36907024642854247,10
full genetic testing cost,0.15,0.5,0.43067655807339306,0.11314719276545837,4
shutter photography definition,0.05,1.0,1.0,0.36907024642854247,20
what causes magnesium deficiency in humans,0.9,1.0,1.0,0.7109351736821121,3
what city is holiday world in,0.7,0.3010299956639812,0.2890648263178879,0.3010299956639812,6
weather in oak island nc,0.0,0.6309297535714575,0.6309297535714575,0.0,21
what is a creative strategist,0.4,0.6309297535714575,0.6309297535714575,0.20025319549806447,13
sapiens definition,0.85,0.2890648263178879,0.0,0.2890648263178879,2
how much does borax cost,0.55,0.6309297535714575,0.6309297535714575,0.6309297535714575,10
How much does it cost to go to UCF?,0.8,1.0,0.6309297535714575,1.0,3
what is a flathead engine,0.0,1.0,1.0,0.0,21
what is ascd cancel switch?,0.4,1.0,1.0,0.5,13
what does a ct gantry consist of,0.0,0.0,0.0,0.0,21
what are the major american symbols that define american culture,0.0,0.6309297535714575,0.3562071871080222,0.27472256646343535,14
what is a critical goal in negotiation?,0.0,0.6309297535714575,0.6309297535714575,0.0,21
is there double spacing in apa format,0.65,0.6309297535714575,0.6309297535714575,0.6309297535714575,8
how airplane contains air pressure,0.55,0.6309297535714575,0.38685280723454163,0.6309297535714575,4
what does school governance mean,0.5,1.0,1.0,1.0,11
what is broadcloth,0.5,0.6309297535714575,0.5,0.2975964202381242,7
"what city is lackawanna county, pa in",0.0,0.5,0.43067655807339306,0.06932344192660694,16
bronchial tree definition,0.0,0.3562071871080222,0.0,0.3562071871080222,1
medication for restless,0.55,1.0,1.0,0.6666666666666667,10
what foods have boron in them,0.7,0.6309297535714575,0.6309297535714575,0.6309297535714575,7
what is creme fresh made of,0.9,1.0,1.0,0.6131471927654584,3
what is a pyelonephritis,0.05,1.0,0.6309297535714575,0.36907024642854247,18
what does the american flag sticker on cars mean,0.15,0.6309297535714575,0.6309297535714575,0.13092975357145753,18
what is esker,0.85,0.43067655807339306,0.43067655807339306,0.14161173175550518,4
gov address to forward my spam mail,0.0,0.43067655807339306,0.38685280723454163,0.04382375083885143,4
is string cheese healthy snack,0.0,1.0,0.5,0.5,12
what food become acidic in the body,0.1,0.5,0.3562071871080222,0.16666666666666669,3
what insurance premiums are deductible as self-employed,0.0,1.0,0.6309297535714575,0.36907024642854247,18
what cause day and night,0.0,1.0,0.38685280723454163,0.6131471927654584,17
what is country life,0.65,1.0,1.0,1.0,8
what are microservices,0.2,1.0,0.6309297535714575,0.5,15
what house plants are safe for cats,0.0,1.0,1.0,0.0,21
us constitution ratified,0.9,0.6309297535714575,0.6309297535714575,0.6309297535714575,3
what city is origin of jazz music,0.15,1.0,0.5,0.5,16
does the organ of corti contains sensitive hairlike cells,0.3,1.0,1.0,0.36907024642854247,15
lipid oxidation definition,0.0,1.0,1.0,0.0,21
vangie for congress,0.0,1.0,0.5,0.5,1
what is ai documents,0.8,1.0,0.6309297535714575,0.6666666666666667,1
what does the latin/ greek root word phobia,0.0,0.5,0.43067655807339306,0.06932344192660694,17
how to find average speed,0.55,0.38685280723454163,0.38685280723454163,0.38685280723454163,10
how many kids does eddie murphy,0.4,1.0,1.0,0.6437928128919779,13
what is android smart,0.65,0.43067655807339306,0.0,0.43067655807339306,1
what age does symptoms of leukemia occur in children,0.8,1.0,1.0,0.36907024642854247,5
is there limits on spending for elections,0.0,0.6309297535714575,0.6309297535714575,0.0,21
is the tectonic plates move into different patterns,0.2,0.31546487678572877,0.0,0.31546487678572877,1
is the tectonic plates move into different patterns,0.6,0.6309297535714575,0.0,0.6309297535714575,2
hoover al height above sea level,0.0,1.0,1.0,0.0,21
what is a novella book,0.8,0.5,0.5,0.1989700043360188,5
"what county is lutz, fl in",0.6,1.0,0.6309297535714575,0.36907024642854247,8
how fast can an ostrich run,0.05,0.43067655807339306,0.3562071871080222,0.07446937096537087,5
what causes swollen ankles,0.85,1.0,1.0,1.0,4
what city is pauma valley?,0.7,1.0,1.0,0.6845351232142712,7
inner beauty definition,0.0,1.0,0.6309297535714575,0.36907024642854247,14
calories in kettle corn,0.55,1.0,1.0,0.6666666666666667,10
what is a tonto japanese,0.0,0.0,0.0,0.0,21
sangria branca recepi,0.0,0.0,0.0,0.0,21
what is a peer-review article,0.9,0.6309297535714575,0.6309297535714575,0.6309297535714575,3
what are the teeth numbers in your mouth,0.0,1.0,0.38685280723454163,0.6131471927654584,6
what is a bun result,0.0,1.0,0.0,1.0,15
weather in muscat in november,0.7,0.43067655807339306,0.43067655807339306,0.04382375083885143,7
how many canadians live in rural parts of canada,0.0,0.6309297535714575,0.5,0.13092975357145753,19
what city is peterson afb in,0.55,1.0,1.0,0.5,10
how did americans criticize the treaty of versailles,0.4,0.5,0.38685280723454163,0.11314719276545837,6
naming diatomic molecules,0.0,0.6309297535714575,0.6309297535714575,0.0,21
meaning of bani in arabic,0.0,1.0,1.0,0.0,21
what is avo,0.7,1.0,1.0,0.6131471927654584,7
what is a mold fossil,1.0,1.0,1.0,0.5,1
what character foil was used for mercutio,0.0,1.0,1.0,0.0,21
mono symptoms,0.65,1.0,1.0,0.6131471927654584,8
what is deafblindness,1.0,0.5,0.5,0.5,1
types of drawing techniques,0.0,0.0,0.0,0.0,21
types of drawing techniques,0.0,0.6309297535714575,0.3562071871080222,0.27472256646343535,17
types of drawing techniques,0.55,0.31546487678572877,0.0,0.31546487678572877,1
types of drawing techniques,0.0,1.0,0.6309297535714575,0.36907024642854247,20
to which part of the cell theory did virchow contribute,0.0,1.0,1.0,0.0,21
how old can a child stay home alone in illinois,0.95,0.43067655807339306,0.43067655807339306,0.43067655807339306,2
what county is columbus indiana located,0.7,0.6309297535714575,0.6309297535714575,0.2440769463369159,7
what charge does oxygen have,0.65,1.0,1.0,0.5693234419266069,8
calories two slices bacon,0.4,1.0,1.0,0.36907024642854247,13
what is carbomer,0.45,0.38685280723454163,0.3333333333333333,0.053519473901208314,4
what city is rutgers in?,0.0,0.3562071871080222,0.0,0.3562071871080222,2
are foreign exchange students allowed to play sports,0.0,1.0,0.43067655807339306,0.5693234419266069,4
what are synptons of panic attack,0.6,1.0,1.0,1.0,9
what are synptons of panic attack,0.6,0.3562071871080222,0.31546487678572877,0.055177191444040985,5
what does a vertical bar mean in math,0.7,1.0,1.0,1.0,7
what does long term care services include,0.0,0.0,0.0,0.0,21
population of kalispell,0.0,0.6309297535714575,0.6309297535714575,0.0,21
what does kobe bryant have tattooed on his arm,0.7,1.0,0.6309297535714575,0.5693234419266069,3
what is claret called in australia,0.0,1.0,1.0,0.0,21
how wide is standard door frame,0.55,0.5,0.3333333333333333,0.5,8
how long does the nissan leaf battery last,0.6,0.6309297535714575,0.6309297535714575,0.27472256646343535,9
is dna polymerasse initiate dna replication?,1.0,0.38685280723454163,0.38685280723454163,0.38685280723454163,1
mercantilism is a form of _____.,0.15,1.0,0.3562071871080222,0.6437928128919779,10
the biggest land mammal ever,0.35,0.3562071871080222,0.0,0.3562071871080222,5
how to condition leather baseball glove,0.5,1.0,1.0,0.36907024642854247,11
what city is the cove in,0.25,1.0,1.0,0.5,16
what does a camel eat,0.1,1.0,1.0,0.36907024642854247,19
lessening synonym,0.0,1.0,1.0,0.0,21
what is a crush,0.65,1.0,1.0,1.0,8
cardio neurogenic syncope symptoms,0.65,0.38685280723454163,0.38685280723454163,0.08582281157056043,8
what currency is used in Mexico,0.0,0.5,0.3333333333333333,0.16666666666666669,2
"the meaning of the king is dead, long live the king",0.0,1.0,0.6309297535714575,0.36907024642854247,8
in what decade did the decline of farm products begin,0.55,0.6309297535714575,0.6309297535714575,0.6309297535714575,10
what is a streamline refinance fha,0.3,0.38685280723454163,0.38685280723454163,0.030645620126519446,15
what city is the fog badge in,0.0,1.0,1.0,0.0,21
what is base appt,0.45,1.0,1.0,0.5,12
what is gonadal,0.5,0.6309297535714575,0.6309297535714575,0.2440769463369159,11
what are the newspapers in tyler,0.3,1.0,0.43067655807339306,0.5693234419266069,2
what are the newspapers in tyler,0.75,0.6309297535714575,0.6309297535714575,0.34186492725356965,6
what does the name jenica means,0.0,1.0,1.0,0.0,21
nim-standard definition,0.0,0.6309297535714575,0.5,0.13092975357145753,16
how many bar in psi,0.0,1.0,0.5,0.5,17
how long do you boil an ear of corn,0.0,0.0,0.0,0.0,21
what city is the kramer junction project at,0.0,0.6309297535714575,0.5,0.20025319549806447,6
what is a grassland,0.2,0.43067655807339306,0.43067655807339306,0.11521168128766429,12
theodora name meaning,0.0,1.0,0.6309297535714575,0.36907024642854247,15
theodora name meaning,0.6,0.5,0.43067655807339306,0.11314719276545837,7
largest mosque in usa,0.0,0.6309297535714575,0.6309297535714575,0.0,21
what compound would dissolve polystyrene?,0.95,1.0,1.0,1.0,2
at what temperature does honey start crystallize,0.0,1.0,0.6309297535714575,0.36907024642854247,14
canadian passport phone number,0.0,1.0,1.0,0.0,21
how long at what temp to baking chicken pieces,0.0,1.0,0.3010299956639812,0.6989700043360187,7
"hotels in jackson, oh",0.0,1.0,1.0,0.0,21
cvs specialty toll free number,0.55,0.6309297535714575,0.6309297535714575,0.6309297535714575,10
what is a horned rabbit called,0.0,1.0,0.6309297535714575,0.36907024642854247,20
what is a horned rabbit called,0.9,0.38685280723454163,0.38685280723454163,0.38685280723454163,3
what is focal point,0.0,0.6309297535714575,0.38685280723454163,0.2440769463369159,8
what are debenture bonds?,0.35,1.0,1.0,0.6131471927654584,14
why does a balloon float in air,0.0,0.6309297535714575,0.3333333333333333,0.2975964202381242,7
emulsify meaning,0.7,0.5,0.5,0.5,7
what city is the university of nc at chapel hill?,0.4,1.0,1.0,0.36907024642854247,13
what does a heater do,0.55,1.0,1.0,1.0,10
is xavier university a catholic school,0.0,1.0,0.5,0.5,2
is kyogre a legendary,0.4,1.0,1.0,0.6131471927654584,13
how big is kangaroo island,0.0,0.6309297535714575,0.6309297535714575,0.13092975357145753,20
what every classroom teacher should know about dyslexia,0.5,1.0,1.0,0.5,11
"what city is windber,pa in",0.9,0.6309297535714575,0.6309297535714575,0.6309297535714575,3
is bismuth radioactive,0.0,1.0,1.0,0.0,21
lipid a causes which of the following symptoms,0.8,0.6309297535714575,0.6309297535714575,0.20025319549806447,5
what county is arden nc,1.0,1.0,1.0,0.5,1
cabbage raw vs cooked,0.0,1.0,0.43067655807339306,0.5693234419266069,8
cabbage raw vs cooked,0.0,0.38685280723454163,0.0,0.38685280723454163,6
what are some examples of other input devices?,0.0,0.0,0.0,0.0,21
what are some examples of other input devices?,0.0,1.0,1.0,0.0,21
what are some examples of other input devices?,0.0,0.0,0.0,0.0,21
what are some examples of other input devices?,0.0,0.0,0.0,0.0,21
treatment of how to stop styes,0.35,1.0,0.6309297535714575,0.5,11
types of research skills,0.6,1.0,1.0,1.0,9
what is folate good for,0.8,1.0,1.0,0.6845351232142712,5
is mitosis a example of sexual reproduction,0.5,1.0,1.0,0.6437928128919779,11
what city was soap tv show based on,0.15,1.0,0.6309297535714575,0.36907024642854247,10
weather in college park,1.0,1.0,1.0,0.5,1
what are the duties of the director of public works,0.0,1.0,0.6309297535714575,0.36907024642854247,12
what are the duties of the director of public works,0.6,1.0,1.0,0.5,9
is nylon a polymer,0.0,0.6309297535714575,0.6309297535714575,0.0,21
thermometer define,0.9,1.0,1.0,1.0,3
what is a corkscrew,0.55,0.6309297535714575,0.6309297535714575,0.2440769463369159,10
meaning of barbara,0.0,1.0,0.6309297535714575,0.36907024642854247,3
what is crisis counseling,0.9,1.0,1.0,1.0,3
altocumulus cloud definition,0.3,0.6309297535714575,0.6309297535714575,0.13092975357145753,14
appointment with foresters phone number,0.75,1.0,1.0,1.0,6
causes for a swollen neck,0.0,0.0,0.0,0.0,21
what is a business associate of a health care provider that is a covered entity,0.9,0.5,0.5,0.14379281289197782,3
types of celery plants,0.0,1.0,1.0,0.0,21
what is calamansi,0.0,1.0,0.3562071871080222,0.6437928128919779,13
what is in falafel,0.15,0.5,0.3562071871080222,0.14379281289197782,2
meaning of alteration,0.85,0.6309297535714575,0.6309297535714575,0.6309297535714575,4
what county is yacolt wa,0.65,1.0,1.0,0.36907024642854247,8
how many super bowls did fran tarkenton lose,0.0,1.0,1.0,0.0,21
what do enteroendocrine cells secrete,0.0,1.0,0.38685280723454163,0.6131471927654584,15
what is braintree,1.0,0.6309297535714575,0.6309297535714575,0.2975964202381242,1
what is braintree,0.2,0.6309297535714575,0.5,0.13092975357145753,16
what is braintree,0.0,1.0,1.0,0.0,21
how long should you warm up,0.0,1.0,1.0,0.0,21
largest waterpark in illinois,0.8,1.0,0.6309297535714575,0.36907024642854247,3
what are the organelles and their functions in plant cells?,0.0,0.0,0.0,0.0,21
what is a loop ileostomy,0.0,0.6309297535714575,0.43067655807339306,0.20025319549806447,9
how long for bruise in eye to heal,1.0,0.5,0.5,0.5,1
is andy samberg married,0.05,0.5,0.43067655807339306,0.11314719276545837,5
how healthy is cucumber water,0.3,0.6309297535714575,0.3562071871080222,0.27472256646343535,2
what does the lower respiratory zone consist of,0.0,1.0,1.0,0.0,21
what is an immobilizer in a car,1.0,0.6309297535714575,0.6309297535714575,0.6309297535714575,1
what ciwa stands for,0.0,1.0,0.5,0.5,15
is it good to go to sleep right after you eat,1.0,0.6309297535714575,0.6309297535714575,0.6309297535714575,1
cost to breed gerbils,0.75,1.0,1.0,0.36907024642854247,6
what county is northwest md,0.3,1.0,1.0,1.0,15
the distance from one wave to the next is called _____.,0.0,1.0,1.0,0.0,21
weather in vienna austria,0.9,0.43067655807339306,0.43067655807339306,0.43067655807339306,3
how many cups is a quart,0.35,1.0,1.0,0.5693234419266069,14
picatinny arsenal lodging phone number,0.0,0.6309297535714575,0.6309297535714575,0.0,21
what is alae in insurance terms,0.1,1.0,1.0,0.36907024642854247,19
temporal parietal damage,0.55,0.5,0.0,0.5,5
what is a protozoa,1.0,0.38685280723454163,0.38685280723454163,0.38685280723454163,1
is edta safe,0.0,1.0,1.0,0.0,21
what hardware is in an xbox one,0.0,1.0,1.0,0.0,21
what class are opiates?,0.0,1.0,0.0,1.0,8
what is artificial boundaries,0.85,0.6309297535714575,0.6309297535714575,0.2975964202381242,4
what is cell mean,0.7,1.0,1.0,1.0,7
renters insurance florida prices,0.0,1.0,0.6309297535714575,0.36907024642854247,19
what is a tinyurl,0.45,1.0,0.6309297535714575,0.6666666666666667,8
does chocolate cause heartburn,0.65,0.43067655807339306,0.3333333333333333,0.09734322474005974,3
what class are perch in,0.25,0.6309297535714575,0.6309297535714575,0.2440769463369159,16
what does a bankruptcy attorney charge,0.75,0.5,0.5,0.14379281289197782,6
what does a bankruptcy attorney charge,0.65,1.0,1.0,0.6131471927654584,8
can my employer pay my autoenrolment contribution,0.4,0.6309297535714575,0.43067655807339306,0.2440769463369159,3
"what county is addison,tx located",0.75,0.6309297535714575,0.6309297535714575,0.6309297535714575,6
what does fibroglandular breast tissue mean,0.0,1.0,0.6309297535714575,0.36907024642854247,12
what is cause and effect in reading,0.0,0.6309297535714575,0.0,0.6309297535714575,4
what is a upvc door,0.15,0.43067655807339306,0.38685280723454163,0.04382375083885143,11
what are degradable pollutants,0.65,1.0,1.0,0.5,8
what class cdl is a tow truck,0.75,0.6309297535714575,0.5,0.27472256646343535,1
james brown net worth when he died?,0.0,1.0,0.6309297535714575,0.36907024642854247,14
how did philip seymour hoffman die,0.65,1.0,1.0,0.6437928128919779,8
what are the natural gases,0.1,1.0,1.0,0.36907024642854247,19
what are green onions called in australia,0.2,0.5,0.43067655807339306,0.06932344192660694,7
what does marijuana feel like,0.95,0.6309297535714575,0.6309297535714575,0.6309297535714575,2
what is a symptom of hip bursitis,0.0,0.43067655807339306,0.38685280723454163,0.04382375083885143,12
what devices can run kodi,0.0,0.6309297535714575,0.5,0.13092975357145753,18
what class depreciation for a truck,0.15,0.38685280723454163,0.31546487678572877,0.07138793044881286,11
what doctor specialty handles a ganglion,0.2,0.6309297535714575,0.6309297535714575,0.20025319549806447,17
ingredients for sherbet,0.05,1.0,0.6309297535714575,0.36907024642854247,17
are peppers dicots,0.0,1.0,0.6309297535714575,0.36907024642854247,8
number of mormons in usa in the world?,0.0,1.0,0.6309297535714575,0.36907024642854247,5
how to clean my top load clothes washer,0.75,1.0,0.6309297535714575,0.5,4
what does means psychotropic,1.0,0.43067655807339306,0.43067655807339306,0.43067655807339306,1
what class drugs are opioids?,0.75,0.5,0.5,0.14379281289197782,6
what is a verb phrase AND noun phrase,0.0,1.0,0.6309297535714575,0.36907024642854247,17
legal definition of smuggling,0.0,1.0,1.0,0.0,21
what is a glp/gmp work environment,1.0,0.3562071871080222,0.3562071871080222,0.3562071871080222,1
what is etabs software,0.0,1.0,0.6309297535714575,0.36907024642854247,7
how much to blacktop my driveway,0.0,0.0,0.0,0.0,21
polished concrete floors residential cost,0.0,1.0,0.6309297535714575,0.36907024642854247,9
what causes weakness and tiredness,0.0,0.0,0.0,0.0,21
reproach definition,0.9,0.6309297535714575,0.6309297535714575,0.2975964202381242,3
what class is dicloxacillin,0.0,0.38685280723454163,0.3010299956639812,0.08582281157056043,14
bath fitter average cost,0.0,0.43067655807339306,0.43067655807339306,0.0,21
what is emergency contraception and how does it work,0.8,1.0,1.0,0.6845351232142712,5
what is emergency contraception and how does it work,0.0,0.5,0.38685280723454163,0.14379281289197782,6
largest fish caught in utah,0.8,0.38685280723454163,0.38685280723454163,0.38685280723454163,5
largest fish caught in utah,0.0,0.43067655807339306,0.43067655807339306,0.0,21
how much will i need to close on a house with fha,0.0,1.0,0.31546487678572877,0.6845351232142712,9
james city county population size,0.0,0.6309297535714575,0.3333333333333333,0.2975964202381242,2
is spyhunter safe,0.0,0.38685280723454163,0.3333333333333333,0.053519473901208314,18
phone number kroger pharmacy,0.4,0.5,0.5,0.11314719276545837,13
can humans get coccidia from dogs,0.25,1.0,0.6309297535714575,0.36907024642854247,15
what is cohering,0.3,1.0,1.0,0.5,15
how much can a check overdraft account,0.0,1.0,0.6309297535714575,0.36907024642854247,15
what enzyme is activated by phosphorylation hmg,0.0,1.0,0.6309297535714575,0.36907024642854247,19
what class is tarantula in,0.85,1.0,0.5,0.5,2
what is boarder baby,0.45,1.0,1.0,0.5693234419266069,12
what does dep cd mean on a bank statement,0.6,0.5,0.5,0.5,9
is the proximal convoluted tubule attached to the collecting duct?,0.0,1.0,1.0,0.0,21
"what county is goldfield, iowa in",0.0,1.0,1.0,0.0,21
weather in amsterdam in june,0.9,0.5,0.5,0.21093517368211212,3
cavalry definition,0.7,1.0,1.0,0.36907024642854247,7
how can i decrease my stomach,0.85,1.0,1.0,0.7109351736821121,4
most influential battles in history,0.0,1.0,1.0,0.0,21
what is arroz chaufa,0.05,1.0,1.0,0.36907024642854247,20
how long does an irs audit take,0.15,0.43067655807339306,0.31546487678572877,0.11521168128766429,11
what age can a child get chicken pox,1.0,1.0,1.0,0.6666666666666667,1
what exactly is solar energy,0.0,1.0,0.6309297535714575,0.36907024642854247,20
largo  is what county,0.7,1.0,1.0,0.36907024642854247,7
icd code for ostomy,0.0,0.0,0.0,0.0,21
icd code for ostomy,0.3,0.3333333333333333,0.0,0.3333333333333333,4
what is a role accountant,0.0,0.43067655807339306,0.2890648263178879,0.14161173175550518,8
how many years does it take to become a naturalized citizen in the us,0.8,1.0,1.0,1.0,5
what coins have the most silver,0.0,1.0,0.0,1.0,9
how much do claims support specialists make,0.75,0.5,0.5,0.5,6
is barak obama guy,0.05,1.0,1.0,0.5,20
what is centimeter,0.8,1.0,1.0,1.0,5
how early can a dr detect pregnancy,0.45,1.0,0.43067655807339306,0.5693234419266069,8
what classes are in science gpa,0.95,1.0,1.0,1.0,2
what can fossil evidence reveal about an organism?,0.0,0.3562071871080222,0.0,0.3562071871080222,3
what can fossil evidence reveal about an organism?,0.8,1.0,1.0,0.5,5
hyperventilate meaning,0.0,1.0,0.43067655807339306,0.5693234419266069,16
what county is webster ny,0.65,1.0,1.0,1.0,8
what are the differences between dementia and delirium?,0.0,0.3562071871080222,0.3562071871080222,0.0,21
aldi jobs pay scale,0.75,0.38685280723454163,0.38685280723454163,0.053519473901208314,6
enations definition,0.0,1.0,1.0,0.0,21
what classes do i need to take to become a anesthesiologist,0.95,0.5,0.5,0.5,2
what is a rebel,0.0,1.0,1.0,0.0,21
cost for facebook shares,0.0,0.0,0.0,0.0,21
salary review at nestle purina,0.2,1.0,1.0,0.36907024642854247,17
is neuropathy neurological,0.3,1.0,0.38685280723454163,0.6131471927654584,7
vitamin d in infants side effects,0.8,0.6309297535714575,0.6309297535714575,0.6309297535714575,5
vitamin d in infants side effects,0.0,0.6309297535714575,0.2890648263178879,0.34186492725356965,5
what is a  ledger,0.25,0.5,0.38685280723454163,0.1989700043360188,4
what classes do you take for nurse anesthesia,0.85,1.0,0.6309297535714575,0.5693234419266069,3
seattle best coffee franchise cost,0.0,1.0,1.0,0.0,21
boyds cave,0.95,0.6309297535714575,0.6309297535714575,0.2440769463369159,2
prevalence of insomnia in general population,0.8,0.5,0.43067655807339306,0.14379281289197782,4
how to view things stored on icloud,0.25,0.38685280723454163,0.3010299956639812,0.08582281157056043,5
how long does it take for a moon flower to bloom,0.35,1.0,0.6309297535714575,1.0,12
what is flovent diskus for?,0.25,1.0,1.0,0.5,16
what exercise to do to increase calf muscles,0.0,1.0,0.3333333333333333,0.6666666666666667,10
what is a mcp disease,0.05,0.6309297535714575,0.0,0.6309297535714575,2
what is a humidifier,0.0,1.0,1.0,0.0,21
what does an elevated a/g ratio mean,0.4,1.0,0.6309297535714575,0.6845351232142712,7
population distribution india,0.05,0.38685280723454163,0.3333333333333333,0.053519473901208314,7
what are people from serbia called,0.0,1.0,0.6309297535714575,0.36907024642854247,20
what county is san jose ca in?,0.0,1.0,0.43067655807339306,0.5693234419266069,12
meaning of bear in dreams,0.15,0.6309297535714575,0.6309297535714575,0.13092975357145753,18
types of mammals on iceland,0.0,1.0,1.0,0.0,21
what county is norwell ma,0.2,1.0,1.0,0.6131471927654584,17
what is insurance tpl,0.0,0.0,0.0,0.0,21
lone survivor filmed at what ski area,0.0,1.0,1.0,0.0,21
what is a walk-through item?,1.0,0.6309297535714575,0.6309297535714575,0.6309297535714575,1
what is a quince,0.75,1.0,1.0,0.5693234419266069,6
what capabilities does a crt provide,0.85,1.0,1.0,1.0,4
wage garnishment in new mexico,0.0,1.0,1.0,0.0,21
cost to screen in lanai,0.0,0.3562071871080222,0.3333333333333333,0.022873853774688868,9
canara bank thalassery contact number,0.0,0.6309297535714575,0.6309297535714575,0.0,21
what is btcs,0.0,0.38685280723454163,0.3562071871080222,0.030645620126519446,7
how long does a new factory car battery last?,0.25,0.6309297535714575,0.6309297535714575,0.32989975790747633,12
types of melodic motion,0.0,1.0,0.6309297535714575,0.36907024642854247,11
definitions of pain,0.15,1.0,1.0,0.5,18
what county is spring park mn in,0.75,0.5,0.5,0.18453512321427123,6
what is antacid made of,0.05,0.6309297535714575,0.43067655807339306,0.20025319549806447,13
joe calzaghe net worth,0.0,1.0,0.3562071871080222,0.6437928128919779,6
what does gossamer,0.1,0.6309297535714575,0.3562071871080222,0.27472256646343535,10
what is computer hibernation vs sleep,0.75,1.0,1.0,0.5,6
a gram is times as large as a milligram,0.25,1.0,0.5,0.5,12
what biome is the hoh rainforest,0.6,1.0,1.0,0.5,9
what is g-iii apparel,0.45,1.0,1.0,0.5693234419266069,12
what is icu psychosis,1.0,1.0,1.0,0.6437928128919779,1
what is icu psychosis,0.2,0.5,0.43067655807339306,0.11314719276545837,7
what channel is lsu on?,1.0,1.0,1.0,0.36907024642854247,1
is chocolate flammable,0.4,1.0,1.0,0.36907024642854247,13
statement of earnings definition,0.7,1.0,1.0,0.6666666666666667,7
what is a transmission station,0.0,0.0,0.0,0.0,21
what date are taxes due,1.0,1.0,1.0,1.0,1
typical cost of a orthodontic treatment in usa,0.0,0.6309297535714575,0.6309297535714575,0.0,21
definition for rub,0.0,0.3562071871080222,0.3333333333333333,0.022873853774688868,16
how to get rid of serve burn acne,0.5,0.5,0.3562071871080222,0.16666666666666669,4
average costs of arbitration,0.45,1.0,0.5,0.5,4
"was an american abolitionist, humanitarian, and an armed scout and spy for the united states army during the american civil war.",0.0,1.0,0.5,0.5,6
what climate is czech republic,0.7,1.0,1.0,0.36907024642854247,7
what is bruh mean,0.0,0.43067655807339306,0.43067655807339306,0.04382375083885143,19
salary range for research coordinator,0.4,1.0,0.5,0.5,11
how to force someone to marry you in skyrim,0.25,0.5,0.38685280723454163,0.16666666666666669,6
what are non-latex condems,0.75,0.6309297535714575,0.6309297535714575,0.2975964202381242,6
is philly a good place to live,0.6,1.0,1.0,1.0,9
what causes a whining noise in a car,0.3,0.6309297535714575,0.43067655807339306,0.20025319549806447,13
what causes a whining noise in a car,0.0,1.0,1.0,0.0,21
what causes a whining noise in a car,0.95,0.3562071871080222,0.3562071871080222,0.04074231032229342,2
what causes a whining noise in a car,0.9,0.38685280723454163,0.38685280723454163,0.07138793044881286,3
are white or red muscle fiber fast twitch?,0.05,1.0,0.6309297535714575,0.36907024642854247,16
adrenaclick price,0.0,0.5,0.5,0.11314719276545837,14
definition healthcare associated pneumonia,0.0,1.0,1.0,0.0,21
test plan and test strategy difference,0.0,0.3562071871080222,0.3562071871080222,0.0,21
what are the four foundation materials?,0.25,1.0,1.0,0.6131471927654584,16
what is colonialism,0.45,0.6309297535714575,0.6309297535714575,0.6309297535714575,12
what does routed mean,0.65,1.0,1.0,1.0,8
what county is city of fontana usd ca in,0.1,1.0,1.0,0.5,19
what climate type is cleveland ohio,0.0,1.0,1.0,0.0,21
highest baseball salary,0.8,0.38685280723454163,0.31546487678572877,0.07138793044881286,2
temperature control using pid,0.1,1.0,1.0,0.36907024642854247,19
what do do for muscle weakness,0.5,0.5,0.5,0.5,6
number of times trump.has played golf while in office,0.0,1.0,1.0,0.0,21
what are the roles of transcription and translation,0.0,0.6309297535714575,0.0,0.6309297535714575,1
what is cdc usb wiki,0.3,1.0,1.0,0.5,15
what are web programming language?,0.2,0.3333333333333333,0.31546487678572877,0.3333333333333333,13
how many years do you go back on resume,0.9,1.0,1.0,0.5693234419266069,3
ups tracking number track,0.95,0.5,0.5,0.1989700043360188,2
what is ddavp used for,0.1,1.0,1.0,0.36907024642854247,19
what is a money market bank account,0.25,0.6309297535714575,0.43067655807339306,0.20025319549806447,8
should you fertilize before rain,0.0,0.3333333333333333,0.31546487678572877,0.01786845654760455,5
how long after last drink does withdraw start,0.75,0.5,0.5,0.5,3
amazon number customer service number,0.7,1.0,1.0,1.0,7
what domain is not having a firewall,0.05,1.0,0.6309297535714575,0.36907024642854247,11
meaning ambiguous,0.75,1.0,1.0,0.6437928128919779,6
cost of in home care for elderly parent,0.7,1.0,0.6309297535714575,0.6845351232142712,1
what is anion gap in blood work,0.0,0.6309297535714575,0.43067655807339306,0.20025319549806447,19
thyroid test levels normal range,0.95,1.0,1.0,0.5,2
what is considered a criminal record,0.25,1.0,1.0,0.6131471927654584,16
number of students enrolled at louisiana tech,0.25,1.0,1.0,0.36907024642854247,16
what causes you to heat up and get cold close together,0.0,0.0,0.0,0.0,21
"what county is salem, ma",0.0,1.0,1.0,0.0,21
is smoking better than dipping,0.7,0.5,0.43067655807339306,0.14379281289197782,1
define stigma in biology,1.0,1.0,1.0,0.6131471927654584,1
how expensive is a chromebook?,0.75,0.6309297535714575,0.6309297535714575,0.6309297535714575,6
define business process,0.75,1.0,1.0,1.0,6
is ron reagan still married,0.8,0.38685280723454163,0.3333333333333333,0.053519473901208314,4
meaning of best friend,0.5,1.0,0.6309297535714575,0.5693234419266069,1
what determines whether income is california sourced,0.35,0.2890648263178879,0.2890648263178879,0.2890648263178879,14
canary wharf is in which london borough,0.0,0.6309297535714575,0.6309297535714575,0.0,21
what does the word cordially mean,0.75,0.5,0.5,0.5,6
university of charleston campus,0.4,0.5,0.43067655807339306,0.06932344192660694,6
what does blisters and sores in the palm of your hand mean,0.8,0.6309297535714575,0.6309297535714575,0.31546487678572877,5
open hours for whole foods,0.8,0.6309297535714575,0.6309297535714575,0.13092975357145753,5
what does tpo roofing stand for,0.45,0.6309297535714575,0.6309297535714575,0.2440769463369159,12
what clouds are sometimes called mare's tail clouds,0.95,1.0,1.0,0.5693234419266069,2
how long does a child stay in a toddler bed,0.85,0.5,0.5,0.5,4
what are excellent credit scores,0.55,0.5,0.5,0.16666666666666669,9
what are the major parts of pns,0.95,0.31546487678572877,0.31546487678572877,0.31546487678572877,2
most famous living american actor,0.15,0.5,0.5,0.11314719276545837,18
is bridlington bay road carnaby near the bridlington beaches,0.0,1.0,0.43067655807339306,0.5693234419266069,17
what are haricot verts,0.55,1.0,1.0,0.6845351232142712,10
what club was saturday night fever filmed in,0.35,0.5,0.43067655807339306,0.14379281289197782,10
temperature for growing vegetables,0.35,0.6309297535714575,0.5,0.20025319549806447,3
what is a reconciliation,0.05,0.6309297535714575,0.38685280723454163,0.2440769463369159,15
are airline prices going up,0.05,0.6309297535714575,0.3562071871080222,0.27472256646343535,1
myelopathy symptoms spinal cord,0.4,0.3333333333333333,0.3010299956639812,0.03230333766935212,5
what clubs did mark calcavecchia use to win the boca raton championship,0.5,1.0,1.0,0.5,11
consumer reports harlan ia phone number,0.45,1.0,0.6309297535714575,0.6437928128919779,3
is magnesium good for plants,0.25,0.38685280723454163,0.3562071871080222,0.053519473901208314,12
what county is monroe or in?,0.55,1.0,1.0,0.7109351736821121,10
what is a security code on a mastercard,0.0,0.6309297535714575,0.6309297535714575,0.0,21
how do baby chicks need to be before turning loose,0.0,1.0,0.5,0.5,10
what is a minas,0.0,0.31546487678572877,0.0,0.31546487678572877,5
what county is o'fallon illinois in,0.25,0.6309297535714575,0.6309297535714575,0.13092975357145753,16
"what co is bolivar, tn in",0.8,1.0,1.0,0.6666666666666667,5
term for deficient level of oxygen,0.25,0.43067655807339306,0.43067655807339306,0.43067655807339306,15
prime rib roast hours per pound,0.85,0.6309297535714575,0.6309297535714575,0.27472256646343535,4
trdp cost,0.5,1.0,1.0,0.6131471927654584,11
how long is a weed high,0.45,1.0,0.6309297535714575,0.36907024642854247,11
best sealant for leak windshield,0.75,0.6309297535714575,0.6309297535714575,0.20025319549806447,6
what area code is 305,0.35,1.0,0.6309297535714575,0.6131471927654584,10
team cohesiveness definition,0.75,0.6309297535714575,0.6309297535714575,0.2975964202381242,6
what coach won season 13 of the voice,0.0,1.0,0.5,0.5,16
how many acres is dollywood,0.0,1.0,0.3333333333333333,0.6666666666666667,4
what are the fundamental fields in nature,0.0,1.0,1.0,0.0,21
literary cacophony definition,0.0,1.0,0.6309297535714575,0.36907024642854247,20
what color ties go with blue,0.0,1.0,0.6309297535714575,0.36907024642854247,20
si stock price,0.0,1.0,1.0,0.0,21
what age do you have to be to stay home alone,0.95,0.38685280723454163,0.38685280723454163,0.38685280723454163,2
longest day of the year new york,0.0,0.5,0.43067655807339306,0.06932344192660694,12
what are the characteristics of skeletal muscle,0.0,1.0,0.3333333333333333,0.6666666666666667,14
how old should puppies be before placing them in new homes,0.3,1.0,1.0,0.6437928128919779,15
can hemorrhoids block bowel movements,0.95,1.0,1.0,0.5,2
Monopolistic competition is a market structure in which firms produce a,0.0,1.0,1.0,0.0,21
providence va phone number,0.7,1.0,1.0,1.0,7
what is cord,0.8,1.0,1.0,1.0,5
what do flamingos eat,0.0,1.0,0.6309297535714575,0.36907024642854247,20
"what county is madison, nj",0.6,1.0,1.0,1.0,9
what is capitalism government,0.95,1.0,1.0,1.0,2
record on appeal definition,0.0,1.0,1.0,0.0,21
what county is stockton california located in,0.0,1.0,1.0,0.0,21
name meaning gavin,0.0,1.0,1.0,0.0,21
name meaning gavin,0.0,0.6309297535714575,0.5,0.13092975357145753,20
enclara fax number,0.0,1.0,1.0,0.0,21
dow chemical employees credit union routing number,1.0,0.5,0.5,0.06932344192660694,1
what has bella ramsey played in,0.05,1.0,0.6309297535714575,0.36907024642854247,18
is gender biological,0.0,0.5,0.3562071871080222,0.14379281289197782,11
is it cruel to keep cats in at night,0.0,0.38685280723454163,0.38685280723454163,0.0,21
price target for expedia,0.65,1.0,1.0,0.5693234419266069,8
what is cnbc worth,0.2,1.0,1.0,0.36907024642854247,17
what codes is reported for the introduction of an intracatheter into the retrograde brachial artery,0.0,1.0,1.0,0.0,21
definition prose,0.0,1.0,1.0,0.0,21
steps to take to become a radiation therapist,0.4,1.0,1.0,0.5,13
can you build big quads without squats,0.75,1.0,1.0,0.6437928128919779,6
meaning of honypot geographical,0.0,0.0,0.0,0.0,21
what county is newark tx,0.95,0.5,0.5,0.1989700043360188,2
what is a tuber,0.95,1.0,1.0,1.0,2
hotmail hacked account recovery number,0.0,1.0,0.5,0.5,10
"population of gackle, nd",0.05,1.0,0.6309297535714575,0.36907024642854247,19
what coding language is used for ios apps?,0.3,0.3333333333333333,0.31546487678572877,0.3333333333333333,14
possessive nouns,0.95,0.6309297535714575,0.6309297535714575,0.34186492725356965,2
does frontier charge for carryon,0.95,0.43067655807339306,0.43067655807339306,0.43067655807339306,2
what factors go into average handle time,0.0,1.0,1.0,0.0,21
meaning of billboard,0.4,1.0,0.5,0.5,5
how many years patent protection for drugs,0.0,1.0,1.0,0.0,21
how warm is 13 degrees celsius,0.0,0.6309297535714575,0.6309297535714575,0.0,21
long block engine definition,0.75,1.0,1.0,0.6666666666666667,6
what is computer program bonjour,0.0,1.0,0.38685280723454163,0.6131471927654584,17
what does occasional mean,0.75,0.6309297535714575,0.6309297535714575,0.6309297535714575,6
how long does it take a camcorder battery to charge,1.0,0.6309297535714575,0.6309297535714575,0.6309297535714575,1
imtiaz ahmad cpa,1.0,1.0,1.0,0.6666666666666667,1
what color is empowerment,0.85,0.6309297535714575,0.6309297535714575,0.6309297535714575,4
symptoms after nasogastric tube,0.6,0.5,0.5,0.16666666666666669,9
what are bounty bars candy?,0.5,1.0,0.6309297535714575,0.5693234419266069,7
what is a trade call fee,0.8,0.38685280723454163,0.38685280723454163,0.053519473901208314,5
nissan rogue how many generations,0.2,1.0,1.0,0.36907024642854247,17
effect of sodium on kidneys,0.95,0.38685280723454163,0.38685280723454163,0.38685280723454163,2
daniel zovatto actor,0.0,0.6309297535714575,0.3562071871080222,0.27472256646343535,1
how to dissolve gallstones without surgery,0.0,0.38685280723454163,0.3562071871080222,0.030645620126519446,14
what instrument is used to collect humidity data?,0.0,0.6309297535714575,0.6309297535714575,0.0,21
what cognitive measures has exercise had a positive effect on in patients with adhd?,0.0,1.0,0.6309297535714575,0.36907024642854247,19
reasons why eriks football is affecting paul,0.3,1.0,1.0,0.36907024642854247,15
what is a flexor muscle,0.0,1.0,1.0,0.0,21
investment policy for opeb funds,0.2,1.0,1.0,0.36907024642854247,17
is kim jong-un a pilot,0.6,0.5,0.5,0.11314719276545837,9
what happened at the haymarket square incident.,0.0,1.0,1.0,0.0,21
what college can be good for video game designer,0.9,0.6309297535714575,0.6309297535714575,0.31546487678572877,3
how do you add a companion at southwest,0.1,0.5,0.5,0.06932344192660694,18
wedbush investments,0.0,0.6309297535714575,0.6309297535714575,0.0,21
what are some good way to fight anxiety,0.05,1.0,1.0,0.36907024642854247,20
is a standard score and z score the same thing,0.95,0.6309297535714575,0.5,0.20025319549806447,1
environment effects fukushima,0.55,1.0,1.0,0.5,10
what did president wilson do as a result of pancho villas attack on the united states?,0.0,0.6309297535714575,0.6309297535714575,0.0,21
meaning of headache in back of head,0.0,1.0,0.6309297535714575,0.36907024642854247,20
meaning of headache in back of head,1.0,1.0,1.0,0.5,1
are blue lips always a sign of cyanosis,0.85,0.5,0.5,0.14379281289197782,4
what county is cannon falls in,0.55,1.0,1.0,0.5,10
permalink definition,0.65,0.3562071871080222,0.3562071871080222,0.055177191444040985,8
what college classes do you have to take for marine biology,0.85,0.6309297535714575,0.5,0.34186492725356965,2
what is euglena gracilis habitat,0.0,0.5,0.38685280723454163,0.11314719276545837,11
what does the affect blunt mean,0.5,0.5,0.43067655807339306,0.5,2
how long after the birth of puppy does the placenta come out,1.0,0.5,0.5,0.21093517368211212,1
tenor definition music,0.1,1.0,1.0,0.36907024642854247,19
height needed to cause death,0.0,0.0,0.0,0.0,21
height needed to cause death,0.0,0.0,0.0,0.0,21
mouth frenulum,0.95,1.0,1.0,1.0,2
what is insulator,0.45,1.0,0.6309297535714575,1.0,8
how old was the oldest chinchilla?,0.0,1.0,1.0,0.0,21
warren wilson acceptance rate,0.0,1.0,0.6309297535714575,0.36907024642854247,19
what is  the systems utility,0.25,1.0,1.0,1.0,16
rn bsn phn definition,0.85,1.0,1.0,1.0,4
is alec baldwin dead,0.0,1.0,1.0,0.0,21
how to set a crockpot of beans,0.7,0.38685280723454163,0.3562071871080222,0.38685280723454163,1
is creatinine usually in urine,0.9,1.0,1.0,1.0,3
how much square feet in a square of land,1.0,0.31546487678572877,0.31546487678572877,0.31546487678572877,1
double hatting definition,0.3,1.0,0.6309297535714575,0.36907024642854247,11
what energy bar for marathon runner,0.0,1.0,0.3562071871080222,0.6437928128919779,16
what is graphic ram,0.45,0.2890648263178879,0.2890648263178879,0.2890648263178879,2
what is graphic ram,1.0,1.0,1.0,1.0,1
is nori made from kelp,1.0,0.3562071871080222,0.3562071871080222,0.3562071871080222,1
is ocrevus approved in us,1.0,0.6309297535714575,0.6309297535714575,0.6309297535714575,1
what county is holly michigan in,0.0,1.0,0.6309297535714575,0.36907024642854247,13
meaning of the word decorated,0.7,0.5,0.5,0.5,7
weather in sonoma county california,0.85,0.6309297535714575,0.6309297535714575,0.6309297535714575,4
how to submit a change of address,0.0,1.0,0.38685280723454163,0.6131471927654584,18
net worth of jason mewes,0.0,1.0,1.0,0.0,21
what happens if uti is left untreated,0.0,0.3562071871080222,0.3333333333333333,0.022873853774688868,1
what is downforce,0.0,0.6309297535714575,0.6309297535714575,0.13092975357145753,15
what animal is timon in lion king,0.0,0.6309297535714575,0.6309297535714575,0.0,21
types of communication patterns,0.0,1.0,0.31546487678572877,0.6845351232142712,12
what college did dr seuss go to,0.75,0.6309297535714575,0.6309297535714575,0.2975964202381242,6
angus jones net worth,0.0,1.0,0.3562071871080222,0.6437928128919779,13
how much is a surface pro 4,0.95,0.38685280723454163,0.38685280723454163,0.38685280723454163,2
what is breccia used for,0.0,0.3333333333333333,0.0,0.3333333333333333,4
what is disney netflix called,0.0,1.0,1.0,0.0,21
subtotal function excel,0.85,0.38685280723454163,0.38685280723454163,0.09778798091665375,4
what form does the naval reserve use for discharge,0.4,0.2890648263178879,0.0,0.2890648263178879,2
what is iaas in networking,0.5,0.3333333333333333,0.3333333333333333,0.3333333333333333,9
normal ranges for heart rate,0.0,0.0,0.0,0.0,21
"what county is camarillo, ca in?",0.0,1.0,1.0,0.0,21
how many grams in a tablespoon?,0.9,0.38685280723454163,0.3562071871080222,0.38685280723454163,2
meaning of bondservant,0.0,0.6309297535714575,0.43067655807339306,0.20025319549806447,10
how many pathways can be found in a series circuit,0.0,1.0,0.6309297535714575,0.36907024642854247,18
what did gale storm star in,0.1,0.38685280723454163,0.3333333333333333,0.053519473901208314,4
what college did katherine johnson attend,0.35,1.0,1.0,0.5693234419266069,14
synonym for brainstorm,0.9,0.3010299956639812,0.0,0.3010299956639812,1
synonym for brainstorm,0.0,0.6309297535714575,0.38685280723454163,0.2440769463369159,13
police physical test prep,0.7,1.0,1.0,0.36907024642854247,7
what is hardware conflict,0.2,1.0,1.0,0.36907024642854247,17
how much do veneers cost,1.0,0.38685280723454163,0.38685280723454163,0.38685280723454163,1
quatrains definition,0.8,1.0,1.0,0.6437928128919779,5
what does the name axel mean,0.0,1.0,1.0,0.0,21
how much does a psychoanalyst earn in the uk,0.45,1.0,1.0,1.0,12
what are the ingredients in latin american tortilla,0.0,1.0,1.0,0.0,21
is regular milk good for the kidney,0.7,1.0,0.5,0.5,5
cancellous definition,0.45,0.43067655807339306,0.43067655807339306,0.43067655807339306,2
what airport is vko,0.85,0.5,0.5,0.5,4
weather in smokey point wa,0.0,1.0,1.0,0.0,21
how long teeth of kid comes out again,0.95,0.6309297535714575,0.6309297535714575,0.6309297535714575,2
what diseases does st jude treat,0.25,1.0,1.0,0.6437928128919779,16
what college does katie ledecky go to,0.0,0.5,0.3562071871080222,0.14379281289197782,5
weather in cabo st lucas in september,0.85,0.3562071871080222,0.3562071871080222,0.3562071871080222,4
list of cities in arkansas,0.25,0.38685280723454163,0.0,0.38685280723454163,1
list of cities in arkansas,0.2,0.43067655807339306,0.38685280723454163,0.09734322474005974,13
average cost of a stone driveway,0.85,0.6309297535714575,0.6309297535714575,0.6309297535714575,4
does. aginal tightening. work,0.3,1.0,0.6309297535714575,0.5,8
pharmacist degree how many years,0.9,1.0,0.6309297535714575,0.6437928128919779,2
time to bake salmon,0.95,0.5,0.5,0.5,2
"what does a plant based, vegan diet consist of?",0.0,1.0,0.5,0.5,14
is zoro grainger,0.3,1.0,1.0,0.36907024642854247,15
how big is wales,0.0,0.6309297535714575,0.6309297535714575,0.0,21
fee to change a flight on delta,0.0,0.6309297535714575,0.43067655807339306,0.20025319549806447,14
is september autumn,0.25,0.43067655807339306,0.3562071871080222,0.07446937096537087,7
how long to make leaf mulch,0.2,1.0,1.0,0.36907024642854247,17
is torey lanez jamaican,0.25,1.0,1.0,0.5693234419266069,16
cost of ct brain scan,0.1,1.0,1.0,0.5,19
population hillsborough county florida,0.0,1.0,1.0,0.0,21
what benefit does tanf include,0.0,1.0,1.0,0.0,21
system support definition,0.0,1.0,1.0,0.0,21
amazon international phone number,0.95,0.6309297535714575,0.6309297535714575,0.32989975790747633,2
justdial mumbai number,0.0,1.0,1.0,0.0,21
what does flexible seating do for a classroom,0.0,1.0,1.0,0.0,21
days where most drunk drivers,0.9,0.5,0.5,0.5,3
average salary correctional officer,0.5,1.0,1.0,0.6845351232142712,11
what are meta tags used for,0.0,0.3562071871080222,0.3010299956639812,0.055177191444040985,13
what are meta tags used for,0.8,0.6309297535714575,0.6309297535714575,0.2440769463369159,5
names of different skin colors,1.0,0.5,0.5,0.5,1
hof parade schedule of events,0.0,1.0,1.0,0.0,21
is the tassel on the right or left,0.0,0.43067655807339306,0.43067655807339306,0.04382375083885143,16
what city is saint agustin colombia in,0.65,1.0,1.0,0.36907024642854247,8
how much does it cost to get married in a courthouse in nz,0.95,0.43067655807339306,0.38685280723454163,0.43067655807339306,1
what college team did jim kelly play on,0.0,1.0,1.0,0.0,21
is alcohol treatment tax deductable a drug,0.0,0.6309297535714575,0.43067655807339306,0.20025319549806447,3
is spanish moss a plant,0.65,1.0,1.0,0.6845351232142712,8
"what county is mentone, al in",0.75,0.6309297535714575,0.6309297535714575,0.2975964202381242,6
what is a 289 area code,0.95,0.6309297535714575,0.6309297535714575,0.31546487678572877,2
unforeseeable definition,0.65,1.0,1.0,0.5693234419266069,8
what accredited schools offer programs in theology,0.5,0.3562071871080222,0.3562071871080222,0.3562071871080222,11
how long to bake mini cherry pies,0.6,0.6309297535714575,0.6309297535714575,0.27472256646343535,9
is franklin square nassau?,0.75,1.0,1.0,0.36907024642854247,6
receptor in the skin definition,0.3,1.0,1.0,0.6131471927654584,15
does venelex contain trypsin,0.35,1.0,1.0,0.5,14
a mile how many steps,0.85,0.3333333333333333,0.3333333333333333,0.3333333333333333,4
"what county is apache junction, az in",0.35,1.0,1.0,0.5693234419266069,14
endometrial biopsy what tissue,0.85,0.6309297535714575,0.6309297535714575,0.13092975357145753,4
what colleges did shirley chisholm graduate from,0.0,1.0,1.0,0.0,21
can anyone take an early ira withdrawal,0.8,0.5,0.5,0.5,5
what is interface,0.0,1.0,0.43067655807339306,0.5693234419266069,14
what does albuterol mean,0.1,1.0,1.0,0.36907024642854247,19
what are the typical mortgage loan costs,0.2,0.6309297535714575,0.6309297535714575,0.34186492725356965,16
what code section is depreciation,0.0,1.0,1.0,0.0,21
biggest loser glass body fat scale,0.0,1.0,1.0,0.0,21
scabies define,0.6,0.38685280723454163,0.38685280723454163,0.38685280723454163,9
what is badoo,0.95,0.6309297535714575,0.6309297535714575,0.2975964202381242,2
what are the male reproductive system,0.85,0.43067655807339306,0.43067655807339306,0.43067655807339306,4
cost of harvoni cost in egypt,0.0,1.0,1.0,0.0,21
what date is daylight savings time?,0.95,0.31546487678572877,0.31546487678572877,0.31546487678572877,2
ken's food mart st augustine,0.0,1.0,1.0,0.0,21
population density of chile,0.95,1.0,1.0,0.5,2
population density of chile,0.0,1.0,0.6309297535714575,0.36907024642854247,19
what is applied exercise science,0.0,1.0,0.38685280723454163,0.6131471927654584,16
timberwood middle school population,0.0,1.0,1.0,0.0,21
meaning of bough,0.6,0.5,0.5,0.16666666666666669,9
how common is the name kai,0.0,0.3333333333333333,0.0,0.3333333333333333,2
is manor bank only for northumbria,0.95,0.43067655807339306,0.43067655807339306,0.07446937096537087,2
what is a multilayer ceramic capacitor,0.0,1.0,0.38685280723454163,0.6131471927654584,17
what is dj?,0.5,0.6309297535714575,0.6309297535714575,0.6309297535714575,6
what does an geological engineer create,0.75,1.0,1.0,1.0,6
what colony did roger williams found?,0.95,1.0,1.0,1.0,2
what gpa do you need for university of vermont,0.0,1.0,1.0,0.0,21
meaning of word  irritable,0.65,0.6309297535714575,0.5,0.2440769463369159,4
what is a bank BIC code,0.4,0.3333333333333333,0.3333333333333333,0.044268507015445435,13
budgeting definition,0.0,0.43067655807339306,0.0,0.43067655807339306,2
budgeting definition,0.45,0.5,0.3333333333333333,0.16666666666666669,8
most common cause ground beef foodborne illness,0.05,1.0,0.6309297535714575,0.36907024642854247,19
board certified physicians what does it means,0.05,1.0,1.0,0.36907024642854247,20
what is a greek delta,0.4,1.0,1.0,0.5693234419266069,13
what is a console tv,0.85,1.0,1.0,1.0,4
the meaning of travis,0.1,1.0,0.5,0.5,12
meaning of trajectory,0.0,0.5,0.38685280723454163,0.14379281289197782,2
what is a shokunin,0.25,1.0,1.0,0.6437928128919779,16
what division are dodgers in,0.8,0.43067655807339306,0.43067655807339306,0.43067655807339306,5
social; security association,0.0,1.0,1.0,0.0,21
define pas de bourree,0.0,1.0,1.0,0.0,21
tattoos cost average,0.25,1.0,1.0,0.36907024642854247,16
cancer drugs for liver,0.0,0.0,0.0,0.0,21
what does oxygen depleted mean,0.2,1.0,1.0,0.36907024642854247,17
what is advanced dysphagia diet,0.0,1.0,0.6309297535714575,0.36907024642854247,19
what do happy meal cost,0.6,1.0,0.6309297535714575,1.0,5
what is humus made of,0.8,1.0,1.0,0.5693234419266069,5
can pinworms cause diarrhea,0.0,0.43067655807339306,0.43067655807339306,0.04382375083885143,11
highest league batting average ever,0.3,0.6309297535714575,0.5,0.20025319549806447,9
what are amazon's leadership principles,0.0,1.0,1.0,0.0,21
salaries of mega church leaders,0.95,0.5,0.5,0.5,2
what colony ment to land in virginia but got blown off my a storm,0.0,1.0,0.3333333333333333,0.6666666666666667,10
what is crosnes,0.4,0.6309297535714575,0.5,0.13092975357145753,12
what is a lifestyle business,0.95,1.0,1.0,0.6131471927654584,2
what is Drug called CLOZARIL,0.0,0.38685280723454163,0.38685280723454163,0.053519473901208314,11
the name remy means,0.25,1.0,1.0,0.36907024642854247,16
do you write thank you notes for an interview,0.0,1.0,0.38685280723454163,0.6131471927654584,5
ups tracking number track shipments,0.0,0.0,0.0,0.0,21
define estrus period,0.85,0.6309297535714575,0.6309297535714575,0.27472256646343535,4
what is an rtt,0.6,1.0,1.0,0.36907024642854247,9
most popular cities in louisiana,0.05,1.0,0.5,0.5,13
most popular cities in louisiana,0.1,0.6309297535714575,0.43067655807339306,0.20025319549806447,9
what color are biohazardous waste and puncture-resistant sharps containers?,0.85,0.3333333333333333,0.3333333333333333,0.03230333766935212,4
what is a civilian position in the police,0.95,0.3333333333333333,0.3333333333333333,0.3333333333333333,2
what does casen mean,0.35,0.43067655807339306,0.38685280723454163,0.09734322474005974,3
is usher's wife pregnant,0.0,0.6309297535714575,0.6309297535714575,0.0,21
is usher's wife pregnant,0.0,1.0,1.0,0.0,21
what county is winter garden fl ni,0.65,1.0,1.0,0.5,8
the definition for fusion,0.95,0.6309297535714575,0.6309297535714575,0.6309297535714575,2
the definition for fusion,0.3,1.0,1.0,0.5,15
how large is the clothing industry,0.9,0.5,0.5,0.5,3
hep a and hep b vaccine how long does it last,0.7,0.6309297535714575,0.6309297535714575,0.6309297535714575,7
hep a and hep b vaccine how long does it last,0.8,0.3562071871080222,0.3333333333333333,0.3562071871080222,3
what color are mickey mouse's shoes,0.0,1.0,0.38685280723454163,0.6131471927654584,5
what is a capitation,0.55,0.5,0.5,0.5,10
what does an estrogen blocker do,0.0,1.0,0.43067655807339306,0.5693234419266069,6
what does an estrogen blocker do,0.5,0.3562071871080222,0.3562071871080222,0.04074231032229342,11
what is a clairvoyant psychic,0.7,1.0,1.0,0.6845351232142712,7
what does decompensation mean,1.0,0.6309297535714575,0.6309297535714575,0.6309297535714575,1
can low salt cause headache,0.95,0.3333333333333333,0.3333333333333333,0.3333333333333333,2
irs mileage for medical,0.0,0.31546487678572877,0.0,0.31546487678572877,1
what habitat does the opossum live in,0.0,1.0,1.0,0.0,21
what causes pelvic floor pain,0.95,0.43067655807339306,0.43067655807339306,0.43067655807339306,2
what county is cave springs ga in,0.35,1.0,1.0,0.36907024642854247,14
sural nerve is a branch of,0.3,1.0,0.6309297535714575,0.5,10
"what county is delmar, al in",0.0,1.0,0.6309297535714575,0.36907024642854247,17
what is dapper,0.75,0.3562071871080222,0.3562071871080222,0.055177191444040985,6
what is a papyrus tree,0.5,0.6309297535714575,0.6309297535714575,0.31546487678572877,9
what is a papyrus tree,0.75,1.0,1.0,0.6989700043360187,6
what are the college requirements for being a police officer,0.0,1.0,1.0,0.0,21
define altitude,0.45,1.0,1.0,0.5693234419266069,12
endothelium releases what,0.05,0.43067655807339306,0.3010299956639812,0.12964656240941186,11
what color can manganese be,0.0,1.0,0.6309297535714575,0.36907024642854247,19
typology definition,0.1,1.0,0.43067655807339306,0.5693234419266069,6
what creature says precious,0.0,1.0,1.0,0.0,21
how to hook a hammock to a tree,0.05,0.43067655807339306,0.43067655807339306,0.04382375083885143,13
is drysol a prescription,0.0,1.0,0.6309297535714575,0.36907024642854247,17
traffic control device definition,0.0,1.0,1.0,0.0,21
is the basic unit of biological organization of the human body.,0.0,0.0,0.0,0.0,21
central clearance definition government,0.5,1.0,1.0,0.6437928128919779,11
immanuel campus of care,1.0,0.5,0.5,0.06932344192660694,1
definition of coercion,0.35,1.0,1.0,0.36907024642854247,14
what is endocannabinoid system,0.0,0.43067655807339306,0.38685280723454163,0.07446937096537087,1
what are vibes,0.5,1.0,1.0,0.5,11
what brand is embassy suites a part of?,0.85,0.43067655807339306,0.43067655807339306,0.43067655807339306,4
cancer reducing foods,0.95,0.6309297535714575,0.6309297535714575,0.6309297535714575,2
what is a teleplay,0.6,1.0,1.0,0.5693234419266069,9
age of the empire remastered systems,0.0,1.0,1.0,0.0,21
meaning of bouncer,0.9,0.3562071871080222,0.3562071871080222,0.3562071871080222,3
