query_id,Query,Dataset,Failure Type,Doc in Top-5
q_ec96373b313eb89b,definition of vitamin a,ms_marco,Ranking Error,1
q_836645d4f145d36e,how long does it take to refund on a credit card,ms_marco,Semantic Miss,0
q_dd570e2f6f9970ff,what is the statue of on the capitol building,ms_marco,Semantic Miss,0
q_6117b851fe3a4246,absolute return definition,ms_marco,Ranking Error,1
q_378412e3ec9bd065,what is a depository receipt,ms_marco,Ranking Error,1
q_8e5fe566fbe99844,what is renaissance art,ms_marco,Ranking Error,1
q_05ba8fb32611a0c7,bona fide occupational qualification meaning,ms_marco,Semantic Miss,0
q_fc2cda1a43e5df81,what technology is used to detect earthquakes,ms_marco,Ranking Error,1
q_469344b49935a0d5,what does landrace mean,ms_marco,Ranking Error,1
q_a9557d5f9e0fc89d,what is tigernut,ms_marco,Ranking Error,1
q_0c07fc80612ba089,how much do pool pumps cost to run,ms_marco,Ranking Error,1
q_4ae7d3c60c66f86c,generic name for lovaza,ms_marco,Ranking Error,1
q_2e14861492c3740b,The name of the scientist who coined the term cell for smallest living term,ms_marco,Ranking Error,1
q_363c431ead40cb4d,Time off in lieu of overtime meaning,ms_marco,Semantic Miss,0
q_656789d0747c4fb0,age you can shoot at a firing range in usa,ms_marco,Ranking Error,1
q_db677a1db9caf62f,what accounting standards does the netherlands use?,ms_marco,Semantic Miss,0
q_6b214bbe2e12bb44,what does microscopic urinalysis tell you,ms_marco,Ranking Error,1
q_880c7acc86294908,"What, on the part of a teacher, can result in a decrease in student performance",squad,Ranking Error,1
q_816a7892f7541e51,what is the function of the epithelial tissue,ms_marco,Semantic Miss,0
q_7c1f2a986033285e,the constitutional convention definition,ms_marco,Ranking Error,1
q_ff893b1ea76964d4,cost to maintain a reining horse,ms_marco,Ranking Error,1
q_cb086a279418410c,what is the medication apo amitriptyline used for,ms_marco,Semantic Miss,0
q_d01ec70d31b04b69,what does lesion on kidneys mean,ms_marco,Semantic Miss,0
q_90dbbb9e695d3bf5,Another name for the primary visual cortex is,ms_marco,Ranking Error,1
q_808fcbe4b2f69ab6,bitumen temperature range,ms_marco,Ranking Error,1
q_4bf444fdf6a342ad,does a map have to be included in appendix,ms_marco,Ranking Error,1
q_c6dcf1326c0caebb,cost of dental implants in pa,ms_marco,Ranking Error,1
q_46c5f0d401fed126,where is kankerbos grown,ms_marco,Semantic Miss,0
q_c090a2df920e15fc,meaning of the name tyanna,ms_marco,Semantic Miss,0
q_d0d7c09328354088,what does the name macy mean,ms_marco,Ranking Error,1
q_7cf299428f6bfb78,is anti nausea medication safe in pregnancy,ms_marco,Ranking Error,1
q_59ea3d703a3b70a5,what kind of jobs did the anglo saxons have,ms_marco,Ranking Error,1
q_21a1c432bc19ebb5,what are the ingredients in goat milk,ms_marco,Ranking Error,1
q_0378d5dc08f1549c,what blood test is done to check for diabetes,ms_marco,Semantic Miss,0
q_618dae44f0e724b9,what is amyloplast,ms_marco,Ranking Error,1
q_e1365b8320765996,What is contained within the polar body?,ms_marco,Ranking Error,1
q_05c2cf72e5c4d02e,what degree do you need to be an energy engineer,ms_marco,Semantic Miss,0
q_f7ebd3d66ccc32df,sella turcica what is cause by,ms_marco,Ranking Error,1
q_a8b1f4b82a3af53a,asbestos removal cost estimate,ms_marco,Ranking Error,1
q_fcc335b36a4cf70d,causes for kidney stones,ms_marco,Ranking Error,1
q_d2aa754251c32903,how much to pay for drywall work,ms_marco,Semantic Miss,0
q_6c6d89a35000c989,what is snaketown,ms_marco,Ranking Error,1
q_e72228341c2c9518,what did aristotle believe earth was made of,ms_marco,Ranking Error,1
q_83cd776a89091b36,what kind of animal is a penguin,ms_marco,Ranking Error,1
q_6c016a8d3f34c681,what year did color television come out,ms_marco,Semantic Miss,0
q_afabb5e4bbae7b65,twitter do tagged people see protected tweets?,ms_marco,Semantic Miss,0
q_34ce3730ee68f8b1,derived trait definition,ms_marco,Ranking Error,1
q_7d2f43ff01283c81,where can i buy orangina,ms_marco,Ranking Error,1
q_9be93360fd111e7f,"what are NK cells, scientific name",ms_marco,Ranking Error,1
q_b83e5b44b89d69b4,what is bonito flakes,ms_marco,Semantic Miss,0
q_83f7badc75ca029f,how long to cook lamb rack,ms_marco,Semantic Miss,0
q_b2b4bd358a1e3806,do you have to have a special license to be a plumber virginia,ms_marco,Semantic Miss,0
q_c67d94ede9f53107,any penalty for transferring roth ira?,ms_marco,Ranking Error,1
q_f92673d8477081a6,manufacture uses of silicon dioxide,ms_marco,Ranking Error,1
q_6756238fedcfdeb3,what is tcci indicator,ms_marco,Ranking Error,1
q_d258c9607393fbc3,how many hours of college does it take to get an associates,ms_marco,Semantic Miss,0
q_76a5ec76391d72ec,what is a endometrial cyst,ms_marco,Ranking Error,1
q_25af8cf0f05a791e,average time for a cold sore to go away,ms_marco,Ranking Error,1
q_16a68230fce4ac98,the cells of living things are composed of a substance called protoplasm,ms_marco,Semantic Miss,0
q_510747aa15845ea8,oklahoma driver license cost,ms_marco,Ranking Error,1
q_3d2f7311684ae8a1,does eating when drunk sober you up,ms_marco,Ranking Error,1
q_51fd40affff15e2a,what is zestra,ms_marco,Ranking Error,1
q_d3444ca5d2303209,what can you use limoncello for,ms_marco,Ranking Error,1
q_54b124d5ea9e2431,what is the origin of the name cattermole?,ms_marco,Ranking Error,1
q_e803fb6e63148b2d,can naproxen cause blood in urine,ms_marco,Ranking Error,1
q_98319a7d60af2c73,what is the food like in greece,ms_marco,Ranking Error,1
q_f7fffef8ca187383,"In 2007, what was the high end of the salary range?",squad,Ranking Error,1
q_23461388ac2bdedd,is loss of hearing associated with old age,ms_marco,Semantic Miss,0
q_20c20c53729487b3,how much does a notary house call cost?,ms_marco,Semantic Miss,0
q_257fd05527388f49,cushing disease is caused by,ms_marco,Ranking Error,1
q_b8e9cc13ae0221bd,what is psychoanalytic criticism,ms_marco,Semantic Miss,0
q_59edbc10a0eb6d96,how to activate airtel roaming,ms_marco,Ranking Error,1
q_42a8c3ac28b89334,what is cbd good for,ms_marco,Semantic Miss,0
q_297a47d76967eea9,what is normal urine output per hour,ms_marco,Ranking Error,1
q_56abbaea6e81ff2b,what is hypoglycemia mean,ms_marco,Ranking Error,1
q_41597f622b63f8cc,where is oregon located,ms_marco,Ranking Error,1
q_588ab2422ba6f2f2,how much does average engagement ring cost,ms_marco,Ranking Error,1
q_efcbcae82d204a0c,what type of lava comes out of a cinder cone volcano,ms_marco,Ranking Error,1
q_3acbb4cd019cf6b7,what is the average time to cook a pork chops,ms_marco,Ranking Error,1
q_b41538bc278c795c,when was nike founded and by whom,ms_marco,Ranking Error,1
q_4241d7486cdd51b5,how was the first pacemaker made,ms_marco,Semantic Miss,0
q_af54813fedab85ce,does texas require boiler inspections?,ms_marco,Ranking Error,1
q_2791cd7ec60f098e,what apps can i chromecast,ms_marco,Semantic Miss,0
q_4031ee7fb40161d5,what is a tawse,ms_marco,Semantic Miss,0
q_b1aaeb4cfde07392,nitrofurantoin dosage and duration for uti,ms_marco,Ranking Error,1
q_207c08155b8e8f78,what are corals made of,ms_marco,Ranking Error,1
q_71a47eb481650fe0,What kind of phenotype results in a case of incomplete dominance?,sciq,Semantic Miss,0
q_df65cf5a85c04619,statistics on adopting a pet rather than buying,ms_marco,Ranking Error,1
q_bc42640cb333818c,what is the structure of hemoglobin,ms_marco,Ranking Error,1
q_f55e00194cd839e6,what is megahertz a measurement of,ms_marco,Ranking Error,1
q_4be537042ea72867,what does a fractured vertebrae look like?,ms_marco,Semantic Miss,0
q_e03109f443073cfb,how long for food to reach stomach,ms_marco,Ranking Error,1
q_88e3a96236f1e5af,how quickly can you get pregnant after the implant,ms_marco,Ranking Error,1
q_11ed145b91b35ebd,how to renew texas cna license,ms_marco,Ranking Error,1
q_ce80ef4dc0ba4165,"Who was the main crew of Apollo 1, of which they named themselves?",squad,Ranking Error,1
q_ac280d5549c1e853,what is normal range for triglycerides,ms_marco,Semantic Miss,0
q_dc68c14f87cdc9f0,causes of intestinal adhesions,ms_marco,Ranking Error,1
q_e298f035c9a72bea,how to start gypsophila elegans seeds,ms_marco,Ranking Error,1
q_f40ae5fafa366c63,meaning of the name zoey,ms_marco,Ranking Error,1
q_dc9302356fa3abb1,define radical chemistry,ms_marco,Ranking Error,1
q_237fbf49578419ff,how much does the masters payout winnings,ms_marco,Ranking Error,1
q_f74b3c1fa1ffce8b,dna condenses during what phase,ms_marco,Semantic Miss,0
q_ce048a1b1b39f58f,the greatest relative pressure change in sea water takes place between _____ and _____ meters.,ms_marco,Ranking Error,1
q_570971b2a7e3e142,how much does it cost to replace a shingle roof,ms_marco,Ranking Error,1
q_28661d1a536765ca,what are the minerals in our food for,ms_marco,Ranking Error,1
q_be536845bc09a73a,what does night auditor at hotel do,ms_marco,Ranking Error,1
q_95c0eda4c36328e8,what was the sherman antitrust act yahoo,ms_marco,Semantic Miss,0
q_e61966b7e8aa0901,The continent with the largest population is __________.,ms_marco,Ranking Error,1
q_1552162d141bdc92,what is a hip pointer,ms_marco,Semantic Miss,0
q_efb6364f109a7fbb,what is the average cost per muscular disorder,ms_marco,Ranking Error,1
q_0abc42d0f69ebc8e,All chemical changes involve a transfer of what?,sciq,Semantic Miss,0
q_19e790dd7350b0cb,what is a codon,ms_marco,Ranking Error,1
q_ae80ed5f51c86b7e,Why does my pregnant wife have stinky breath,ms_marco,Ranking Error,1
q_17ba147afd5e160f,normal wbc count range,ms_marco,Ranking Error,1
q_8006607050d78569,weighted average price,ms_marco,Semantic Miss,0
q_031426485994988e,a bacterial infection is elevation of what,ms_marco,Ranking Error,1
q_336c98a5461358b3,what is canavan disease,ms_marco,Ranking Error,1
q_8f9c7c940faff335,what time of day is the best time to take clear blue digital pregnancy test,ms_marco,Semantic Miss,0
q_54ffa0e98a99e6dd,Which two compounds did Al-Muwaffaq differentiate between?,squad,Ranking Error,1
q_0ae35af2f76c9c3f,how tall does a child need to be for a booster seat,ms_marco,Ranking Error,1
q_055c3b6c2540a4e0,have much protein should i take a day,ms_marco,Semantic Miss,0
q_39294a4d26491c35,what type of duck is donald duck,ms_marco,Ranking Error,1
q_9fcdeb7e6eb930f8,where is pain from gallbladder,ms_marco,Semantic Miss,0
q_59c34e03a4b2974f,what is a loop current,ms_marco,Ranking Error,1
q_85923b8c8925b541,types of inverted papilloma sinus,ms_marco,Semantic Miss,0
q_d13a426a9efa1a14,what is the role of the medial septum in the brain,ms_marco,Ranking Error,1
q_fb15ce6fe2cf8713,strep throat contagious period,ms_marco,Ranking Error,1
q_778e5941aa965922,is lupus curable,ms_marco,Ranking Error,1
q_0ab2238c071084e8,how much do sales professional at geico make,ms_marco,Ranking Error,1
q_d3c4bf78108508c4,what is the meaning of Tachyglossus aculeatus,ms_marco,Ranking Error,1
q_9a2ccc324acfb32d,What are the two components of a mixture called?,sciq,Ranking Error,1
q_8f8553fff2d7b2ab,what are coplanar circles,ms_marco,Ranking Error,1
q_9b23fdb0c702fdd8,how long can cooked pork be frozen,ms_marco,Ranking Error,1
q_571c8898679e34c7,what is the mountain range in european russia,ms_marco,Ranking Error,1
q_3d7352a53a067690,what are the flavonoids,ms_marco,Ranking Error,1
q_8dce7e39f3f7e301,where is cleethorpes,ms_marco,Ranking Error,1
q_1c473e52f4abdc22,what causes canker sore,ms_marco,Ranking Error,1
q_75d421af731505ce,what is the usb for blue ray player,ms_marco,Ranking Error,1
q_52a015250a7a6641,when did the provisional government fall,ms_marco,Ranking Error,1
q_62fcba414e856a5a,cheese brain means,ms_marco,Semantic Miss,0
q_411884ae422fbf41,adhira name meaning,ms_marco,Ranking Error,1
q_b825941bb2f93928,what are the characteristics of hurricane,ms_marco,Semantic Miss,0
q_8c3bd8d19bf6ee3c,estimated cost to become a pharmacy technician,ms_marco,Ranking Error,1
q_c2066293f0aa10f8,What spiritual significance does the ganges,ms_marco,Ranking Error,1
q_c46c807312818864,who played batman,ms_marco,Ranking Error,1
q_26747896dea7c65b,how often should dogs urinate,ms_marco,Ranking Error,1
q_db1048667f74ff3d,how does calorie compared to a joule,ms_marco,Ranking Error,1
q_415ded7b1638713f,what is Interspecific interaction,ms_marco,Ranking Error,1
q_81fb4015f9f92200,what is the relationship between temperature and altitude,ms_marco,Ranking Error,1
q_614943398116c0c2,are fungi aquatic or terrestrial,ms_marco,Ranking Error,1
q_afb6efe078dd80ff,what is tribulus,ms_marco,Ranking Error,1
q_0b43a9bbd0cff3f4,best temperature to keep a flowerhorn in,ms_marco,Ranking Error,1
q_cfae40f5c2b21bb9,What part of the plant holds the plant upright?,sciq,Semantic Miss,0
q_8a2e6183698032d6,how much digital perm cost,ms_marco,Ranking Error,1
q_a33863f30e2e89ab,lakes around michigan,ms_marco,Ranking Error,1
q_6bf12a12840aa5e5,what are fingernails made of,ms_marco,Ranking Error,1
q_fed3e55b0d2ae593,what is a neutralization reaction,ms_marco,Ranking Error,1
q_98ff5526b495782e,what is the function of the lymphatic tissue that is observed throughout the digestive tract,ms_marco,Ranking Error,1
q_a710569d9f3620a6,where is salalah,ms_marco,Ranking Error,1
q_cb08c7d431d6544f,What organ breaks down excess amino acids and toxins in the blood?,sciq,Semantic Miss,0
q_6b067d5ec6fa6ba9,Antibiotic drugs are usually effective in treating what kind of infections?,sciq,Ranking Error,1
q_a132390908600290,who wrote purple rain lyrics,ms_marco,Ranking Error,1
q_227df23d47566188,cost to demolish a house,ms_marco,Ranking Error,1
q_a6d5ff3a4a409d7d,what is stigmatization,ms_marco,Ranking Error,1
q_96c07ae7bf72ff75,where does the name morag originate from,ms_marco,Semantic Miss,0
q_523644a162ad0c7c,what is strategic initiative,ms_marco,Ranking Error,1
q_5602d128ec912b19,how do you make graphs in excel,ms_marco,Ranking Error,1
q_d3439d77869356cc,is a savanna a biome,ms_marco,Semantic Miss,0
q_4c31df89f7c21c5f,how to get a real estate license in alabama,ms_marco,Ranking Error,1
q_06dd88e2b9a235e9,what is RBC in blood test,ms_marco,Ranking Error,1
q_f184313d4498024e,what kind of economy does china have,ms_marco,Semantic Miss,0
q_6d08b7e222f7da78,surname shiraishi name origin,ms_marco,Ranking Error,1
q_1b787a9b4e0fc98c,what is clitoridectomy,ms_marco,Ranking Error,1
q_5581d07642d05962,what is manipuri language,ms_marco,Ranking Error,1
q_47a83a22b52920d3,how long do you keep your baby in an infant car seat,ms_marco,Semantic Miss,0
q_57573bce863d4e64,what are the misc files on my phone,ms_marco,Ranking Error,1
q_90030644f2f865dc,chromosome translocation definition,ms_marco,Ranking Error,1
q_33e6f6055b2a5e98,is histology also known as microscopic anatomy,ms_marco,Ranking Error,1
q_ed6544894003851a,where is majorca,ms_marco,Ranking Error,1
q_7a77d894f347f266,who created the tesla car,ms_marco,Semantic Miss,0
q_3f266aaca51857d7,average precipitation in tropical seasonal forest,ms_marco,Ranking Error,1
q_09a94bf06b89a6b0,long long before a mot is due can it be done,ms_marco,Ranking Error,1
q_b75c2ce18349bd16,What are organisms that eat just one type of food?,sciq,Ranking Error,1
q_17c1439e5b2c7126,what year did the battle of gettysburg take place,ms_marco,Ranking Error,1
q_5f5157891992d1f7,psyllium husk uses,ms_marco,Ranking Error,1
q_7a3efef58beffc82,why does it say that JFK started affirmative action,ms_marco,Semantic Miss,0
q_a1d8327f9debbaf7,where was rev david cooper of unst brought up,ms_marco,Ranking Error,1
q_befd59457eae029b,sigmoidoscopy preparation,ms_marco,Ranking Error,1
q_c4236e227c1a5dde,is zirconium oxide toxic,ms_marco,Ranking Error,1
q_9111c2d8595610dc,larissa name meaning wikipedia,ms_marco,Ranking Error,1
q_700c473aac2cdc64,Render the widget.,code_search_net,Ranking Error,1
q_87fa557035cec303,average temperature in virginia in winter,ms_marco,Ranking Error,1
q_9ed839c4e343453e,where do joints occur,ms_marco,Ranking Error,1
q_93be9d7d5872fd09,how much does it cost to patent an idea,ms_marco,Semantic Miss,0
q_93ca81130fda002c,what are the bad sugars called,ms_marco,Ranking Error,1
q_6a35c8c105d7b106,name meaning of kaylyn,ms_marco,Ranking Error,1
q_2056128268c4b122,proteins are synthesized (made) at what organelle in the cytosol,ms_marco,Ranking Error,1
q_5f5876700d40dc63,psychology identification examples,ms_marco,Ranking Error,1
q_1b5218663dd90e74,how long to cook pork ribs in oven wrapped in foil to cook fast,ms_marco,Semantic Miss,0
q_d6710e26affbb06c,which kingdoms have a true nucleus,ms_marco,Ranking Error,1
q_fff581c4aec86f29,tartrazine what is it,ms_marco,Semantic Miss,0
q_1ccb3b825bde715a,what kingdom possess a nervous system,ms_marco,Ranking Error,1
q_db3cc280a6aa9bb1,what age should a dog be spayed,ms_marco,Ranking Error,1
q_5babaa1a6741e898,are drawings taxed?,ms_marco,Ranking Error,1
q_36a6c0d726aa6fec,what type of membrane secretes mucus,ms_marco,Ranking Error,1
q_49441d17ef1813d7,what is the nearest point between vancouver island & the mainland,ms_marco,Semantic Miss,0
q_18fbb246d391b28d,how long does it take sausages to cook,ms_marco,Ranking Error,1
q_cd1d298f9a1dfb01,is dunite extrusive or intrusive,ms_marco,Ranking Error,1
q_9a5fc341c2645248,what is the definition of the name norval,ms_marco,Ranking Error,1
q_1fe6b66ad4d24da9,how to get index value of list in collection by passing a value in java,ms_marco,Semantic Miss,0
q_0d7f53f9c88a31d3,salary of a neonatologist in louisiana,ms_marco,Ranking Error,1
q_04666b4d816dc21f,what does the frontal sinus do,ms_marco,Ranking Error,1
q_932504b1cd9a7f90,what made anzac cove so important,ms_marco,Ranking Error,1
q_568e8553cbd4dac1,what is potassium nitrate found in,ms_marco,Ranking Error,1
q_b71d4c86a8403f5c,how to choose fertilizer for a vegetable garden,ms_marco,Ranking Error,1
q_3b670cdf8e77fdde,what makes you an independent student for financial aid,ms_marco,Semantic Miss,0
q_e1b7d8752199fd05,how much do attorneys charge to register a trademark,ms_marco,Ranking Error,1
q_970f02e31e92bb26,salary of a pilot english money,ms_marco,Ranking Error,1
q_74514b34da8e8956,what are scientific uses for carbon,ms_marco,Semantic Miss,0
q_4013375ccecfc03e,Boundary definition,ms_marco,Ranking Error,1
q_7d7a0596cffffe4e,Who did Emma Marry?,squad,Ranking Error,1
q_1d20c8facf6e6b88,what is blood pudding in ireland,ms_marco,Ranking Error,1
q_c21e7cd0011a065b,each state is guaranteed how many representatives what is representation based on,ms_marco,Ranking Error,1
q_02192c19e389f6c7,what is mercedes kompressor,ms_marco,Ranking Error,1
q_efc18df13990281c,what is the function of the nephron,ms_marco,Ranking Error,1
q_c1df520bb58ba838,average cost for cement driveway and walkway,ms_marco,Ranking Error,1
q_e9107f4987b5a3c9,what is enu,ms_marco,Ranking Error,1
q_b39581ea99d198bf,average to get into harvard,ms_marco,Ranking Error,1
q_567fe1270c175426,food borne diseases could be caused by consuming food which contains,ms_marco,Ranking Error,1
q_84a96b70ed7eeed2,what determines social security disability,ms_marco,Ranking Error,1
q_4d09a4e1badc10ca,what is structural functionalism used for,ms_marco,Ranking Error,1
q_15190176c1e1575e,what is rodelle vanilla,ms_marco,Ranking Error,1
q_23cc55ac05347d10,organism that causes paralytic shellfish poisoning,ms_marco,Semantic Miss,0
q_b2b67132cea2c66d,how fast do pike grow,ms_marco,Ranking Error,1
q_406c4458b7c9059c,the graduate symbolism water,ms_marco,Ranking Error,1
q_04c5ef92b7cf722b,where is esophagus located,ms_marco,Ranking Error,1
q_1be2988f34d551e2,what does eccentric mean in anatomy,ms_marco,Ranking Error,1
q_5b29bd570c0d13df,why did they build the great wall of china ad,ms_marco,Ranking Error,1
q_d198ed820a842f6d,what does sodium chloride inhibit,ms_marco,Ranking Error,1
q_4083d3c4d5b95254,why is destination marketing important,ms_marco,Semantic Miss,0
q_235ab84c29e85147,how long does it take broken glass to decompose,ms_marco,Semantic Miss,0
q_aaaec5322118093b,average cost for cat to be spayed,ms_marco,Ranking Error,1
q_d3939da53e19870f,female five weeks after birth height,ms_marco,Ranking Error,1
q_e050b3e754b6e562,what is pans disease,ms_marco,Ranking Error,1
q_37d7eae33b5fb707,what age do a babies need interaction with other babies,ms_marco,Ranking Error,1
q_b4dd479bfb752dab,what is sirtaki,ms_marco,Ranking Error,1
q_b65fa1d54281db5c,what was tom roberts known for,ms_marco,Ranking Error,1
q_e7365501ce23e13c,average temperature in memphis early november,ms_marco,Ranking Error,1
q_78cc516e6b44f317,how much do hobby lobby employees make an hour,ms_marco,Semantic Miss,0
q_823668894f4628aa,antibiotics commonly prescribed for ear infections,ms_marco,Ranking Error,1
q_835a707ccf89210e,what are ornamental plants,ms_marco,Ranking Error,1
q_d8a886f3f7d684f3,how much should san storage cost per tb,ms_marco,Ranking Error,1
q_f1ec39876863deb1,what does potassium mean,ms_marco,Ranking Error,1
q_d03e9698fc3956a7,how much does a afghan hound cost,ms_marco,Ranking Error,1
q_be69fc9deeaed959,what is towie,ms_marco,Ranking Error,1
q_8df4fa956cedaae5,in what form pension is reported,ms_marco,Semantic Miss,0
q_4effd757f3f7e9c7,what are the uses for liquefied natural gas,ms_marco,Ranking Error,1
q_fb29f40fa9db7553,what is demographic segmentation definition,ms_marco,Ranking Error,1
q_2d768fbd6d6791fe,what is a sensory homunculus,ms_marco,Ranking Error,1
q_8989f2ccef245eff,what is as good as a proton pump inhibitor,ms_marco,Semantic Miss,0
q_81164a6625b02fda,where was zama located,ms_marco,Ranking Error,1
q_0a3c00c81d3dd6f3,when did the triceratops appear in the fossil record,ms_marco,Semantic Miss,0
q_82076705349803fc,why is msg unhealthy,ms_marco,Ranking Error,1
q_c877a392abc35714,what is a desert biome,ms_marco,Ranking Error,1
q_a4afc78fafffe728,can grapes cause canker sores,ms_marco,Ranking Error,1
q_d9e2cd2516026778,meaning of the name vega,ms_marco,Ranking Error,1
q_7c142b9ade634b99,where do common spider crabs live,ms_marco,Ranking Error,1
q_097df1b4f8262a10,why did charles bukowski write dirty realism',ms_marco,Ranking Error,1
q_94a8d24d8754476f,what causes particle separation in a concrete mix,ms_marco,Ranking Error,1
q_10c8859af431360d,what is chemical Glyphosate used for,ms_marco,Semantic Miss,0
q_bf020157be9c3a55,dimensions of a square acre in feet,ms_marco,Ranking Error,1
q_75de50198a9cbd9a,what are cfl bulbs made of,ms_marco,Ranking Error,1
q_b76438832cdbbe3d,lancelot definition,ms_marco,Semantic Miss,0
q_790a6be9a4982146,what legislation was passed due to civil rights movement,ms_marco,Ranking Error,1
q_799a8ab0e46b38c9,is suboxone an opiate,ms_marco,Ranking Error,1
q_cb05af97d6febd5d,asa hutchinson was elected governor in,ms_marco,Ranking Error,1
q_16e217aa0a09154d,how to remove white rings from wooden furniture,ms_marco,Ranking Error,1
q_507d9d035572bd80,what is the meaning of something inside so strong,ms_marco,Ranking Error,1
q_170c9370f1af49ce,meaning of LaBlanche name,ms_marco,Ranking Error,1
q_02536020ddbe84d2,how do i stop my iphone from updating,ms_marco,Ranking Error,1
q_d50b2a725c8a928f,how to keep keyboard to bottom of screen of acer iconia,ms_marco,Ranking Error,1
q_ce0f3be3ae9005da,where is the volcano popocatepetl located in mexico,ms_marco,Ranking Error,1
q_6088fff5cf1d3c61,what is absolute word in real estate,ms_marco,Ranking Error,1
q_1cf438acbfdc0e2e,how long of not getting pregnant should you go to the doctor,ms_marco,Ranking Error,1
q_c31b1c289495c1d1,how to get loose motion,ms_marco,Ranking Error,1
q_5cd46fdac8703435,A polysaccharide that is used for storing energy in human muscle and liver cells is __________.,ms_marco,Ranking Error,1
q_409816cf15ad4a1d,where is alicante located,ms_marco,Ranking Error,1
q_86bc04d51049f05d,funding fee deductible,ms_marco,Ranking Error,1
q_86eaf9ae547f6ab4,What scale measures acidity?,sciq,Semantic Miss,0
q_be3b08938e477960,what is causing school segregation,ms_marco,Semantic Miss,0
q_af9368ff9f5749bb,how much does the average rn make per year,ms_marco,Semantic Miss,0
q_0122219eddc0e6a0,what does ibg stand for banking,ms_marco,Ranking Error,1
q_fdae0ecf4aca44cc,what was the number of prisoners in the dachau concentration camp,ms_marco,Ranking Error,1
q_99ad35823c86225b,what does filament do,ms_marco,Ranking Error,1
q_14c93ce02c62b2ea,how much per square foot to install acoustical ceiling,ms_marco,Ranking Error,1
q_ae5917a639185245,song of joy meaning of name,ms_marco,Ranking Error,1
q_eb4011c5962f0049,what organ does a cardiologist specialize,ms_marco,Ranking Error,1
q_e8a2316c609f342a,who sings the song wild horses,ms_marco,Semantic Miss,0
q_b278efdece2f5332,what is food technology,ms_marco,Ranking Error,1
q_412058db320e0dee,what is bibingka,ms_marco,Ranking Error,1
q_1aaa4f938670b96e,what is a mcp disease,ms_marco,Ranking Error,1
q_e0879c12e8b5f38c,when was the ottoman empire at its height,ms_marco,Semantic Miss,0
q_de553eca9c602b61,what is the thailand land like,ms_marco,Ranking Error,1
q_1716c6a0d9ef9cef,what is a trading symbol,ms_marco,Ranking Error,1
q_6a6f929b1f33e0ff,what is a rita municipality,ms_marco,Ranking Error,1
q_24f1612d18289edb,what is the sed rate test,ms_marco,Ranking Error,1
q_bd9711589b21f6ac,where is marco island florida located,ms_marco,Ranking Error,1
q_11f36208643950bf,how much paint is needed for a fence,ms_marco,Ranking Error,1
q_4c8fc2c77ca0a741,what is the form of the raven,ms_marco,Ranking Error,1
q_622a7e3101dd672d,what similar strategies did leaders in germany,ms_marco,Ranking Error,1
q_4ec6af6812c0e94a,canada do you have to file a tax return,ms_marco,Ranking Error,1
q_1c827c05bb1c7f67,jayaprada husband name,ms_marco,Ranking Error,1
q_043db9e33be7b777,are akitas good family dogs,ms_marco,Ranking Error,1
q_baff771dda9c8b28,UCF tuition per credit hour,ms_marco,Ranking Error,1
q_d8e4bfa91e064320,what is meloxicam for,ms_marco,Semantic Miss,0
q_af73f41a1f6e3c01,what do I need to notify the social security about naturalization,ms_marco,Ranking Error,1
q_a3b50dcc98c303e7,major landforms of the amazon rainforest,ms_marco,Ranking Error,1
q_8ae280bd9cca0697,what is the saltatory conduction,ms_marco,Ranking Error,1
q_6cb80badc425c401,what is copd disease,ms_marco,Ranking Error,1
q_0fb5d5c3d1b9a106,how long does a dog bleed during a heat cycle,ms_marco,Ranking Error,1
q_4fb9c11a24e64d28,what are the organs in the muscular system,ms_marco,Ranking Error,1
q_6a6bec7acacc41e8,disadvantages mmr vaccine,ms_marco,Ranking Error,1
q_53650cef3d05c0d2,what is iberian peninsula,ms_marco,Ranking Error,1
q_d265321407dc2a3e,What was the given name of Miami's stadium at the time of Super Bowl 50?,squad,Ranking Error,1
q_3f9f8575ad3ca195,meaning of the name darcy,ms_marco,Ranking Error,1
q_1a10773fd328066a,what is pycnogenol powder,ms_marco,Ranking Error,1
q_9497a6f69cfc15e7,what are the disadvantages of silk,ms_marco,Ranking Error,1
q_3276b5f0c3eaa2cb,Liquid Measurements Metric,ms_marco,Ranking Error,1
q_789a587892ac539b,what does Claré means,ms_marco,Ranking Error,1
q_f1bab8b850ab3aeb,what is genitourinary tract,ms_marco,Ranking Error,1
q_dfc509680964468a,what is dracaena plant,ms_marco,Semantic Miss,0
q_fb388fbb26cabb60,what is inside a cyst,ms_marco,Ranking Error,1
q_297fca4b90cc4dd9,what is a member benefit coordinator,ms_marco,Ranking Error,1
q_05395fed99c8f352,how long is a ladybug's life cycle,ms_marco,Semantic Miss,0
q_d09f3bc56c860084,are aries and cancer signs compatible,ms_marco,Ranking Error,1
q_6faf609426b1b33e,what career path does a medical assistant have,ms_marco,Ranking Error,1
q_b91b7f012dab436c,tsavorite meaning,ms_marco,Ranking Error,1
q_c670200e49b05938,how to calculate spine of book,ms_marco,Semantic Miss,0
q_3983ef92910922b0,can i sue the government in small claims court,ms_marco,Ranking Error,1
q_6c738e88f9d05859,what are pickles good for,ms_marco,Ranking Error,1
q_cd71f53e258e36c6,what is msm powder,ms_marco,Ranking Error,1
q_f49839f54825a71e,what defeats rock type pokemon,ms_marco,Semantic Miss,0
q_94536f6c5573b71d,how to get rid of grey hair naturally at home,ms_marco,Semantic Miss,0
q_73c6396e210c96c0,are papillons hypoallergenic,ms_marco,Ranking Error,1
q_a4a5e73caa0efc85,What was the last name of the designers of Newcastle's library?,squad,Ranking Error,1
q_16c9379de46cd2ab,how long does pork last in fridge,ms_marco,Ranking Error,1
q_69b02210b11d324e,who does the dod oversee,ms_marco,Semantic Miss,0
q_200229453bd7d71a,unit charge definition,ms_marco,Ranking Error,1
q_b13e9cece590f08b,procedural committee definition,ms_marco,Ranking Error,1
q_ff42314efd9dcae2,how much is lipscomb university tuition,ms_marco,Ranking Error,1
q_06769b02b93fcd0c,is sesame a legume,ms_marco,Ranking Error,1
q_92fb075df3c58858,what is tectyl coating,ms_marco,Semantic Miss,0
q_e6a1c69b42767a26,the brain is made up of about nerve cells,ms_marco,Ranking Error,1
q_b7e93cff3f078689,harmful effects of microorganisms to plants,ms_marco,Ranking Error,1
q_4e554952e11a8e03,"Thesis, antithesis, synthesis is also known as",ms_marco,Ranking Error,1
q_1bfeb918ac3fa1ce,what is waste water plant effluent,ms_marco,Semantic Miss,0
q_69fcd2d4d81078dd,is pleurisy contagious,ms_marco,Ranking Error,1
q_5bbba321156b7adc,do employer rrsp contributions count as income,ms_marco,Ranking Error,1
q_21009470ce4f401a,what is meter in literature,ms_marco,Ranking Error,1
q_b8c7f12ad96eb1a1,what is thyroid eye disease,ms_marco,Semantic Miss,0
q_17592502a69d9ee6,what are phoenicians in ancient history,ms_marco,Ranking Error,1
q_ab0b6a10fe70abfc,total carbs per day,ms_marco,Semantic Miss,0
q_edfba9f72befbdd1,slate roof cost,ms_marco,Ranking Error,1
q_ee0c6e26c1db3514,how much does it cost to change a jetblue flight,ms_marco,Ranking Error,1
q_ac5763bdf9f4d842,what are curcuminoids,ms_marco,Ranking Error,1
q_967b0081f01a9d83,what is dimeric,ms_marco,Ranking Error,1
q_027eca3ae45d9b95,what is balik ekmek,ms_marco,Semantic Miss,0
q_5b44c7e9131e0c38,What does 'Pax Mongolica' mean?,squad,Ranking Error,1
q_53a8ad69c970173f,what are alcoholic spirits,ms_marco,Ranking Error,1
q_ac216f7ce4ac0e04,how do i turn off frequently visited sites on my ipad,ms_marco,Semantic Miss,0
q_26561d411fce3f3c,what is purines,ms_marco,Ranking Error,1
q_d7a443168a7bd52c,Peform build.,code_search_net,Ranking Error,1
q_b60da21210ad648f,what kind of dogs are boxers,ms_marco,Semantic Miss,0
q_eca233224541fd1c,how long does it take for a college refund check to get mailed,ms_marco,Ranking Error,1
q_ce8d15fc1597f143,what phylum and class is a sea pork,ms_marco,Ranking Error,1
q_fb51dcef68dcddc8,how much does webydo cost,ms_marco,Ranking Error,1
q_ee6aef4220cf2b5f,how long does it take to charge a panasonic camera battery,ms_marco,Ranking Error,1
q_1dcf6f7908e1ac4b,how is the alveolar structure related to its function,ms_marco,Ranking Error,1
q_d8a07d7e3ff02f52,is graphite conductive,ms_marco,Ranking Error,1
q_5a9fff773ce0164d,what do sensory nerves do,ms_marco,Semantic Miss,0
q_a103e7fad1bb9ed9,Is Polyvore a Store,ms_marco,Ranking Error,1
q_9eea092ef10ed7af,how much is a kitchen remodel,ms_marco,Ranking Error,1
q_2af39e31d3fdc5dd,how much does it cost to paint kitchen cabinets,ms_marco,Ranking Error,1
q_afdd19c163bac126,bad behaviour in schools statistics,ms_marco,Semantic Miss,0
q_8e2b77a98f07b0fe,what does multicast querier mean,ms_marco,Ranking Error,1
q_63360dc7317eee57,organelle responsible for aerobic cellular respiration,ms_marco,Ranking Error,1
q_15e3acdeef77ccc2,how is a cyclone measured,ms_marco,Semantic Miss,0
q_b2e0ae5201f282bc,how do i know what amount of caffeine is right for me,ms_marco,Ranking Error,1
q_e44e6dcd9e91c62d,concrete cost per yard,ms_marco,Ranking Error,1
q_6daa3974c785cfc6,how long does a cat pregnancy last,ms_marco,Ranking Error,1
q_b8b8430c30ce532c,average us employee salary,ms_marco,Ranking Error,1
q_c968039d2cfe50dc,what does coagulase do,ms_marco,Semantic Miss,0
q_72590c9334109e47,what is antimony pentafluoride used for,ms_marco,Ranking Error,1
q_202a80fc5e418b55,can too much orange juice make you sick,ms_marco,Ranking Error,1
q_e99131b128b06689,what are geodes,ms_marco,Semantic Miss,0
q_9aa7aeeade10220f,what is the highest mountain of ireland,ms_marco,Ranking Error,1
q_c5a5e032760a0009,how to get spin from a wedge shot,ms_marco,Ranking Error,1
q_123cd5425a1fe7a7,what is a hookah used for,ms_marco,Ranking Error,1
q_91e6de00331b3a6d,temperature at which gasoline will ignite,ms_marco,Semantic Miss,0
q_45e34c8e16d8271f,Bog destruction in scotland is an example of the widespread loss of what kind of habitat?,sciq,Ranking Error,1
q_f36c15b458fa0f6c,why was archduke shot,ms_marco,Semantic Miss,0
q_b3f529ba7b600a05,types of technologies used in business,ms_marco,Ranking Error,1
q_597db448bfe2de93,where is the prefix gynéco- derived from,ms_marco,Ranking Error,1
q_696149f68d69c0bd,how much does a vic check cost,ms_marco,Ranking Error,1
q_9a07c1dfb1b63d15,what materials is made of weathered rock,ms_marco,Ranking Error,1
q_a6f022bd32a2d5fd,where does the name lantana come from,ms_marco,Semantic Miss,0
q_28c09bb3317cecbe,cells where genetic material that is not contained in a nucleus,ms_marco,Ranking Error,1
q_126c9c2babec9c3d,What does zhèng mean?,squad,Ranking Error,1
q_4315ce71adda673b,what removes mold from roof shingles,ms_marco,Ranking Error,1
q_26f1d3c705fdd9cf,cost to attend GCSU,ms_marco,Ranking Error,1
q_84165f521a4513d0,average salary for a pediatrician in florida,ms_marco,Ranking Error,1
q_b830755444d9704f,different types of helminth worms,ms_marco,Ranking Error,1
q_390b17eb88138960,what is a mitral valve defect,ms_marco,Semantic Miss,0
q_1decf1a1d1fb04f9,cost of gyprocking a house,ms_marco,Ranking Error,1
q_a76c35046673f1ac,what is parkerized finish,ms_marco,Semantic Miss,0
q_0ecfbbe031bbe296,what is a QTL,ms_marco,Ranking Error,1
q_4ca56d0c5f8d2ba3,temp to bake boneless skinless chicken thighs,ms_marco,Ranking Error,1
q_94da50cdf720351c,what is the range for normal blood glucose levels,ms_marco,Ranking Error,1
q_223864282841d99f,how much income can you make and still contribute to an ira,ms_marco,Ranking Error,1
q_7581cdd83c7ec5df,can you carry hair gel on a plane,ms_marco,Ranking Error,1
q_31789a80f35d8821,what is single malt whisky,ms_marco,Semantic Miss,0
q_e933b84ce6038327,where are puffins from,ms_marco,Ranking Error,1
q_a2735aec7c97ad25,how much is pregnancy period in dogs,ms_marco,Ranking Error,1
q_635c1086443bf4bb,What fluid is most prevalent in your body?,sciq,Ranking Error,1
q_0f5cf0dd2ddef459,do i need an esta to drive from canada to usa,ms_marco,Ranking Error,1
q_57a2d425786fb1f3,what does ana blood test for,ms_marco,Ranking Error,1
q_3be6961fbc9f3454,cystic fibrosis location of genetic cause,ms_marco,Ranking Error,1
q_a0743d004f40429b,what is a goddess,ms_marco,Ranking Error,1
q_2c500236e3b97bd5,what are the causes of shortness of breath,ms_marco,Semantic Miss,0
q_86f4ae8ead58eac6,what does an HR coordinator do,ms_marco,Ranking Error,1
q_bf8de9894e2f5da6,fan motor cost for air conditioner,ms_marco,Semantic Miss,0
q_f096c82c98f302db,what is a bandog,ms_marco,Ranking Error,1
q_8307916433e24d42,sr benefits analyst salary,ms_marco,Ranking Error,1
q_189528d38db1c5e4,what are the mammary glands of the female,ms_marco,Ranking Error,1
q_ede5f91f755cf918,cost to drywall a room,ms_marco,Semantic Miss,0
q_5449ad0d36eac6e7,what does resetting your network settings on iphone do,ms_marco,Ranking Error,1
q_203c45efe70277da,what was darwin greatest scientific contribution to evolutionary theory,ms_marco,Ranking Error,1
q_3935aa2ad8ce6aa5,where are Persians from,ms_marco,Ranking Error,1
q_4bc2f68df962642b,what happens to cookies with too much baking soda,ms_marco,Ranking Error,1
q_c666bdbf17762866,what are the major organs in the respiratory system and their functions,ms_marco,Ranking Error,1
q_5f21402fae8b2865,when was the rabbit first introduced to australia,ms_marco,Ranking Error,1
q_70c121a313996e58,where does graphite come from,ms_marco,Semantic Miss,0
q_5d242a7cc8f21297,what disease is classified hiv,ms_marco,Ranking Error,1
q_ed1cf2aab2ac16d5,what is a moonroof,ms_marco,Ranking Error,1
q_d178d54d32f9ba90,what is PVF meaning,ms_marco,Ranking Error,1
q_2ef52faa35ff0c1e,how long chicken eggs incubate,ms_marco,Semantic Miss,0
q_bbed692299607143,Which type of livestock was the argricultural region known for?,squad,Ranking Error,1
q_2864f799830ddf5e,what is pravastatin,ms_marco,Ranking Error,1
q_13fb4938c98c3c68,where is benidorm the programme filmed,ms_marco,Ranking Error,1
q_3fc89d48281297f7,what does soil pollution happen,ms_marco,Ranking Error,1
q_bd8534199c9b4616,what do the kidneys do in the digestive system,ms_marco,Ranking Error,1
q_b7fe682171887bfb,启动队列服务[开发中],code_search_net,Ranking Error,1
q_296bb46a04c4ce16,how much does an estate lawyer cost,ms_marco,Ranking Error,1
q_b1dd98670efd4f79,show calculation celsius to kelvin,ms_marco,Ranking Error,1
q_64101698c6f7d0b2,dangers of taking wellbutrin,ms_marco,Ranking Error,1
q_6b911dcd47b595b3,Who is most likely to be doing formal teaching?,squad,Ranking Error,1
q_18cb3b99cdeb8cb5,medical definition lateral,ms_marco,Ranking Error,1
q_378ac62034502be4,what are the organisms classified in the phylum chordata,ms_marco,Ranking Error,1
q_4ccbea6474a52317,what are nerve reflexes,ms_marco,Semantic Miss,0
q_69c6669e40bd58ce,causes of dysuria,ms_marco,Ranking Error,1
q_f500ad6fa8441ec8,what tissues are plants covered in,ms_marco,Semantic Miss,0
q_632790c886b3ad1c,how long cook a baked potato in the oven,ms_marco,Ranking Error,1
q_e04e3d90e64e22a3,what is nunavut,ms_marco,Ranking Error,1
q_09d6a35abd582e54,what ethnicity is actor christian keyes,ms_marco,Ranking Error,1
q_dcd2788d1662aa3a,where can the opal stone be found,ms_marco,Ranking Error,1
q_ee5d617fc425ad60,how many calories in idli,ms_marco,Ranking Error,1
q_924ef76ba3eed4fa,What happened to his lab?,squad,Ranking Error,1
q_a079f5f91306f807,what is a birthstone,ms_marco,Ranking Error,1
q_a05536c5adb58969,how thick does concrete have to be for a driveway,ms_marco,Semantic Miss,0
q_e7fe814d7f1c5f15,what will happen if i put egg in my hair,ms_marco,Ranking Error,1
q_f693eb84f2769951,"Fractures, rickets, and osteoarthritis all affect what part(s) of the body?",sciq,Semantic Miss,0
q_ea54e73894a0e04e,what is histiocytoma,ms_marco,Ranking Error,1
q_88b19efa7e12e210,salary by job australia,ms_marco,Semantic Miss,0
q_735be7cab41251d5,what was the purpose of the first continental congress,ms_marco,Ranking Error,1
q_3fab03cc9c14950f,cost to put a child up for adoption,ms_marco,Ranking Error,1
q_bcf9f24b3eb94055,what is felony misdemeanor,ms_marco,Ranking Error,1
q_af5c207bd570a9f0,what do mri detect,ms_marco,Ranking Error,1
q_dff2b4cf53ac4b5d,why do cells need atp,ms_marco,Ranking Error,1
q_28b7e96a79bf6892,what is etoh,ms_marco,Ranking Error,1
q_64e6823785c40576,average cost of shock and strut replacement,ms_marco,Ranking Error,1
q_18bafeb66647bfe2,meal costs in usa,ms_marco,Ranking Error,1
q_5c7c2f6d1da944dc,calories in a medium pear,ms_marco,Ranking Error,1
q_a12319c29a32fe94,what is the biggest rainforest in the world,ms_marco,Semantic Miss,0
q_af8a77d07b660035,what is landline telephone,ms_marco,Ranking Error,1
q_09589dafa432f701,how to apply for ca nursing license,ms_marco,Ranking Error,1
q_20a7f117e6674f8a,what does commercial liability insurance cover,ms_marco,Ranking Error,1
q_e0459eeaf9372611,randa name meaning,ms_marco,Ranking Error,1
q_42cd372ed143d504,how much more sap will a vacuum system produce,ms_marco,Ranking Error,1
q_f479f02866d0f18c,how long can pizza sit out for,ms_marco,Ranking Error,1
q_108732b3a797173b,why are savannas located where they are,ms_marco,Ranking Error,1
q_d79a3650ea4d5b4a,facade definition dictionary,ms_marco,Ranking Error,1
q_7b94230318b7b135,who is the secretary of state on house of cards,ms_marco,Ranking Error,1
q_f591ff976308be36,can leopard geckos dig,ms_marco,Ranking Error,1
q_6f06e0b21ffddddc,What is another term for Tesla's visualization ability?,squad,Ranking Error,1
q_ce39c62bea8a79b1,how long should i keep insurance eobs,ms_marco,Ranking Error,1
q_d208d44c6ac86d4c,What do Beriods use as teeth?,squad,Ranking Error,1
q_e0be80072e3e41b2,what does signior mean,ms_marco,Ranking Error,1
q_229002bde7f65bf7,how much would it cost for dog training for pups,ms_marco,Ranking Error,1
q_757213b7441ecca6,what is turmeric in ayurvedic treatment,ms_marco,Ranking Error,1
q_15f3d4e5ff4b222d,what are gelatin made of,ms_marco,Ranking Error,1
q_10abcaba5e88c045,what does a radiology technician do,ms_marco,Ranking Error,1
q_6e54fbbe2fc160db,how deep should soil be to plant vegetables in a planter box?,ms_marco,Ranking Error,1
q_b70b8460d71f7f70,r'^[+-]$,code_search_net,Ranking Error,1
q_92c243403431a8aa,how does the eighth amendment protect prisoners,ms_marco,Semantic Miss,0
q_3eb998e2411aec56,what is a dogo dog breed,ms_marco,Ranking Error,1
q_adff9de8856e4aa6,how long does it take for thyroid medication to work,ms_marco,Ranking Error,1
q_69ce189f7c40cadd,what is procurement analytics,ms_marco,Ranking Error,1
q_923d46d89bbb8275,can i transplant a conifer tree,ms_marco,Semantic Miss,0
q_fa74f551b6c02c9b,how much do massage therapists make at a spa,ms_marco,Ranking Error,1
q_1e1c76ade7dbe214,causes of hepatitis c,ms_marco,Ranking Error,1
q_d9981b7bdc64f106,oceanic crust made of,ms_marco,Ranking Error,1
q_576294885b390f63,who sang always look on the bright side of life on as good as it gets,ms_marco,Ranking Error,1
q_ace1e873e70f9e76,is the temperate forest soil good,ms_marco,Semantic Miss,0
q_92ceae5acf6d9b2a,chicken pox and incubation period,ms_marco,Ranking Error,1
q_74989ad155c06f42,.,code_search_net,Ranking Error,1
q_d2e2071d6baf3ec1,what muscles does deadlift work,ms_marco,Ranking Error,1
q_a387393894aab360,frequency modulation maximum deviation,ms_marco,Ranking Error,1
q_3a6a28790231967e,Simplification definition,ms_marco,Ranking Error,1
q_eaa95e1c66e39ac6,similarities between due process and crime control models,ms_marco,Ranking Error,1
q_b7e3103c122dc2ba,is influenza a contagious,ms_marco,Semantic Miss,0
q_7d2852d8042d1dcb,what liability does a ltd have,ms_marco,Semantic Miss,0
q_351b469e81a9f435,In what form is most of the earth's freshwater?,sciq,Ranking Error,1
q_618244bed34155a0,Who did Britain exploit in India?,squad,Ranking Error,1
q_f8d1be456b37b907,how long to cook eye round,ms_marco,Semantic Miss,0
q_26c69be590c836ff,what is the cost to hire an employee,ms_marco,Ranking Error,1
q_4102e6d317448a80,innate intelligence definition psychology,ms_marco,Ranking Error,1
q_588029f2791b1c97,how long does it take a butterfly to fly after hatching,ms_marco,Semantic Miss,0
q_5bde5931f4dc9a1b,what is lipoflavonoid used for,ms_marco,Ranking Error,1
q_70a5d7a5432f78c5,types of wetland ecosystem,ms_marco,Ranking Error,1
q_8ca9d593b400112b,what is sulphur used for in terms of medicines,ms_marco,Ranking Error,1
q_3148ae8bc8671fef,what is anomie,ms_marco,Semantic Miss,0
q_e0844e9aeca4e599,Which bone is derived from the fusion of four very small coccygeal vertebrae?,sciq,Ranking Error,1
q_e4ba4078252c2c5b,how long for the citizenship process after fingerprints,ms_marco,Semantic Miss,0
q_756272733a749a86,where do degus come from,ms_marco,Ranking Error,1
q_3215136495f152da,what direction does the spleen do,ms_marco,Semantic Miss,0
q_c99d8424553762a1,what are cyanobacteria,ms_marco,Ranking Error,1
q_fd1aefd765983b21,pga tour texas open field,ms_marco,Semantic Miss,0
q_10ca334006ef0a9f,narcisa name pronunciation,ms_marco,Ranking Error,1
q_d3acc8cf08814ab5,what distinguishes amino acids,ms_marco,Ranking Error,1
q_d4595fd045ce5ff5,what types of materials make good conductors,ms_marco,Semantic Miss,0
q_522d3250dfa243f3,list of cancers for alcohol,ms_marco,Ranking Error,1
q_0bed1a4cc6d42344,what is in a cell,ms_marco,Ranking Error,1
q_1289889f581c0f87,what forms does carbon exist in,ms_marco,Semantic Miss,0
q_a7c5cb5e22b141df,how much does it cost to install a garage door,ms_marco,Ranking Error,1
q_77714b55edf55ccc,what is in poultry seasoning,ms_marco,Ranking Error,1
q_2c8629344146db9e,"r""'[^'].+",code_search_net,Ranking Error,1
q_b15968b0ff03afb3,what is a lei,ms_marco,Ranking Error,1
q_a69e6913c5e51a6e,what is zana,ms_marco,Ranking Error,1
q_e21c28c8e3165c93,what helps hangovers,ms_marco,Ranking Error,1
q_7348a81f3631a19b,what is tempeh made of,ms_marco,Semantic Miss,0
q_163742b3e874a986,average cost of meal in paris,ms_marco,Ranking Error,1
q_528ac3c1cb77dd29,what is the elisa test,ms_marco,Ranking Error,1
q_c6f40d2ac6e7ba04,what is woolworths known for,ms_marco,Ranking Error,1
q_65626b628f325855,gestation period horses and cows,ms_marco,Ranking Error,1
q_3f1835f5454b3479,temp of pork or chicken,ms_marco,Ranking Error,1
q_147d49b5a2795365,What is a stromule?,squad,Ranking Error,1
q_ab0a2050a1064bb3,what is garuda purana,ms_marco,Ranking Error,1
q_bce2586559949242,how to get a workers compensation certificate,ms_marco,Ranking Error,1
q_2f46c98491d3d9d7,When did Temur rule?,squad,Ranking Error,1
q_cfe41898bf41efd8,where is aconcagua located,ms_marco,Ranking Error,1
q_6aa344fc6913eb65,What is the term for a sac filled with fluid or other material?,sciq,Ranking Error,1
q_0091b59e6d6b94b6,main purpose of alienation and sedition act,ms_marco,Ranking Error,1
q_fd913e594e29187d,main program loop,code_search_net,Ranking Error,1
q_a0259e2760f7fd94,is candida a bacterial infection,ms_marco,Ranking Error,1
q_753f619e1b3829a5,cost of knee replacement after medicare,ms_marco,Ranking Error,1
q_3d1d0b34eec6030e,how long does it take to get a background check,ms_marco,Semantic Miss,0
q_b89147603365d2a1,what layer of skin is granulation tissue,ms_marco,Ranking Error,1
q_242638f0a2a1243e,what kind of climate do truffles grow in,ms_marco,Ranking Error,1
q_b8d8695194cec50e,definition of osseous,ms_marco,Ranking Error,1
q_d66474fecf4b3d2d,alternative names for vitamin a,ms_marco,Ranking Error,1
q_431bc57bf393c1f5,what does an hvac technician do,ms_marco,Ranking Error,1
q_7ecb6c68a86f9c49,what is the normal range of hemoglobin,ms_marco,Ranking Error,1
q_dd436d380a4481c7,what are food webs,ms_marco,Ranking Error,1
q_2c54279153115e89,where does peppermint come from,ms_marco,Ranking Error,1
q_3374c722c2541003,The scientific name of an organism includes the genus and species name,ms_marco,Ranking Error,1
q_f256bd69d658978c,average college tuition for private college,ms_marco,Ranking Error,1
q_39474e3c9375e13d,what types of bees pollinate,ms_marco,Ranking Error,1
q_40ba1eea6470f7a2,how much do radio presenters earn,ms_marco,Semantic Miss,0
q_32d13d08e0a1d440,can libraries lend ebooks,ms_marco,Ranking Error,1
q_9544a0b39f6d5812,What were the towns granted to the Huguenots in 1598 collectively called?,squad,Ranking Error,1
q_e3160e969709cc91,do plants reduce carbon dioxide,ms_marco,Ranking Error,1
q_701010b8a1a83797,what are allspice berries,ms_marco,Ranking Error,1
q_1b4733cdb5161967,is europe a continent,ms_marco,Semantic Miss,0
q_5417ac9f963c478f,how early can you start to have maternity benefit,ms_marco,Ranking Error,1
q_04f7019ed6282765,what type of quartz is there,ms_marco,Semantic Miss,0
q_83aa630fb56224f8,what are the nutrients in the phosphorus cycle,ms_marco,Ranking Error,1
q_00b13656d61d7f89,what does emulsifier do,ms_marco,Ranking Error,1
q_be839d1f50a98002,what is hemoglobin,ms_marco,Semantic Miss,0
q_d96560ff23825f2a,how much do you make in a resort as a massage therapist,ms_marco,Semantic Miss,0
q_e9792bc323308d51,how often does sdi pay you,ms_marco,Ranking Error,1
q_f5e2242b71bf1e75,how many years does it take studying to become an RN,ms_marco,Semantic Miss,0
q_28ac50a922bf1049,why do my joints hurt when i run,ms_marco,Ranking Error,1
q_1ba8090724bd545d,what is the purpose of the indicator,ms_marco,Ranking Error,1
q_90f42f3df7fe0608,how to get rid of bacne scars fast,ms_marco,Semantic Miss,0
q_ab7dfa46288678dd,How old was Tesla when he died?,squad,Ranking Error,1
q_e327a46bd8b6310f,when was the first harry potter books,ms_marco,Ranking Error,1
q_c2e7f63029e42db6,what is the purpose of blood agar plate?,ms_marco,Ranking Error,1
q_f120f150c1ac27b8,what does androstenedione do,ms_marco,Ranking Error,1
q_e2b14f40588ca2a2,how long do chickens live and lay eggs,ms_marco,Semantic Miss,0
q_e91b2148ac244bdf,absorption of blood from abdominal cavity,ms_marco,Ranking Error,1
q_b36f470d3d75c10b,define agonist muscles,ms_marco,Semantic Miss,0
q_204093c0d1f07fbd,what vitamins for hypothyroidism,ms_marco,Ranking Error,1
q_aed2ff08619d112c,internal cost definition,ms_marco,Semantic Miss,0
q_c60a32749f86c402,how do we know the mayans were influenced by the olmec,ms_marco,Ranking Error,1
q_91a73ea9dcbec46e,name the sphincters of the gastrointestinal tract in order,ms_marco,Ranking Error,1
q_5f0d31fe51ad848f,determines meaning,ms_marco,Ranking Error,1
q_2f1e4887a80a89cd,what is ferroelectric material,ms_marco,Ranking Error,1
q_e3c8a3b61faffccf,how many americans enrolled in medicare,ms_marco,Ranking Error,1
q_cafaf0f2565b927d,is cowan a common name,ms_marco,Ranking Error,1
q_cf5c6225baa84817,r'(1C),code_search_net,Ranking Error,1
q_0ea33a6a83d53178,Catalog object.,code_search_net,Ranking Error,1
q_ecca2358d7d2970a,best average temperature in toronto,ms_marco,Ranking Error,1
q_e0da9bb38bd4dc2d,where does biomass energy come from,ms_marco,Semantic Miss,0
q_d8300985c8df795b,foal of a donkey meaning,ms_marco,Ranking Error,1
q_123799a0acfa45be,where is que river in tasmania,ms_marco,Ranking Error,1
q_ed16e3c70d490c17,what is uncas jewelry,ms_marco,Ranking Error,1
q_f23b1df44230ebd2,what does jelani mean in swahili,ms_marco,Ranking Error,1
q_0cb2da665f44d10c,what age does a person have to be to become part of senate,ms_marco,Semantic Miss,0
q_0fc5449c768b50f3,wikipedia is a crowdsourcing,ms_marco,Semantic Miss,0
q_4a0f24fd898b06dd,how has governor rick scott done since being elected?,ms_marco,Semantic Miss,0
q_b54cb096fb7869e5,how much does a lawyer charge to help me file for disability,ms_marco,Ranking Error,1
q_163ffc0c18843e01,how to get dead lice eggs out of hair,ms_marco,Ranking Error,1
q_1a892ee1a8a542c3,how tall is an average monkey,ms_marco,Ranking Error,1
q_38f5577c6e2e354f,name a food associated with mexico,ms_marco,Ranking Error,1
q_2178cb789d51360f,how much does it cost to live in a nursing home,ms_marco,Ranking Error,1
q_88cc62c028f10e0e,what are cruciferous vegetables,ms_marco,Ranking Error,1
q_73d809b6a3a3379c,what is a characteristic of influenza,ms_marco,Ranking Error,1
q_60b378ecc4d54454,what breed of pomeranian is boo,ms_marco,Ranking Error,1
q_816191d5963dff81,can i increase my white cells count by eating garlic,ms_marco,Semantic Miss,0
q_a83d44ecfa9b303e,what is gottex,ms_marco,Semantic Miss,0
q_46188df5e1a84e8c,The rising and sinking of these can cause precipitation?,sciq,Ranking Error,1
q_36e4bc491f70d07a,benadryl dosage for dogs,ms_marco,Semantic Miss,0
q_6cd21b9b3a92dc69,how much should a party bus cost to hire,ms_marco,Ranking Error,1
q_e18d0d9a511fe856,what is gaskin maneuver shoulder dystocia,ms_marco,Ranking Error,1
q_cf0d00674c012042,what does hypotension mean,ms_marco,Semantic Miss,0
q_8ced381e4dd1386f,what is the span of the golden gate bridge,ms_marco,Ranking Error,1
q_cf573fe802cbd199,what of the population is la pine oregon,ms_marco,Ranking Error,1
q_ef83303041ba2868,where does the madagascar hissing cockroach live,ms_marco,Ranking Error,1
q_9f8377477daefb5a,what is the visible spectrum,ms_marco,Ranking Error,1
q_f7e3bc82113c45a9,average salary for orthopedic pa in arizona,ms_marco,Ranking Error,1
q_87213a3da5e1522a,what is gas giants means,ms_marco,Ranking Error,1
q_4efefdb02b82a2de,executive committee exco definition,ms_marco,Semantic Miss,0
q_e917e62941b571d6,Is there any cable which output signal from TV ?,ms_marco,Semantic Miss,0
q_c603631282599948,what do veins carry,ms_marco,Ranking Error,1
q_3d784859579fcd11,what is glyceryl trinitrate spray used for,ms_marco,Semantic Miss,0
q_7222d55dd3c4ce1b,can you borrow money from an ira,ms_marco,Ranking Error,1
q_720dd0531b8533b8,why was the ling canal built,ms_marco,Ranking Error,1
q_0afc4ea3710ef105,biblical meaning of the name jovan,ms_marco,Semantic Miss,0
q_f6a1fe41813030ef,who is ulysses s grant,ms_marco,Ranking Error,1
q_a253303aa916be15,Why did CBS turn down the pitch for The Untouchables?,squad,Ranking Error,1
q_f7e9364fca882ed6,how long can an obese person live without food,ms_marco,Ranking Error,1
q_eaad442a4740d292,who discovered nitrogen,ms_marco,Semantic Miss,0
q_65cee53d6d601d6d,how much does a pc computer cost,ms_marco,Semantic Miss,0
q_b57c08d5a9c5d4ba,sugars are examples of what type of molecule,ms_marco,Ranking Error,1
q_1f250062122378f2,how much more do ccrn nurses get paid,ms_marco,Ranking Error,1
q_6b1c972487a0a4cd,what area is considered east texas,ms_marco,Semantic Miss,0
q_eea91b4573e1edea,what is a delta smelt,ms_marco,Ranking Error,1
q_2a535fe9c595ef7d,what states do grizzly bears live in,ms_marco,Semantic Miss,0
q_973986fc409dbb55,average cost of auto repair,ms_marco,Ranking Error,1
q_34b3524d7d629361,diseases similar to rheumatoid arthritis,ms_marco,Ranking Error,1
q_09e4f0417425642c,how many miles is the grand canyon from las vegas,ms_marco,Semantic Miss,0
q_9e1f9a413a8bf4ee,what was the pit in the globe theater,ms_marco,Ranking Error,1
q_c4b15a8b6e647dd2,Who wrote the eulogy?,squad,Ranking Error,1
q_098c0605c20228a5,what are the average costs of a funeral,ms_marco,Ranking Error,1
q_914fea84f02b9ac3,average salary by state,ms_marco,Ranking Error,1
q_e1e545bf239d73f9,what is an alias name vs preferred name,ms_marco,Ranking Error,1
q_bd2a32a4356903a8,what is normal range for creatine,ms_marco,Semantic Miss,0
q_11553f921c02f5f3,where is gerdau steel located,ms_marco,Ranking Error,1
q_5f2cf499879ef3c9,can you conceive before ovulation,ms_marco,Ranking Error,1
q_3344b0dbc620d20a,what foods do you use capers in,ms_marco,Ranking Error,1
q_06f9a5aa0745baf5,perirolandic cortex definition,ms_marco,Ranking Error,1
q_16c8a4586c7d180b,where is covenant college,ms_marco,Ranking Error,1
q_0f4f2661a90f9357,what is pomodoro,ms_marco,Semantic Miss,0
q_cd82bc648db967cd,assistant professor salary in turkey,ms_marco,Ranking Error,1
q_00e3362744d01c6a,What do you call the lightless part of the ocean?,sciq,Ranking Error,1
q_06ff0ccc30c11cc7,model steam engine for marine,ms_marco,Ranking Error,1
q_f38055fdf288a5af,what organization or agency regulates cloning,ms_marco,Ranking Error,1
q_eee4c790c5a51566,what is a gossan,ms_marco,Ranking Error,1
q_152d42adc7085183,what branch does spanish come from,ms_marco,Ranking Error,1
q_45c03205acf58d1c,does starving yourself cause your belly to bloat,ms_marco,Semantic Miss,0
q_717bb9ae54c92b3e,what county is berkeley ca,ms_marco,Ranking Error,1
q_56e036dcb5be3060,what is gold formed in,ms_marco,Ranking Error,1
q_584a1b642893e140,Who did he fire?,squad,Ranking Error,1
q_8537427920564159,what is in tiger balm,ms_marco,Ranking Error,1
q_13af485b7c9d0532,when did the battle of the midway happen,ms_marco,Ranking Error,1
q_6761461bf3e3383d,how long does it take to fry a pork chop,ms_marco,Ranking Error,1
q_50e50b8c9586b254,what is bov,ms_marco,Ranking Error,1
q_38bce51572af6e68,sustainability is also referred to as,ms_marco,Semantic Miss,0
q_331f156192493780,define processed food,ms_marco,Ranking Error,1
q_22f7b6d5584f84d0,what is in the subcutaneous layer of skin,ms_marco,Semantic Miss,0
q_190b9647f1e65402,how much does one mole of heavy water weigh,ms_marco,Ranking Error,1
q_005b74862192b708,what does sacramento republic fc mean,ms_marco,Ranking Error,1
q_40d1b16b99cf10ac,what is shadow salary,ms_marco,Ranking Error,1
q_9a77a0b7158a9afc,what is multiplexed,ms_marco,Semantic Miss,0
q_9806ae8b6074eb20,what are the difference between mitochondria and chloroplast,ms_marco,Ranking Error,1
q_43b983ec7e0db5cc,what causes infection around the heart,ms_marco,Ranking Error,1
q_5db8a18c47adb8d9,what is the strongest type steel,ms_marco,Ranking Error,1
q_6c4ed2e6d00c7a08,What type of creature is a scallop?,sciq,Semantic Miss,0
q_41772d4d9ddcc6cd,how much does it cost to install central heat and air,ms_marco,Ranking Error,1
q_aa3e4b9445f85406,are hives itchy,ms_marco,Semantic Miss,0
q_a673a6d3a0bd4e65,average salary research associate,ms_marco,Ranking Error,1
q_eb9314d980c0d5bf,where was the narmer palette excavated,ms_marco,Ranking Error,1
q_e1a59dce5d3b3505,how long to stay in oxford for,ms_marco,Ranking Error,1
q_e8b428ce56cc354b,average length of a golf course,ms_marco,Ranking Error,1
q_0628a3329350caca,tips for living with knee pain,ms_marco,Ranking Error,1
q_8c5d4288610fd8c5,explain why italy was the birthplace of the renaissance,ms_marco,Ranking Error,1
q_13c3b367a45f3c3f,what does leptin stimulate,ms_marco,Ranking Error,1
q_8a7579014b850c43,arkansas dept of revenue mailing address,ms_marco,Ranking Error,1
q_09e75be33e04b04a,what is bruha,ms_marco,Ranking Error,1
q_65a91db9ff1ee383,federal prisons in indiana,ms_marco,Ranking Error,1
q_7d7f92d7e860c292,foods for vitamin folate,ms_marco,Ranking Error,1
q_ab0ab571cb49e068,is barcelona expensive,ms_marco,Semantic Miss,0
q_a8e2d706d2e20c36,cost to remove mold in home,ms_marco,Ranking Error,1
q_fe277bf7ff603a35,is reactive depression a mental illness,ms_marco,Ranking Error,1
q_e2d0ad95d1d602db,how should a chiropractor dress,ms_marco,Ranking Error,1
q_21fa091d54cd330e,how long should you cook chicken for?,ms_marco,Ranking Error,1
q_36d3df440476093c,what is a drawout circuit breaker,ms_marco,Ranking Error,1
q_611c6cf51f98daae,what is human reproduction,ms_marco,Ranking Error,1
q_b6d47fc13784e851,how fast can i pay off mortgage?,ms_marco,Ranking Error,1
q_8cd31017a92a0db9,standard abbreviation of liters per minute,ms_marco,Ranking Error,1
q_981f134cb1304da9,what is contagious disease,ms_marco,Ranking Error,1
q_76141416eb09dbd9,what form should vitamin a be in,ms_marco,Ranking Error,1
q_748b66c869a28664,What was special about Tesla's memory?,squad,Ranking Error,1
q_196ba439aa69a7e1,the substance found in cells which hold the organelles is called,ms_marco,Ranking Error,1
q_f09694de13ad1217,what is an electromagnetic pulse,ms_marco,Ranking Error,1
q_1af359d958ebfa86,are there nucleolus in plant cells,ms_marco,Ranking Error,1
q_706ac5a0814280e0,what is an osteotomy,ms_marco,Ranking Error,1
q_cf5f5cb868aef2d2,what is cost to stain a deck,ms_marco,Ranking Error,1
q_88ebdbae08c8a58f,where does lavender grow in the world,ms_marco,Semantic Miss,0
q_0854e1b2329846d9,cost of split system heating,ms_marco,Ranking Error,1
q_fd7bee4d66187864,how long does it take a dead ipod to charge,ms_marco,Ranking Error,1
q_45680c3ef47583d6,what is grewia asiatica,ms_marco,Ranking Error,1
q_99274b74fa7614fd,artridol what is,ms_marco,Ranking Error,1
q_d3137f9e6e86f04d,kms to. miles,ms_marco,Ranking Error,1
q_e8f3c6895156047e,what is a PICO,ms_marco,Ranking Error,1
q_224107ad51493fe9,how deep is loch morar,ms_marco,Ranking Error,1
q_f75781a780ff0cef,is it safe to be induced at the hospital,ms_marco,Ranking Error,1
q_9dad2cea0eb4debc,how long does a steam burn take to heal,ms_marco,Ranking Error,1
q_afabf61197639c75,how much does an acupuncturist earn in australia,ms_marco,Ranking Error,1
q_2868a872241f2a84,Set dictionary,code_search_net,Ranking Error,1
q_dad63d0f59e10f46,potassium deficiency hereditary,ms_marco,Ranking Error,1
q_27c7dff8cdee6d03,what is the best liquid feed for shrubs,ms_marco,Ranking Error,1
q_5fb4128865a639e5,is there an age limit to play college sports,ms_marco,Ranking Error,1
q_c01a8081f8b702f6,what is a quantity surveyor,ms_marco,Ranking Error,1
q_2d4172f3d1da9951,how to add symbol to font,ms_marco,Semantic Miss,0
q_3463617dfa6de02a,dna definition bitesize,ms_marco,Semantic Miss,0
q_4ebe06d256bf8183,what are meristem cells,ms_marco,Semantic Miss,0
q_1c1d87fd0070265a,how much is football retirement,ms_marco,Ranking Error,1
q_9e805d5789a88d5e,what is xylem and phloem,ms_marco,Semantic Miss,0
q_9310889f0591cf64,Ash that enters the air naturally as a result of a volcano eruption is classified as what kind of pollutant?,sciq,Ranking Error,1
q_cb61f56645744a77,is ginkgo biloba good for vertigo,ms_marco,Semantic Miss,0
q_b8ca060353ed949e,installing gas fireplace insert cost,ms_marco,Ranking Error,1
q_5863aa186cf6e247,how long to cook a whole turkey,ms_marco,Ranking Error,1
q_21ada35308aa076d,what region is doha qatar,ms_marco,Ranking Error,1
q_3de54d722e181348,what does te puni kokiri do,ms_marco,Ranking Error,1
q_9cdb4a4916999b50,what habitat do amur tigers live in,ms_marco,Ranking Error,1
q_42a2858469b59128,cost for issuetrak,ms_marco,Ranking Error,1
q_d5ca5e545fca6571,when did gatorade come out,ms_marco,Ranking Error,1
q_877cfcd3598679cc,what is phosphate buffer,ms_marco,Ranking Error,1
q_f676f7fdbbbec776,where does Sodium chloride come from,ms_marco,Ranking Error,1
q_f12c0723266606b5,will a knock sensor cause a car to lose power,ms_marco,Ranking Error,1
q_3b09aecb5aaeba76,how fast do gps satellites travel,ms_marco,Semantic Miss,0
q_956ef849c5c47fc6,what is russia known for,ms_marco,Ranking Error,1
q_156f919cef0cd3d1,what were the odds of european explorers making across the ocean,ms_marco,Ranking Error,1
q_4e5badbd889b6933,what is hoarse,ms_marco,Ranking Error,1
q_11fa5bbcfc2781cf,when should cabbage seeds be planted,ms_marco,Ranking Error,1
q_3cc3d515b3383d30,what are dmards,ms_marco,Ranking Error,1
q_b608592c84b97155,where is the pyramid of giza located,ms_marco,Ranking Error,1
q_5a8c61f3458a284a,what is quartz used in kitchen countertops,ms_marco,Ranking Error,1
q_3910ce88f9555601,do you have to be smart to be an ultrasound tech,ms_marco,Ranking Error,1
q_ee29d6c364634b81,salary of import and export in usa,ms_marco,Ranking Error,1
q_8f663e700263d9b6,what is the femoral sheath,ms_marco,Ranking Error,1
q_69309b980dd9fcbe,what is chemotaxis,ms_marco,Semantic Miss,0
q_3b470bc1cceff6c0,per diem meal rate in chicago,ms_marco,Ranking Error,1
q_eda13613bd4df609,how do you calculate the percentage of freight on a shipment?,ms_marco,Ranking Error,1
q_1c502a25fe6aa398,how does ira work,ms_marco,Ranking Error,1
q_79882ae05275e44d,REBINDING state.,code_search_net,Ranking Error,1
q_1cc987bc047deeb9,cost to remove skin tags,ms_marco,Ranking Error,1
q_950c0c707e8ddb91,what is wind mitigation,ms_marco,Ranking Error,1
q_d4ee8d86145d6a8d,how much does it cost to join the masters golf club,ms_marco,Ranking Error,1
q_323babe27a9920f4,who is the actress who plays kate roberts in days of our lives,ms_marco,Ranking Error,1
q_b267df3ddd65f2f5,when was mansa musa born,ms_marco,Ranking Error,1
q_548caa2c53a3d548,average electricity bill per month,ms_marco,Ranking Error,1
q_1e816c0108b6e5f2,what is coccydynia,ms_marco,Ranking Error,1
q_371517da3fb57f59,what does mange tout mean,ms_marco,Ranking Error,1
q_ad77ce5f0eb6b641,the opponent process theory of color vision,ms_marco,Ranking Error,1
q_647ecb4d16c0b569,is cystic fibrosis genetic,ms_marco,Ranking Error,1
q_edeb8142b5ee95f6,what is the gulo gene,ms_marco,Ranking Error,1
q_5d2a0a35f76ac9a2,does it hurt a baby to be born,ms_marco,Ranking Error,1
q_60f8860c1f8a1bad,what is nre account,ms_marco,Ranking Error,1
q_afa64e25cda0a8b0,how long does it take to qualify for a home loan,ms_marco,Ranking Error,1
q_9ff42e631e0ff5d0,how much does average canadian make,ms_marco,Ranking Error,1
q_b229741bd4d707bf,average temperature in side turkey in may,ms_marco,Ranking Error,1
q_1e1ac6bc7c047981,what is prilocaine,ms_marco,Ranking Error,1
q_8cc39616456a7482,what region is cambridge in,ms_marco,Ranking Error,1
q_cf9a5a082e5dd84b,average household electricity consumption ontario,ms_marco,Semantic Miss,0
q_6c97708b2a0b3c0c,is gelatin good for digestion,ms_marco,Ranking Error,1
q_781ac1145defe4e8,cat repellent that is safe for dogs,ms_marco,Ranking Error,1
q_8c1c45c373d15a08,PDR definition of disease,ms_marco,Ranking Error,1
q_d898f63ef06b5b39,what is slander law,ms_marco,Ranking Error,1
q_24030d32e76c97dd,what is a caucus,ms_marco,Ranking Error,1
q_a2274b041eb981ec,how do i tie out my prior year retained earnings,ms_marco,Ranking Error,1
q_9d033a4857c563ce,what type of marine environment are horseshoe crabs found in,ms_marco,Ranking Error,1
q_05fc52a30abb9c93,wheel bearing replacement cost,ms_marco,Ranking Error,1
q_65530da25f837329,meanings of the name lauren,ms_marco,Ranking Error,1
q_ee0abfef967b129c,average salary first year lawyer,ms_marco,Ranking Error,1
q_41fe202077973a42,dna replication what is a replication fork,ms_marco,Ranking Error,1
q_9b6b89002503c6b7,where is coffs harbour,ms_marco,Ranking Error,1
q_da1f565fc63e2c45,what is naive,ms_marco,Ranking Error,1
q_003409132911401f,are galapagos islands safe,ms_marco,Ranking Error,1
q_3428b66ed43d6d87,where did Arabic come from,ms_marco,Ranking Error,1
q_f5fee6aacffa7a18,average earnings karate school owner,ms_marco,Ranking Error,1
q_07da7c2a454d6d5f,What is Being Done About Global Warming,ms_marco,Ranking Error,1
q_e82f59272c781147,what is a disadvantage of leasing,ms_marco,Ranking Error,1
q_f82b0adaa07225f2,how is a smear test done,ms_marco,Ranking Error,1
q_3e9fa4539fc08103,where did henry lawson grow up,ms_marco,Ranking Error,1
q_905b9dc8a568f8a7,average cost australian terrier,ms_marco,Ranking Error,1
q_68a485bdc099db72,where are lungs located in your back,ms_marco,Ranking Error,1
q_711c7913485c0c62,what group is potassium in,ms_marco,Ranking Error,1
q_1addac82d0ca8e83,average expatriates salaries,ms_marco,Ranking Error,1
q_caf53bafbc37a148,Import BibDocFile.,code_search_net,Ranking Error,1
q_1fd60bb0bf8e534a,are possums nocturnal,ms_marco,Semantic Miss,0
q_92b08f99a66adfb9,what is celtic salt,ms_marco,Ranking Error,1
q_ff3c96041a6c8969,quarterly state taxes virginia due date,ms_marco,Ranking Error,1
q_85b844660dd2c16b,what is a transistor composed of,ms_marco,Ranking Error,1
q_bc4faf27368b2793,what nationality is jennifer lopez,ms_marco,Ranking Error,1
q_f18d5b8766539206,what is a furuncle boil,ms_marco,Ranking Error,1
q_af01222c675906a0,average cost for lawn installation on new build,ms_marco,Ranking Error,1
q_1a9d45a7395349c7,Unmajority gate.,code_search_net,Ranking Error,1
q_6f7fa7ae6522815a,what happens if you're buried alive,ms_marco,Ranking Error,1
q_1c732aa2186eb00e,telecheck customer service phone number,ms_marco,Ranking Error,1
q_3fabe25668a562aa,what is azuki,ms_marco,Ranking Error,1
q_7f75ff08c6dc7da8,what is barley malt,ms_marco,Ranking Error,1
q_67c495f9a517f706,blanchard name meaning,ms_marco,Ranking Error,1
q_a25137e90aae6c12,howard university gpa to get in,ms_marco,Ranking Error,1
q_a9b4f5db12c85894,what is the crisis of representation,ms_marco,Semantic Miss,0
q_351ecb74ba33b9d1,how many bugatti veyrons have been made,ms_marco,Ranking Error,1
q_e7d5edfd8523b024,how long caffeine stays in your system,ms_marco,Ranking Error,1
q_818a1588f9a5fdc8,where can koalas be found,ms_marco,Ranking Error,1
q_a8714a8d5ef80492,average decor cost for wedding,ms_marco,Ranking Error,1
q_566d9a8b38d6edb2,what is respiratory equipment,ms_marco,Ranking Error,1
q_aae9de1397fcde48,delta airlines cancellation fee,ms_marco,Ranking Error,1
q_435f67c17912aa84,why is kodiak island historical,ms_marco,Ranking Error,1
q_b9ef09440a1e41d9,is selenium a mood booster,ms_marco,Ranking Error,1
q_094cd4c68cff2042,factors that affect the cause of chickenpox,ms_marco,Semantic Miss,0
q_eade112681b33463,how much should you charge to paint a door,ms_marco,Ranking Error,1
q_60500c0bd3c06473,what is the function of the orbicularis oculi,ms_marco,Ranking Error,1
q_030825fa13f0f01f,To where were the belongings taken?,squad,Ranking Error,1
q_3138ad68df797ed3,where did the name bismuth come from,ms_marco,Ranking Error,1
q_14e5398d624f147f,how long do chickens lay eggs,ms_marco,Ranking Error,1
q_8ccbccf0142ce615,what is brooklands museum,ms_marco,Ranking Error,1
q_5eeb3eab33b028e9,what is meant by phonetics,ms_marco,Ranking Error,1
q_9f043c64c8a85cf8,typical dose of digoxin for elderly,ms_marco,Ranking Error,1
q_2cd3b959e687e641,what does pb mean,ms_marco,Ranking Error,1
q_53820005894d018c,what diabetes use for treatment options,ms_marco,Ranking Error,1
q_752de7233be58317,what is crest disease,ms_marco,Ranking Error,1
q_502befb3a3c76690,size of the sun compared to earth,ms_marco,Ranking Error,1
q_a51b121daf103432,cost of a electrician,ms_marco,Ranking Error,1
q_85cf74c6272f379b,how long do you boil shrimp?,ms_marco,Ranking Error,1
q_6252cf554ae65a60,allergic to sunflower seeds,ms_marco,Ranking Error,1
q_7c81fb73c1023860,can rotation rack costco,ms_marco,Ranking Error,1
q_aa8b5f85c03e5dfc,what properties do lithium and francium have in common?,ms_marco,Ranking Error,1
q_c244265923cb4b90,what does ankh symbol mean,ms_marco,Semantic Miss,0
q_4611255b014f79f1,can you purchase your own custom sports duvet cover,ms_marco,Ranking Error,1
q_839bac57f0515506,what is turkish mosaic lamps,ms_marco,Semantic Miss,0
q_e133d39d69c3af56,weeping willow tree name,ms_marco,Ranking Error,1
q_6bea2bcb6077c1bc,how long to cook spaghetti squash in microwave,ms_marco,Ranking Error,1
q_4c7958e6d9d8457b,"What is the name of the mineral that contains calcium, carbon and oxygen?",sciq,Semantic Miss,0
q_9f3837aeb33d629c,dna melting temperature,ms_marco,Ranking Error,1
q_eccdedddff2d148c,what is a cipher,ms_marco,Ranking Error,1
q_9106fcd51de1efc0,policy analyst define,ms_marco,Semantic Miss,0
q_7fdfcd894c0569ae,common extensor tendon origin and insertion,ms_marco,Semantic Miss,0
q_de0e9b8b6692a746,is it best to withdraw from college before being expelled,ms_marco,Semantic Miss,0
q_3d915e627539644a,where are lipids digested,ms_marco,Ranking Error,1
q_ed2e1b1d8f6d7e5e,why does a dog chew on a stick,ms_marco,Ranking Error,1
q_033d0bfefdecff00,styx songs,ms_marco,Semantic Miss,0
q_0af3fb1cb219d9ce,cost install inground pool,ms_marco,Semantic Miss,0
q_b99136dc51c85ab2,metastatic cancer lymph nodes symptoms,ms_marco,Ranking Error,1
q_4f628ea2d1c47f76,what does hiv rna mean,ms_marco,Ranking Error,1
q_17a8839b1c470e82,what qualifications do you need to be an occupational therapist,ms_marco,Ranking Error,1
q_57ae273c93a750d9,what is mediterranean food,ms_marco,Ranking Error,1
q_15084a9d3edd41ee,where can i sell my baby stuff pensa,ms_marco,Ranking Error,1
q_9e2a025ca5dcc743,average salary non invasive cardiologist,ms_marco,Ranking Error,1
q_2dce8604b0a3eacb,how long do beta fish live,ms_marco,Ranking Error,1
q_2a87d726875f9df8,what are ribosomes composed of,ms_marco,Semantic Miss,0
q_2ff23a65bd183d19,what foods are good sources of vitamins and minerals,ms_marco,Ranking Error,1
q_babc28b0ec7b1f61,Walmart hours silver city,ms_marco,Ranking Error,1
q_4503a5e321e34a60,pnf stretching golgi tendon organ,ms_marco,Ranking Error,1
q_36c0f294ce10149b,cost of cremation cost of burial,ms_marco,Ranking Error,1
q_38e682c2e8424f98,do you get bas in the reserves,ms_marco,Ranking Error,1
q_8d84961246347a4f,what are the different types of phenotypes,ms_marco,Ranking Error,1
q_0971c1890c186c0f,Recommended serving size of fish per person,ms_marco,Ranking Error,1
q_26cf80fc229f7678,what is omics,ms_marco,Semantic Miss,0
q_ec70dbd2cdad5fd1,what is gme in dogs,ms_marco,Ranking Error,1
q_d4d54714ff20f58e,what should a normal heart rate be,ms_marco,Ranking Error,1
q_dd56cf9f6c9c710b,how many marijuana plants can you legally grow in riverside county california,ms_marco,Ranking Error,1
q_bd1a18d02f073017,what is the emperor penguin habitat,ms_marco,Ranking Error,1
q_f88885deaa6b8f4b,similarities between humans and chimpanzees,ms_marco,Ranking Error,1
q_1d57ac8e1ef65fbd,What was Old Briton's response to Celeron?,squad,Ranking Error,1
q_f880d5d9a8638907,what is iron steel used for,ms_marco,Ranking Error,1
q_a0b5ad69d13ff0a9,what medications are opiates,ms_marco,Semantic Miss,0
q_314284ca5667a26d,how much money do you spend on fast food,ms_marco,Ranking Error,1
q_c216130681baabab,what defines density,ms_marco,Ranking Error,1
q_e89cc468ffb87fdd,act psychology definition brentano,ms_marco,Ranking Error,1
q_31f6a52ea8452d27,how long to cook a boneless lamb leg,ms_marco,Semantic Miss,0
q_42e324907cccea6b,shingles roofing cost,ms_marco,Ranking Error,1
q_3fdc2b84828f291d,what preacher's name is lester felty,ms_marco,Semantic Miss,0
q_5b1045a20074cc64,where does insulin come from,ms_marco,Ranking Error,1
q_2b7cf26a313bbd37,define responsible government,ms_marco,Ranking Error,1
q_c6cd5ed06b8ea3b5,which bonds are created during the formation of the primary structure of a protein?,ms_marco,Ranking Error,1
q_fc5ace5185037609,what does BLS upon hire mean,ms_marco,Ranking Error,1
q_93e2dc858679f14f,What year saw the merger of two museums in Newcastle?,squad,Ranking Error,1
q_e3d5d3c5f3f747b3,what language is spoken in switzerland,ms_marco,Semantic Miss,0
q_07e43b9938d12be5,what is caulking,ms_marco,Ranking Error,1
q_99215e400940faf0,when was the walt disney company founded,ms_marco,Ranking Error,1
q_19eeca140a4c12f1,what part of a vaccine stimulates an immune response,ms_marco,Ranking Error,1
q_0e766e305a8c27a6,what is a characteristic of cellulose,ms_marco,Ranking Error,1
q_69f62d075aa5a324,What does the kyoto protocol focus on controlling?,sciq,Ranking Error,1
q_5df352ea15ced0df,cost of a baby per month on average,ms_marco,Ranking Error,1
q_3b38c6827872ef13,how long does a bad account stay on your credit report,ms_marco,Semantic Miss,0
q_d1cb2ada1d53f68a,what geological processes is important in the formation of soil and sedimentary rock,ms_marco,Semantic Miss,0
q_07326bd438ee3bdb,cost for total bath renovation,ms_marco,Ranking Error,1
q_1de301f606f8725f,salary it manager desktop support,ms_marco,Semantic Miss,0
q_626bb44fea2a790d,personal service provider definition,ms_marco,Ranking Error,1
q_d0384942a6519f89,average annual salary for a teacher,ms_marco,Ranking Error,1
q_23a1e830d6764651,what continent is israel in,ms_marco,Semantic Miss,0
q_8c873ca8d616adbe,what is payee account,ms_marco,Semantic Miss,0
q_23ab9013906e3763,How many intercpetions did Newton have in Super Bowl 50?,squad,Ranking Error,1
q_3874d99b77bea67c,did alexander the great visit ephesus,ms_marco,Ranking Error,1
q_4063bf71ca325f84,list the location of each body cavity and name the organs it contains,ms_marco,Ranking Error,1
q_2e8301e35111bcef,what currency do germany use,ms_marco,Ranking Error,1
q_f541052b5f2a6a43,how much does a business manager make,ms_marco,Ranking Error,1
q_53e9a010ffb7dbff,calcitonin secreted by what cells,ms_marco,Ranking Error,1
q_f957e2a2756799f4,how much can a retired person contribute to an ira,ms_marco,Ranking Error,1
q_ec5efaa3dc6ebddc,how much does laser treatment for broken capillaries cost,ms_marco,Ranking Error,1
q_402db8ab5a0b78e1,when was lady jane grey born,ms_marco,Ranking Error,1
q_06f7dd3793ba8c58,why was san luis obispo built,ms_marco,Ranking Error,1
q_f438fb438a021f00,is tourettes a genetic disorders,ms_marco,Ranking Error,1
q_76d6a6b858434523,what is a winged lion called,ms_marco,Ranking Error,1
q_71f1f9fec0ee26ba,What will spores that eventually germinate develop into?,sciq,Semantic Miss,0
q_32921acfae355920,can crohn's cause weight loss,ms_marco,Semantic Miss,0
q_46c0a243f7977f42,What is the scientific term for farsightedness?,sciq,Ranking Error,1
q_7d49bdfb646b626f,what do olfactory hairs do,ms_marco,Ranking Error,1
q_0902af43353193c0,what does the romanian flag colors mean,ms_marco,Ranking Error,1
q_c413822fbd4aec9f,A bicycle is an example of a compound machine made of many what?,sciq,Semantic Miss,0
q_a50849fa493b1cce,what is the name of the one that comes before undergraduate,ms_marco,Ranking Error,1
q_43ac8de0bf4bbf17,what is soccer called in brazil,ms_marco,Semantic Miss,0
q_97663307b1e5890f,what organs produce and secrete substances that aid in digestion,ms_marco,Semantic Miss,0
q_3025acdfe4d24564,r'(\d+)(\.\d+),code_search_net,Ranking Error,1
q_4d1972d2aca863d2,what does the nucleus basalis do,ms_marco,Semantic Miss,0
q_87a8801ab7511163,how to remove password protection from excel,ms_marco,Ranking Error,1
q_ba7de076b6e26c11,ainsley name meaning,ms_marco,Ranking Error,1
q_79b82b8d19a66d84,what is a parasitic infection,ms_marco,Ranking Error,1
q_fed17947a566bb6f,what year did apple start,ms_marco,Ranking Error,1
q_81c81c84b025f6b7,good soluble fiber sources,ms_marco,Ranking Error,1
q_8072a6bead76108d,What do nearly all animals have in common with regards to digestion?,sciq,Ranking Error,1
q_9a9b709f08b5692a,when was the first compass invented,ms_marco,Ranking Error,1
q_bc354e092364472a,what is ventricular ectopy,ms_marco,Ranking Error,1
q_88f2f50e827a0982,i never was a killing type lyrics,ms_marco,Ranking Error,1
q_3f02fe0dee11cd32,what age of children fifths disease,ms_marco,Ranking Error,1
q_cba2675041389cf4,cost to reside a house in vinyl,ms_marco,Ranking Error,1
q_9108d03f34ea8d21,Which is a nonvascular seedless plant?,ms_marco,Semantic Miss,0
q_2a051c1ae1c53be0,how to get to monza circuit,ms_marco,Ranking Error,1
q_4c84a62c75846ef1,what is intergovernmental relations,ms_marco,Ranking Error,1
q_49d6171d7eae82ef,"Electromagnetic specturm is the full spectrum of raidant energy, which is energy emitted and transmitted as what?",sciq,Semantic Miss,0
q_6c50c0b484bd73f9,word meaning predation,ms_marco,Ranking Error,1
q_8ea12cd0f01aa297,what is a husband supposed to do,ms_marco,Ranking Error,1
q_89172f6030cafd4a,average square foot cost of modular home,ms_marco,Ranking Error,1
q_f2da55ac50b953b4,How many chambers are in a reptiles heart?,sciq,Ranking Error,1
q_52af619550950629,tiny house can i convert a modular home,ms_marco,Ranking Error,1
q_88d5165b5d24dcc3,what did huygens probe discover,ms_marco,Ranking Error,1
q_ab7cb19631267c37,what is fiber reinforced polymer,ms_marco,Ranking Error,1
q_99c5a9ced67bdcbe,difference between osteo and rheumatoid arthritis,ms_marco,Ranking Error,1
q_99a3ec924c0de097,cost to store furniture,ms_marco,Semantic Miss,0
q_cf482bf453a0c40a,gpa for texas tech,ms_marco,Ranking Error,1
q_0cdff5bfd16bfd68,parasympathetic division definition,ms_marco,Semantic Miss,0
q_0e064ae9086d2707,what is rootkit scan,ms_marco,Ranking Error,1
q_88ffb1810e511d4f,What is the name of the water body that is found to the east?,squad,Ranking Error,1
q_f2812e7b0b16f3d8,can you make money as a notary signing agent,ms_marco,Ranking Error,1
q_78993fa87e623164,where is budapest located on a world map,ms_marco,Ranking Error,1
q_1d34e03d4dfe73b0,why did humans domesticate dogs,ms_marco,Ranking Error,1
q_a8201d0ee3796c28,how many calories do you burn in an insanity workout,ms_marco,Ranking Error,1
q_78f16ca80def2575,why does my gas pedal keep sticking,ms_marco,Semantic Miss,0
q_c2b7059ca335bf41,what do Normal curves in the vertebral column provide,ms_marco,Ranking Error,1
q_b8e0406f11b440b2,cholesterol in shrimp good or bad,ms_marco,Ranking Error,1
q_12e00b9ab59c79ce,what is gluten for baking,ms_marco,Ranking Error,1
q_350fedfe8b9a04fd,how do turkeys attract mates,ms_marco,Ranking Error,1
q_5de8dbafa33521ad,1k is equal to how many ohms,ms_marco,Ranking Error,1
q_020e0bca3386d960,what are the unique characteristics of kingdom fungi,ms_marco,Ranking Error,1
q_10a52316bd0401a2,causes of lymphopenia,ms_marco,Ranking Error,1
q_a6400026aa580a8c,what masters degree does a marine biologist need,ms_marco,Ranking Error,1
q_7b742e4ec91a6f79,what kind of legs do sea turtles have,ms_marco,Ranking Error,1
q_d83d4a8478e32a50,what is a hamsa hand,ms_marco,Ranking Error,1
q_1ad9272e89b48e04,what is cla,ms_marco,Semantic Miss,0
q_d2e4104f952b3b13,What is the balance for positive reinforcement?,squad,Ranking Error,1
q_d1ec0b013578e85c,what is an object pronoun,ms_marco,Ranking Error,1
q_89aa2e8a57119947,how do property managers charge,ms_marco,Ranking Error,1
q_89f6083bf50e16b7,Why is it called scandinavia,ms_marco,Ranking Error,1
q_b2463e279100225d,what is xdsl,ms_marco,Ranking Error,1
q_4bb63c76c79e4fca,when did china become unified,ms_marco,Ranking Error,1
q_63df436787286223,average cost to drain pool,ms_marco,Ranking Error,1
q_048d6e10099570db,leonardo's technique of blurred edges is called,ms_marco,Ranking Error,1
q_499e754e668633aa,what is a shanty town,ms_marco,Ranking Error,1
q_f609e4da9ef486aa,does peanuts cause arthritis,ms_marco,Ranking Error,1
q_80aefb3a0ce66af7,define significant,ms_marco,Ranking Error,1
q_afe6e3a26fcd570f,ideal clone temp,ms_marco,Ranking Error,1
q_a55062683cc493e8,when was the first picture of earth called earthrise taken,ms_marco,Ranking Error,1
q_c428d7fe7fad2e06,what are homeotic genes and homeobox sequences,ms_marco,Ranking Error,1
q_fc9b9e5f21279c3f,what is a cluster headache,ms_marco,Ranking Error,1
q_c39858e391ecd6e0,how do you say bounded,ms_marco,Ranking Error,1
q_5b973a8b6b6d4f87,average age of women who get married,ms_marco,Ranking Error,1
q_d54b292254b71d83,what is donburi,ms_marco,Ranking Error,1
q_05880927ea54a0c3,what does a company treasurer do,ms_marco,Ranking Error,1
q_8213734d44719041,what are the active ingredients in flonase,ms_marco,Ranking Error,1
q_858a23c471359108,what province is paris in,ms_marco,Ranking Error,1
q_6c9ce179a3c29b73,average cost of redoing a small bathroom,ms_marco,Ranking Error,1
q_a21b123dc3c588d0,where is lantana fl,ms_marco,Ranking Error,1
q_2ad4a53334c310c4,how much protein should a woman have each day,ms_marco,Semantic Miss,0
q_4ef5cf871ca970fd,how to set up printing to onenote,ms_marco,Semantic Miss,0
q_3d574b56ab9c4b28,what is public health model,ms_marco,Semantic Miss,0
q_56cc6b5db5848eaf,swimming pool cost to build cost to fill in ground,ms_marco,Semantic Miss,0
q_8d0d3b9823e6ab16,when was delta airlines founded,ms_marco,Ranking Error,1
q_5cccd7f3e47ec3c3,how you can become a CPA,ms_marco,Ranking Error,1
q_20b3832fc25018a1,Where do lightnings build up?,sciq,Ranking Error,1
q_a78c293d992c30be,how long should a manual state return take to process,ms_marco,Ranking Error,1
q_7601960ad6a85d67,what foods have yeast,ms_marco,Ranking Error,1
q_8a80feb50c3301f6,can you buy a hat band to make a hat fit that is too small,ms_marco,Semantic Miss,0
q_aeb37952285c607f,"The mars rover collected round clumps of crystals that, on earth, usually form in what?",sciq,Semantic Miss,0
q_79262451d9c2cc43,what are the function of the lymphatic vessels,ms_marco,Ranking Error,1
q_cc842fabd2ff9c9b,how long do cardinal babies stay in nest,ms_marco,Ranking Error,1
q_d348f7b3229fce5e,A gene is usually __________.,ms_marco,Semantic Miss,0
q_749987bc0434b4cc,how long do french lace hydrangea,ms_marco,Semantic Miss,0
q_4d5389aea69da51a,what medications does lyrica interact with,ms_marco,Ranking Error,1
q_569a16254ab70ec7,what is doxycycline,ms_marco,Semantic Miss,0
q_88f7eff740f1e6bc,name that mean art,ms_marco,Ranking Error,1
q_069f8a2e1bee6677,How long does it take to recover from a colonoscopy and endoscopy?,ms_marco,Ranking Error,1
q_462bb88b36535ba3,point cook median house price,ms_marco,Ranking Error,1
q_c39d825faeb6804a,is spousal support in new york based on gross or net income,ms_marco,Semantic Miss,0
q_b12eca3ebc2f8abb,pixelmon what level does pikachu evolve,ms_marco,Semantic Miss,0
q_a5bd8969ff5d2dbe,What do all respiratory diseases affect?,sciq,Ranking Error,1
q_68191dc274aea4a6,what is a dexa scan used for,ms_marco,Ranking Error,1
q_22f5d18c23bf04b1,"r',",code_search_net,Semantic Miss,0
q_c4f0ec55b1e8982f,what is a mind muscle connection,ms_marco,Ranking Error,1
q_842140bf738be262,length of time you have to wear a cast for a broken leg,ms_marco,Semantic Miss,0
q_92bbec9b832df76a,where does chyme form in the stomach,ms_marco,Semantic Miss,0
q_558f8c691ec39df3,How many pounds to a ton,ms_marco,Ranking Error,1
q_25118e82c7db84f1,what does ECO mean in a lexus,ms_marco,Ranking Error,1
q_d8343e11e714ecc5,what kind of spectrums are there,ms_marco,Ranking Error,1
q_001892ef7228da91,what layer of the atmosphere does ozone depletion occur,ms_marco,Ranking Error,1
q_d8276fda9ea2aa4b,is honeydew healthy,ms_marco,Ranking Error,1
q_a1741181c3940224,grassland ecosystem where in the world is it,ms_marco,Ranking Error,1
q_fbbd2cad193e0110,how long to cook fresh fish in oven,ms_marco,Semantic Miss,0
q_d4472c71bd2a91a4,Alkynes are what type of compound?,sciq,Ranking Error,1
q_4d1ecd93984b2b61,what is an equalization rate,ms_marco,Ranking Error,1
q_37a240a67c44be0a,what is mediator software,ms_marco,Ranking Error,1
q_892d2ed66b19259e,who did the early christian persecution,ms_marco,Semantic Miss,0
q_ee555265bb603e41,what is the scientific word for sugar,ms_marco,Semantic Miss,0
q_c7049379ce0552a7,Who was Ogedei's wife?,squad,Ranking Error,1
q_fd34a951c4977001,characteristics of spina bifida,ms_marco,Ranking Error,1
q_bf02b3d9bfbc5c1e,benefits of drinking water on empty stomach in the morning,ms_marco,Ranking Error,1
q_a45646e9c512e00c,how long does it take impatiens to germinate,ms_marco,Ranking Error,1
q_6306ab220cdf29f8,what foods grow well in italy,ms_marco,Semantic Miss,0
q_385f47d845850a60,salmonella causes what disease,ms_marco,Ranking Error,1
q_426ef9b4923c4f02,cost of cosmetic surgery for eyes,ms_marco,Ranking Error,1
q_44ed866c4ffa7e4e,average cost of child care in nevada,ms_marco,Ranking Error,1
q_f8a74d7935921637,is genting highlands theme park open,ms_marco,Semantic Miss,0
q_fe91fd4138564eee,definition of inseparable,ms_marco,Ranking Error,1
q_15f33de0cb7f5b13,how much should a driveway cost,ms_marco,Ranking Error,1
q_34a79e83d127539a,what does your brain do,ms_marco,Ranking Error,1
q_1fd16190d16c9b22,formula to find quarter from date,ms_marco,Ranking Error,1
q_b319027b387a3881,where is tobacco mostly found,ms_marco,Ranking Error,1
q_b084cd84a29e92b4,how young do babies start teething,ms_marco,Semantic Miss,0
q_1ce5df1caa34ab6a,how long do you have to be on birth control for it to start controlling your periods,ms_marco,Ranking Error,1
q_35a28b8afb1b67b2,how long can a cgis investigation last,ms_marco,Ranking Error,1
q_ce9cdeebcd1a95a6,what was the overall purpose of fdr day of infamy speech,ms_marco,Ranking Error,1
q_03e41014f448e743,are oatcakes healthy,ms_marco,Ranking Error,1
q_68ab447530a9c611,What Is Professional Indemnity,ms_marco,Ranking Error,1
q_c8278b77a5c13a18,What temperature should you reheat lasagna to,ms_marco,Ranking Error,1
q_334687991cb6bdff,how long does fresh steak keep in fridge,ms_marco,Ranking Error,1
q_e77a5be5901de8b8,when did the new zealand flag come into being,ms_marco,Ranking Error,1
q_c0547eea76dbb1d3,what is marketing support,ms_marco,Ranking Error,1
q_cd8390bb749baa0e,what bear means in chinese culture,ms_marco,Ranking Error,1
q_700ff9c5db07c38d,is campylobacter contagious,ms_marco,Ranking Error,1
q_2f63d77672a6c780,how far from gold coast to noosa,ms_marco,Ranking Error,1
q_63e88db25537116d,how long do tortoise eggs incubation,ms_marco,Ranking Error,1
q_32f05ed8f71da48d,average cost of energy by state,ms_marco,Ranking Error,1
q_eb3ca1cf0f528d9a,When an atom gains or loses an electron it becames an?,sciq,Ranking Error,1
q_98e769fcccd90d25,what causes yersinia enterocolitica,ms_marco,Ranking Error,1
q_4d856ab568631088,what do elastic fibres do in arteries,ms_marco,Ranking Error,1
q_928ac58d62b26028,how much does a porsche boxster cost,ms_marco,Ranking Error,1
q_f430173fbf76783c,cost to install a deck,ms_marco,Ranking Error,1
q_c8578117dab05a8b,what is a purified phytochemical,ms_marco,Ranking Error,1
q_5012a50fe5175fec,what type of epithelium lines the esophagus,ms_marco,Ranking Error,1
q_291afdbda16f2feb,which chromosome is huntington's disease found on,ms_marco,Semantic Miss,0
q_cdf373ae2a3e8fe7,who is giuseppe mercalli and charles richter,ms_marco,Ranking Error,1
q_9db77005f504fd7e,what kind of soil is the himalayas,ms_marco,Ranking Error,1
q_0bd91fe6f9205c73,cost of sim card,ms_marco,Ranking Error,1
q_f5595afafec9ce14,how long does it take a belly button piercing to heal,ms_marco,Semantic Miss,0
q_55c22f7cdbfc0187,radiology salary per hour,ms_marco,Ranking Error,1
q_f91e43c3d9ec7f5c,who is the protagonist in lysistrata,ms_marco,Semantic Miss,0
q_ab7d59f48c030053,how much do you make with uber,ms_marco,Ranking Error,1
q_f29432a9884942a7,consolute temperature meaning,ms_marco,Ranking Error,1
q_c27cf3a6b8bb9ed0,coastal processes are located on what vertebrae,ms_marco,Semantic Miss,0
q_38251ad3f57ee899,what year did miscegenation become unconstitutional,ms_marco,Semantic Miss,0
q_e660c2da54cd6549,what is gangnam style,ms_marco,Ranking Error,1
q_9dca743e3bed95ed,what is the definition of an addict,ms_marco,Ranking Error,1
q_ffae9d69066e509e,subculture meaning,ms_marco,Ranking Error,1
q_b9573774aa7618f6,if someone is HIv positive does that mean they will die with aids,ms_marco,Ranking Error,1
q_b706c0f19da250e3,One degree Celsius indicates the same temperature change as,ms_marco,Ranking Error,1
q_09ea6d34f4956bd1,how to put header on one page only,ms_marco,Ranking Error,1
q_3c77466c60e97c92,what kind of volcano is paricutin,ms_marco,Ranking Error,1
q_36df3aa062ec5c56,how much does dog hip dysplasia surgery cost,ms_marco,Ranking Error,1
q_ebcba1170924abd5,Why do these defections occur?,squad,Ranking Error,1
q_9c9b21396c8fdb40,grass temperature germination,ms_marco,Semantic Miss,0
q_454e332fe0a98467,international average salary income database,ms_marco,Ranking Error,1
q_bcd264c0186b4c58,flg mutation ethnicity,ms_marco,Ranking Error,1
q_026d692e64df6298,why are chemical symbols important,ms_marco,Ranking Error,1
q_9735c002d886eb20,"r""\[",code_search_net,Ranking Error,1
q_51f9deaa05983a3f,what is involved in memory,ms_marco,Ranking Error,1
q_1ad7d1f5dd7768e2,how much does it cost to get a real tattoo,ms_marco,Ranking Error,1
q_61ac1b1aeca46955,is there a limit for money in a current account,ms_marco,Ranking Error,1
q_8b6f295329b73d27,what causes alkalosis,ms_marco,Ranking Error,1
q_2316754ec9975656,What are the two types of cells?,sciq,Ranking Error,1
q_93698b1a817fef96,cost to remove and install concrete driveway,ms_marco,Ranking Error,1
q_b0cee537858cb755,call apple support number,ms_marco,Semantic Miss,0
q_4a65087f12d814a6,how long does it take for my refund to process,ms_marco,Ranking Error,1
q_31f08191f7e3ca67,what is a fortress,ms_marco,Ranking Error,1
q_a6794243e5e60711,what does ionic mean,ms_marco,Ranking Error,1
q_40195885f7cd5ab0,how long does a deep wound take to heal in the finger,ms_marco,Ranking Error,1
q_f698314566d3c591,what makes it rococo style,ms_marco,Ranking Error,1
q_3415e83bc8bfc911,what should the temp be inside a refrigerator,ms_marco,Ranking Error,1
q_50d177a2a3796e2e,what does autosomal dna show,ms_marco,Ranking Error,1
q_e42b679077c23a3e,average salary of doctors in us,ms_marco,Ranking Error,1
q_0a7aa18568bf7636,what explorer is an african gazelle named for,ms_marco,Semantic Miss,0
q_ae7679b48cb6e809,when is barley harvested in israel,ms_marco,Semantic Miss,0
q_e07d28e93e1c35b6,doctor average salary,ms_marco,Ranking Error,1
q_4e49deaf6115d227,what is a grackle,ms_marco,Ranking Error,1
q_1782e48646504dbe,what is the largest organ in the body,ms_marco,Ranking Error,1
q_2d48e77c6156b5de,who sings on the song moves like jagger original,ms_marco,Ranking Error,1
q_d33bf814086d59e6,In what form is carbohydrate stored in the body,ms_marco,Ranking Error,1
q_c7e5649f3740dfeb,what is stadol nasal spray,ms_marco,Ranking Error,1
q_04e9574f98657be8,what is marketing resource,ms_marco,Ranking Error,1
q_a38f5682c0cd89aa,is spotting a sign of pregnancy,ms_marco,Ranking Error,1
q_11ad1823e0b11715,List tasks,code_search_net,Ranking Error,1
q_ef21cf74002d04c1,should you pay a contractor a percent up front,ms_marco,Ranking Error,1
q_513adcea8b553a5b,how thick does concrete need to be garden wall,ms_marco,Ranking Error,1
q_082238a93dc4a1c6,how long is ferry from calais to dover,ms_marco,Ranking Error,1
q_036b5c327d93e49f,what is presorted standard mail,ms_marco,Ranking Error,1
q_1cf3cf64c83d6f09,what is copper good for,ms_marco,Semantic Miss,0
q_a70d64b517820973,how much does it cost to clean an oven,ms_marco,Ranking Error,1
q_f4c1ec6cd46d4f62,how old does babies start teething,ms_marco,Ranking Error,1
q_8f7ef4e4db42ec56,athena name meaning origin,ms_marco,Ranking Error,1
q_2d2a017e43fa7dc2,what is an oxalate,ms_marco,Semantic Miss,0
q_a4fd5f4ce53699fc,does minoxidil work for women's hair loss,ms_marco,Ranking Error,1
q_f33bbf41b4a338c3,what vegetation zone are pandas found,ms_marco,Ranking Error,1
q_05e092f3282272b9,what is uranus major moon called,ms_marco,Semantic Miss,0
q_1c6a561b13668428,producer organism definition simple,ms_marco,Ranking Error,1
q_5c46b495c4c837af,how to change iphone display colors,ms_marco,Ranking Error,1
q_255e2fb6ce597d88,age do baby teeth start falling out,ms_marco,Ranking Error,1
q_cef070fbdde51193,what is osteopenic range,ms_marco,Ranking Error,1
q_e877f87b5157594b,oakwood university tuition cost,ms_marco,Ranking Error,1
q_2c1cd02bcdd9e78d,what is soap saponification,ms_marco,Ranking Error,1
q_4cdac130f0e814b9,What can be the result of a change in an organization?,squad,Ranking Error,1
q_f864e4aeff6f80d2,turquoise color considered what element in feng shui,ms_marco,Ranking Error,1
q_b8c026a842abfc38,what are examples of VOCs,ms_marco,Ranking Error,1
q_700d2b749f8e3857,concrete can hold moisture for how long?,ms_marco,Ranking Error,1
q_08983746ded5795d,celery calories,ms_marco,Ranking Error,1
q_73a4296ceb7900af,what is cell body is the control center,ms_marco,Semantic Miss,0
q_32819c8d1275d883,term meaning muscle pain,ms_marco,Ranking Error,1
q_2a69b348523a367f,per diem deduction irs,ms_marco,Ranking Error,1
q_a8663384a1b58b81,what makes a lava lamp work,ms_marco,Semantic Miss,0
q_32b20955a25dfa5b,what muscles make up the muscular system,ms_marco,Semantic Miss,0
q_99d94d1ce40464bb,temperature range in singapore,ms_marco,Semantic Miss,0
q_141e5522dc0d6d90,what degree do i need to be a radiologist,ms_marco,Ranking Error,1
q_8e131e7546f21557,why is enzyme amylase affected by ph,ms_marco,Semantic Miss,0
q_66ad2291a4365768,difference between cooling fan and exhaust fan,ms_marco,Ranking Error,1
q_c61bb558201ea255,hereditary polycystic kidney disease,ms_marco,Semantic Miss,0
q_1bd1a2682f581006,"Because of the danger inherent in concentrated oxygen, what is a concern about keeping it?",squad,Ranking Error,1
q_a661e1649875883f,how to measure for cement slab,ms_marco,Ranking Error,1
q_407cf25b1af852ac,describe what a raceme is,ms_marco,Ranking Error,1
q_2cfa06dbb426202e,what is genoise sponge,ms_marco,Ranking Error,1
q_c32e409b86273aa2,where does the name burley come from,ms_marco,Ranking Error,1
q_b393452c6108dd3c,who is prince charles boxer,ms_marco,Ranking Error,1
q_75ed7966fe695ce5,what is considered southern spain,ms_marco,Ranking Error,1
q_bca15550b8d9f99d,cost of life in NYC,ms_marco,Ranking Error,1
q_1c4d80b5355a3a13,what is crypton fabric,ms_marco,Ranking Error,1
q_381b412f8ca89a34,what are alpines plants,ms_marco,Ranking Error,1
q_f312ddb8b762d07f,causes of very yellow urine,ms_marco,Ranking Error,1
q_670f44b09ea1559b,what is the average cost of a funeral,ms_marco,Ranking Error,1
q_82fc296b61e21b3e,what type of professional organization are chiropractors involved in,ms_marco,Ranking Error,1
q_17c8a38733e82ea3,what dividend do apple shares pay,ms_marco,Ranking Error,1
q_fa18232319bd28c0,average cost to live in an apartment,ms_marco,Semantic Miss,0
q_8fa9ce58b109be7f,What does chloroplastidan mean?,squad,Ranking Error,1
q_a5e8546994a9fa2b,food that has natural laxative effects,ms_marco,Ranking Error,1
q_0de5cbafafbf32d9,what material was used in hiroshima,ms_marco,Ranking Error,1
q_de7af35f91454725,how does common descent applied to the evolution of cameras,ms_marco,Ranking Error,1
q_2cab9ffa4889eaaa,what temperature should underfloor heating be,ms_marco,Ranking Error,1
q_71866228e94b8ad4,how to find someone ip on skype,ms_marco,Semantic Miss,0
q_7ab88c14b3dda25a,what is a communication warrant,ms_marco,Ranking Error,1
q_9fd6e2b033b06923,how much does it cost for a speech therapist,ms_marco,Ranking Error,1
q_9f48c55e3580bd92,what is pupil distance in eyeglass prescription,ms_marco,Ranking Error,1
q_af4b3adeae38735c,maximum handicap for for men,ms_marco,Ranking Error,1
q_24119698afd140a6,what is rapa nui,ms_marco,Ranking Error,1
q_fa813bcde4ef78cc,cost of postage stamps,ms_marco,Ranking Error,1
q_de2e8b09fe8eea31,corporate power definition,ms_marco,Ranking Error,1
q_25276932a571b4ba,how long do you cook a crown roast of pork,ms_marco,Ranking Error,1
q_862a3cc1c19cd1df,why was the separate amenities act passed,ms_marco,Ranking Error,1
q_10f97925fd3d9767,what problems did the civil rights movement address,ms_marco,Ranking Error,1
q_8d7057db2458dfb2,what is overpayment inequity,ms_marco,Ranking Error,1
q_fcefe446cc6be0c8,what symmetry means,ms_marco,Ranking Error,1
q_8fae0756eb72b5c3,average cost for painting exterior of house,ms_marco,Ranking Error,1
q_d14b39a50bb75300,definition of seiche,ms_marco,Ranking Error,1
q_7a1f071783489933,is foxtail fern poisonous,ms_marco,Ranking Error,1
q_ed54713756bf0712,xml interface definition,ms_marco,Semantic Miss,0
q_bea67486ac446317,the lowest whole number ratio of the elements in a compound is called the,ms_marco,Ranking Error,1
q_be5bfdea65bdf53f,vietnam size comparison to what us state,ms_marco,Ranking Error,1
q_3c61a761ac046003,how long do black labs typically live,ms_marco,Ranking Error,1
q_c83d0c5e835a372b,what does inr measure?,ms_marco,Semantic Miss,0
q_87d30e70e90db865,what is a commercial guaranty,ms_marco,Ranking Error,1
q_c3e55e27917f5ae5,what is the currency in ireland,ms_marco,Ranking Error,1
q_c1fc6057a15ef7d5,what kind of diversity is in grassland,ms_marco,Ranking Error,1
q_ceefd310faee5033,what is the going salary for market risk analyst,ms_marco,Ranking Error,1
q_3d16eb075d31394f,what is the duckbill platypus adaptations,ms_marco,Ranking Error,1
q_8a3b3452f6e5999d,what type of barrier is mucus,ms_marco,Ranking Error,1
q_f671f37c13c682c9,vitamin and mineral content in fruits,ms_marco,Semantic Miss,0
q_4b42a280c4957da2,can you cook a tri-tip in the oven,ms_marco,Ranking Error,1
q_6b95422a4d8e185e,how many carbs in plain baked potato,ms_marco,Ranking Error,1
q_b2e9e6050ff9d764,does term life insurance increase,ms_marco,Semantic Miss,0
q_37eee52257d29f32,how long does a yorkie mix with chihuahua lives,ms_marco,Ranking Error,1
q_23387323f78a4d66,how to update all figures in word,ms_marco,Ranking Error,1
q_a9a9da221fa5c6ae,size of postcards for us post office,ms_marco,Ranking Error,1
q_f8fac97a84ec6897,is curacao part of the netherlands,ms_marco,Ranking Error,1
q_f11041492b49a3d4,What is the name of pluto's moon?,sciq,Semantic Miss,0
q_f19b8bbbdf5027e9,what does wt mean in texting,ms_marco,Ranking Error,1
q_d79604daca55d646,average cost to have someone build a website,ms_marco,Ranking Error,1
q_2b0feaf7f43b0a81,cost per kwh in long beach ca,ms_marco,Semantic Miss,0
q_82aaff3701cac6e2,what characteristics of dna creates the genetic code,ms_marco,Semantic Miss,0
q_661b5cb9502b2e60,what is the strongest muscle in the body,ms_marco,Semantic Miss,0
q_c7d63d2c20bd264f,how long is a hepatitis a vaccination good for,ms_marco,Ranking Error,1
q_17c482bf953479d0,what is nitrofurantoin used for,ms_marco,Semantic Miss,0
q_1c754a2bf324e066,how many words are on a page in a novel,ms_marco,Ranking Error,1
q_b5385e22226da1ab,average yearly salary of a traveling nurse,ms_marco,Ranking Error,1
q_68c6e80704c16fd8,how does loan officer get paid,ms_marco,Ranking Error,1
q_919333f6f8916a9f,how much does a radiology tech make with a bachelor's degree,ms_marco,Ranking Error,1
q_4af89276b35aec86,what are people from china called,ms_marco,Ranking Error,1
q_91b3fc3ecae23956,what do you understand by the activation energy of a reaction and how does it relate to collision theory?,ms_marco,Ranking Error,1
q_b2fc0525a50dbc6a,how old do puppies have to be before they can hear,ms_marco,Semantic Miss,0
q_ab0b529a1904fef1,A a species is a group of similar organisms that test,ms_marco,Ranking Error,1
q_9b795b8cf11bfe57,cost to get passport,ms_marco,Semantic Miss,0
q_81b164e6e2398352,how many miles is malta,ms_marco,Ranking Error,1
q_92c5362e6461839a,ways to reduce emissions from cars,ms_marco,Semantic Miss,0
q_5507a3d0b702ed9b,what is lodestar mean,ms_marco,Semantic Miss,0
q_7e65d9b3f21f7c84,what county is tomball in,ms_marco,Ranking Error,1
q_0dfb036a17b5fc41,is licorice a blood thinner,ms_marco,Ranking Error,1
q_cb90365c8ec8aa7d,how much does gutter guard cost,ms_marco,Ranking Error,1
q_f5c4f2e2cd25a584,average salary radiologist tennessee,ms_marco,Semantic Miss,0
q_69cfb4633f2d66a8,average cost of auto insurance in florida,ms_marco,Ranking Error,1
q_cc1672b19c775c02,percent of how many service dogs are golden retrievers,ms_marco,Ranking Error,1
q_c8a74b5ca34cb9e7,where are dromedary camels found,ms_marco,Ranking Error,1
q_cd1ff39ec653f1a8,what is the name of the inner region of a lymph node,ms_marco,Ranking Error,1
q_44ef797fac1bea68,what is fme,ms_marco,Ranking Error,1
q_ad700455dd573e10,how much do associate corporate lawyers make,ms_marco,Ranking Error,1
q_03c0b046aa792450,how do i check to see why the mic is not working,ms_marco,Ranking Error,1
q_e554da01d0789081,how long is an imei number,ms_marco,Ranking Error,1
q_52f505fc4cb7b5d5,is a multipolar neuron motor,ms_marco,Ranking Error,1
q_caec35b7ebf6e075,what is bolivia famous for,ms_marco,Ranking Error,1
q_e789944d7c648209,what is a B69,ms_marco,Ranking Error,1
q_66a837297149e91c,where is bilbao in spain is it near the coast,ms_marco,Ranking Error,1
q_cd8b2d6d6b7472e8,When did Lev's Stadium open?,squad,Ranking Error,1
q_6ef2577ba864dca9,what is mers servicer id,ms_marco,Ranking Error,1
q_aab4242734e6cacf,what does noblesse oblige mean,ms_marco,Semantic Miss,0
q_504bf81ccb4db2f7,habitat science definition,ms_marco,Ranking Error,1
q_7a2c1c1ef7cea638,what is an unsaturated hydrocarbon,ms_marco,Semantic Miss,0
q_61eb686c30490ff2,what is a reaction turbine,ms_marco,Ranking Error,1
q_e5305b6b1aeb1932,army psychologist salary,ms_marco,Ranking Error,1
q_70882a76e4f83613,how to start a paw paw tree from seed,ms_marco,Ranking Error,1
q_8279691b5956c253,when should i not inject my lantus,ms_marco,Ranking Error,1
q_fa1349f6c2dbdac9,what is the meaning of the name samaria,ms_marco,Ranking Error,1
q_89393696485f1db1,different types of hemoglobin,ms_marco,Ranking Error,1
q_1b21f0a60563a042,brennan name meaning,ms_marco,Ranking Error,1
q_c755f538a14a9941,what is the definition of the nile river valley,ms_marco,Ranking Error,1
q_c0a893bb3d71089b,what is fire blight,ms_marco,Ranking Error,1
q_590c7d7f5702684b,what is a novel,ms_marco,Ranking Error,1
q_5277d2385a994f49,what are the different giant covalent structures,ms_marco,Ranking Error,1
q_306d4d3d72b731d7,what does arbitration agreement means,ms_marco,Ranking Error,1
q_6287b15fd3f4bee3,how long does the average cremation take,ms_marco,Semantic Miss,0
q_f6aeb115ee19478b,how to incubate guinea fowl eggs,ms_marco,Semantic Miss,0
q_7b70206f584fcfc1,what is the history name for carter,ms_marco,Ranking Error,1
q_8c95368da0aa4bba,How would one create an empire by means of Imperialism?,squad,Ranking Error,1
q_1fe7a9e918c61d6e,why chartered accountant is important,ms_marco,Ranking Error,1
q_aeefe137e96c5ba6,what does a wellness check consist of,ms_marco,Ranking Error,1
q_0b9d2ed032739e58,zweitstudium what is,ms_marco,Ranking Error,1
q_db019a3f9e7b5fa8,disease that opossum carry that are transmitted to dogs,ms_marco,Ranking Error,1
q_b55c0cee4574f550,how long do house of representatives members serve,ms_marco,Ranking Error,1
q_1bf486e6f71ece35,what is the currency of chad africa,ms_marco,Ranking Error,1
q_995afedd9f3d69f0,what are the lines on the forehead called,ms_marco,Ranking Error,1
q_984bfec90d417d7b,what is ractopamine,ms_marco,Ranking Error,1
q_d349b49f0acf3424,polymerase chain reaction definition,ms_marco,Ranking Error,1
q_2314615faedd6f17,how to get money to remodel my home,ms_marco,Semantic Miss,0
q_235328810278f10a,what does the premotor area control,ms_marco,Ranking Error,1
q_51a6eae33fe71f95,what causes tonsils,ms_marco,Ranking Error,1
q_557a42a04d71e4cf,What does Kitab Rudjdjar mean in English?,squad,Ranking Error,1
q_d531a253edefa6cc,what is goat,ms_marco,Ranking Error,1
q_e78cf503c0908b75,what does EPNS mean,ms_marco,Ranking Error,1
q_a5555aadd2ab605c,qualifications for becoming a registered nurse,ms_marco,Ranking Error,1
q_6bd19d54d1efc83f,where can I purchase alum from,ms_marco,Semantic Miss,0
q_676ab654bea25683,what is glt material,ms_marco,Ranking Error,1
q_40e1a4a40a9c48e9,how long does it take to walk 5k,ms_marco,Ranking Error,1
q_7185554748efd126,What is another term for rotors?,squad,Ranking Error,1
q_81128032db69abf4,grams in a tablespoon of sugar,ms_marco,Ranking Error,1
q_f7a8eb5b2a620bbf,Photosynthesis is initiated by what hitting plants?,sciq,Ranking Error,1
q_c516b392fa9a48ac,is selleck a cornish surname,ms_marco,Semantic Miss,0
q_2932e5d62a49886c,what dragonfly symbolizes,ms_marco,Ranking Error,1
q_da2de3d82695d05e,what is a cbr test,ms_marco,Semantic Miss,0
q_d91e59acb43d310d,where the name drambuie come from,ms_marco,Ranking Error,1
q_fff5e4a4a0f3dfa3,why are algae confused as plants,ms_marco,Ranking Error,1
q_17346db8ae53ec5a,what is palm sugar used for,ms_marco,Ranking Error,1
q_2f24e1f8ef2502c7,what is rhetorical device,ms_marco,Semantic Miss,0
q_60d7579b5e0a03dd,what is nasal stuffiness,ms_marco,Ranking Error,1
q_21426d23041360ec,what is a contingent liabilities,ms_marco,Ranking Error,1
q_4a94d302df249d24,where does angina radiate,ms_marco,Ranking Error,1
q_5d92580edc2f53cd,lorazepam dose for sleep,ms_marco,Ranking Error,1
q_1f173073daebb02a,is norvasc a blood thinner,ms_marco,Ranking Error,1
q_d90d474016da142d,what is bidirectional SFP,ms_marco,Ranking Error,1
q_dd007543bf7f0176,what is puush,ms_marco,Ranking Error,1
q_bc569b11cfa138b1,how much cost appointment with small business coach,ms_marco,Ranking Error,1
q_ee41f52a866c5b08,what is Serotonin syndrome,ms_marco,Ranking Error,1
q_3383d24708d7834f,How much time is usually needed in vigorous activity to cause depletion of glycogen reserves,ms_marco,Ranking Error,1
q_4bd060eb98f6c992,Where do ctenophora live?,squad,Ranking Error,1
q_1f27a22b2afe4ec9,what are bunnies,ms_marco,Ranking Error,1
q_fa7a8ca6bc08a9d6,what are bales,ms_marco,Ranking Error,1
q_b360cff4a93557b7,what muscles in activated during plank,ms_marco,Semantic Miss,0
q_82e235242c38eba8,what is computed tomography imaging,ms_marco,Ranking Error,1
q_ff9747a76c9b59a8,what is communism quizlet,ms_marco,Semantic Miss,0
q_c71836c9840756ad,what is Diabetic microalbuminuria,ms_marco,Ranking Error,1
q_7aea4570a41aca44,what is meant by reflection of the serous pericardium,ms_marco,Ranking Error,1
q_537d9b8467f96390,how long does it take to take up a habit,ms_marco,Semantic Miss,0
q_49d89df661271f1b,cost of ventolin hfa inhaler without insurance,ms_marco,Ranking Error,1
q_176a46935c76a241,what type of materials do you need to keep charges flowing?,ms_marco,Semantic Miss,0
q_e7e659396ca1f3ba,why is machu picchu fantastic,ms_marco,Semantic Miss,0
q_1d371d4b988f2ec1,what does magnetism affect,ms_marco,Ranking Error,1
q_828bfdd55205a928,what is the cost of employment arbitration,ms_marco,Ranking Error,1
q_8afe09949ead1c96,how is genetic disorder inherited,ms_marco,Ranking Error,1
q_d9efa8ebc2799472,what is the yearly pay for a civil engineer,ms_marco,Semantic Miss,0
q_e4b8c33601080ead,should i apply the tb vaccine,ms_marco,Semantic Miss,0
q_82953712f1d3322d,what is at exbury gardens,ms_marco,Ranking Error,1
q_d31083eb40355336,what is a bulging artery,ms_marco,Ranking Error,1
q_93ee64f1d98e9ad8,what surface is indoor field hockey played on,ms_marco,Ranking Error,1
q_83bb250308e9be85,who is ishmael,ms_marco,Ranking Error,1
q_174d7dc84572ef1b,How much did Levi's Stadium cost?,squad,Ranking Error,1
q_6343a21d5ccec1db,oil price per barrel history,ms_marco,Ranking Error,1
q_345c934971a38c2f,is the new york observer liberal or conservative,ms_marco,Semantic Miss,0
q_d4ecf5a6cbf7155a,what is in root beer,ms_marco,Ranking Error,1
q_a3119722803411c5,where was clark gable born,ms_marco,Ranking Error,1
q_3b610b6013eff740,what year was the paperclip invented,ms_marco,Semantic Miss,0
q_aab1037889d920fb,concrete resurfacing cost,ms_marco,Ranking Error,1
q_bd628e79ce41729d,word that means easily influenced,ms_marco,Ranking Error,1
q_7b600f56386662fb,how long to cook pork rib tips in oven,ms_marco,Semantic Miss,0
q_8fff2515e5b1a546,who coined term evidence based medicine,ms_marco,Ranking Error,1
q_694583231931b8e2,what is a flagstaff,ms_marco,Ranking Error,1
q_260999edf0afa95f,what makes a fossil an index fossil,ms_marco,Ranking Error,1
q_c7d6e338d022be88,what are the main characteristics of the tropical savanna,ms_marco,Ranking Error,1
q_a69b03be8cdc1c13,glycolysis definition as a pathway for atp,ms_marco,Semantic Miss,0
q_937e7216dc8cc005,difference between greek and roman culture,ms_marco,Ranking Error,1
q_d3df531f00fc1417,what is a gluten allergy,ms_marco,Ranking Error,1
q_aadcdde7a8c902f8,what is ibm devops,ms_marco,Ranking Error,1
q_9e208f5b4a6bc014,justdial coimbatore contact number,ms_marco,Ranking Error,1
q_b634602bc739d792,what is a civil offense,ms_marco,Semantic Miss,0
q_7a6dab083fb6c433,diotrephes name meaning,ms_marco,Ranking Error,1
q_f6a19e19c4762255,process of using dna to create rna,ms_marco,Ranking Error,1
q_b22f4101e818ba7b,average price for dinner in argentina,ms_marco,Ranking Error,1
q_e67aebd16c1f5dae,which minerals indicate the presence of oxygen,ms_marco,Semantic Miss,0
q_2df7aae0b1cb714b,is dcpip harmful,ms_marco,Ranking Error,1
q_e145896bca3c0f5d,what does iptg do,ms_marco,Semantic Miss,0
q_9a644e43a4979de3,average household electricity usage,ms_marco,Ranking Error,1
q_58aeb052665320af,what do states have regarding whistleblower,ms_marco,Semantic Miss,0
q_44838deee7f5df9c,is hilary duff an illuminati,ms_marco,Ranking Error,1
q_a0d3dd5005edbb25,What does a molecular flu test detect,ms_marco,Ranking Error,1
q_25b33daa3c299b26,what is the treatment of pleurisy,ms_marco,Ranking Error,1
q_609500ce1caec055,how much does it cost to be cremated,ms_marco,Ranking Error,1
q_62a7b1a40633ee48,what is auricle,ms_marco,Ranking Error,1
q_2065686998622468,average penile length yahoo,ms_marco,Ranking Error,1
q_8ba134df116a9c33,flagler cost per credit hour,ms_marco,Ranking Error,1
q_24653a4e0ad0a4ec,where is chernobyl located,ms_marco,Semantic Miss,0
q_7f6eae639d4014cb,what is inside jackfruit,ms_marco,Ranking Error,1
q_3445f3de512c48b7,how much should a one month baby drink,ms_marco,Ranking Error,1
q_ef18bb34d0e516a3,average temps for fairbanks alaska,ms_marco,Ranking Error,1
q_f98b0537825eae8f,how many credits for a degree,ms_marco,Semantic Miss,0
q_1fea73c2e8cdc372,what does the name jasmin mean,ms_marco,Ranking Error,1
q_aac44aa460ad19e5,What type of text is the Quran?,squad,Ranking Error,1
q_3e05a26caae7b072,what is the average wage for housekeepers,ms_marco,Semantic Miss,0
q_8248289fb3dc0bbd,different types of wines explained,ms_marco,Ranking Error,1
q_a63cd4bf8efa82bf,what category does liothyronine belong and what disease does it treat,ms_marco,Ranking Error,1
q_06f1360301b11b05,are chickpeas a carbohydrate?,ms_marco,Semantic Miss,0
q_ae4c9f58a26a789f,how much do i pay for auditor,ms_marco,Ranking Error,1
q_b02ab8f50d02a768,who was trek founded by,ms_marco,Ranking Error,1
q_ca5b12f6d9d59371,definition of gene locus,ms_marco,Ranking Error,1
q_f4b569ce8a316417,normal range of oxygen saturation for adults,ms_marco,Ranking Error,1
q_c91d46de59fc71c8,END state.,code_search_net,Ranking Error,1
q_ad1d36419520e824,where is woodbine georgia,ms_marco,Ranking Error,1
q_96e2966cb74058bf,what is flank pain,ms_marco,Ranking Error,1
q_3f75becd91f00c21,how contagious is a stomach flu,ms_marco,Ranking Error,1
q_6b31058356ca0652,The visual cortex of the brain is located towards the:,ms_marco,Ranking Error,1
q_3dc1541118928325,how long to cook pork chops in showtime rotisserie,ms_marco,Ranking Error,1
q_ecb59a1da0ebc476,what is your spleen responsible for,ms_marco,Ranking Error,1
q_b8984160e8f97da5,what is mineral magnesium,ms_marco,Ranking Error,1
q_6982db752d634bb9,where do the dutch come from?,ms_marco,Ranking Error,1
q_a08dbaa775093575,where is the pcv valve located,ms_marco,Semantic Miss,0
q_ae0e8888508b3674,how much exercise or physical activity should people do daily,ms_marco,Ranking Error,1
q_da84282375722b94,how far from bullers of buchan from aberdeen scotland,ms_marco,Ranking Error,1
q_c36caec7d1086f0e,what is a bundle of neuronal processes,ms_marco,Ranking Error,1
q_41bca49980882707,how long before an item is considered abandoned,ms_marco,Ranking Error,1
q_ae243719b9c98f5a,are toads poisonous,ms_marco,Ranking Error,1
q_0233ce9f1fa4888d,what is a hypo,ms_marco,Ranking Error,1
q_11e7b396cf12f795,behavioral adaptations what resources do organisms need from their environment,ms_marco,Ranking Error,1
q_a1ba43611137ded8,how do i pay my taxes online,ms_marco,Ranking Error,1
q_7d491d07919e7c66,what is joconde cake,ms_marco,Semantic Miss,0
q_9f26e6d89af76af1,where is papaya found,ms_marco,Ranking Error,1
q_1458960bf6bb09d5,cost of pet insurance per month,ms_marco,Ranking Error,1
q_75b10df0153ec3a8,what does leap manifesto mean?,ms_marco,Ranking Error,1
q_c0e0529e3ed1e01f,common causes of burning sensation in the tongue,ms_marco,Semantic Miss,0
q_b14598501882c3cf,what is a desalination plant,ms_marco,Ranking Error,1
q_6d2c9e0932fc5df0,what is pva used for,ms_marco,Ranking Error,1
q_8fb096e351bc6f03,why is the united states considered a meritocracy,ms_marco,Semantic Miss,0
q_0edd2f9e9878660d,how much is a meter stamp,ms_marco,Ranking Error,1
q_42cf156bc02e2d72,what is the plate tectonic of the rainforest,ms_marco,Ranking Error,1
q_c3fb8bce0e462c05,what does the word mollusks,ms_marco,Ranking Error,1
q_c5e9851103f7bdd5,. what is middle age,ms_marco,Ranking Error,1
q_8082287ab4180314,when was the first computer built,ms_marco,Ranking Error,1
q_e87cdddf05e51403,what is antacid made of,ms_marco,Ranking Error,1
q_5832e49acb39efaf,who is nigel bruce,ms_marco,Ranking Error,1
q_bd985092cf6507fb,what is venus known for,ms_marco,Ranking Error,1
q_e8ac551daa5f0938,What type of flower is sought on Midsummer's Eve?,squad,Ranking Error,1
q_6f671a9c030d1a54,parasitic roundworms examples,ms_marco,Ranking Error,1
q_01a4c9aa3cf35ead,What is an example of a disease that affects the blood?,sciq,Ranking Error,1
q_275fe0a7353730ef,was that midlife is affected biologically,ms_marco,Ranking Error,1
q_01f620471d8743df,What size are adult Ctenophora?,squad,Ranking Error,1
q_265849b65fdd733a,vitamin d in infants side effects,ms_marco,Ranking Error,1
q_c6345121c345795b,how long do you have before you have to move after the foreclosure,ms_marco,Ranking Error,1
q_98acd9938ac8f31f,what level do you get a flying mount in wow,ms_marco,Ranking Error,1
q_7a3d8bedc7caaeef,actual measurements of a teaspoon,ms_marco,Ranking Error,1
q_1203bc4625ca8e0c,how much a home inspector make,ms_marco,Semantic Miss,0
q_1f6d6d4e400d0f37,harvard tuition and costs,ms_marco,Ranking Error,1
q_b8f444a62b91f019,average weight age range baby boy,ms_marco,Ranking Error,1
q_19bf8800421c4bdd,how long to cook a cross rib roast,ms_marco,Ranking Error,1
q_7147f68ba41395f3,what evidence does dna show,ms_marco,Ranking Error,1
q_07c7458a3b56e055,"Kangaroos, koalas, and opossums are examples of what type of mammals?",sciq,Ranking Error,1
q_bf8ccb89c754c416,Myelinated axons that extend between the cerebral hemispheres are called,ms_marco,Ranking Error,1
q_ccaf145f748173ba,what language does austria speak,ms_marco,Semantic Miss,0
q_171d97b639d6fa25,what tectonic plate is mount st helens on,ms_marco,Ranking Error,1
q_a86256cbe0a60711,what course do you do to become a speech therapist,ms_marco,Ranking Error,1
q_39939aa1e1fb03f6,What are the two types of fats?,sciq,Ranking Error,1
q_60f4e493242fd3e9,where puerto vallarta is located,ms_marco,Ranking Error,1
q_d080956d104896a3,temporal parietal damage,ms_marco,Ranking Error,1
q_7971ba9e953feee2,what is an end user agreement,ms_marco,Ranking Error,1
q_32870b9a4a840d8d,what is the meaning of the decameron,ms_marco,Semantic Miss,0
q_11a71077361ace72,what does clinical psychology mean,ms_marco,Ranking Error,1
q_c7c93cd392849ab3,exilis cost,ms_marco,Ranking Error,1
q_010381b5c857c874,side effects that are caused by GMOs,ms_marco,Ranking Error,1
q_cc2b6bc0571ad320,cost per class of university of chicago,ms_marco,Ranking Error,1
q_838d3241e932097b,terms used in a will,ms_marco,Ranking Error,1
q_d15546e1185d2a83,What is average weight of a medium carrot,ms_marco,Ranking Error,1
q_05808179ca29eaa8,what are the causes of nasal polyps,ms_marco,Ranking Error,1
q_370313a098d833f9,average rainfall in bloemfontein,ms_marco,Ranking Error,1
q_046d7bde4df7a562,What was done to counteract the overpopulation of mnemiopsis in The Black Sea?,squad,Ranking Error,1
q_75592cb425d97636,causes of facial numbness,ms_marco,Ranking Error,1
q_3b0585f992955371,what are fdic insurance limits,ms_marco,Ranking Error,1
q_0bdfe84b8cc8e51a,what is the meaning of morocco's flag,ms_marco,Semantic Miss,0
q_e6095f0921901783,what is deadline to file tax extension,ms_marco,Semantic Miss,0
q_195744ea7d4e5277,is contractor cost wages,ms_marco,Ranking Error,1
q_4f3aa28639033594,average salary at aetna for director,ms_marco,Ranking Error,1
q_3c8cd927d486d17c,what to expect two weeks after knee replacement,ms_marco,Ranking Error,1
q_0b1ffdbc9c4c9f45,how long is the seikan tunnel,ms_marco,Ranking Error,1
q_33a7a3a1ad574f2a,how many yards do i need for a baby blanket,ms_marco,Semantic Miss,0
q_d089e4e37269ff14,lab test what does bun mean,ms_marco,Semantic Miss,0
q_00cc682ec59efd42,what best describes connective tissue,ms_marco,Ranking Error,1
q_4b4e8dacd308a944,Which gas is released by the group of archaea known as methanogens?,sciq,Ranking Error,1
q_7bfe18f9ce8cc6bd,What types of teachers are retiring the most?,squad,Ranking Error,1
q_bcae2c337fc8853f,what hormone does the pituitary gland produce in dogs,ms_marco,Ranking Error,1
q_cb44d3eff4d401e5,how much does a navy lieutenant make,ms_marco,Semantic Miss,0
q_8d0ba4dbe38a36dc,how to delete synced pictures from ipad,ms_marco,Ranking Error,1
q_bb36e45a26a9161a,first black woman to earn phd in astrophysics front yale,ms_marco,Ranking Error,1
q_89ec4706de0763b3,what is the world's longest snake on record,ms_marco,Ranking Error,1
q_9b4e8c916a61a287,what organs allow nutrients to be absorbed,ms_marco,Ranking Error,1
q_caa097627eb83f8a,what is polyurethane leather made of,ms_marco,Ranking Error,1
q_0442e6f437d120d8,why do muslim men have beards,ms_marco,Ranking Error,1
q_60d5ce5d957b43ec,How does bacteria reproduce?,sciq,Ranking Error,1
q_3a36f5caaf7b73bb,cost to install kitchen faucet,ms_marco,Ranking Error,1
q_f34f196edc47722f,What are the largest phylum of the animal kingdom?,sciq,Semantic Miss,0
q_596fc4e5a8589140,what does S&M mean,ms_marco,Semantic Miss,0
q_06a2eee1b4f2ee7b,hepatitis definition,ms_marco,Ranking Error,1
q_fae9196af6f08c87,What type of movement is caused by erosion from direct gravity?,sciq,Ranking Error,1
q_03e170fbb706b07a,where does Exocrine glands secrete their fluids,ms_marco,Semantic Miss,0
q_9c61ff7930d152f6,how to get an ohio boating license,ms_marco,Ranking Error,1
q_0f99f55e5c046ac7,what is limestone in chemistry,ms_marco,Semantic Miss,0
q_d3d8bcc7dacf9bb8,cost of orthotics in ontario,ms_marco,Ranking Error,1
q_1b2623fc577d2b75,Truncate tables.,code_search_net,Ranking Error,1
q_69bd69103763a1ab,the medial concavity of the kidney is called the,ms_marco,Ranking Error,1
q_71ee0b07cfac5d91,what is american shortening,ms_marco,Semantic Miss,0
q_55d74b31b5925402,What is the natural movement called within your intestines?,sciq,Ranking Error,1
q_abf5280665899b4e,what breccia is used for,ms_marco,Ranking Error,1
q_31013f3c242d7897,why are frequent monitoring of diabetes important,ms_marco,Semantic Miss,0
q_8be3869ae3faa8f2,where in california is the naval base north island,ms_marco,Ranking Error,1
q_a21d3267d5c03b46,what is river rocks,ms_marco,Semantic Miss,0
q_8e2c53439a936859,town where ruins of machu picchu are located on which continent,ms_marco,Semantic Miss,0
q_95201d437e97f4a1,indira name meaning,ms_marco,Ranking Error,1
q_b8e7acca8a8225b3,what is a carbonyl group,ms_marco,Ranking Error,1
q_7fa21e0921d32fc2,which is the southernmost part of india,ms_marco,Ranking Error,1
q_dfb6133f2fc077e2,open label extension study definition,ms_marco,Ranking Error,1
q_e64b96b302e006e8,why was berlin airlift needed,ms_marco,Ranking Error,1
q_551dae60314f3fe4,clenbuterol how long to see results,ms_marco,Semantic Miss,0
q_d36c33c2c861b0f4,how does batchgeo work,ms_marco,Semantic Miss,0
q_806f4f266a703c51,average cost of college,ms_marco,Ranking Error,1
q_01bf9fb20275e6cb,how to request for approval email for data card,ms_marco,Ranking Error,1
q_e6511f393e8fae13,what should normal diabetes glucose levels be,ms_marco,Ranking Error,1
q_5f4bb13d2e4657f1,normal rabbit temperature,ms_marco,Semantic Miss,0
q_24c2b893125a0c69,what is a normal iq,ms_marco,Ranking Error,1
q_fb91b1cc41cf8ac8,r'[*]\d+,code_search_net,Ranking Error,1
q_9662ede8fe929f8a,when does implantation in pregnancy occur,ms_marco,Ranking Error,1
q_c9401d2401bac813,where does the word anorexia nervosa come from,ms_marco,Ranking Error,1
q_0ba114e1b87458cd,how long do fresh hen eggs keep outside fridge,ms_marco,Semantic Miss,0
q_838a994da51071af,what is the equation for calculating density,ms_marco,Semantic Miss,0
q_c838a4cd3cbbccdb,typical payroll cost for a small firm,ms_marco,Ranking Error,1
q_65ee6ddb1fa45850,what does incited mean,ms_marco,Ranking Error,1
q_52311e259475cf80,political system that divides power between a central government,ms_marco,Ranking Error,1
q_dac7be52b34ab118,what is granisetron hcl used for,ms_marco,Ranking Error,1
q_664267f34b7a153b,average cost of heat pump system and installation,ms_marco,Ranking Error,1
q_eceebf131c896425,can you use pandora without wifi,ms_marco,Ranking Error,1
q_84179c2be90481f1,kratom definition,ms_marco,Ranking Error,1
q_e4c1e1c46b59ee7e,where do auroras occur,ms_marco,Ranking Error,1
q_76c356617fc60ee0,what is nrf2 activator,ms_marco,Ranking Error,1
q_1b4cc5fcdae6edf5,what is bilirubin function,ms_marco,Ranking Error,1
q_4244f617e8854943,can a pinched nerve feel like a heart attack,ms_marco,Ranking Error,1
q_83e0c62961beb313,how long are avocados good for,ms_marco,Ranking Error,1
q_f8e17a33edc13703,what kind of landform is toronto,ms_marco,Semantic Miss,0
q_d79c852505bec8e6,what is medical center,ms_marco,Ranking Error,1
q_0f4c08eae8680d5b,how long does an mri take for your back,ms_marco,Semantic Miss,0
q_be2439dadbdee18e,what is the origin of the name quirino,ms_marco,Ranking Error,1
q_a373c8c8690b434a,benign tumor of mesenchymal origin,ms_marco,Semantic Miss,0
q_e82c39156ef91717,barite is in what mineral group,ms_marco,Ranking Error,1
q_d903d68e22b3a61d,what phase of the cell cycle is the genome replicated,ms_marco,Ranking Error,1
q_e309f69d44076c07,body temperature range,ms_marco,Ranking Error,1
q_51c536609784ac43,how to restore data from another database in mysql,ms_marco,Ranking Error,1
q_85d3c62d7b6a1072,what movement does the cerebrum control,ms_marco,Ranking Error,1
q_f8afd967f8acf070,what is geoengineering chemtrails,ms_marco,Ranking Error,1
q_fd843d1b18eee83e,what Pokémon is a moth,ms_marco,Ranking Error,1
q_8352468c38d1071d,average temp of a taiga,ms_marco,Ranking Error,1
q_980ca4213e33adae,what is made at the lhc,ms_marco,Ranking Error,1
q_004a53be2dfe0601,oldest president to be elected,ms_marco,Ranking Error,1
q_ef8fbf2bde3ebf3c,neonatal nurse salary how much will they make,ms_marco,Ranking Error,1
q_c158585671f769f2,all of the hobbit movies,ms_marco,Semantic Miss,0
q_b481efdf8a55a0de,Motor neurons are considered to be what type of neurons,ms_marco,Ranking Error,1
q_6388439723f2d401,Chewing insects such as dragonflies and grasshoppers have how many sets of jaws?,sciq,Semantic Miss,0
q_3064d661094964be,can you hatch quails in an incubator,ms_marco,Ranking Error,1
q_cdb3ae19f91e9367,When does a baby double in length and triple in weight?,sciq,Ranking Error,1
q_a827e03c2f818feb,Init client,code_search_net,Ranking Error,1
q_9f4478c4745f56ec,where do palm trees originate,ms_marco,Semantic Miss,0
q_093c7670b6143235,worst types of brain damage,ms_marco,Semantic Miss,0
q_b901e4717817bfe1,who sang the disco song Take me to a higher place,ms_marco,Ranking Error,1
q_51fb117a72ff594b,what is craic mean,ms_marco,Ranking Error,1
q_01f7831e5f859864,delusions definition schizophrenia,ms_marco,Semantic Miss,0
q_af2f828befeb1948,when was robert gould shaw born,ms_marco,Ranking Error,1
q_039e5fb174ce8b7f,constricts blood vessels definition,ms_marco,Ranking Error,1
q_13de3558b9bb06a2,what is bundesliga,ms_marco,Ranking Error,1
q_c1d9f960acf219ea,how much can i expect to pay for carpet?,ms_marco,Ranking Error,1
q_16049476f2bffa2e,average price for boat detailing,ms_marco,Ranking Error,1
q_cfda6ea3c127d030,how much is m&s prosecco,ms_marco,Ranking Error,1
q_dfda5ff4ee3f6d71,how long does an occupational therapist go to school,ms_marco,Ranking Error,1
q_6bf786c5f1ecf95f,what is the meaning of election,ms_marco,Ranking Error,1
q_a042ba4f2287a776,Who actually won the prize?,squad,Ranking Error,1
q_12e9e63ef965132d,cholera infantum definition,ms_marco,Ranking Error,1
q_b7ec7ad12e6e02f9,what are zooxanthellae,ms_marco,Ranking Error,1
q_1e49fdf2f391ca4c,what is the average cost to have a tree removed,ms_marco,Ranking Error,1
q_e79094188531cf04,what is the average cost of a full time nanny,ms_marco,Ranking Error,1
q_61b86a979b596091,What type of mammals are humans?,sciq,Ranking Error,1
q_6114045eb53c2181,who did belgium give power over in,ms_marco,Semantic Miss,0
q_fdc374e0791a3930,what is normal GFR level for person with one kidney,ms_marco,Ranking Error,1
q_0ea3789308fea439,merchant fees definition,ms_marco,Ranking Error,1
q_5257ea09d4734dcb,what is spinosad,ms_marco,Ranking Error,1
q_0caf0c1c253736c5,goosebumps the werewolf of fever swamp,ms_marco,Ranking Error,1
q_d0f2661af12d6fed,how much does a curriculum director make,ms_marco,Ranking Error,1
q_458393047ccbeb61,where do catfish live in ponds,ms_marco,Semantic Miss,0
q_f56aa25fc8c3df85,where did sacagawea grow up,ms_marco,Ranking Error,1
q_59d50063d8967760,how long does an irs audit take,ms_marco,Semantic Miss,0
q_c40003306d59efcf,how long to charge camera battery,ms_marco,Ranking Error,1
q_fe65afb8224f4df9,don bradman where was he born,ms_marco,Ranking Error,1
q_2454359fcd40c88f,what's the average cost for a crown,ms_marco,Ranking Error,1
q_7f3b7554bc47e509,what is adobo chicken,ms_marco,Ranking Error,1
q_55f3695607c7f58c,what is hydroquinone,ms_marco,Ranking Error,1
q_2b3e9bb2d7322b69,angiosperms use what type of respiration,ms_marco,Semantic Miss,0
q_948c5785a116f7e8,how to conclude a long essay,ms_marco,Ranking Error,1
q_b4e5f1e9d1fb49d0,Enrichr API,code_search_net,Ranking Error,1
q_163fb254925a7ee2,cost of adding a basement entrance,ms_marco,Ranking Error,1
q_fba8bbfbc3412ed7,salary texas university,ms_marco,Semantic Miss,0
q_f72fa3b4ff5deeb8,which opioids is an agonist and antagonist,ms_marco,Ranking Error,1
q_d8abe04c7ef4d3f7,where on the foot represents the lymph nodes,ms_marco,Semantic Miss,0
q_25851257c089ad0c,what does a steam turbine condenser do,ms_marco,Ranking Error,1
q_ea4188b095cf3814,what does dysentery mean,ms_marco,Ranking Error,1
q_ed1f55956f95f740,how long does it take to become a therapist,ms_marco,Ranking Error,1
q_344d37e481a3679e,average length of newborn,ms_marco,Ranking Error,1
q_13302dd295c3ca49,what age do freckles disappear,ms_marco,Ranking Error,1
q_a76c3a74fb69318f,how much energy does an air conditioner use per hour,ms_marco,Ranking Error,1
q_f01827319331ec32,board of directors roles and responsibilities,ms_marco,Ranking Error,1
q_bfbfe49e29d81e73,why do they call it rubbing alcohol,ms_marco,Ranking Error,1
q_f7c165e706e04465,where do giant moths originate from,ms_marco,Ranking Error,1
q_91f1b2b1bc773dec,what does pcb means,ms_marco,Ranking Error,1
q_edf48e35ac9075d7,how much does it cost to expunge criminal record,ms_marco,Ranking Error,1
q_8496c1cd4a88e1ab,do black holes grow,ms_marco,Ranking Error,1
q_4d8ba0853ace739e,disability pensioner can i get age pension,ms_marco,Ranking Error,1
q_4b7ad16a75727cb2,who wrote and first recorded wallflower,ms_marco,Ranking Error,1
q_0992f5dc513cbd29,what is a catalase positive result,ms_marco,Semantic Miss,0
q_20faf0695f94d2f1,what does wryd mean,ms_marco,Ranking Error,1
q_643f198ab9608dba,what is neuromuscular therapy,ms_marco,Ranking Error,1
q_a73f49d982d55d06,definition of prothrombin gene mutation,ms_marco,Ranking Error,1
q_78f05274da76e7fd,where does the bilby live,ms_marco,Ranking Error,1
q_9ae1636bcd6f343c,what causes the chemical reaction of carbonated water,ms_marco,Ranking Error,1
q_f8264a520af9801c,norman lear net worth is,ms_marco,Ranking Error,1
q_d1a9a955bde086b4,pitambari name meaning,ms_marco,Ranking Error,1
q_617eac3f6627bfc3,what is the origin of the name Belgae,ms_marco,Ranking Error,1
q_b53293d3fd79c0ce,Which company did Mrs Foster work for?,squad,Ranking Error,1
q_ff07517061e1d95e,what is RIGHT UPPER extremities,ms_marco,Ranking Error,1
q_273e3ec14639861f,is yellow loosestrife invasive,ms_marco,Semantic Miss,0
q_11524b3c9c39cdcf,what proteins are directly affected by ADH,ms_marco,Ranking Error,1
q_1d5dcd9fa12a21bd,what is the max deduction for charitable donations,ms_marco,Ranking Error,1
q_02f09ea41f1707e3,Are baking powder and baking soda the same thing,ms_marco,Ranking Error,1
q_45766b213029536b,what is dipladenia plant,ms_marco,Ranking Error,1
q_423d9be9563ffa84,cost of tile per square foot installed,ms_marco,Semantic Miss,0
q_fd120e3a35924df3,does greek yogurt contain probiotics,ms_marco,Ranking Error,1
q_5616bd32d77b1b56,what biome is the hoh rainforest,ms_marco,Ranking Error,1
q_72048e3c7dec4af8,can polycrylic be used over oil based stain,ms_marco,Ranking Error,1
q_bef96baa124536aa,r'\s+,code_search_net,Ranking Error,1
q_b4944c4bc02fc2fe,what class of drugs is gabapentin,ms_marco,Ranking Error,1
q_6f87e0b1ed34f2fd,usda pork loin temperature,ms_marco,Ranking Error,1
q_d0c86d0936219a9c,is charles lubbe banting a qualified doctor,ms_marco,Ranking Error,1
q_39d775b49ba23318,what is usenix,ms_marco,Ranking Error,1
q_613b3d1d3c27d1f9,what show is on at the bellagio las vegas,ms_marco,Ranking Error,1
q_5c3fcb854429e830,what are isotopes of an element,ms_marco,Ranking Error,1
q_c6ea342087a0d348,what is appendicular skeleton,ms_marco,Ranking Error,1
q_fb65a665bdf8980f,did the Equal rights amendment ever get passed,ms_marco,Ranking Error,1
q_706409b2ffe28a29,how much does it cost to build a water park,ms_marco,Ranking Error,1
q_15aff93aee00ba0c,average salary for financial analyst,ms_marco,Ranking Error,1
q_cab598e4da8cdde3,what is jarabe tapatio,ms_marco,Semantic Miss,0
q_56d4c520060be2ca,meaning of gloom,ms_marco,Semantic Miss,0
q_acd669475edebc1a,what age can my puppy go on a walk,ms_marco,Ranking Error,1
q_290acf0647f1b970,what helps with mood swings during pms,ms_marco,Ranking Error,1
q_a58661b06f0912b8,causes of sensitive skin,ms_marco,Semantic Miss,0
q_a8581f96f8b19db1,what are the adaptation of a cassowary,ms_marco,Ranking Error,1
q_2c354254673de24d,what types of movements are observed in transport of bedload,ms_marco,Ranking Error,1
q_0c64ed6c79f4c93a,what is locking hardwood,ms_marco,Ranking Error,1
q_9e5d464544d60a5f,sachin cast tamil,ms_marco,Ranking Error,1
q_cc56fbaa8cbf6f57,how much does it cost to have a bathroom fitted,ms_marco,Ranking Error,1
q_e8bc08dfb193da50,how many hours a week does a pediatric surgeon work,ms_marco,Ranking Error,1
q_f5a5c068d3643245,why did ancient rome build aqueducts,ms_marco,Ranking Error,1
q_cbb8e417f5968aeb,what does poppy flower symbolize,ms_marco,Semantic Miss,0
q_fa8efd8ae82ef27b,difference between grams and grams force,ms_marco,Semantic Miss,0
q_3f05c4ac190472bf,how to care for indoor potted basil plant,ms_marco,Semantic Miss,0
q_825d3f1a87824900,what is the average cost of a condo in miami,ms_marco,Ranking Error,1
q_ff50d9ae56ba0c95,how much does it cost to plant a tree,ms_marco,Ranking Error,1
q_4abf8c90b426c0bf,salary of civil engineering technician,ms_marco,Ranking Error,1
q_303cfd018ace2a29,when was the first test played at the gabba,ms_marco,Ranking Error,1
q_a24af61bbbd62333,how many square miles is in perú,ms_marco,Ranking Error,1
q_2a1119e4bef8f90f,where does the word clew come from,ms_marco,Ranking Error,1
q_3fabe29ad51b326c,what is postscript,ms_marco,Ranking Error,1
q_c602c2ce4763afa7,how long has it been taking to get results from ancestry dna test,ms_marco,Ranking Error,1
q_c505b24e40ae6568,which of the following endocrine glands is located in the neck,ms_marco,Ranking Error,1
q_2492b068e5521c38,what is a pear shaped diamond called,ms_marco,Ranking Error,1
q_a8ef7970246bce89,What is the process of creating complementary strands of mrna called?,sciq,Ranking Error,1
q_d6e2e0a77d046eb5,australian carpenter salary range,ms_marco,Semantic Miss,0
q_46850cd72d8aa5ef,how many substitutes in a football team,ms_marco,Ranking Error,1
q_ed025dea1a76588e,average advisory fee by account size,ms_marco,Ranking Error,1
q_fd49bea23defe14d,how long is cooked chicken good for in fridge,ms_marco,Ranking Error,1
q_a10aab0d10d682cd,what fault is near ecuador,ms_marco,Ranking Error,1
q_3df3ec103e9220fa,cost of milk production in india,ms_marco,Ranking Error,1
q_4df25cb54c98aebc,what city is closest to carlsbad caverns,ms_marco,Ranking Error,1
q_2356f89a214037dd,what is an erv,ms_marco,Ranking Error,1
q_83ad66a48428c64e,average cost of power in auckland,ms_marco,Ranking Error,1
q_6ddd65f67bb2ff43,why did they invent the telephone,ms_marco,Semantic Miss,0
q_bf1abb89f5b8346d,what is a pole hem on a flag,ms_marco,Ranking Error,1
q_2f91d831d7e33933,what does it mean to be a doormat,ms_marco,Ranking Error,1
q_791517b04cc07025,types of precancerous skin cancer,ms_marco,Ranking Error,1
q_213424327ec70d79,what is the purpose of uvula,ms_marco,Ranking Error,1
q_dd2ba0b35bae827d,average lifespan of builder grade carpet,ms_marco,Semantic Miss,0
q_f8e37c2a9c01aa26,what is lcy airport,ms_marco,Ranking Error,1
q_78e162fafaba1619,cost of artefill injections,ms_marco,Ranking Error,1
q_ecf4207e29516121,what is the best american made truck,ms_marco,Ranking Error,1
q_4d344568a1a8b2e9,what is a boutique owner called,ms_marco,Ranking Error,1
q_3b364fbe891f73a4,what was the manifesto of surrealism,ms_marco,Ranking Error,1
q_3436d11b956961eb,how many types of nucleotides are in dna and how do they differ,ms_marco,Semantic Miss,0
q_3c5147e044b8d154,is there a way to find the owner of a cell phone number,ms_marco,Ranking Error,1
q_67efed161b611f7a,how to become a parole officer,ms_marco,Ranking Error,1
q_c5d9e9112f49ec84,how to check what ram i have windows 7,ms_marco,Ranking Error,1
q_9b799cea73398ad5,what stone to use for a walkway,ms_marco,Semantic Miss,0
q_198b3328ac2c407f,can other fish be placed with bala sharks,ms_marco,Ranking Error,1
q_84ba2bcf48bcf76c,where is daiso,ms_marco,Ranking Error,1
q_456b9863d310e178,what is fluorspar,ms_marco,Semantic Miss,0
q_7dfcf1cc2c9d91cf,which region of france is paris in,ms_marco,Ranking Error,1
q_381e9c52e0141d25,what is travel retail industry,ms_marco,Ranking Error,1
q_d3940b50c42913d2,how long to heal a fractured ankle,ms_marco,Ranking Error,1
q_66629a05fbc2af05,Init client,code_search_net,Ranking Error,1
q_7685289463622991,what does virtue means,ms_marco,Ranking Error,1
q_ec3fc62304689322,medication percodan what condition,ms_marco,Ranking Error,1
q_a11c9360157c054e,how to like a page on facebook without friends seeing it,ms_marco,Ranking Error,1
q_747ec6bf2429e2ae,what are mandalas,ms_marco,Ranking Error,1
q_de3ea634da5f839b,how warm does it need to be to plant grass seed,ms_marco,Ranking Error,1
q_239d12319a74647f,does cerebrospinal fluid contain white blood cells,ms_marco,Ranking Error,1
q_29b2bc2ce6c220a8,why is it necessary that we have a transport system in the human body,ms_marco,Ranking Error,1
q_77c6d232cc0c2432,what level of education is requirements for occupational therapist,ms_marco,Semantic Miss,0
q_70dcdbcfa4c7f43a,what does reiki mean,ms_marco,Ranking Error,1
q_7ce5327bbbae2d4f,is english a nationality,ms_marco,Ranking Error,1
q_4336edef89b70dc4,What is another word for diatom?,squad,Ranking Error,1
q_f6cfda47e23445c7,how much do medical technologists make,ms_marco,Ranking Error,1
q_357a6d59e54e88ea,What is one issue that adds to the complexity of a pharmacist's job?,squad,Ranking Error,1
q_c65495430896e380,what is blood occult mean,ms_marco,Ranking Error,1
q_6134e058a61406f7,how big is a nanometer,ms_marco,Ranking Error,1
q_41b8e8ecc8696dfc,what is a group of roos,ms_marco,Ranking Error,1
q_86b7c4f0ee017fc3,what species are jaguars,ms_marco,Semantic Miss,0
q_acbc1ad78917a692,Close the connection,code_search_net,Ranking Error,1
q_4ea2f75f5eed8c90,what is lifi,ms_marco,Ranking Error,1
q_4bf9b70cf78a179c,how long does it take an lcl sprain to heal,ms_marco,Ranking Error,1
q_b868958e4b070102,gene family definition,ms_marco,Ranking Error,1
q_aa98f72f7536337e,who is the deputy taoiseach,ms_marco,Ranking Error,1
q_dcaf141404c3039d,how long to bake a pork chop in the oven,ms_marco,Ranking Error,1
q_cb2cb8a4a15b1fdd,what is the minimum temperature for an office environment,ms_marco,Ranking Error,1
q_da9ef1e166bdbe80,what is camu camu powder,ms_marco,Ranking Error,1
q_ec3d04007c993641,how long to grill thin steak,ms_marco,Semantic Miss,0
q_2412282b20f55921,what is personality disorder traits,ms_marco,Ranking Error,1
q_865327d906b7b393,shoulder replacement how long driving,ms_marco,Ranking Error,1
q_c53ba5670ebee729,how much time is needed to digest food for hours take,ms_marco,Ranking Error,1
q_0e31fd8eebd4ec0b,how to be invulnerable in life,ms_marco,Ranking Error,1
q_488f70a4bf41ebf2,can thrush comes through kissing,ms_marco,Ranking Error,1
q_17b84bf46daf3ff3,what is duration risk,ms_marco,Semantic Miss,0
q_e14c271af413201e,statistics on energy consumption in the united states,ms_marco,Ranking Error,1
q_fe0163d2104384ba,how much does a cable technician make,ms_marco,Ranking Error,1
q_0e5a062bce9505f1,is there a medication called pileri?,ms_marco,Semantic Miss,0
q_ee82e272710a3611,what causes pressure on the groin in women,ms_marco,Ranking Error,1
q_45d5ff0f58c474f7,what is electric charge physics,ms_marco,Ranking Error,1
q_59800557ec4050da,The motion of stars in galaxies imply that there is about 10 times as much what as in the luminous objects we can see?,sciq,Semantic Miss,0
q_265b485cee9055b8,what is the correct name for the eardrum,ms_marco,Semantic Miss,0
q_7b69b8d4b71150b1,what was the formation of the united nations,ms_marco,Ranking Error,1
q_2a6e23e72f0147b4,what age do kittens start eating,ms_marco,Ranking Error,1
q_025c5696fe7c7455,prion disease definition,ms_marco,Semantic Miss,0
q_92bdf15d033f730f,where would peasants live,ms_marco,Ranking Error,1
q_58cb0c3570ea4672,what is a borough,ms_marco,Ranking Error,1
q_e8dc5f331972dfe7,can you connect your laptop to your xbox,ms_marco,Ranking Error,1
q_92e84dbf8e75f75e,where can stem cells be found in human body,ms_marco,Ranking Error,1
q_0e6c4a40c95b7e58,In US dollars what is the most money ever paid for a bluefin tuna in Japan,ms_marco,Semantic Miss,0
q_1b963797ae09b9b8,cultural intrusion definition,ms_marco,Semantic Miss,0
q_799a681b83cbf5e3,shorter university tuition cost,ms_marco,Ranking Error,1
q_1cb979a065362d99,"What year did ABC's ""TGIF"" end?",squad,Ranking Error,1
q_e6f7f19379094d82,what does ach manager mean,ms_marco,Semantic Miss,0
q_f67a240e6efc4611,what benefited from reconstruction finance corporation created by president hoover who benefited from this program,ms_marco,Semantic Miss,0
q_f762078c74b6d002,meaning name darren,ms_marco,Ranking Error,1
q_137095b940bde925,are there inherited ira early withdrawal penalties,ms_marco,Ranking Error,1
q_8a3cb391fc11d231,can i estimate business mileage,ms_marco,Ranking Error,1
q_3b7e563cbe676452,what are symptoms of pancreatitis,ms_marco,Ranking Error,1
q_0c158d25bed43657,should you cut off salvage when doing quilting,ms_marco,Ranking Error,1
q_6d1c6a40f25aea5e,legal age a child can stay home alone in louisiana,ms_marco,Ranking Error,1
q_7465922dde365bcf,what types of volcanic rock are found at divergent plate boundaries,ms_marco,Ranking Error,1
q_bd5d9eacf81d6c8f,what is a unicorn,ms_marco,Ranking Error,1
q_a518619c868bbf59,what is modular arithmetic,ms_marco,Ranking Error,1
q_0ff2137829595b1a,When did Zhenjin die?,squad,Ranking Error,1
q_bc26254e48d0b3a4,how many ml equals an ounce,ms_marco,Semantic Miss,0
q_21503eded5ecba10,psyllium husk fiber,ms_marco,Ranking Error,1
q_f696c05e31f71bc7,what does phosphate do for grass,ms_marco,Semantic Miss,0
q_e491dd191595d07e,what is vzw airwaves,ms_marco,Ranking Error,1
q_291a563dccbd166d,what is family centred care,ms_marco,Ranking Error,1
q_ad495d4873f78610,how to invest ira roth,ms_marco,Semantic Miss,0
q_147638076b5c5279,what is a gross expense ratio,ms_marco,Ranking Error,1
q_ac647b6d72067728,education needed for a biomedical engineer,ms_marco,Ranking Error,1
q_9a0e1c5175896bcb,michael chiklis played in what shows,ms_marco,Semantic Miss,0
q_5f52983af4b5be34,what is the kaaba and where is it located,ms_marco,Ranking Error,1
q_5c6bd11a8c176f73,how long does shoulder of pork take to cook,ms_marco,Ranking Error,1
q_fea5358a436bc6a2,how long does it take a baby tortoise to grow,ms_marco,Semantic Miss,0
q_df591e825344f4c8,how many different bees are there,ms_marco,Ranking Error,1
q_6b3b94f7d39a9b87,r'\),code_search_net,Ranking Error,1
q_bc831496da7baf33,what are bacterial virulence factors,ms_marco,Ranking Error,1
q_e2664b4940ac658c,how long does a ctc check take,ms_marco,Semantic Miss,0
q_e973d8aac3f4d9b2,where is ilwaco washington,ms_marco,Ranking Error,1
q_600cd3a78ba97dde,how much does it cost for someone to put up a retaining wall,ms_marco,Ranking Error,1
q_35bafc8345aa3d56,how long is turkey lunch meat good for in the fridge,ms_marco,Ranking Error,1
q_31370518463294ae,what foods do weevils get into,ms_marco,Ranking Error,1
q_82ca4fa18e0d75db,how much can a recovery coach make in nj,ms_marco,Ranking Error,1
q_990aea73cb543583,how much does Pharmacy Technician make,ms_marco,Semantic Miss,0
q_cec13dadc4d76837,what is land around australia,ms_marco,Ranking Error,1
q_a94e7db20d73102b,what is in poi,ms_marco,Ranking Error,1
q_611fbfaf5d3298be,what is ndvi,ms_marco,Ranking Error,1
q_4484690257b2917b,how much do the government pay for removal of graffiti,ms_marco,Semantic Miss,0
q_4d358f11e992cc89,biological therapy definition,ms_marco,Ranking Error,1
q_9117e1fa6b6cb3b2,what size is mercury,ms_marco,Ranking Error,1
q_8f09af111c160c6b,how many people get aids a year,ms_marco,Ranking Error,1
q_3b3005064b17b893,what is e dispar,ms_marco,Semantic Miss,0
q_478f90590d0badee,what the minimum educational requirements for dental hygienist,ms_marco,Ranking Error,1
q_49ff156447c69c3e,what is sap in business,ms_marco,Ranking Error,1
q_c262b8fc93ef14b5,what is zinc oxide used for,ms_marco,Ranking Error,1
q_e1461f6945d0705c,what causes enlarged thyroid in neck,ms_marco,Semantic Miss,0
q_e089f500a334adb7,what hormones are used in digestion,ms_marco,Ranking Error,1
q_02617205a213ea97,how much do surgical nurses make an hour,ms_marco,Ranking Error,1
q_d935664663d01ed8,can hypothyroid cause dizziness,ms_marco,Ranking Error,1
q_f37fae0c84a66488,average price of a kayak pool,ms_marco,Ranking Error,1
q_cb96d75e29300fd3,What is located beneath the lithosphere?,sciq,Ranking Error,1
q_58e37ba3fd084738,what hormone is responsible for decreasing blood glucose levels,ms_marco,Ranking Error,1
q_367d5259d192cbc3,what time does ebenefits update,ms_marco,Ranking Error,1
q_691cc52250de0a17,what group does the squirrel monkey belong to,ms_marco,Ranking Error,1
q_301d5019fd0e7302,what organism is Saimiri boliviensis boliviensis,ms_marco,Semantic Miss,0
q_8913677d83f1e660,what is foh manager,ms_marco,Ranking Error,1
q_b1299452d9064132,what is cloudfront,ms_marco,Semantic Miss,0
q_7b60070240b21d1c,cost to frame basement,ms_marco,Ranking Error,1
q_81d20b444b2a4408,how much money does a dental assistant make a year,ms_marco,Semantic Miss,0
q_0fd3de164d4181d0,what kind of lavender is the most fragrant,ms_marco,Semantic Miss,0
q_acfb59c8c9d7f5e0,what is a turducken,ms_marco,Ranking Error,1
q_83994c3ddd9ff28c,what is immediate family only,ms_marco,Ranking Error,1
q_9e2116ebb1197341,what color is healthy urine,ms_marco,Ranking Error,1
q_95efa2fb3967baa1,what is the difference between sms and mms,ms_marco,Ranking Error,1
q_391014049fbaada2,colonoscopy procedure how long does it take,ms_marco,Ranking Error,1
q_fe8017553cbf0a23,the name tayla meanings,ms_marco,Ranking Error,1
q_fb03f76aae0e59fa,what is the average temperature in dallas texas in may,ms_marco,Ranking Error,1
q_4152d4357076fffe,what is mexican accordion music called,ms_marco,Ranking Error,1
q_c89b5f94f9e45adb,what is a civils contractor,ms_marco,Ranking Error,1
q_29d088a8ffc95b19,what does a transportation coordinator do,ms_marco,Ranking Error,1
q_bf92cb53e0fa8ce8,what does azra mean in arabic,ms_marco,Ranking Error,1
q_6abe5be80de6bfce,How many volumes are contained in the library?,squad,Ranking Error,1
q_c9437dca7a39765c,what is dse,ms_marco,Ranking Error,1
q_b44f9f4382c22c91,openreach customer service number,ms_marco,Ranking Error,1
q_007a3570a25768b9,meaning of name teia,ms_marco,Ranking Error,1
q_6e18065fd530c7d1,what is a normal amount of steps per day,ms_marco,Ranking Error,1
q_1966f72f232e9fe6,Giardia is an example of a protozoa that uses flagella for what purpose?,sciq,Ranking Error,1
q_3f7e4fdea0906d0b,what is protected extensible authentication protocol,ms_marco,Ranking Error,1
q_7e2fa3435fc38f5d,temp settings for baking a chicken,ms_marco,Ranking Error,1
q_deac9c9756692142,what causes discoloration of toenails,ms_marco,Semantic Miss,0
q_80129bb8ac95e029,what size is the human eyeball,ms_marco,Ranking Error,1
q_223e0e277c2844b5,what kind of symmetry do grasshoppers have,ms_marco,Ranking Error,1
q_af9d28522ed24cf9,where are dna nucleotides found,ms_marco,Ranking Error,1
q_ba6b153d0a1c1ed8,how much do marketers earn,ms_marco,Semantic Miss,0
q_ec73552b1c718e84,what does corporate governance include,ms_marco,Ranking Error,1
q_91f5d0903bbc88c8,when do you take cold eeze,ms_marco,Ranking Error,1
q_ea5f300174c4d027,what does a naturopath do,ms_marco,Semantic Miss,0
q_271f7a2e222994a3,what are intermediate rocks,ms_marco,Semantic Miss,0
q_c89ae4f5f3b3e181,what is a paralegal degree,ms_marco,Ranking Error,1
q_503166a31bef4189,where is abruzzo italy,ms_marco,Semantic Miss,0
q_d2da77582fe31396,what does agalychnis mean,ms_marco,Semantic Miss,0
q_6f3ff3565286ecc2,how much space do you need above a refrigerator,ms_marco,Semantic Miss,0
q_e49ffd051c3aa5df,why would you reject the null hypothesis,ms_marco,Ranking Error,1
q_4a58d6117d88528c,what does a wolf spider look like,ms_marco,Ranking Error,1
q_bf181812d287246a,taxi service at amtrak bwi,ms_marco,Ranking Error,1
q_65b99c7a9314762a,what does clustering mean,ms_marco,Semantic Miss,0
q_ad5ba9e5de877a59,how to improve iq,ms_marco,Ranking Error,1
q_602f6ba933b62456,the molten rock that flows from a volcano is called what,ms_marco,Ranking Error,1
q_6dbb2a3d0e491509,how long do you leave beef jerky in a dehydrator,ms_marco,Ranking Error,1
q_4e64f017fefe59c2,where was glen scrimshaw born,ms_marco,Ranking Error,1
q_b0d0a37d011b0bf7,what structure do traditional turkey music use?,ms_marco,Ranking Error,1
q_52015f236ef84a9b,rental car taxes and fees in hawaii,ms_marco,Ranking Error,1
q_72eee26ebfe2e5a7,starting salary for dialysis nurse,ms_marco,Semantic Miss,0
q_6de1208d5e396e75,normal pulse rate in adults,ms_marco,Ranking Error,1
q_fb72a9e40d1aaa2d,what does salinity mean,ms_marco,Semantic Miss,0
q_a1c24c4dd4695523,how long will food keep in the upright freezer without power,ms_marco,Semantic Miss,0
q_43aed692dcf95efe,how long to cook brisket in oven,ms_marco,Ranking Error,1
q_c6863f192ecee191,how long will soup keep in the fridge,ms_marco,Ranking Error,1
q_c252881073119ca0,how long does geese eggs take to hatch,ms_marco,Ranking Error,1
q_4791331efe259bfa,what are the types of creatinine kinase,ms_marco,Semantic Miss,0
q_e5327df7cf9ba75e,should boys play netball in school,ms_marco,Ranking Error,1
q_16b09a79860eef6e,zygomaticus muscles definition,ms_marco,Ranking Error,1
q_6bf7a6e100b83980,what does myelogenous mean,ms_marco,Ranking Error,1
q_0d826881fef3770c,how long to boil king crab,ms_marco,Semantic Miss,0
q_d414a5de5589859d,what moves vesicles and organelles throughout the organelle,ms_marco,Ranking Error,1
q_967fb0d2824b6728,what is microscopic colitis disease,ms_marco,Ranking Error,1
q_c0f1e7ac126f81df,how much is greek theatre parking,ms_marco,Ranking Error,1
q_5ade903aae22f960,what is CIP abbreviation,ms_marco,Ranking Error,1
q_f6f4a7299d55b6d0,are mastiffs dangerous,ms_marco,Ranking Error,1
q_02ee536929d1378c,what are the types of parvo?,ms_marco,Ranking Error,1
q_361ca4b3c9d6e302,how to sew a faux roman valance,ms_marco,Ranking Error,1
q_1d9a839ec2370ab9,how to take that irritated feeling away from shingles,ms_marco,Ranking Error,1
q_280e4fd14538c2d1,does medicaid pay for dentures,ms_marco,Ranking Error,1
q_06a6a662ecda1751,how much should i pay for a will,ms_marco,Semantic Miss,0
q_d9b0051c5458982c,does late payments affect your credit score,ms_marco,Ranking Error,1
q_fca86fa2616b578a,the top leader in that's running for president,ms_marco,Ranking Error,1
q_708d8d80d8e0cd66,What is the last name of the player who bumped the ball away from Manning in the fourth quarter of Super Bowl 50?,squad,Ranking Error,1
q_fed2ffa5428f44fa,what kind of dog does jennifer aniston have,ms_marco,Ranking Error,1
q_3766c5ac29873153,what is ponzu made of,ms_marco,Ranking Error,1
q_b989f1912853483a,which hormone is responsible for eating,ms_marco,Ranking Error,1
q_94e1b212b39f7caa,definition of muscle pain,ms_marco,Semantic Miss,0
q_45c66f71b11948bd,what constitutes a scientific name,ms_marco,Semantic Miss,0
q_f662b89f1e80b141,define causality,ms_marco,Ranking Error,1
q_e2f51e625096c277,cozumel weather in february,ms_marco,Ranking Error,1
q_44aedae3a10512f3,what system are affected by heart diseases,ms_marco,Ranking Error,1
q_3ca1dc99d90d178d,what does a trapeze artist wear,ms_marco,Semantic Miss,0
q_ca56d233f858d322,what region is indiana in,ms_marco,Ranking Error,1
q_5b14d0f832bf245a,relative humidity vs absolute humidity,ms_marco,Ranking Error,1
q_51329a2294634669,what does MENSA mean,ms_marco,Ranking Error,1
q_a7ea92ff92d448c3,cost of fence installation,ms_marco,Ranking Error,1
q_9226e20267cfe13c,types of toxins produced by snakes,ms_marco,Ranking Error,1
q_c0d4e48129f113a5,what do mourning doves eat,ms_marco,Ranking Error,1
q_4add24eabf90fea0,what kind of chickens are black,ms_marco,Ranking Error,1
q_a4f425f743152bd2,what is a cohesive essay,ms_marco,Ranking Error,1
q_aae7a3ec1956f7c0,how much money does medical doctor make in canada,ms_marco,Semantic Miss,0
q_360ba2a7f26004f4,are a levels further or secondary education,ms_marco,Ranking Error,1
q_ae1341a7b53e6fb5,how does exercise affect your lung capacity,ms_marco,Ranking Error,1
q_b7f4ab722290ac95,foods that are bad for gout,ms_marco,Semantic Miss,0
q_f3a3f5e21f0c644e,what ph is for milkweed,ms_marco,Ranking Error,1
q_2f06294880a8d8c8,how is the great barrier reef managed,ms_marco,Ranking Error,1
q_bfe16fed407f888d,is orbitz owned by delta,ms_marco,Ranking Error,1
q_e82a0d12ea7772e1,the delicate layer of the meninges closely applied to the brain is,ms_marco,Ranking Error,1
q_5274a4db0c9b6d2e,what nutrients does a teenager need,ms_marco,Semantic Miss,0
q_f262e4b3638abbbb,Disable abbreviations.,code_search_net,Ranking Error,1
q_f080f26f9050e325,when were airbags developed,ms_marco,Ranking Error,1
q_0b00418cd5c657c9,what is the song title in the movie called what happens in vegas,ms_marco,Ranking Error,1
q_9cab19bfb1abb287,how many degrees fahrenheit for child fever,ms_marco,Ranking Error,1
q_379ec40b6982d02a,what is contribution contribution,ms_marco,Ranking Error,1
q_ef5bf467dc27af5d,why is the river severn called the river severn,ms_marco,Ranking Error,1
q_82c75681b32f20e1,average cost of stained concrete job,ms_marco,Ranking Error,1
q_7cfc66821e074a31,Init client,code_search_net,Ranking Error,1
q_cdf6ba46204f50f4,maximum span for lintel,ms_marco,Ranking Error,1
q_d07c4a35af9180c1,how long does a roast chicken last in the refrigerator,ms_marco,Ranking Error,1
q_10f2a7e5a6021528,how long does it take a baby duck to hatch,ms_marco,Ranking Error,1
q_40dfabe319448fbc,When did he first get out of bed following the accident?,squad,Ranking Error,1
q_a5965c67d90b75ae,do you need power meter for your road bike,ms_marco,Ranking Error,1
q_7f3dcfd338467bbb,what is technical perspective,ms_marco,Ranking Error,1
q_cf16f3c3fb0062a3,Run analysis.,code_search_net,Ranking Error,1
q_40070248971a1c95,where is gallaudet university located,ms_marco,Ranking Error,1
q_1ac131f974e7e95c,what does intensity of light mean,ms_marco,Ranking Error,1
q_1e5df2c2b30ef756,what does secretions mean,ms_marco,Ranking Error,1
q_cbb3472606b592cf,what is dk,ms_marco,Ranking Error,1
q_af8a8394438bdc66,hydronic heating cost,ms_marco,Ranking Error,1
q_51f1ce75ce93c889,how i can make money fast,ms_marco,Semantic Miss,0
q_62ce4a803e729701,why was the heian period given its name,ms_marco,Ranking Error,1
q_bf0720a9cb798633,what is a two digit numbers,ms_marco,Ranking Error,1
q_6b3bc4a05593313f,what is an average amount to spend on health insurance a month,ms_marco,Ranking Error,1
q_f8b0a54d69c3cf5b,is protaras in larnaca,ms_marco,Ranking Error,1
q_1a175909ae3a814d,where was chayanne born,ms_marco,Ranking Error,1
q_0d844fe3382981c4,what kind of mining is bentonite,ms_marco,Semantic Miss,0
q_d995105152893cfd,dog gestation period,ms_marco,Ranking Error,1
q_e00e5070be047156,what gender does cystic fibrosis affect,ms_marco,Ranking Error,1
q_50c2d5295d993ccd,how long can you keep chicken cutlets in the freezer,ms_marco,Semantic Miss,0
q_d767d238b9947c61,Biological species concept definition,ms_marco,Ranking Error,1
q_b6aa341576233601,define hydrogen,ms_marco,Ranking Error,1
q_7f9095ad288e5975,typical underwriting fee,ms_marco,Ranking Error,1
q_c34510f881b9f27e,what kind of food do dogs eat,ms_marco,Ranking Error,1
q_c5e61540af22843d,who was in the limo when jfk was shot,ms_marco,Semantic Miss,0
q_a1cea5315b148227,where in the brain are eye movements controlled,ms_marco,Ranking Error,1
q_c2657ca27c72c3d4,what does hip do,ms_marco,Ranking Error,1
q_daea9d858a25f34b,what kind of disorder is adhd,ms_marco,Ranking Error,1
q_a3d847826eafb4b0,is xmlhttp data secure,ms_marco,Ranking Error,1
q_ffd06f946ac08dc4,What are the names of the salivary glands located anterior to the ear,ms_marco,Semantic Miss,0
q_36fd09e76a107cb1,how can you become a faster reader,ms_marco,Semantic Miss,0
q_95450f1ecdc141b8,what is atomic number radiology,ms_marco,Ranking Error,1
q_984088097c6931ee,what is barramundi,ms_marco,Ranking Error,1
q_08b69617dc9cba84,average cost for cal lutheran university,ms_marco,Ranking Error,1
q_4b17113cc8941440,what is cabergoline used for,ms_marco,Semantic Miss,0
q_dc9c46b3e2d173a9,can heat wave cause mouth ulcers,ms_marco,Ranking Error,1
q_9908843f2aa4f143,how to use movie maker,ms_marco,Ranking Error,1
q_59c931e7971b56a0,what was the goal of the prohibition movement,ms_marco,Ranking Error,1
q_d445e38c0fbadee5,What creatures were the most popular monsters in the series?,squad,Ranking Error,1
q_16daeb3dcadc47df,Test WiFi Signal Strength,ms_marco,Ranking Error,1
q_dddf3999f73bbec2,what causes a hoarse voice,ms_marco,Ranking Error,1
q_8059c8193c828a55,push definition,ms_marco,Ranking Error,1
q_8981812ece310919,what vitamins are in fresh pineapple,ms_marco,Ranking Error,1
q_066f89516ad8df05,is myalgia contagious,ms_marco,Ranking Error,1
q_4e5eb1d7fa62ace2,what theories did galileo disprove,ms_marco,Ranking Error,1
q_fe5ab39568af46cf,meaning of the name ethan,ms_marco,Ranking Error,1
q_87112b22a855ada8,does tesla negotiate price,ms_marco,Ranking Error,1
q_d85d638016c1fc76,what is the average attention span of a child,ms_marco,Semantic Miss,0
q_4cb0c2e1b018301a,types of onions names,ms_marco,Ranking Error,1
q_365cc7cbcfbdf848,genus name for algae,ms_marco,Ranking Error,1
q_2c647f38623e1c8e,how long to get masters degree,ms_marco,Ranking Error,1
q_5d1e2890c956a509,tsh blood test normal range,ms_marco,Ranking Error,1
q_2becbd082928fefb,http://stackoverflow.com/questions/7900944/read-write-classes-to-files-in-an-efficent-way,code_search_net,Ranking Error,1
q_351d910832f84e37,what is rhodium plate,ms_marco,Ranking Error,1
q_517d9a1aee8d8faf,what is plexus for,ms_marco,Semantic Miss,0
q_5b81bf59cdbf4e40,what particles make up a proton,ms_marco,Ranking Error,1
q_01f56e80c6f2bb2b,what is the fee for return receipt for usps mail,ms_marco,Semantic Miss,0
q_d8e0a5db53a39b98,what continent is australia,ms_marco,Semantic Miss,0
q_fd4dbaa564d3c0ab,what does a tectonic plate do,ms_marco,Semantic Miss,0
q_d83a80f3c8238dfa,what is mojo mean,ms_marco,Ranking Error,1
q_f0088e3090f9b327,how to estimate what my business is worth,ms_marco,Ranking Error,1
q_4b8ab870a9126e86,how many days do you have to take tessalon perles,ms_marco,Ranking Error,1
q_decad5438c25ebba,which range of mountains is growing the fastest the himalayas or the andes,ms_marco,Ranking Error,1
q_c83bc67fe085e153,who made the enigma machine,ms_marco,Semantic Miss,0
q_c2a8d28d2212897d,Handles unlocking,code_search_net,Ranking Error,1
q_7ad3f38e66198402,what were yorkshire terriers bred for,ms_marco,Ranking Error,1
q_0075e454d8d94583,what kinds of food it bad for the heart,ms_marco,Ranking Error,1
q_9df7c45b7dddf1b0,where does the southern accent come from,ms_marco,Ranking Error,1
q_1935ba9ab2ab378c,Login to enedis.,code_search_net,Ranking Error,1
q_3849a0c983b24ba8,how long does a college lacrosse game last,ms_marco,Ranking Error,1
q_6b8d95c7eb87f0c7,which rhetorical device uses examples,ms_marco,Ranking Error,1
q_a0d52633d06ca1a1,broncos.schedule,ms_marco,Ranking Error,1
q_5940296819af22b0,what type of company is tidal,ms_marco,Ranking Error,1
q_4fbe15b01d8996cf,What is the term for anything that can cause cancer?,sciq,Ranking Error,1
q_0e7afb68c0a4ec3a,what is propofol sedation,ms_marco,Ranking Error,1
q_fc56d3efbf4c5b8d,what is keirin,ms_marco,Semantic Miss,0
q_49f91b770e934e3c,dod per diems,ms_marco,Ranking Error,1
q_94a1962e20e12280,what are the uses of radon,ms_marco,Semantic Miss,0
q_b11a03943e015c45,where and who does gray wolf find its food,ms_marco,Ranking Error,1
q_05471359d57756e0,What is the name of San Francisco's stadium when looked at as a possibility for Super Bowl 50?,squad,Ranking Error,1
q_b49aa11453675846,what does rose quartz known for,ms_marco,Semantic Miss,0
q_4d86e7fb3081ebf1,what is carbon hydroxide,ms_marco,Ranking Error,1
q_ec5d378755b76471,what kind of romex for outlets,ms_marco,Semantic Miss,0
q_327b917122b3cd18,is menstruation the normal condition for humans,ms_marco,Ranking Error,1
q_070104e2cf60cd1d,how long is cooked shrimp good for in refrigerator,ms_marco,Ranking Error,1
q_35f84308f7345587,what is passivity,ms_marco,Ranking Error,1
q_74f10035d121b6eb,average temperature in vero beach florida in june,ms_marco,Ranking Error,1
q_f13c9261348344b3,requirements for being a correctional officer,ms_marco,Ranking Error,1
q_61edaa50683486fc,meanings of armenian name marianna,ms_marco,Ranking Error,1
q_7ab03c02643be828,age of earth bible,ms_marco,Ranking Error,1
q_0fc2dd0c48c3625d,who invented cotton candy,ms_marco,Ranking Error,1
q_0e21654c6d18338f,Init client,code_search_net,Ranking Error,1
q_a516c310cd0a2fef,average cost to polish concrete per square meter,ms_marco,Semantic Miss,0
q_7fa86557c4840c1f,"Water infiltrates the ground because soil and rock may have air spaces between the grains. these pores, or tiny holes, result in the rock's what?",sciq,Ranking Error,1
q_315b4d2019e76e07,how much does a giant flemish rabbits weigh,ms_marco,Ranking Error,1
q_ea71699e020382ea,what cow does water buffalo resemble,ms_marco,Ranking Error,1
q_4558ea1730d342a1,in what type of blood vessels are materials exchanged with the body cells,ms_marco,Ranking Error,1
q_e20e26ddb108db21,who invented induced currents,ms_marco,Ranking Error,1
q_40fa7480674d4f92,what is sitz bath,ms_marco,Ranking Error,1
q_3da62ee3c4f3a314,who invented the first vehicle,ms_marco,Ranking Error,1
q_57f6e6f38cb97c7d,what structure is modified in crayfish,ms_marco,Ranking Error,1
q_27f6f110c7bc5b31,what is benzedrine,ms_marco,Ranking Error,1
q_b74c36a025f58348,Staph infection is it contagious,ms_marco,Ranking Error,1
q_8196093ca4dcb08c,average salary for appliance technician,ms_marco,Ranking Error,1
q_1f05bbf32f81d787,what was the purpose of the treaty of ghent,ms_marco,Semantic Miss,0
q_12faa5b8814623a1,how long will homemade vegetable soup keep in the fridge,ms_marco,Ranking Error,1
q_4e1ada3c7d03d3af,it's a dui a misdemeanor or felony,ms_marco,Ranking Error,1
q_18d66f65c6f9993c,is sicl4 nonpolar,ms_marco,Ranking Error,1
q_4cf4351d4b6ff4bc,is larnaca in ayia napa,ms_marco,Semantic Miss,0
q_978ff5e2dbca2aa6,where do pumice stones originate,ms_marco,Ranking Error,1
q_8d6c2773bb1096a5,what type of tissue is the wall of the heart made of,ms_marco,Ranking Error,1
q_70cf494d57519f0d,Wrapper method,code_search_net,Ranking Error,1
q_e72c47aed3b5afca,what is the maximum amount of credit from residential energy credit,ms_marco,Semantic Miss,0
q_a5397017d44740d9,anna kendrick boyfriend,ms_marco,Ranking Error,1
q_b9b22924f457c685,calories in one pound of smoked turkey,ms_marco,Ranking Error,1
q_fff255f656312701,what is average markup percentage in retail,ms_marco,Ranking Error,1
q_31c487175d60e2d5,how much money do we spend because of obesity,ms_marco,Semantic Miss,0
q_bc8e0d18cfb0df8d,what is the average cost of cataract surgery in illinois,ms_marco,Ranking Error,1
q_d3b6097e5c82238c,how long can vegetarian chili stay in the fridge,ms_marco,Semantic Miss,0
q_5cd4738724bc8227,merely definition,ms_marco,Ranking Error,1
q_1d6f49aa6a3531d3,where does the horse originated from,ms_marco,Ranking Error,1
q_059767e0d2e38371,how long it can take to get tax refund back,ms_marco,Semantic Miss,0
q_6d552dca253d9f56,what can you do if your employer fails to pay you,ms_marco,Ranking Error,1
q_3324286efe5a2207,What natural destructive element cuts away at rock forming river valleys?,sciq,Ranking Error,1
q_cea84ca4da1a3c10,cost per square metre tarmac driveway,ms_marco,Ranking Error,1
q_e8b8b3a330f57c58,osteoarthritis usually is caused by,ms_marco,Ranking Error,1
q_79d36e7b970ac04a,how long can cooked chicken be in the fridge,ms_marco,Ranking Error,1
q_f68f9a6316de7ba6,how much does it cost for a crown without insurance,ms_marco,Ranking Error,1
q_cc043153f1f744d7,do I need flood insurance,ms_marco,Ranking Error,1
q_aacd32a9fda8285e,Compose link to UCSC.,code_search_net,Ranking Error,1
q_b2c50d0a944fc33f,what does carino mean,ms_marco,Ranking Error,1
q_fd15b87c6bf6d12c,what is a reaction,ms_marco,Ranking Error,1
q_db986748fd309ea7,what type of archetypal hero is luke skywalker,ms_marco,Ranking Error,1
q_f5d21717ca0a95fe,where is rait castle,ms_marco,Semantic Miss,0
q_b4e9f8f4f844133b,list of foods that are starches,ms_marco,Ranking Error,1
q_bbbfa41e230c798e,average salary for primary school teacher,ms_marco,Ranking Error,1
q_54e1bd006b6f061a,what are schizophrenic hallucinations,ms_marco,Ranking Error,1
q_9d9ef07e6b05228a,nc jury duty age limit,ms_marco,Ranking Error,1
q_0569ea6fab69c230,what are phenotypes,ms_marco,Semantic Miss,0
q_06c9bced5352a716,what food has vitamin e,ms_marco,Semantic Miss,0
q_6b3bdb3ac908ebd4,what are the short branched extensions on a nerve called,ms_marco,Ranking Error,1
q_ea87b0ea34b1dc50,what are legumes examples,ms_marco,Ranking Error,1
q_c918a507479252fe,spinal reflex definition,ms_marco,Ranking Error,1
q_b7736515c0f3b020,how did the great depression affect germany,ms_marco,Semantic Miss,0
q_fcbc5d6787bc5fc4,average dental implant cost,ms_marco,Ranking Error,1
q_5aa167b13ddd1f1e,what is chiropractic therapy,ms_marco,Ranking Error,1
q_54bd52122c5fa15b,what is tbt,ms_marco,Ranking Error,1
q_626a5151d9d30df2,what does conjunctivitis mean,ms_marco,Ranking Error,1
q_a6bba4de84bc26b4,what are canadian lynx babies called,ms_marco,Ranking Error,1
q_ff414d5df7f1d778,how to get from stuttgart to munich,ms_marco,Ranking Error,1
q_8ef3870f783fefb9,what is education credentials meaning,ms_marco,Ranking Error,1
q_36914a7f83829971,what is a pterodactyl dinosaur,ms_marco,Ranking Error,1
q_ce81750eed91e877,how many students take the act annually,ms_marco,Ranking Error,1
q_b37b6cf19e706c43,how long does caffeine stay in your system for,ms_marco,Ranking Error,1
q_908941ae110e6125,how much does best buy pay cashiers,ms_marco,Ranking Error,1
q_4a405c19d79457db,how to put a picture on a shirt without transfer paper,ms_marco,Ranking Error,1
q_78e9a92da7e808d7,can you deduct mileage on a rental car,ms_marco,Semantic Miss,0
q_193ed4dc229b817f,what does foreign language mean,ms_marco,Ranking Error,1
q_bdde2ccb016bb2b8,what does hydrogen mean,ms_marco,Semantic Miss,0
q_09ad609f744c3cbb,what is papaver somniferum,ms_marco,Ranking Error,1
q_7a3b7971ed24a9ed,times definition,ms_marco,Ranking Error,1
q_d9f6dd46fb3d611f,what is the bride entrance called,ms_marco,Ranking Error,1
q_be4c24c1e83daec7,is edamame a vegetable,ms_marco,Ranking Error,1
q_b0b7b28b79a809d6,can you make an ira contribution to a sep,ms_marco,Semantic Miss,0
q_3ba2b0df1853d2ae,do annelids have body segmentation,ms_marco,Semantic Miss,0
q_95a117fadab69088,what kind of volcano is yellowstone,ms_marco,Ranking Error,1
q_b4debf6dfdf1dfc4,what is a powwow,ms_marco,Ranking Error,1
q_e5346f33d204f5ab,normal reference range for iron,ms_marco,Ranking Error,1
q_d8dd870095b9e074,When was the last Super Bowl in California?,squad,Ranking Error,1
q_8c3771af2156b269,what does a feather tattoo mean,ms_marco,Semantic Miss,0
q_9f09c455fc3efdd8,repertoire definition,ms_marco,Ranking Error,1
q_367a095a3781e6bc,what is stone color,ms_marco,Ranking Error,1
q_0419ff68af815fa4,Hypoxia is a condition of the reduced supply of what?,sciq,Ranking Error,1
q_d6dadc455f007c29,how much does choreographers get paid,ms_marco,Ranking Error,1
q_4a281662cd77094f,can child transfer tuition to parent,ms_marco,Ranking Error,1
q_666f11898f600e7a,average house build cost,ms_marco,Ranking Error,1
q_73203e81d2f4d61d,interquartile range means,ms_marco,Ranking Error,1
q_8f123b21aefb5607,what does a thaad battery,ms_marco,Semantic Miss,0
q_192d61793b9e2ca8,where is maldon salt from,ms_marco,Ranking Error,1
q_fdb16e16faa5dfbb,what is cartilage simply,ms_marco,Ranking Error,1
q_392c28cc1200957c,what are germ,ms_marco,Ranking Error,1
q_274a7234fefd9003,Which is the best definition of food insecurity?,ms_marco,Ranking Error,1
q_a958653c45943e6c,fasted definition,ms_marco,Semantic Miss,0
q_25478ce475a91dc7,what type of blood cells does hiv attack,ms_marco,Semantic Miss,0
q_c0c0d197c91115a3,cost to change easyjet flights,ms_marco,Ranking Error,1
q_3443ef5628bb85a9,how much are zhu zhu pets,ms_marco,Ranking Error,1
q_d49630a4427bebf9,what is tympanic membrane,ms_marco,Semantic Miss,0
q_46aab62abf49cc73,espionage act definition us history,ms_marco,Semantic Miss,0
q_b30d14d96abc64bf,what two colors make brown,ms_marco,Ranking Error,1
q_3b9b8daa685b9934,how long does it take to get my associates degree online,ms_marco,Ranking Error,1
q_85deaf0fcdbf354e,age when you can start wearing a tampon,ms_marco,Ranking Error,1
q_aed94e2be98e17d7,what process produces zygotes what cells join or fuse,ms_marco,Ranking Error,1
q_058c2be49ab27473,what are birds closest relatives,ms_marco,Ranking Error,1
q_bd7514e56f26222f,what does wheatgrass do,ms_marco,Ranking Error,1
q_16211dfd0efc7f0e,are capillaries all throughout the body,ms_marco,Ranking Error,1
q_439313430485b349,what are dairy kosher,ms_marco,Ranking Error,1
q_6946e216e0f93534,is the levator palpebrae superioris an extraocular muscle,ms_marco,Ranking Error,1
q_b3db01162a8fd3b1,What is a hermaphrodite?,squad,Ranking Error,1
q_93274fe6e2705e7d,Handles requests to the API,code_search_net,Ranking Error,1
q_017b4c35a0fe47af,what temp should a cpu run at,ms_marco,Ranking Error,1
q_ce5317abefbfda6f,why was the havana charter rejected,ms_marco,Semantic Miss,0
q_2b7853a0cca14435,haneefa name meaning in urdu,ms_marco,Ranking Error,1
q_5ebba86a0461303e,when was fontana dam built,ms_marco,Ranking Error,1
q_b8db4aed11f09862,what is tomato rasam,ms_marco,Semantic Miss,0
q_175210bb32971b9a,do snakes give birth to live snakes,ms_marco,Ranking Error,1
q_711e1535716638c9,how long does a hep a vaccine last,ms_marco,Ranking Error,1
q_c141cae54ab5294c,what term is tranquility,ms_marco,Ranking Error,1
q_60525f42aaf1a964,which fungi has flagellated spores,ms_marco,Ranking Error,1
q_702c92fb0372426e,how far is kangaroo island from adelaide,ms_marco,Ranking Error,1
q_87b6dcee630d7b4f,where does the coral snake live,ms_marco,Ranking Error,1
q_e65f909560fbdf5c,should i use fence paint or fence stain,ms_marco,Ranking Error,1
q_7c6464633b960f65,buddhist symbol aum,ms_marco,Ranking Error,1
q_55f8a3469a3b6ea0,meaning of name dian,ms_marco,Ranking Error,1
q_346b2321617f8740,what is mastocytosis disease,ms_marco,Ranking Error,1
q_87b0e5a18cb65a55,what is chamoy,ms_marco,Ranking Error,1
q_8712ce957b751e7b,what album is mine on,ms_marco,Ranking Error,1
q_0a7b76a3e3a9c0a9,top reasons for having pain in left heart,ms_marco,Ranking Error,1
q_a740a39ecfda1bbe,can i use email money transfer to send money to account in us,ms_marco,Ranking Error,1
q_2d443e10020450b3,what does it cost to repair a rotator cuff tear?,ms_marco,Ranking Error,1
q_2f7b81c0ddab61fe,what ligaments and cartilage are in middle of chest,ms_marco,Ranking Error,1
q_69398c19b294d5fe,does sore throat usually mean a cold,ms_marco,Ranking Error,1
q_f9f251a1199d2a25,What measure of a computational problem broadly defines the inherent difficulty of the solution?,squad,Ranking Error,1
q_c293e1e49f8efa01,the other side lyrics evanescence,ms_marco,Ranking Error,1
q_345b64f68f3b46f5,did deaths by alcohol decreased during prohibition,ms_marco,Ranking Error,1
q_c8e9f3f33e2481ad,is detachment a symptom of anxiety,ms_marco,Ranking Error,1
q_5abed5b99d80179e,how long does it take to receive a package from japan to us,ms_marco,Ranking Error,1
q_85538c99a3f81e19,where does bachata originate from,ms_marco,Ranking Error,1
q_80cf0463bc06559c,gaze meaning,ms_marco,Ranking Error,1
q_0f712ef0524a0657,what type of government did the phoenicians have,ms_marco,Ranking Error,1
q_e3f909c0a653b841,how long do lab mixes live,ms_marco,Ranking Error,1
q_51e169b2e62044ff,how long do i cook boneless lamb leg,ms_marco,Semantic Miss,0
q_3ce7e2ba88b63088,rights based theory definition,ms_marco,Semantic Miss,0
q_fa10d86efe2b2c68,what does the aortic valve do,ms_marco,Ranking Error,1
q_d130aeb2e2de17f2,age recommendation for shingles shot,ms_marco,Semantic Miss,0
q_4d2d4b1d66e6916f,what does the nucleus need to function,ms_marco,Semantic Miss,0
q_9c67c3404ec946be,naproxen and ibuprofen gel together,ms_marco,Ranking Error,1
q_71b95fcf571b2ca4,relationship between genes dna and chromosomes,ms_marco,Ranking Error,1
q_c8e3928ca3698b7e,standard deduction for dependent,ms_marco,Semantic Miss,0
q_4e32d3807c043a55,what is an inguinal hernia how is it usually repaired,ms_marco,Ranking Error,1
q_91b44d5c14dbfb48,when did married women get the right to own their own money,ms_marco,Ranking Error,1
q_73f3ef1d98103654,where do bees usually live,ms_marco,Ranking Error,1
q_e728528c395b2e42,what color is our blood,ms_marco,Ranking Error,1
q_fee30aab742ec708,radula definition biology,ms_marco,Ranking Error,1
q_00109567fd530123,which neuron secretes neurotransmitters in light,ms_marco,Semantic Miss,0
q_830e9e603d7611f7,describe the instrument used to record seismic waves,ms_marco,Ranking Error,1
q_5c67de76fcb7ac8c,mean gene definition,ms_marco,Ranking Error,1
q_ed3b2d7131658a78,poems punctuation rules,ms_marco,Ranking Error,1
q_5dd49fb451c75eb6,what happens when large intestine fails to absorb water,ms_marco,Ranking Error,1
q_ad7e73a96398c3a1,how much does it cost to have a small tree removed,ms_marco,Semantic Miss,0
q_8edbc7d814d923cc,what is echinacea angustifolia root,ms_marco,Ranking Error,1
q_a7510adbefcb4b79,which type of blood vessel usually carries oxygen-rich blood,ms_marco,Ranking Error,1
q_0c964051d2c87b55,where does lactase come from,ms_marco,Semantic Miss,0
q_3661083647023884,what are the tiny blood vessels that surround alveoli,ms_marco,Ranking Error,1
q_7af51babae00e6dd,definition of querulous?,ms_marco,Ranking Error,1
q_0b91aa0bf114c08b,What is the touch response in plants called?,sciq,Semantic Miss,0
q_39fe1f23d472ed56,When was the Latin version of the word Norman first recorded?,squad,Semantic Miss,0
q_a5e472ea8cd10409,where was movie the birds filmed,ms_marco,Ranking Error,1
q_b9b03aa0a9f0e72e,how to mute on conference call,ms_marco,Ranking Error,1
q_4a7ff30ed2ac84d5,klonopin normal dose,ms_marco,Ranking Error,1
q_42e7e03e2fe5108f,factory reset galaxy s3,ms_marco,Ranking Error,1
q_043b06e37fb2c27a,should you rely on a compliance officer,ms_marco,Semantic Miss,0
q_510a454d7e4f1cba,what age are ira rmds mandatory,ms_marco,Semantic Miss,0
q_d50f6e0cb9c048bc,could chlamydia be cured but have pid,ms_marco,Ranking Error,1
q_cba48e85ef020e8f,what is occupational class,ms_marco,Ranking Error,1
q_798a5d69532390f5,typical balloon mortgage terms,ms_marco,Ranking Error,1
q_b6c13f9959aaa682,is typhus contagious,ms_marco,Ranking Error,1
q_e3de72eeba7b0174,total movement cash summary,ms_marco,Ranking Error,1
q_fe14638b11f1b785,what is international commercial law,ms_marco,Ranking Error,1
q_13ac889424267116,how long does it take irs refund to be sent after return is approved,ms_marco,Semantic Miss,0
q_810c7f34f05f0f46,what is combustion in chemistry,ms_marco,Ranking Error,1
q_f5a7d78238702243,what kind of lake is lake simcoe,ms_marco,Ranking Error,1
q_4509350ea2eb4370,What do all cells have in common?,sciq,Ranking Error,1
q_472b3f27efcec97e,how long does it take to recover from knee arthroscopy,ms_marco,Ranking Error,1
q_c622ee7b3f625ff7,how did nafta affect united states,ms_marco,Semantic Miss,0
q_41406f4e278df2cd,rice phylum name,ms_marco,Ranking Error,1
q_de50691afc2e3ff0,what is a methane hydrate,ms_marco,Ranking Error,1
q_a3fd3e5a82d47966,what is longest word in english,ms_marco,Ranking Error,1
q_176e70d569c7332b,how much does it cost for a hog roast,ms_marco,Ranking Error,1
q_dd0683710fbb2f68,how long does it take for a baby to be fully developed,ms_marco,Ranking Error,1
q_e9abc83331bc6807,what is a pinecone,ms_marco,Ranking Error,1
q_d7c66bb6719255cd,hives common food causes,ms_marco,Ranking Error,1
q_4dbc0387e9319821,does whole life insurance expire at a certain age,ms_marco,Ranking Error,1
q_c2f907f50b5ac2dc,why ozone layer is important atmospheric gas,ms_marco,Ranking Error,1
q_7f92bd436ed188b7,define angina pain,ms_marco,Semantic Miss,0
q_c00e544d974b835e,how accurate is urine test for chlamydia,ms_marco,Ranking Error,1
q_3f6e567c06e2a7f8,"Like other bryophytes, moss plants spend most of their life cycle as what?",sciq,Ranking Error,1
q_0191eb5ffaaf5304,what is tested for in a urinalysis,ms_marco,Ranking Error,1
q_65a276c6bafeedfb,what is ceres,ms_marco,Semantic Miss,0
q_936f503ad711009f,what is mdx,ms_marco,Ranking Error,1
q_a6e92226ba5fd3c5,rf cavity system,ms_marco,Semantic Miss,0
q_e912e36c710066ea,how much profit does a subway franchise make,ms_marco,Ranking Error,1
q_83d59f16275def75,how do you know if a stamp is a forever stamp,ms_marco,Semantic Miss,0
q_ea153354ea3474e0,why is catfishing a problem,ms_marco,Ranking Error,1
q_17dfb2d6896fe2f7,charge for child in a home daycare,ms_marco,Ranking Error,1
q_aed65362304363f5,At what point is water on the ph scale?,sciq,Semantic Miss,0
q_aa452636b4d9bccd,how many human organs are there,ms_marco,Ranking Error,1
q_4a7e7d89664a4a55,do you need to fast for a lipid profile test,ms_marco,Semantic Miss,0
q_7952b5c2f612a106,what is austenitic and martensitic,ms_marco,Semantic Miss,0
q_c1e285685995ba24,Where can you find more information on a country's practices?,squad,Semantic Miss,0
q_73f100c547e2619d,What is QED short for?,squad,Ranking Error,1
q_af30a898fd9385f7,Why were ziggurats tall?,ms_marco,Ranking Error,1
q_b8b0ca7fff549bc6,"The nuclear envelope is a double-layered plasma membrane like the cell membrane, although without what?",sciq,Ranking Error,1
q_e558b5824a740fa5,what is wind used for,ms_marco,Semantic Miss,0
q_357d1939f2d6eb1a,what situation caused the magna carta to be created,ms_marco,Ranking Error,1
q_02ff5ad6cedbb8fe,definition site,ms_marco,Ranking Error,1
q_4d8a43a6b1e2a0cd,what is bartonella,ms_marco,Ranking Error,1
q_02e75d15089fa5dc,the structure where urine is formed is the,ms_marco,Ranking Error,1
q_498304d49c820afd,how do you open a .paf file,ms_marco,Semantic Miss,0
q_43049b8a8d79c30a,how long is raw pork good for in the fridge,ms_marco,Ranking Error,1
q_4aac9ba3c1e91a63,what features are found in theropods,ms_marco,Semantic Miss,0
q_77d6766a0fbb0527,how to find when a website page was published,ms_marco,Ranking Error,1
q_3fcd2743c0ae19b9,where is hyden,ms_marco,Ranking Error,1
q_6022e8a4ff3f7652,what is micronized progesterone,ms_marco,Ranking Error,1
q_1e9b540827a72bb2,what month is virgo,ms_marco,Ranking Error,1
q_4030a1c3e8827a7f,average salary for hgv driver,ms_marco,Ranking Error,1
q_a485195e836b29e7,how many times are you supposed to be able to bench press your weight,ms_marco,Semantic Miss,0
q_8a7544dacbbff27e,Set a gauge.,code_search_net,Ranking Error,1
q_3bfc78ac62377733,how does the chinese view mental issues,ms_marco,Semantic Miss,0
q_f4da517b83abaa04,what are steamers used for,ms_marco,Ranking Error,1
q_b635cbdddbc1c655,how much to charge for a banquet,ms_marco,Ranking Error,1
q_38683af63b09b69a,gestation period for wild rabbits,ms_marco,Ranking Error,1
q_dbf3029813cf2614,what industry is petroleum refining,ms_marco,Ranking Error,1
q_97f41edf9b4098a6,what is the function of the trachea yahoo answers,ms_marco,Ranking Error,1
q_ca1b8e65411a60ff,are polyunsaturated fats good,ms_marco,Semantic Miss,0
q_5b8f532f45fddd8a,what forms does aspirin come in,ms_marco,Ranking Error,1
q_59973303571af892,who can prescribe in australia,ms_marco,Ranking Error,1
q_97bfcd3e2217d3eb,what kind of metal is iron maiden,ms_marco,Ranking Error,1
q_035846c697c2f95e,the are a series of fibrous connective tissue membranes covering,ms_marco,Semantic Miss,0
q_7f1fdf974c51e8e3,html stop underline button text,ms_marco,Ranking Error,1
q_a8fc4d7d455d6923,where is rocky point located,ms_marco,Ranking Error,1
q_125fb07319e6e894,what album is enter sandman on by metallica,ms_marco,Semantic Miss,0
q_af3df61aa709c8b5,what is cupric acetate used for,ms_marco,Ranking Error,1
q_070da9d49b817f4f,what does trade name dba mean,ms_marco,Ranking Error,1
q_604daa640637966c,where is palau located,ms_marco,Semantic Miss,0
q_7464df5f63912e54,meaning of nominations,ms_marco,Ranking Error,1
q_34ff831827166f16,how long can a body survive without food and water,ms_marco,Ranking Error,1
q_35d3815a5bbfef30,what weighs a tonne,ms_marco,Ranking Error,1
q_2bb1e8dcd7b55dc0,what is a planarian,ms_marco,Ranking Error,1
q_f2d90fb579b41271,botox for men how much cost,ms_marco,Semantic Miss,0
q_39965d461ad1b98c,how long does it take to walk a mile on average,ms_marco,Ranking Error,1
q_fd150ed5a369f2fa,average temperature august in new york,ms_marco,Ranking Error,1
q_295e2ec22bb568ce,in which order do baby teeth fall out,ms_marco,Ranking Error,1
q_7daeabd09429bbaa,Abbreviation for both Ears,ms_marco,Ranking Error,1
q_55ff23cd7cb4fdf9,what does malana,ms_marco,Ranking Error,1
q_15fa74bfa6b22b44,what are the three types of meteoroids/asteroids.,ms_marco,Ranking Error,1
q_dd25ac4ae6d3b75f,define udo,ms_marco,Ranking Error,1
q_88181d7114747d26,what is a balustrade,ms_marco,Ranking Error,1
q_6cfcef038a0fcd88,what does the enterogastric reflex accomplish,ms_marco,Ranking Error,1
q_9cf034f4222c9e75,how long are the longest axons in humans,ms_marco,Ranking Error,1
q_bc1f0d0dfb692355,what are typical food allergies,ms_marco,Ranking Error,1
q_551cd78e7dcf76a3,what is mean of levorg',ms_marco,Ranking Error,1
q_6306de89a9ef82be,what is conservation of chromosome number called,ms_marco,Semantic Miss,0
q_acb2f684c5b5585d,what is markup language,ms_marco,Ranking Error,1
q_574d8c72d89152df,government assistance programs usda how do the program work for buying a home,ms_marco,Ranking Error,1
q_95770c173e87c26b,how to select an object without selecting is manually using vba,ms_marco,Ranking Error,1
q_75f1e0128e8136d6,is norway in europe,ms_marco,Ranking Error,1
q_3c224f7132d03444,how long should i cook a roast beef in the oven,ms_marco,Ranking Error,1
q_9415c453a0c17ee5,can you move some music to a new itunes account and delete it from an old one,ms_marco,Semantic Miss,0
q_4ed8dc1242839536,cost to install chandelier,ms_marco,Ranking Error,1
q_3202e9a6c8935869,source of radioactive gaseous radon in homes,ms_marco,Semantic Miss,0
q_3100a0b5c6556ec0,per diem deduction,ms_marco,Semantic Miss,0
q_d8f515c6a8332621,when were telegraph were discovered,ms_marco,Ranking Error,1
q_e2b4ac23bb6cd7c0,what is lagrangian multiplier,ms_marco,Ranking Error,1
q_8877c93395779bbf,what is aneurysm caused by,ms_marco,Ranking Error,1
q_a1378b7d184170b0,what does dsu switching stand for,ms_marco,Ranking Error,1
q_bd8b8ea7636dd4c1,what is pericycle in plants,ms_marco,Ranking Error,1
q_5e01aa2da643d544,currency symbol for australian dollar,ms_marco,Ranking Error,1
q_94669ae8f14a5f4e,a contagious skin infection caused by fungi is,ms_marco,Ranking Error,1
q_373ce7313c13f77a,is allora wine kosher,ms_marco,Ranking Error,1
q_7c92852857061ba8,is donner pass open,ms_marco,Ranking Error,1
q_fa78369120ded649,what are smiley faces called,ms_marco,Ranking Error,1
q_a661f203ba12d840,what are the letters in algebra called,ms_marco,Ranking Error,1
q_0555f7645a8bed8e,is the water meter next to the shut off valve,ms_marco,Ranking Error,1
q_54e661d660d0c381,What is the name of the stadium where Super Bowl 50 was played?,squad,Ranking Error,1
q_7598d4df00f9f687,how to get rid of serve burn acne,ms_marco,Semantic Miss,0
q_98a35d307dbaf602,average cost of paving driveway,ms_marco,Semantic Miss,0
q_8ae6d6da27bd7d36,enzyme is responsible for the metabolism of alcohol in the liver,ms_marco,Ranking Error,1
q_76eeeb333f14fcc0,who wrote the james bond theme tune,ms_marco,Ranking Error,1
q_d9b26788cb76e30c,on what month was mother's day was supposed to be celebrated,ms_marco,Ranking Error,1
q_47709ec42c084300,how long do tax liens stay on credit report,ms_marco,Ranking Error,1
q_02fe9f2e72f0f4eb,Does pressure increase or decrease when gas particles heat up?,sciq,Ranking Error,1
q_9dba7b4b1757355e,how long do you cook asparagus in the oven,ms_marco,Ranking Error,1
q_4b6c8cfa68878558,what is brabus,ms_marco,Ranking Error,1
q_c64d4699ca86eb80,is gelatin made with pork,ms_marco,Ranking Error,1
q_aa34e38228d03bd7,how to rename devices in google,ms_marco,Semantic Miss,0
q_8a218fcb1004f809,what is eva material,ms_marco,Ranking Error,1
q_c357a4abaa3b3e31,how much does a plumber charge to replace faucet,ms_marco,Semantic Miss,0
q_83b546a19f1bb9b4,what is korean ethnicity,ms_marco,Ranking Error,1
q_0a2759270f4adb13,desert description biome,ms_marco,Ranking Error,1
q_7457570f1cc0d1ec,cost of a cairn terrier puppy,ms_marco,Ranking Error,1
q_a6b41681e05b0446,different types of gruyere cheese,ms_marco,Semantic Miss,0
q_e6a83ef401994717,can i rinse out my dishwasher,ms_marco,Semantic Miss,0
q_1537e73955a637c9,who or what influenced shel silverstein,ms_marco,Ranking Error,1
q_32aa3c229be5e471,what makes a prokaryote and eukaryote difference,ms_marco,Semantic Miss,0
q_84870d8f937ccd71,what Kombucha is good for,ms_marco,Ranking Error,1
q_f536f2bffe710082,troubleshooting definition,ms_marco,Ranking Error,1
q_5405c45460de31c1,what is the difference turmeric root from ginger root,ms_marco,Ranking Error,1
q_c6b99cbfb19c3521,how long for pain medication to work,ms_marco,Ranking Error,1
q_58d638f17f109a63,what type of enzyme is aldolase,ms_marco,Ranking Error,1
q_a67d14ea7aa54cab,what is codeine,ms_marco,Semantic Miss,0
q_eeadcfdc38f41830,can you have numerous genotype hcv infections,ms_marco,Ranking Error,1
q_c3eab1c434f589d0,qualitative forecasting definition,ms_marco,Ranking Error,1
q_f37b9f14d913a839,How many of Jacksonville's city residents are younger than 18?,squad,Ranking Error,1
q_c6da993f271e1fc0,what is assimilation psychology,ms_marco,Ranking Error,1
q_ef80f5f836202f3b,burn definition,ms_marco,Ranking Error,1
q_78d69ef49e940b27,the plural form of ulna is,ms_marco,Ranking Error,1
q_af95741d6fa41dfc,mesentery definition,ms_marco,Ranking Error,1
q_71a5da1f8014bea5,how to remove duplicate pictures from computer,ms_marco,Ranking Error,1
q_01eb22863744728f,cost to spread mulch per yard,ms_marco,Ranking Error,1
q_c580ffb37e3618b3,how long does it take for stool sample results to come back H.Pylori,ms_marco,Semantic Miss,0
q_daa0f28e3c419f00,what is surimi salad,ms_marco,Ranking Error,1
q_59ebb22e531b8dbd,what impact did the harlem renaissance have on american society,ms_marco,Ranking Error,1
q_37cc61f96d34cd37,where cancun is located,ms_marco,Semantic Miss,0
q_925b135b49d79622,what were the minoans known for,ms_marco,Ranking Error,1
q_10fab83afae2bb05,what is clove spice,ms_marco,Semantic Miss,0
q_9404e01da8db092b,can metamorphic rock be used to make pottery,ms_marco,Semantic Miss,0
q_854a764c18345ce5,how big is neptune,ms_marco,Ranking Error,1
q_94c308075e51c6db,common causes for bladder infections,ms_marco,Ranking Error,1
q_8ca2fa4c51ea5e29,what is artane medication used for,ms_marco,Semantic Miss,0
q_cf14443808a394fd,what is aice diploma,ms_marco,Semantic Miss,0
q_c4893b97b024f93d,What type of resource is water power?,sciq,Ranking Error,1
q_5cc8902309f93395,age you can leave a child home alone,ms_marco,Semantic Miss,0
q_e7e74eb55cf59b46,What type of chemicals do ants communicate with?,sciq,Semantic Miss,0
q_62e26b84182a9806,what type grease is required for a centrifuge bearing,ms_marco,Ranking Error,1
q_24ed8508670d7980,meaning of constitution,ms_marco,Ranking Error,1
q_7912327dfc7df787,cost to replace check valve on well pump,ms_marco,Semantic Miss,0
q_4766d8664840aeda,what is manufactured flooring,ms_marco,Ranking Error,1
q_5037ea445898aa22,what is quinine good for,ms_marco,Ranking Error,1
q_ab3527022d23715c,calcium score test cost,ms_marco,Ranking Error,1
q_4829900f260eda27,how long should you bake chicken legs,ms_marco,Ranking Error,1
q_1fa2b21473ce97ac,how do i compute the cost of goods sold,ms_marco,Ranking Error,1
q_3bf03f1f141d5464,how much do church workers make,ms_marco,Ranking Error,1
q_d6936721a09d87ff,what is the main goal of any business,ms_marco,Semantic Miss,0
q_e1681f252733584d,what does means prostate,ms_marco,Ranking Error,1
q_06a5f481a109f618,how long is the human body designed to live,ms_marco,Ranking Error,1
q_18c9084efe8f8aee,inflamed bowel disease,ms_marco,Ranking Error,1
q_714fd32fa95f4d1b,average hourly wage for secretary,ms_marco,Ranking Error,1
q_3db9c5e430169a34,how many years do you need followup appointments for womb cancer,ms_marco,Semantic Miss,0
q_6d7ac98598b0af1f,what temperature to cook roast lamb,ms_marco,Semantic Miss,0
q_825ad0b329c822f0,what is cns toxicity,ms_marco,Ranking Error,1
q_768a1138a6d4a527,what phylum are there,ms_marco,Semantic Miss,0
q_aa8f415d48fa6f85,how long does it take for broccoli to mature,ms_marco,Ranking Error,1
q_f683b457162ab98c,diabetes mellitus definition medical,ms_marco,Ranking Error,1
q_ad459fa264f12cca,what exactly is godzilla,ms_marco,Ranking Error,1
q_7aa56a316fb4302d,average temperature for el centro cal,ms_marco,Ranking Error,1
q_f393c3e54210d504,list of foods for mediterranean diet,ms_marco,Ranking Error,1
q_c6970fb300ae7130,what is normal retirement age,ms_marco,Semantic Miss,0
q_deee089ee1f75e30,what is a capper,ms_marco,Ranking Error,1
q_5fa461b2f734d6f9,what are the ingredients in common table salt,ms_marco,Ranking Error,1
q_3942e325935cb163,is there an airport at uluru,ms_marco,Semantic Miss,0
q_94cb14d987fd019f,who was betsy ross,ms_marco,Ranking Error,1
q_0cf26de7ec5ae63c,what is an italian piada,ms_marco,Semantic Miss,0
q_6edf974143c987c9,how long does it take to grow long hair,ms_marco,Semantic Miss,0
q_7f7991fd58faef3d,where i can send my tax amended,ms_marco,Ranking Error,1
q_32a9a8b79a7a5c90,why is immune rejection an example of a healthy immune system,ms_marco,Ranking Error,1
q_1e154afb89c29f96,what causes warts on cattle,ms_marco,Ranking Error,1
q_d57bc42788e1ed96,what does häagen-dazs mean,ms_marco,Ranking Error,1
q_fb3211c4bb48b239,when the triceps brachii muscle contracts what movements does it produce,ms_marco,Ranking Error,1
q_d1b4791ec4ff2f10,cost for admission to disneyland,ms_marco,Ranking Error,1
q_9a4fef4d80d05b36,what is mahlab made from,ms_marco,Ranking Error,1
q_01e8047b1b586517,autosomal dominant definition biology,ms_marco,Ranking Error,1
q_9230fac945851663,how much does a facial cost in dallas,ms_marco,Ranking Error,1
q_99d3a74e4a687275,where are centipedes found,ms_marco,Ranking Error,1
q_6466a44fe3e0a7d7,What did Luther call these donations?,squad,Ranking Error,1
q_421b05f1128a9711,where is dallas located in usa,ms_marco,Ranking Error,1
q_a17e6acd07a2104e,how long for qvar to work,ms_marco,Ranking Error,1
q_3410d831e63c7ad9,where is amherstburg located,ms_marco,Ranking Error,1
q_a4772100f38d22a4,cost to remove pine tree,ms_marco,Ranking Error,1
q_87307f9488b5030c,average height for black male,ms_marco,Ranking Error,1
q_6e2100ca50151750,what is a critical habitat,ms_marco,Ranking Error,1
q_5209958d2915bedd,what is a blood plum,ms_marco,Ranking Error,1
q_86ef7974f12c6d7a,what is onychomycosis of toenails,ms_marco,Ranking Error,1
q_5933d383bcf5f7b2,age requirements for car rental,ms_marco,Semantic Miss,0
q_078f2934aeaa7e53,genetic polymorphism example,ms_marco,Ranking Error,1
q_3ad245f8e8d77437,what is cilantro good for,ms_marco,Ranking Error,1
q_61e3dcb8bab13a76,Leaves respond to these environmental stimuli by producing less what?,sciq,Semantic Miss,0
q_265c0b281da1f04a,how long should i take acidophilus,ms_marco,Ranking Error,1
q_e9279a60aa7062d9,what does bullous emphysema suggest,ms_marco,Semantic Miss,0
q_8584e55e7da5fd2f,can you freeze your social security earnings,ms_marco,Semantic Miss,0
q_46f9490fc7694b43,how much does a garage concrete slab cost,ms_marco,Ranking Error,1
q_62cb079902efc393,what kind of food is offered at seder,ms_marco,Ranking Error,1
q_0e1b991d83391594,how much do electricians charge,ms_marco,Ranking Error,1
q_f7949b625ee231e1,what are nephrons,ms_marco,Ranking Error,1
q_c1c80244035ad6f4,what is average cost of wisdom teeth extraction,ms_marco,Ranking Error,1
q_50a0eb5e922d2e93,is enterococcus part of strep,ms_marco,Semantic Miss,0
q_2244dac0ba4a8c5e,what is the use of bt spray for plants,ms_marco,Semantic Miss,0
q_14d7f735e5e9d9ad,average women's professional soccer salary over the years,ms_marco,Ranking Error,1
q_a2aaf2336293cea8,what is muscle,ms_marco,Ranking Error,1
q_e5204501388fc3d4,how much do you get paid for being a riding instructor,ms_marco,Ranking Error,1
q_913794c2aeb1628c,what muscle does farmers walk work,ms_marco,Ranking Error,1
q_10ce31565e5b1a7b,Init client,code_search_net,Semantic Miss,0
q_4e3b7f99ae7b5cd9,sean is pronounced as,ms_marco,Ranking Error,1
q_339a9fcc5e431737,what is normal pulse range for adults,ms_marco,Ranking Error,1
q_3614543e22504cf7,how much should you get paid for dog walking,ms_marco,Semantic Miss,0
q_cdc5d84f0e230fda,What country is this statistic for?,squad,Ranking Error,1
q_578d93bb22547e06,What is 'grey literature'?,squad,Ranking Error,1
q_46a512db7f4cd26a,why did congress object to the league of nations,ms_marco,Ranking Error,1
q_a805193fa6760151,irritable bowel syndrome is it contagious,ms_marco,Ranking Error,1
q_4e5816014ca2707e,what is atmosphere examples,ms_marco,Ranking Error,1
q_0107322604cecae9,costco laminate flooring installation cost,ms_marco,Semantic Miss,0
q_f9411503734f9c18,how much money before probate is required,ms_marco,Ranking Error,1
q_13624f4717d1f0d9,how far does the gobi desert stretch,ms_marco,Ranking Error,1
q_1c0cb5cc3382fcb0,how long do you have ovulation symptoms,ms_marco,Ranking Error,1
q_1a3961b2dd6a91bb,what does effexor do,ms_marco,Ranking Error,1
q_77191c901c5d56ae,"Salt in seawater causes it to have greater what, which is also affected by temperature and pressure?",sciq,Ranking Error,1
q_25c7dea7f278d6c3,what is a molar root canal,ms_marco,Semantic Miss,0
q_60e56b4c6199056f,Run client.,code_search_net,Ranking Error,1
q_a4c13958acecdb85,average salary for draughtsman,ms_marco,Ranking Error,1
q_64350a2078ad7e52,how long does it take to receive student loan,ms_marco,Ranking Error,1
q_4db6d8b96e2ec906,What were X-rays known as at the time?,squad,Ranking Error,1
q_734568ccae0abf96,what does bms mean in texting,ms_marco,Ranking Error,1
q_e574253a9bc107ad,where are almonds made,ms_marco,Ranking Error,1
q_aec79e6058d099b4,What does ctenophora mean in Greek?,squad,Ranking Error,1
q_e3a80089b0092138,A paragraph explaining dna and what is does,ms_marco,Ranking Error,1
q_12d88c125e5e6ccb,what means ebay multiple account,ms_marco,Ranking Error,1
q_e084425d4e74a9b4,cost of a single tooth repair (cavity)?,ms_marco,Ranking Error,1
q_e50c9c34a7c4d1e7,what is resilience,ms_marco,Semantic Miss,0
q_31ca868af169c47d,how to remove mobogenie adware on android phone,ms_marco,Ranking Error,1
q_34375a0d9680eb6e,what food is guatemala known for,ms_marco,Semantic Miss,0
q_76c4376e202b56c7,who originally wrote last kiss,ms_marco,Ranking Error,1
q_2e4f96ba1600efd6,describe carl wernicke,ms_marco,Ranking Error,1
q_3b07afd1a49ce337,what seeds will grow under artificial light in the winter?,ms_marco,Ranking Error,1
q_2c4d9d786b79852d,what is saltpeter,ms_marco,Semantic Miss,0
q_340e11f011cb3e60,how much does a doctor's office visit cost without insurance,ms_marco,Semantic Miss,0
q_36478b5d18a05e14,what company does allergan owns,ms_marco,Semantic Miss,0
q_c3e98eb28f12c57b,jenny craig cost per week,ms_marco,Ranking Error,1
q_035b6d8729a5b1cf,how long does it take for food to pass,ms_marco,Semantic Miss,0
q_38f599df36626c1d,body systems affected by kidney stones,ms_marco,Ranking Error,1
q_c69f25f681053ccc,what minerals are carbonate,ms_marco,Semantic Miss,0
q_cb4aa3a1c27126f9,cost to carpet your home,ms_marco,Ranking Error,1
q_db665f9e5b937c4c,where is aspergillus found,ms_marco,Ranking Error,1
q_1cb8fdd1bf5c8364,how much do waiters make,ms_marco,Ranking Error,1
q_3354df8d9caa55b1,What is used to decide a teacher's salary?,squad,Ranking Error,1
q_38f4262109f4b4ed,what is chartered financial analyst,ms_marco,Ranking Error,1
q_ff2fe315316ea2a0,average temperature hanoi,ms_marco,Ranking Error,1
q_608d50a4a736700c,electrical engineer vs electronics engineer,ms_marco,Ranking Error,1
q_00aab6720c959232,what region of the world is france in,ms_marco,Semantic Miss,0
q_4d4795e99925bb61,what are proteins used for,ms_marco,Ranking Error,1
q_c0e7c9e5cd9598c1,Where is the Apostles located?,squad,Ranking Error,1
q_fda8287d7314218c,what can cause shrinking testicles,ms_marco,Ranking Error,1
q_72138d80a1cf618f,what is hecate,ms_marco,Ranking Error,1
q_a8f62cf24924cd32,add items to dropdownlist html,ms_marco,Semantic Miss,0
q_04dd7520526593ef,can a builder charge for a quote,ms_marco,Ranking Error,1
q_0d6362c63a4f1247,how to prepare butter for crab legs,ms_marco,Ranking Error,1
q_5e01fa1f91577b88,hardwood flooring installation labor cost,ms_marco,Semantic Miss,0
q_1eb9af91a82de721,what language in austria,ms_marco,Semantic Miss,0
q_2d5cb2c2ea495b20,prostaglandin what are they,ms_marco,Ranking Error,1
q_3b5f6c27d88a6642,what are intercostal muscles,ms_marco,Semantic Miss,0
q_fd9aa6d7cd89e148,what was the battle of the lone pine,ms_marco,Semantic Miss,0
q_71ea9204c2a3ef47,can i play games without nvidia drivers installed,ms_marco,Ranking Error,1
q_f03b497d489d0d2d,who is the quarterback coach at michigan state college?,ms_marco,Ranking Error,1
q_3845f8232488c161,what is a salty tasting food,ms_marco,Ranking Error,1
q_e7274f0ed4fa7de6,are vapor cigarettes bad for your lungs,ms_marco,Ranking Error,1
q_b2956198223d7655,how much social security is deducted from my paycheck,ms_marco,Ranking Error,1
q_7617c4ccee4aabab,what year did the constitutional convention meet,ms_marco,Ranking Error,1
q_2234711fc13822c6,what was the reason for the berlin airlift quizlet,ms_marco,Ranking Error,1
q_1c71629dc5019467,What are the primary causes of bone fractures?,sciq,Ranking Error,1
q_b92fa2a6dc672909,"The existence of (virtual) photons is possible only by virtue of the heisenberg uncertainty principle and can travel an unlimited distance, so the range ofthe electromagnetic for is what?",sciq,Semantic Miss,0
q_7b37ed7f7f0320ba,What was the name of Westinghouse's company?,squad,Ranking Error,1
q_5921f0fd2d9c0f56,how long does ground beef stay good for frozen,ms_marco,Ranking Error,1
q_7f43eba4acfeacee,what is the average starting salary for chemical engineers,ms_marco,Ranking Error,1
q_4664234f8cd64487,why did they make the eiffel tower,ms_marco,Ranking Error,1
q_656c5e1c42ff740a,natal meaning,ms_marco,Ranking Error,1
q_ce76041b95991aa3,how much does a pilot earn,ms_marco,Ranking Error,1
q_e4ddb9e6ff32776d,From what does photosynthesis get oxygen?,squad,Ranking Error,1
q_9381c614bbe7f386,how to import records below using excel macro,ms_marco,Ranking Error,1
q_218d1cd80b62c290,part of dna that carry hereditary information,ms_marco,Ranking Error,1
q_7d0352c464ec03ab,what type of cancer causes thrush in adults,ms_marco,Semantic Miss,0
q_66659ff0b742beeb,what temp is beef well done,ms_marco,Semantic Miss,0
q_892a1b4a9bae3826,price per square foot for log homes,ms_marco,Ranking Error,1
q_df9472cacbc016ba,what was the plan of d day,ms_marco,Ranking Error,1
q_97c1c6462e00091d,where does seaweed grow,ms_marco,Ranking Error,1
q_e23a722c43451d10,what is the function of the hypothalamus,ms_marco,Ranking Error,1
q_32e88f06f7df2a7f,what does recombinant dna produce,ms_marco,Semantic Miss,0
q_e3038accac27be69,what does a moist productive cough indicate,ms_marco,Ranking Error,1
q_500827bc56413d2e,how long does a std test take to come back,ms_marco,Ranking Error,1
q_3f758eb339e49949,can you legally get married in the bahamas,ms_marco,Semantic Miss,0
q_381fd5f35d6a2448,what is the meaning of mayur,ms_marco,Ranking Error,1
q_d5f69822cc8c908c,There are two of what type of institution in Newcastle?,squad,Ranking Error,1
q_5b4db7b4dbba9ef3,how much it costs to make game of thrones,ms_marco,Ranking Error,1
q_d4bff5bc19b869f7,how old do you have to be to have ebay,ms_marco,Ranking Error,1
q_2c15d52cd1c4fe14,why did the civil rights movement use nonviolence,ms_marco,Ranking Error,1
q_a66d05b4f7cb3b01,"r""/",code_search_net,Ranking Error,1
q_0961963745e678b7,does chemical digestion occur in the pancreas,ms_marco,Ranking Error,1
q_182b6fa35f776cb9,what is tomato pomace,ms_marco,Ranking Error,1
q_8acc8fd582d36b2c,what nationality is dilma rousseff,ms_marco,Ranking Error,1
q_8043632897c9b5d9,what program can i use to edit sent email document,ms_marco,Ranking Error,1
q_2eb4f359e8c2c2cd,what was the main goal of the military reconstruction act,ms_marco,Semantic Miss,0
q_f47e981bba3b4d5e,what is cued articulation,ms_marco,Ranking Error,1
q_f91fc99eab02d425,what is ring fencing,ms_marco,Ranking Error,1
q_9b03b946ccdd9722,chaparral average temperature,ms_marco,Ranking Error,1
q_2612e2983bc77234,is cumene a monomer,ms_marco,Semantic Miss,0
q_f6dfefa9f036628c,what is sulfites in food,ms_marco,Ranking Error,1
q_60310639a8f51a50,how long do i have to pay my credit card,ms_marco,Semantic Miss,0
q_c88b0f739dfc6ff0,how much does termite treatment cost in texas,ms_marco,Ranking Error,1
q_a484a1c3a5e2a56f,is lyrica a narcotic,ms_marco,Ranking Error,1
q_edf3705cb3ec4fc7,cooking time for turkey,ms_marco,Ranking Error,1
q_34cfc60ab00b52e4,how much nicotine is considered a lethal dose for humans,ms_marco,Semantic Miss,0
q_bd47707498b8ea8d,can you borrow money against a roth ira,ms_marco,Semantic Miss,0
q_ace384d764ca9cf2,"what are the three lowland regions of canada, what types of rock",ms_marco,Ranking Error,1
q_8c498cf71d91e9a5,when to check blood sugar non insulin,ms_marco,Ranking Error,1
q_79842b331615f93f,where is hull,ms_marco,Ranking Error,1
q_e77950b7b509b719,what are antioxidants in food,ms_marco,Ranking Error,1
q_5c2cbe1cce6518c3,what are organic molecules digested by,ms_marco,Semantic Miss,0
q_fc4d621131a815f2,does lowes install sheds,ms_marco,Ranking Error,1
q_03e77148a409be3f,how to cook marinated beef ribs,ms_marco,Ranking Error,1
q_b87ff59a5a530ae4,what does the yin yang mean,ms_marco,Ranking Error,1
q_7823339b77b4ba31,What is the meaning of the song purple rain?,ms_marco,Semantic Miss,0
q_3907dbca127ade05,dna is contained in what structure in prokaryotes and eukaryotes,ms_marco,Ranking Error,1
q_a5579120b1ce9f9f,how much ignition switch cost,ms_marco,Ranking Error,1
q_f8c2caafabe7385e,cost attend yale,ms_marco,Semantic Miss,0
q_a84ed38c48088f51,when can i separate my hostas,ms_marco,Ranking Error,1
q_5aad6f6aea516a9a,where does bile come from,ms_marco,Ranking Error,1
q_a4b86c11d38a4106,what is femoral neck,ms_marco,Ranking Error,1
q_22898de9144cf05a,The republic was also known as a socialist government.,ms_marco,Semantic Miss,0
q_0b17907383ff2e13,continental volcanic arcs are associated with the,ms_marco,Ranking Error,1
q_1666eea593010cf2,what are baby sparrows called,ms_marco,Semantic Miss,0
q_bd9a9db75f999da6,what biome is the netherlands in,ms_marco,Semantic Miss,0
q_db0705b959af1be1,outer banks average temperature by month,ms_marco,Ranking Error,1
q_43e9942fbff02b8d,what amount magnesium blood level is normal,ms_marco,Ranking Error,1
q_783747b5282fad0e,where do the osphronemidae live,ms_marco,Ranking Error,1
q_597029124d0b048b,what makes a shirt flannel,ms_marco,Ranking Error,1
q_f966e26fb8cfb0e1,what is a cost centers,ms_marco,Ranking Error,1
q_bc8af839d80f022f,how long before do you need to check in for us flights manchester delta,ms_marco,Ranking Error,1
q_1fc70dc65355005d,how do you get to aran islands,ms_marco,Ranking Error,1
q_5ef0816740670c3a,Which country was the last to receive the disease?,squad,Ranking Error,1
q_415334287355578a,what are the adaptations of a maned wolf,ms_marco,Semantic Miss,0
q_fb4f545e6cc99111,why are phospholipids important in cell membranes,ms_marco,Semantic Miss,0
q_0f12e2b672aaeab9,gmu cost per credit,ms_marco,Ranking Error,1
q_217b642521efc6d7,what are the predators of the gulper eel,ms_marco,Ranking Error,1
q_dd4267ef02711905,average act score for a freshman,ms_marco,Ranking Error,1
q_3900c96a37750b13,can albuterol be used an advair inhaler,ms_marco,Semantic Miss,0
q_4f78ecbb0031b6e2,what is the twelfth amendment,ms_marco,Ranking Error,1
q_9d213ee2ec0d9a75,what bug bite causes small blisters,ms_marco,Semantic Miss,0
q_461c9c8f3b9d790c,what causes very foul smelling stools,ms_marco,Semantic Miss,0
q_3be63df65bd21157,do female serial killers exist,ms_marco,Ranking Error,1
q_835d716cece44a70,what is a Otorhinolaryngology,ms_marco,Semantic Miss,0
q_139e6ed444cb9dbf,incubation period for viral pneumonia,ms_marco,Ranking Error,1
q_3ca5a817e5028c92,history of the civil war era time period,ms_marco,Ranking Error,1
q_cceb4f9b62c1c6aa,holds an organism's hereditary information,ms_marco,Ranking Error,1
q_1c70e4fed24b6bca,Parse the data.,code_search_net,Ranking Error,1
q_2bcff97d77e98096,description of the different types of radiation,ms_marco,Semantic Miss,0
q_2f2d0b91d4a255cd,what is schnapps,ms_marco,Ranking Error,1
q_15604c566210587d,Where did he begin teaching?,squad,Ranking Error,1
q_e3b4d32d7de18591,how to make the laptop keyboard light up,ms_marco,Ranking Error,1
q_b43984f4d01d67d5,does lyocell wrinkle,ms_marco,Ranking Error,1
q_1ac407e8b9685e05,what happened to clay marzo,ms_marco,Ranking Error,1
q_bffa602043c30b18,what is the carbohydrates that is your body primary source of energy,ms_marco,Ranking Error,1
q_e4dd62010d111d74,how long bake chicken legs,ms_marco,Ranking Error,1
q_983cb86480ffd24a,what does sciatic nerve do,ms_marco,Ranking Error,1
q_21d90522992c2291,where is castlebar,ms_marco,Ranking Error,1
q_1ff7847a0a1bc675,Who had mathmatical insite?,squad,Ranking Error,1
q_d3f4cb3e5134d8cb,is tobacco considered a controlled substance,ms_marco,Ranking Error,1
q_1f7a5dbc2fa855d2,what does scalability mean in programming,ms_marco,Ranking Error,1
q_3af7ec26b65ff87a,erythroid tissue definition,ms_marco,Ranking Error,1
q_ccc5d6d49b948ac3,who money is worth the most,ms_marco,Semantic Miss,0
q_472e03ffcffcd5c8,president elect elect,ms_marco,Ranking Error,1
q_e579d723a6ea2344,What is a defining feature of deformed sedimentary rocks?,sciq,Ranking Error,1
q_da3493f0e6dcbf7e,"distance between canmore, alberta and banff (town) miles and time",ms_marco,Ranking Error,1
q_ff4ce74a915a8f19,what is needed twic,ms_marco,Ranking Error,1
q_afe601392c60813b,what is STC rating,ms_marco,Semantic Miss,0
q_9109bd33fc2795fb,how can infertility be treated,ms_marco,Ranking Error,1
q_beb60a396b4861b7,what is the income limit to get food stamps,ms_marco,Semantic Miss,0
q_1929fb3bc2950bab,how much does an lpn make an hour in illinois,ms_marco,Ranking Error,1
q_b343ff6bd1281e55,what classification is lanoxin,ms_marco,Ranking Error,1
q_e889989f3690fd16,how long to fast for blood work,ms_marco,Ranking Error,1
q_e1deab66ff476eeb,gluconeogenesis meaning,ms_marco,Ranking Error,1
q_558bfc23346797e7,good sources of vitamin a,ms_marco,Ranking Error,1
q_356fc5c063447dd4,how long does it take for a loaf of bread to thaw,ms_marco,Ranking Error,1
q_b314842a5be38826,what is a adenomatous polyp in colon,ms_marco,Ranking Error,1
q_0e9635b23e2c9948,how to turn screen on iphone 6 plus,ms_marco,Ranking Error,1
q_86a0ddb2564c5ca2,what kind of government is the us,ms_marco,Semantic Miss,0
q_de5406de80c1d3e5,cost of card reader for locks,ms_marco,Ranking Error,1
q_4b68f2fdf72ba364,where is heidelberg situated,ms_marco,Ranking Error,1
q_813ec9a902cd89c1,what is a habitat of a wolf,ms_marco,Semantic Miss,0
q_d74ce7b2e7f7dcea,is rheumatoid arthritis different from arthritis,ms_marco,Ranking Error,1
q_2eaf878f3829f6a0,how much liquid does an evod hold,ms_marco,Ranking Error,1
q_fe623484311b8872,what age do baby teeth come out,ms_marco,Ranking Error,1
q_759431d5b765896b,rna polymerase uses what as a template to synthesize what,ms_marco,Semantic Miss,0
q_c92d0a2967badf9d,Setup command line parser,code_search_net,Ranking Error,1
q_366b754acdf0fefe,prefab homes average cost,ms_marco,Ranking Error,1
q_b6cca0be82a9ba48,what is an inherited disorder,ms_marco,Semantic Miss,0
q_048b72b639c53f0b,irs phone number,ms_marco,Ranking Error,1
q_9781f6ce0ffc0e34,who was walt disney,ms_marco,Ranking Error,1
q_a42ea3fa4ec2033b,what are american kestrel adaptations,ms_marco,Semantic Miss,0
q_68c326b02baab600,how many calories in honey,ms_marco,Ranking Error,1
q_9367146a93f306da,what is taurine made of,ms_marco,Ranking Error,1
q_367802a906f0c111,best time to visit denmark,ms_marco,Ranking Error,1
q_aedb44dddc5bf58e,what cells are found within the epithelium lines of trachea quizlet,ms_marco,Ranking Error,1
q_8b32e83710b9c0c8,how long to fully charge sansa clip,ms_marco,Semantic Miss,0
q_1e51318369bbd071,What is the skeleton of the cell?,sciq,Ranking Error,1
q_e45db701c93aa7fd,what proteins in gluten cause coeliac disease,ms_marco,Ranking Error,1
q_29bb98a3225ddd5c,what does the name cierra mean,ms_marco,Ranking Error,1
q_c52ee51be0c03476,can a person with a criminal record travel,ms_marco,Ranking Error,1
q_4e7f529937c30517,what color is azurite,ms_marco,Semantic Miss,0
q_18d13cf9167e1c10,how astronomy affects our lives,ms_marco,Ranking Error,1
q_171c2594e2b90271,does magnesium stearate contain sulfur,ms_marco,Ranking Error,1
q_56f445ab525bd0a9,mediterranean diet what type of residents are on this food,ms_marco,Semantic Miss,0
q_e3dcbb1eb1a1e39c,what is a phosphodiester bonds.,ms_marco,Ranking Error,1
q_6472c812bbd2caaf,the part in the lungs where oxygen enters the bloodstream are,ms_marco,Ranking Error,1
q_f7a9a5f683efea54,how many astronomical units away is alpha centauri,ms_marco,Ranking Error,1
q_919dce5b3dfc7ee0,what are symptoms for chlamydia,ms_marco,Ranking Error,1
q_36ba8bdad8fed8cb,what is macrovision,ms_marco,Ranking Error,1
q_3730f2b5cb4a2f69,what does rust consist of,ms_marco,Ranking Error,1
q_4ae543cc46519b1b,average digital pulse rate of horse,ms_marco,Ranking Error,1
q_4845c12064d33f8a,lowest theoretical temperature,ms_marco,Ranking Error,1
q_6413a93b8d0099c3,what type of government does slovakia have,ms_marco,Ranking Error,1
q_3b8bae8588b6b6d5,What kind of measurements define accelerlations?,squad,Ranking Error,1
q_8b52157aea9fcd46,how long bake chicken,ms_marco,Ranking Error,1
q_551ecfb386975a8b,average fee for paying up mortgage,ms_marco,Semantic Miss,0
q_0adec3b5effce546,what is a aboriginal boomerang used for,ms_marco,Ranking Error,1
q_df08a0abf27b3849,advantages caused by the trans- saharan trade routes,ms_marco,Ranking Error,1
q_6e7ae3e70587f6b5,how long is a whole watermelon good for in the fridge,ms_marco,Ranking Error,1
q_5a565c94a1dde725,how long will fresh asparagus last in fridge,ms_marco,Ranking Error,1
q_5e4229ac0c383ac5,what is ernest hilgard best known for,ms_marco,Ranking Error,1
q_9aa28fc4aeff91d1,meaning of protagonist,ms_marco,Ranking Error,1
q_d4289a4f02258eb2,Colonies were a sign of what amongst European countries?,squad,Ranking Error,1
q_245ca810f29ad59d,jeweler salary pay scale,ms_marco,Ranking Error,1
q_22538a1275be425f,what is jcaho,ms_marco,Semantic Miss,0
q_9b50e3efcc119200,what laws or acts did jfk pass,ms_marco,Ranking Error,1
q_156cb2412f97842d,Profiler handler.,code_search_net,Ranking Error,1
q_4d42fe798c6d040e,what is a characteristic of influenza?,ms_marco,Ranking Error,1
q_28584dfd1e7bf0fc,is vanuatu in fiji,ms_marco,Ranking Error,1
q_024e530ede8f7625,what are some uses for hardwood,ms_marco,Ranking Error,1
q_24cd1f948a61fb6f,coventry council senior social workers salary,ms_marco,Ranking Error,1
q_67e52b242c693c4c,life vs death cost,ms_marco,Ranking Error,1
q_449c6c45103ba630,what was the first battle that the union won,ms_marco,Ranking Error,1
q_e404fdde577587f0,what is phosphokinase creatine,ms_marco,Ranking Error,1
q_4f2cfb3e701250f2,what is the longest professional baseball game ever played,ms_marco,Ranking Error,1
q_8e4d9d56b92e31c2,precordial leads are what,ms_marco,Ranking Error,1
q_53517ebefd94a958,a list of vitamins and minerals and what they do,ms_marco,Ranking Error,1
q_1b316443c94fdd9d,what is the antagonist in muscles,ms_marco,Semantic Miss,0
q_1f1e783c3a084609,how long should hair be to dread,ms_marco,Semantic Miss,0
q_914e0b78b7fa2738,peripheral nervous is part of what system,ms_marco,Semantic Miss,0
q_715d124f078f3570,what geological event occurs at a transform boundary,ms_marco,Ranking Error,1
q_e355d0c216dfe804,What is another word for saturated hydrocarbons?,sciq,Ranking Error,1
q_f630dd56933eba09,What are EU Regulations essentially the same as in the case mentioned?,squad,Ranking Error,1
q_0cbc4895b45a8c21,sudden weight loss medical term,ms_marco,Ranking Error,1
q_358d90702c35ab04,how often does medicare pay for mammograms,ms_marco,Ranking Error,1
q_13feb6dc09dfb1ad,average cost of credit repair services,ms_marco,Ranking Error,1
q_36e221b52b90b92b,what type of muscle is responsible for contractions of the digestive tract and arteries,ms_marco,Ranking Error,1
q_05f1466ae1cbf074,is it allowed to drain sanitary sewer into sump pit,ms_marco,Ranking Error,1
q_58659cd1fa212d7e,why did greece fall,ms_marco,Ranking Error,1
q_6f10236a423e6187,deficiency of vitamin c causes which disease,ms_marco,Ranking Error,1
q_f911c63a6c889985,what is the star wars galaxy called,ms_marco,Ranking Error,1
q_8652678f2217d7f9,what are the genotypes of brassica rapa,ms_marco,Ranking Error,1
q_fe2f7a33168c866d,what materials are used to produce electricity,ms_marco,Ranking Error,1
q_54dc7103b87daddb,what is a locus biology,ms_marco,Semantic Miss,0
q_dfe14213831e9604,meaning of the baby name mackenzie,ms_marco,Ranking Error,1
q_7ee595d0cfefc386,what is chipotle chili powder,ms_marco,Ranking Error,1
q_f46d0c4b4fdf0f8f,what was the lend-lease act,ms_marco,Ranking Error,1
q_3ac2b496e1c053d4,how fast do cobras move,ms_marco,Ranking Error,1
q_ef1b9e351ef6f801,what is the meaning of anonymity,ms_marco,Ranking Error,1
q_304b98295f0978bc,when can i sell a stock and still get dividend td,ms_marco,Ranking Error,1
q_f81a677ed43c15bf,where is the good english spoken in dubai,ms_marco,Semantic Miss,0
q_e40736530509eaff,what kind of historian is jh elliott,ms_marco,Ranking Error,1
q_9dd1842ae876624b,How many centimeters are in a meter?,sciq,Ranking Error,1
q_5022e6a6cd3853d0,convert stone to lb,ms_marco,Ranking Error,1
q_fa88c1407ade131e,average cost for residential construction is square foot,ms_marco,Ranking Error,1
q_de7eb2d7718b838f,what is smi company,ms_marco,Ranking Error,1
q_38b4641b8be31741,what makes up the asthenosphere,ms_marco,Semantic Miss,0
q_25dfd061fd820165,how do you become an aide for a child with autism,ms_marco,Semantic Miss,0
q_210d9542ad14b9d7,What can the non-elected members from the Scottish Government not do?,squad,Ranking Error,1
q_7219468abccfd92d,how to stop boxbe,ms_marco,Ranking Error,1
q_2368d3e58ba778fc,can a man live on avocado,ms_marco,Ranking Error,1
q_6d5c98560ac60a9c,how big do ornamental pear trees grow,ms_marco,Ranking Error,1
q_3b280266dbde9785,how much do accountants make,ms_marco,Ranking Error,1
q_2bb38aae80faafc2,what temperature for slow cooking,ms_marco,Semantic Miss,0
q_11a9c2e143dd010e,is mold a carcinogen,ms_marco,Ranking Error,1
q_ef7a72cfc2e551a4,who is an estate representative,ms_marco,Ranking Error,1
q_96c466c2db23f6b0,what is phosphorus good for,ms_marco,Semantic Miss,0
q_63b25889fff68680,what is idx systems,ms_marco,Ranking Error,1
q_cf29bcedbfe0b015,what stone is made of cement,ms_marco,Semantic Miss,0
q_29936b1b15fa8155,what is fungi,ms_marco,Ranking Error,1
q_cdc01f36d64e47e3,what is the function and structure of a mitotic spindle,ms_marco,Ranking Error,1
q_31f53e78f724e3c1,lvac membership cost,ms_marco,Ranking Error,1
q_5f5b5b34bfa86233,how long do mallard ducks sit on eggs,ms_marco,Ranking Error,1
q_0af8cdb2a7e7052b,how to cite mla book,ms_marco,Ranking Error,1
q_541ac98584c84ee0,what is a BN,ms_marco,Ranking Error,1
q_5e162d7b9332670b,average human body temperature,ms_marco,Ranking Error,1
q_d1c6b17162c7eb26,annual temperature in poland,ms_marco,Ranking Error,1
q_a3f8d568ec376f66,when was pompeia born,ms_marco,Semantic Miss,0
q_ae23eb568690ff2f,why was the treaty of nanjing unequal,ms_marco,Ranking Error,1
q_1a82e972af03df79,when was san luis obispo founded,ms_marco,Ranking Error,1
q_29d89bbd286d0c26,What do we call the empire that Genghis Khan founded?,squad,Ranking Error,1
q_7c91bbb878f9625d,what is masteron,ms_marco,Ranking Error,1
q_a8b112eb8dc39ee3,what hormone does the pancreas produce,ms_marco,Ranking Error,1
q_72c37b3a6f76e07b,Where are temperatures the lowest?,sciq,Ranking Error,1
q_61b9e29b6dcf42e9,What element makes up the majority of coal?,sciq,Ranking Error,1
q_13463c1b62433f8a,when was the cannon invented,ms_marco,Semantic Miss,0
q_31fa331d80c68b0e,definition of horderves,ms_marco,Ranking Error,1
q_5730eef132aaf02b,how much money do the dancing with the stars contestants make,ms_marco,Ranking Error,1
q_6cfc98206167c4b1,bu measurement conversion in kg,ms_marco,Ranking Error,1
q_2472d2416ebbf988,what landforms do divergent boundaries form,ms_marco,Ranking Error,1
q_4f624b6a514407f7,what should i take for a sore throat,ms_marco,Ranking Error,1
q_bcd75c9c7ac29bf9,what to use in power washer to clean the side of house without harming my garden,ms_marco,Ranking Error,1
q_b2a40ddbfe035fc6,how fast can a giraffe run in mph,ms_marco,Ranking Error,1
q_ec3df96bccc0a842,What kind of weathering is abrasion?,sciq,Ranking Error,1
q_b6ba5c34a76c645d,is georgia hilly,ms_marco,Ranking Error,1
q_56e991ef51adfe4a,how old should goats be to neuter,ms_marco,Semantic Miss,0
q_32d0566b99f3078e,germany uses strikes called blitzkrieg,ms_marco,Ranking Error,1
q_af9d06f2b3fbfc08,what is a diner,ms_marco,Ranking Error,1
q_0adf4803d4442477,what is marketing myopia,ms_marco,Ranking Error,1
q_955f8b7b2fff717c,what size should a polar bear enclosure be,ms_marco,Ranking Error,1
q_70ea3635cc5d82c4,what is magnesium metal used for,ms_marco,Ranking Error,1
q_5e8349815473425f,what phase electrical is residential,ms_marco,Ranking Error,1
q_77cbf00de115977a,where is habersham sc at,ms_marco,Ranking Error,1
q_5d276059790143d7,dental hygienist salary alberta,ms_marco,Ranking Error,1
q_3c1f25e7f53d6397,what is the maximum age for life insurance,ms_marco,Semantic Miss,0
q_75545d8d72fc2064,what do the pulmonary veins do,ms_marco,Ranking Error,1
q_afc67d657fb36000,what is rishabh means,ms_marco,Ranking Error,1
q_73009622d6e369db,how to cut seed potatoes to plant,ms_marco,Ranking Error,1
q_00fe75e86ada2fbf,salary nhl players,ms_marco,Semantic Miss,0
q_869f8e1bf28c2833,"average gas in harrisonburg, va",ms_marco,Ranking Error,1
q_11f24f76f5f67394,what disease does entamoeba histolytica cause,ms_marco,Ranking Error,1
q_b64b309cbea65908,what is average psa level by age,ms_marco,Semantic Miss,0
q_5f001b3d06499272,where is sinus located,ms_marco,Semantic Miss,0
q_bef140d932cacd13,how to feed a baby parrot,ms_marco,Ranking Error,1
q_cd45c73a28024846,who played frasier on tv series,ms_marco,Ranking Error,1
q_359bf35080ad2cae,disease caused by contaminated food,ms_marco,Semantic Miss,0
q_32bd34e68b367ac6,why is it not recommended that consumers acquire debts,ms_marco,Ranking Error,1
q_e81680d500172f64,is amelanchier asiatica ballerina american,ms_marco,Ranking Error,1
q_d6f8ce1e48483fc0,what is marl material,ms_marco,Semantic Miss,0
q_765ed87366492764,how long should an ipad battery life last,ms_marco,Ranking Error,1
q_0f456c879d1229d1,what is the difference between scripting language and programming language,ms_marco,Ranking Error,1
q_291e7f1380e0d4f5,how long will chorizo keep in the fridge,ms_marco,Ranking Error,1
q_465af94a3750fc8a,are covalent structures volatile,ms_marco,Ranking Error,1
q_5e22129db2b98c00,what is the tallest horse,ms_marco,Semantic Miss,0
q_1f420d935e636975,what is gametogenesis,ms_marco,Ranking Error,1
q_ff575021551d9512,what food don't contain preservatives,ms_marco,Ranking Error,1
q_6faf4b9d9a538d7e,average fp&a manager salary,ms_marco,Ranking Error,1
q_19d4e1a63ddf68f9,elhanan name meaning,ms_marco,Ranking Error,1
q_728dd27cc4d9e651,what was the aftermath of the titanic sinking,ms_marco,Ranking Error,1
q_36c44921713044bf,how long can someone last without food or fluids,ms_marco,Semantic Miss,0
q_ffdf657a1f2f7312,how fast do colorado blue spruce trees grow,ms_marco,Ranking Error,1
q_d7f011ef2999aca4,why did we start saying burn the midnight oil,ms_marco,Ranking Error,1
q_a32c59d2bb7b2731,what language do they speak in kazakhstan,ms_marco,Ranking Error,1
q_c32b8915d8fa9dca,how much does a successful neurosurgeon make per year,ms_marco,Ranking Error,1
q_66d63e313b694519,What is Tesla's home country?,squad,Ranking Error,1
q_e4093911d781e051,taiga temperature and precipitation,ms_marco,Ranking Error,1
q_9a8442ff285d2e21,what are donairs,ms_marco,Ranking Error,1
q_4152004f0591be8d,what is normal oxygen levels,ms_marco,Ranking Error,1
q_99c734a8b27d7efc,what does the zoroastrianism symbol represent,ms_marco,Ranking Error,1
q_4b93e0dfe826281d,what do you understand by fiscal policy,ms_marco,Ranking Error,1
q_d5554606b1bb64f6,salary or wage for a medical office assistant,ms_marco,Semantic Miss,0
q_95efde819ff47e8b,can a roth ira lower my taxes,ms_marco,Semantic Miss,0
q_d11ce30a535577d6,what does widely patent mean,ms_marco,Semantic Miss,0
q_bf02de91565b499e,are barred rocks broody,ms_marco,Ranking Error,1
q_24e962ab96ac24eb,what is the biggest breed of horse,ms_marco,Semantic Miss,0
q_af44d9d188a402c3,pharmacist tech salary,ms_marco,Ranking Error,1
q_31a4b253e29f890b,can you paint over old wallpaper border,ms_marco,Ranking Error,1
q_bcc378d89b844434,how to get photos from phone to computer,ms_marco,Ranking Error,1
q_f8efccb7f7013c34,how to help riften skyrim,ms_marco,Ranking Error,1
q_12d4d660c37beca3,how much do tuna fishers first mates make,ms_marco,Ranking Error,1
q_7290e7f3e70c4c0a,how long does a torn shoulder tendon take to heal,ms_marco,Semantic Miss,0
q_8eaa96651f71c2bd,what are some good food sources for thiamin,ms_marco,Ranking Error,1
q_827d0acde3455af8,what artwork embodies the ideals of the enlightenment period,ms_marco,Ranking Error,1
q_0c0260bba0326072,what does plasmodium cause,ms_marco,Ranking Error,1
q_08b267d1722669b0,what separates culture from civilization,ms_marco,Semantic Miss,0
q_feeb7b2fe270eae3,how much flaxseed per day,ms_marco,Ranking Error,1
q_e7ca641d4769e39e,cost accounting salary houston,ms_marco,Ranking Error,1
q_f52e40afcca5115e,what language do they speak in brunei,ms_marco,Ranking Error,1
q_e9bbb6e3a9fdd193,what does it mean when a dog is passing blood,ms_marco,Ranking Error,1
q_b3fe40712b04f064,What kind of fertilization do birds have?,sciq,Ranking Error,1
q_1ba9080850e80738,ending sentence with preposition example,ms_marco,Ranking Error,1
q_61b98c95ade0ce72,ascending tract definition,ms_marco,Ranking Error,1
q_dc1e53851e2d00cb,what is an evaluation instrument,ms_marco,Ranking Error,1
q_cca61a9211c3f22d,how much does an average kitchen cabinet refacing cost,ms_marco,Semantic Miss,0
q_2603691dd0036655,What is a mutation?,sciq,Ranking Error,1
q_68675aef9a9d34c2,what is a construction company,ms_marco,Ranking Error,1
q_4b9e54e30baf8bbb,what is mucuna pruriens,ms_marco,Ranking Error,1
q_7a223749dee92a4b,what makes corned beef corned,ms_marco,Ranking Error,1
q_334f22fa2162e779,avg lifespan for rabbits,ms_marco,Semantic Miss,0
q_a4c150fb1ddeeca0,what tissue is the heart made out of,ms_marco,Ranking Error,1
q_783dc167b2f6cdd1,what is dipper pines real name,ms_marco,Ranking Error,1
q_e123f350523de8de,col cost of living index,ms_marco,Ranking Error,1
q_5f1ab9d0d89589ad,what is syncope,ms_marco,Ranking Error,1
q_eb985f5f53623e4d,How Much Does IVF Cost,ms_marco,Ranking Error,1
q_9d197eac4c2b1995,chemicals produced in plants that are characterized by their ability to induce cell elongation and cell division in stems,ms_marco,Semantic Miss,0
q_6d0b987e0a640569,Decision tree is an example of what type of measure?,squad,Ranking Error,1
q_72aff9f234b4b83f,male name meaning healer,ms_marco,Ranking Error,1
q_e0262cd4d447bfb5,what type of glass are commercial windows made of,ms_marco,Ranking Error,1
q_2f92ae909c9a0b1e,did the railroad invention have an impact on the world,ms_marco,Ranking Error,1
q_4e438b9ee2978495,docstring for cli,code_search_net,Ranking Error,1
q_070d8e76918f5e80,how long does broken wrist take to heal,ms_marco,Ranking Error,1
q_46aac0cd10c91565,where in a muscle cell is calcium stored,ms_marco,Ranking Error,1
q_7afefd907b3b73ba,whittaker classification genus species variety,ms_marco,Semantic Miss,0
q_f1b27861a6b12ffb,what colours should redheads wear,ms_marco,Ranking Error,1
q_d45672b1d616d77f,what are other names for color blindness,ms_marco,Ranking Error,1
q_a126c4304ab0564f,what is tie dye made of,ms_marco,Ranking Error,1
q_dff4467b6c3d1f7d,what can you do to reduce spider veins,ms_marco,Ranking Error,1
q_1fad4523b1df4c5e,what is wbc esterase,ms_marco,Ranking Error,1
q_d7bad462acba70be,are bigs sunflower seeds healthy,ms_marco,Ranking Error,1
q_e87ef65404ab6975,what is hips serv,ms_marco,Ranking Error,1
q_f42463324a23f655,what is the cerebellum known as,ms_marco,Semantic Miss,0
q_9cd57115c69eb4f4,how to pack a kitchen for a move,ms_marco,Ranking Error,1
q_cf18e0d0cc2f6634,does castor oil grow eyebrow hair,ms_marco,Semantic Miss,0
q_72cbee5ec4899934,what language is spoken in singapore,ms_marco,Ranking Error,1
q_9eb6dc5f0153c149,how to remove a locked door handle without the key,ms_marco,Ranking Error,1
q_c396cfcc20ee5d64,what do the arteries do in the respiratory system,ms_marco,Ranking Error,1
q_37fe084ec376e81b,what is a semitone,ms_marco,Ranking Error,1
q_4e7618f7c6a4eb55,who sings just like did it for me?,ms_marco,Ranking Error,1
q_c67191e0bc0d4435,does jupiter have carbon dioxide,ms_marco,Ranking Error,1
q_9eb385f3a451f78e,warning signs of someone contemplating suicide,ms_marco,Semantic Miss,0
q_a80a838a5852d166,maximum sugar intake per day,ms_marco,Ranking Error,1
q_bd2891e0ca71f308,what signal does a mobile phone give off,ms_marco,Ranking Error,1
q_e5b9695db7543433,how much does it cost to replace struts and shocks,ms_marco,Ranking Error,1
q_3f8acbd55c68ca9b,how to calculate %w/w of a liquid,ms_marco,Ranking Error,1
q_21357402249160e2,what breed is the american pitbull,ms_marco,Ranking Error,1
q_4af375f3039e89f8,what does phosphorus do plants,ms_marco,Ranking Error,1
q_f9733df5fae3a1db,cargill average pay,ms_marco,Ranking Error,1
q_d0e735d88d63d0ad,what causes purple urine,ms_marco,Ranking Error,1
q_4255119b2b41be1f,how many years to become an aerospace engineer,ms_marco,Ranking Error,1
q_d35fb568842ae6c3,how to open .sitx files on windows,ms_marco,Ranking Error,1
q_2856a4c0bab5d61d,is fountain grass perennial,ms_marco,Ranking Error,1
q_5c222f72f5cfb73d,are animal like protists heterotrophic,ms_marco,Ranking Error,1
q_a9959444c29da033,what to do in chamonix in summer,ms_marco,Ranking Error,1
q_4d8f1696c2fbeb07,how much to get a dent pulled out,ms_marco,Ranking Error,1
q_a0518d63742e58f5,what stops r on mexican riviera cruise?,ms_marco,Ranking Error,1
q_60509e0ed59b443e,what are fire ant males called,ms_marco,Ranking Error,1
q_73a67a13bc4dc771,australian superannuation salary sacrifice limits,ms_marco,Ranking Error,1
q_a98935f3f6b6d6d0,what does astaxanthin do for skin,ms_marco,Ranking Error,1
q_7a0712cff530d8d9,What nationality is the name Lamendola,ms_marco,Semantic Miss,0
q_902cec8dc43f19d2,who discovered the structure of dna the story,ms_marco,Ranking Error,1
q_b1292cef5f773b5d,can a mid level see new patients per medicare guidelines,ms_marco,Semantic Miss,0
q_c632b72ff10065b6,What goal do many of these protests have?,squad,Ranking Error,1
q_4562b06b01f5d42f,cost of garage door openers installed,ms_marco,Semantic Miss,0
q_86f3aa7c7a2f2dec,airport near providence ri,ms_marco,Ranking Error,1
q_5ce0c944e89c6ed7,how do I remove microsoft office trial,ms_marco,Semantic Miss,0
q_d47956b4e727083c,what is a hoosier?,ms_marco,Ranking Error,1
q_07dc8ab3f3ece3e8,which layer of the earth is made mostly of granite and rocks,ms_marco,Ranking Error,1
q_4be7251b4e6fffae,what causes laryngitis,ms_marco,Ranking Error,1
q_6390f06c441a2c95,what does the name laurie mean,ms_marco,Ranking Error,1
q_3c4a51c4c02c01e7,is saffron poisonous,ms_marco,Ranking Error,1
q_a333b8a27920a042,what is a bant deck mtg,ms_marco,Ranking Error,1
q_2b0f2c7537c961db,how much does assisted living facilities in manchester nj cost,ms_marco,Semantic Miss,0
q_2247260ea087afa0,if quantity demanded goes down what happens to total revenue,ms_marco,Ranking Error,1
q_22ac94bbbd8643a9,how long does it take to burn alive,ms_marco,Semantic Miss,0
q_adad3855ecbbbfcb,which statement best describes the concept of binding price ceiling,ms_marco,Semantic Miss,0
q_9993e063121d3531,what is the currency in haiti,ms_marco,Ranking Error,1
q_b2ab0b9c70c1c7a5,where did ansel adams live,ms_marco,Semantic Miss,0
q_e87687339c332d6c,SNP definition,ms_marco,Ranking Error,1
q_f6dd87d6e3415605,va disability back pay,ms_marco,Ranking Error,1
q_09026c304d645c5d,how do you remove the space after a paragraph in word,ms_marco,Semantic Miss,0
q_ad32d0832fbebe24,what is slander or libel,ms_marco,Semantic Miss,0
q_eaf9adf04b1e3d81,between which two plates are the himalayan mountains forming,ms_marco,Ranking Error,1
q_3fdf50366b819158,1x1 convolution,code_search_net,Ranking Error,1
q_761401d918c1b862,what color is alexandrite,ms_marco,Ranking Error,1
q_656fa55d3dc42c90,Who conceptualized the piston?,squad,Ranking Error,1
q_052af40e2894960b,what is pulmonary fibrosis symptoms,ms_marco,Ranking Error,1
q_342dd3a11522fab4,average salary for bank president,ms_marco,Ranking Error,1
q_7eb82ed8bece0c6c,normal resting pulse rate,ms_marco,Ranking Error,1
q_c4a0535628b0a30f,how to close a recessionary gap by fiscal policy,ms_marco,Ranking Error,1
q_6018eaf1d5fa6870,what is functional constipation,ms_marco,Ranking Error,1
q_b2537fd3e7a91436,in floor heat garage cost,ms_marco,Semantic Miss,0
q_1294a2c16e81a522,what is ioffer website,ms_marco,Ranking Error,1
q_959c05696bcd364a,r'R[0-9]+,code_search_net,Ranking Error,1
q_d2a20d0a2edf265a,how long is oncologist training,ms_marco,Ranking Error,1
q_f61a76425935a552,do anaerobic bacteria have catalase,ms_marco,Ranking Error,1
q_9e6e548a340a445f,what is parasitic nutrition,ms_marco,Ranking Error,1
q_8407c0359ecaa5e5,Transport of nutrients and regulation of body temperature through fluid flow are characteristics of which bodily system?,sciq,Semantic Miss,0
q_a0a08755d6573a5f,where is excel arena london,ms_marco,Ranking Error,1
q_a9ce55ee37eba874,what is the panda's habitat like in the wild,ms_marco,Ranking Error,1
q_7dda0cd213f2d3e9,what is cumulative standard normal distribution,ms_marco,Ranking Error,1
q_03b09b5bb7e6a738,Under what treaty can the European Commission take action against member states?,squad,Ranking Error,1
q_608591b5df7f2104,replacing permanent resident card canada,ms_marco,Ranking Error,1
q_92be9b8528488279,what happens to bacteria trapped inside a white blood cell,ms_marco,Ranking Error,1
q_84d607e0d4454618,what does muscular fitness means,ms_marco,Ranking Error,1
q_4339968ed1e6def2,are squamous epithelial cells cancerous,ms_marco,Ranking Error,1
q_1406c8514f79a3b6,where was will rogers born,ms_marco,Ranking Error,1
q_086092426c7a440c,democratic convention define majority,ms_marco,Semantic Miss,0
q_0b42075a53e8ce84,where was the Pantheon built,ms_marco,Ranking Error,1
q_4b81a3f52b5db34d,corrections bc salary,ms_marco,Ranking Error,1
q_774e41994a519b73,what is a long term problem for patients with emphysema,ms_marco,Ranking Error,1
q_224781cd2d600507,how to keep ants out of grass,ms_marco,Ranking Error,1
q_9b1bd1c88e6d4e59,what is furadan,ms_marco,Ranking Error,1
q_b8b19b8bd0934c16,average cost of sweater,ms_marco,Ranking Error,1
q_0cdd0745bc980b6c,what age is parental responsibility,ms_marco,Semantic Miss,0
q_eb86ded08496633f,how long do you cook a boiled egg,ms_marco,Semantic Miss,0
q_df2671a58a073acf,what is the one part of a nucleotide that differs,ms_marco,Semantic Miss,0
q_035132ce71e58668,where does spaghetti originate from,ms_marco,Ranking Error,1
q_bb0520357c1a7e04,what is the difference between a seed and pollen,ms_marco,Semantic Miss,0
q_ed75f3c10de74c9e,what kind of food is served at a luau,ms_marco,Ranking Error,1
q_daf119f1d5deef6f,what is a seed layer called,ms_marco,Ranking Error,1
q_cd14b70706ee399d,who plays which characters in hamilton,ms_marco,Ranking Error,1
q_e7e797f3ad1539ae,what type of pathogen is ebola,ms_marco,Ranking Error,1
q_155a1f53777cb290,what are green peas good for,ms_marco,Ranking Error,1
q_f1e775f85ec70531,how much should a kitten drink,ms_marco,Ranking Error,1
q_6bff56a9ae5f6d95,does using a proxy server hide from your isp?,ms_marco,Ranking Error,1
q_19ac8fd6286d3bdf,can you cable a mimosa tree,ms_marco,Ranking Error,1
q_adc1129b7b19161e,what is metals,ms_marco,Ranking Error,1
q_a8cf4a9b2f656060,who was budding inventor,ms_marco,Ranking Error,1
q_3db22958f11b466d,what eukaryotic cell structure contains DNA,ms_marco,Semantic Miss,0
q_ea520b8eab8304b8,insoluble fiber foods,ms_marco,Semantic Miss,0
q_2b4328134fe4ea93,how much should i pay for carpet cleaning,ms_marco,Ranking Error,1
q_97cc451ac85067f3,peripheral artery disease foot swelling,ms_marco,Ranking Error,1
q_2bc75b97f24b0b68,Set config_path,code_search_net,Ranking Error,1
q_5cbb233a9b6bb590,cost to change flight southwest,ms_marco,Ranking Error,1
q_bdc75d3c3c6e7565,what do the gonadal veins drain,ms_marco,Ranking Error,1
q_2a2dad212e75d1aa,what is maknae,ms_marco,Ranking Error,1
q_942ec47d6bd4026c,who sang it's a new day originally,ms_marco,Ranking Error,1
q_36c2e17915b92f0b,what is the average cost of replacement windows installed,ms_marco,Ranking Error,1
q_d620ef811c24ea01,what is peptic ulcer disease,ms_marco,Ranking Error,1
q_c73e757e955ed4b7,what specific tasks do paramedics do,ms_marco,Ranking Error,1
q_410576747223f7f8,how to find serial number on dell,ms_marco,Ranking Error,1
q_eebb067e3f737c0d,average carbs per day female,ms_marco,Semantic Miss,0
q_66aff557dbebff39,how much to charge for architectural rendering,ms_marco,Semantic Miss,0
q_d33d011d99f55f20,what is postmenopausal atrophic vaginitis,ms_marco,Ranking Error,1
q_ddcc10aa0d270f2c,foods to avoid during implantation,ms_marco,Ranking Error,1
q_966995eb963fec26,what are shield volcanoes,ms_marco,Ranking Error,1
q_5c1fbf7288ceda14,.,code_search_net,Semantic Miss,0
q_96fddaf107fd4935,what does contemporaneous mean,ms_marco,Ranking Error,1
q_992d9d1cb7f1ca23,can cancer treatment affect a man's metabolism,ms_marco,Ranking Error,1
q_2dc86fc71a65b557,what is detachment,ms_marco,Ranking Error,1
q_c51cd39f4ead3a85,what is corned beef,ms_marco,Ranking Error,1
q_c03e969d7209a441,What was the protest in Antigone about?,squad,Ranking Error,1
q_fd1c66b6866d3643,how much do forensic scientists earn in australia,ms_marco,Ranking Error,1
q_432c38d959659a46,how many calories per day do i need to lose weight,ms_marco,Ranking Error,1
q_675b482790788dcd,what are chiefdoms,ms_marco,Ranking Error,1
q_de502c5a8dbe7eac,effects of marijuana on your body,ms_marco,Ranking Error,1
q_f8724479835cc8cc,what is cilia function,ms_marco,Ranking Error,1
q_aeee174f58587a29,what is polyfoam,ms_marco,Ranking Error,1
q_f51c52ad24824080,what is the purpose of fica and why was it established,ms_marco,Ranking Error,1
q_fbf1ef584014be3e,how long to keep financial records irs,ms_marco,Semantic Miss,0
q_38235162a1fc25c0,what are upper respiratory infections,ms_marco,Ranking Error,1
q_e4b11d3d2c5aa419,what is nco content,ms_marco,Ranking Error,1
q_46562b9ccfced153,what are bentgrass lawns,ms_marco,Ranking Error,1
q_08cad17db3af8c66,how does benedict's solution work,ms_marco,Ranking Error,1
q_88b4fea86ff72b44,temperature and length of time to bake salmon,ms_marco,Semantic Miss,0
q_a79c920f42319558,host of the first season of american idol,ms_marco,Ranking Error,1
q_4846bc6e0f32e872,what did the intolerable acts do,ms_marco,Ranking Error,1
q_6480a70d8ddeb7f3,what is a polygenic trait,ms_marco,Ranking Error,1
q_1d97cf94d559a20b,can you opt to tax part of a building,ms_marco,Ranking Error,1
q_59bfd02683ae74a3,what branches of government are involved in making laws,ms_marco,Ranking Error,1
q_ec4b55f86a31fa43,temperature to incubate turkey eggs,ms_marco,Semantic Miss,0
q_539327baa9ecca6a,when are babies supposed to stand with help,ms_marco,Ranking Error,1
q_a1bde0f9b79b766e,what are glycolipids,ms_marco,Ranking Error,1
q_261107536ce9416d,Where is Genghis Khan's presumed to have been delivered?,squad,Ranking Error,1
q_dd9cab904aa11885,what is the compound needed for photosynthesis,ms_marco,Semantic Miss,0
q_ba584979d86470b3,is there spirulina in algae,ms_marco,Ranking Error,1
q_04e068d13dc44b2d,how fast does bamboo grow in a day,ms_marco,Ranking Error,1
q_7b64b69bf749cb39,what is degenerative scoliosis,ms_marco,Ranking Error,1
q_0e9cac58528a5777,definition of motion rate,ms_marco,Semantic Miss,0
q_066c766bee83b96d,how long and what temp to cook ribs in oven,ms_marco,Ranking Error,1
q_89f80a82e2707ca8,what are human tissues,ms_marco,Ranking Error,1
q_54a240909cc30a28,earth temperature range,ms_marco,Ranking Error,1
q_833f99cd7ffa7b06,can i get rid of spider veins,ms_marco,Ranking Error,1
q_0f82d23f68d90a39,what is ladybug nectar for ladybugs,ms_marco,Ranking Error,1
q_7fc06f1a539a4725,common source of adenovirus,ms_marco,Ranking Error,1
q_9f82ad2865a89bf5,what foods are cruciferous foods,ms_marco,Ranking Error,1
q_62ec245e80c09632,(internal),code_search_net,Ranking Error,1
q_c90373a8f31df474,"how do skeletal muscles allow for ,movement",ms_marco,Ranking Error,1
q_70bf08342501eb29,different types of salivary glands,ms_marco,Ranking Error,1
q_0e5e99f3f6f27acb,how long does it take to get passport renewed,ms_marco,Ranking Error,1
q_e9cad5ed8e40e626,how long does a gas water heater take to heat up,ms_marco,Ranking Error,1
q_7ff8b0114814ec56,what is vestibular rehabilitation,ms_marco,Ranking Error,1
q_f1f2295eb4eee7d7,inflammation around the heart medical term,ms_marco,Semantic Miss,0
q_d6df27fb7912b131,how long to steam asparagus in microwave,ms_marco,Ranking Error,1
q_30140cc9946ed353,what is the yearly salary of a boat builder?,ms_marco,Ranking Error,1
q_7fe37e5e1ee6f948,what organelle stores calcium,ms_marco,Ranking Error,1
q_2c0787e6fef49c18,granite countertops cost per square foot installed,ms_marco,Ranking Error,1
q_3c62508b18148dc8,how to cook beets in oven,ms_marco,Ranking Error,1
q_c93f4644228def19,"r""\>",code_search_net,Ranking Error,1
q_909ed4e5c50107b0,how to handle exception in powershell,ms_marco,Ranking Error,1
q_078277fea1b755b5,how much does someone with a masters in public health make,ms_marco,Ranking Error,1
q_2e4390db9e34cb09,what nutrient is important in the transport of oxygen in blood and in muscle tissue,ms_marco,Ranking Error,1
q_5dba661751891c3f,"How much does a Probationer earn, initially?",squad,Ranking Error,1
q_3a68dd91057aad69,why is crude oil separated into,ms_marco,Ranking Error,1
q_ffa8657b2ffe373a,what is a minesto,ms_marco,Ranking Error,1
q_f54a702ec76a04bb,what was the name of the android created in age of ultron,ms_marco,Ranking Error,1
q_213784b721c97281,Start listening.,code_search_net,Ranking Error,1
q_06276aaa54a7ee72,how much does it cost to geld a donkey,ms_marco,Ranking Error,1
q_96f925d6b4dceb9a,what is a scorm package,ms_marco,Ranking Error,1
q_5217bda6e6d08e2b,what is an inflamed esophagus,ms_marco,Ranking Error,1
q_5f20c99d1a7a5d39,what does gadi mean,ms_marco,Ranking Error,1
q_29b73586c3eb9013,how to add a picture when creating an event on facebook,ms_marco,Ranking Error,1
q_4656e5e7da14d46d,different names for sugars,ms_marco,Ranking Error,1
q_292e9cbeca547f7f,what is a carbon sink,ms_marco,Ranking Error,1
q_80850c00f1322d61,what is anmo massage,ms_marco,Ranking Error,1
q_66ebba0b9dbaa47c,how much should home appraisal cost,ms_marco,Ranking Error,1
q_aa289eb468fa545d,definition of phallic,ms_marco,Ranking Error,1
q_9a030add1da1970d,is isobutylene recyclable,ms_marco,Semantic Miss,0
q_080ced6c880e3540,what is curcumin good for,ms_marco,Ranking Error,1
q_8bf6867939d5e8a8,dissociative identity disorder meaning,ms_marco,Semantic Miss,0
q_2951d86e250d5012,what does longhouse mean,ms_marco,Ranking Error,1
q_19dc1e43c4209c5d,what causes arteries to harden,ms_marco,Semantic Miss,0
q_5ef0cf5952fa84e0,what is flagella,ms_marco,Semantic Miss,0
q_69469f92f1abd160,what is maleate,ms_marco,Ranking Error,1
q_82f0c741efbcf20d,calligrapher definition,ms_marco,Ranking Error,1
q_c0e557a82729bff7,what is dietary fiber,ms_marco,Semantic Miss,0
q_5459a8c87af95a71,who can notarize,ms_marco,Ranking Error,1
q_3eb3b0175917b38c,Where is the river Danube and where is its source and length,ms_marco,Ranking Error,1
q_088dbca5be5d7d6d,what is a siren mermaid,ms_marco,Ranking Error,1
q_6a5b924d59691150,rear brake and rotor replacement cost,ms_marco,Ranking Error,1
q_12cd1cd7fb0389e4,what is vsm,ms_marco,Ranking Error,1
q_997a4ea03a29b433,What do the enteroendocrine cells of the stomach produce,ms_marco,Ranking Error,1
q_fb62c874e6c1eec1,definition occupational therapy,ms_marco,Ranking Error,1
q_8f61fed07800bc04,meaning of kiersten name,ms_marco,Ranking Error,1
q_9811067c6b683092,how does temperature vary with altitude in earth's atmosphere,ms_marco,Ranking Error,1
q_d097521ec8c42a46,what is an animal called that eats other animals its own kind,ms_marco,Ranking Error,1
q_118ee005fb6df203,cost to reupholster a recliner sofa,ms_marco,Ranking Error,1
q_a7b353c4985d1040,what is sharp name,ms_marco,Ranking Error,1
q_b3c50a158ac950f3,what was the name of the operation of the invasion of poland,ms_marco,Ranking Error,1
q_76735d9735340db8,definition of IBR disease,ms_marco,Ranking Error,1
q_8ef9ca93907ec605,what category is grits,ms_marco,Ranking Error,1
q_fcd22c36b657f3f8,where is ramada shoal bay,ms_marco,Semantic Miss,0
q_451b5f3666963afd,what does a adjective mean,ms_marco,Ranking Error,1
q_2ec6ec3b165fc822,what gland secretes a substance that regulates glucose,ms_marco,Semantic Miss,0
q_c3693e9e7693e101,what is mfr,ms_marco,Ranking Error,1
q_c03ce9ee981dc99d,driver side window motor replacement cost,ms_marco,Semantic Miss,0
q_df7817309cef4a90,Where did he live while he was looking good?,squad,Ranking Error,1
q_8fbce1c5fd630b9f,where does papua new guinea originate,ms_marco,Ranking Error,1
q_8044b68646d40143,does the coast guard have free housing,ms_marco,Ranking Error,1
q_69a283956df6a642,how does laser measure distance,ms_marco,Ranking Error,1
q_b398bc550d6422ab,what is occupational therapist,ms_marco,Ranking Error,1
q_8eb56849ee1f593b,do brand new cars use more fuel at first,ms_marco,Ranking Error,1
q_b08ecabf186540f8,is there something called a recorder but looks like a flute,ms_marco,Ranking Error,1
q_837b2a0c6bb087b8,what does epinephrine do to peripheral vessels,ms_marco,Ranking Error,1
q_9c13420a713c4809,what are gaba receptors for,ms_marco,Ranking Error,1
q_f66300a3b32d5f0c,how much does a tuxedo cost to rent,ms_marco,Semantic Miss,0
q_24456e3ef1c0ebfb,does visio require office,ms_marco,Ranking Error,1
q_6855b3886f928b67,What is another term for the pivot mounting?,squad,Ranking Error,1
q_051eb77600f7f085,who wrote the ukrainian anthem,ms_marco,Ranking Error,1
q_820bf6ba94bb68e3,what are typical decibel levels,ms_marco,Ranking Error,1
q_ea5597dd11f8d8e5,what causes overactive nerves,ms_marco,Semantic Miss,0
q_bc90891efe09aea0,what does hpv positive mean,ms_marco,Semantic Miss,0
q_89607d0c2ae3ae3d,is dubai a desert,ms_marco,Ranking Error,1
q_5c9e5c28a5d772e5,measuring water heater height,ms_marco,Ranking Error,1
q_4e798a3b77801cc9,why is this reaction called a hydrolytic reaction,ms_marco,Ranking Error,1
q_7aa83e63e65ba5b6,what is oe car parts,ms_marco,Semantic Miss,0
q_a6c1bb8500d423f4,height average,ms_marco,Ranking Error,1
q_f8d282b8024c54db,what is a nerve block in the foot,ms_marco,Ranking Error,1
q_0898fbe5c283a3bd,pain from the hip what causes,ms_marco,Ranking Error,1
q_29b55a89a4bde996,air velocity needed for good impingement drying,ms_marco,Ranking Error,1
q_3161d5b2b42e11f6,what type of volcano is mount vesuvius,ms_marco,Ranking Error,1
q_392ab1eefa464ebc,building an extension cost,ms_marco,Ranking Error,1
q_ffa5d15893f487bc,what is a constructive trustee,ms_marco,Semantic Miss,0
q_2d7c329b2ad0fa6b,Where can the Treatise be found?,squad,Ranking Error,1
q_1d067946c14ab54e,chemoreceptor reflex definition,ms_marco,Semantic Miss,0
q_d0ad52e065d6baa7,should people with mental illnesses be in a relationship,ms_marco,Ranking Error,1
q_12e42fc0e2558136,what is knee arthroplasty cause,ms_marco,Ranking Error,1
q_b23341c54421fc24,where does author's name go in a citation for a website,ms_marco,Ranking Error,1
q_959d4690e4f9b08c,"r""\?",code_search_net,Semantic Miss,0
q_d12e9d78f0bbd3ec,what neurotransmitters does phentermine affect,ms_marco,Semantic Miss,0
q_f9b26e5c8272b835,what tissues are in the diaphragm respiratory system,ms_marco,Ranking Error,1
q_21e31f4e3b29509f,replacing insulation under mobile home,ms_marco,Ranking Error,1
q_7aca8c5d014d4367,describe igneous rocks,ms_marco,Semantic Miss,0
q_156093bbf9055e66,is dopamine a hormone,ms_marco,Ranking Error,1
q_9d34f3c28b9bad93,what is quilting,ms_marco,Ranking Error,1
q_535435fafb26ba5c,what does the peripheral nervous system do,ms_marco,Semantic Miss,0
q_0c613a9867679b3a,what super score do you need vanderbilt,ms_marco,Semantic Miss,0
q_c2d5d30c50978609,standard deduction if someone can claim you as a dependent,ms_marco,Semantic Miss,0
q_fa2ca359774f9009,what does lymph composed of,ms_marco,Ranking Error,1
q_0363751a4945719f,research study protocol meaning,ms_marco,Ranking Error,1
q_25f529a0c00e97fa,how long will uncooked chicken last in refrig when power goes out,ms_marco,Ranking Error,1
q_131589687d7859b8,how much is an mep paid,ms_marco,Semantic Miss,0
q_0a3cae85fddd8e09,where is persepolis located,ms_marco,Semantic Miss,0
q_1847858d6c2dd571,how far from a fence should you plant a tree,ms_marco,Semantic Miss,0
q_0adf5cdb2df331d5,how to open isz file on windows,ms_marco,Semantic Miss,0
q_f102aab8bd4eb9aa,how much does it cost to park at channelside parking garage,ms_marco,Ranking Error,1
q_fdd40bbed493e051,why does facebook ask for your email password on sign up,ms_marco,Ranking Error,1
q_1af277a784344b4a,will be amended to read shortages in area,ms_marco,Ranking Error,1
q_45ebf02767bc689c,How many appearances have the Denver Broncos made in the Super Bowl?,squad,Ranking Error,1
q_b4023c603bc2df8f,litotes definition and examples,ms_marco,Ranking Error,1
q_f3162fc4bcb5fed4,how important was the issue of slavery in the constitution quizlet,ms_marco,Semantic Miss,0
q_77c1b33afa3baf96,what temperature is a roast done,ms_marco,Semantic Miss,0
q_a1b08e35a4ffc78d,what is the classification of flatworms,ms_marco,Ranking Error,1
q_8a40c54344fb277c,why is hydroxychloroquine prescribed for lupus,ms_marco,Semantic Miss,0
q_42866abe72a1b4c7,cooking time for a leg of lamb per kg,ms_marco,Ranking Error,1
q_885d846718973bb6,cost of whatsapp call,ms_marco,Ranking Error,1
q_0376b56745597f1b,what is an option contract law,ms_marco,Ranking Error,1
q_1c1a4ea30fb2f7fb,when filling a job application and it asks salary what does it mean,ms_marco,Semantic Miss,0
q_71b4345476fed552,what was the supreme court decision in korematsu vs us,ms_marco,Semantic Miss,0
q_563a433a86545db4,how many time does a baby have to bathe a week,ms_marco,Ranking Error,1
q_e91a4a075a0fd748,where is Serotonin made in the body,ms_marco,Ranking Error,1
q_783463eed96f8965,why don't trains have cabooses anymore,ms_marco,Ranking Error,1
q_7448ef8249b1c02b,can alcohol cause psychosis,ms_marco,Ranking Error,1
q_9c885705106114c0,What is zoloft prescribed for,ms_marco,Ranking Error,1
q_48dcbd65ed0b3cf1,what kind of tea do they drink in india,ms_marco,Ranking Error,1
q_9b24e4e32329fbba,how do strong bases burn skin,ms_marco,Ranking Error,1
q_127e439e5d045c04,What is the replication fork? Why is it called a “fork”?,ms_marco,Semantic Miss,0
q_8798861cd2bb1664,What is the most common cause of lung cancer?,sciq,Ranking Error,1
q_7e024a054ca8b19b,what is hemoptysis,ms_marco,Ranking Error,1
q_f49400f582ed0040,what causes stye,ms_marco,Semantic Miss,0
q_29263800a51a16bb,how long does it take for a cat to give birth,ms_marco,Ranking Error,1
q_b48e9b91f8814fc7,what is the life expectancy of a microwave oven,ms_marco,Ranking Error,1
q_cb6ce3b13adafc7b,how do i open pictures in windows media player,ms_marco,Semantic Miss,0
q_7698a9320392a690,definition of non controlling interest,ms_marco,Ranking Error,1
q_159e15ea8baccbd3,how much salary translator,ms_marco,Ranking Error,1
q_a756e384dc1cab8c,explain the dawes act,ms_marco,Semantic Miss,0
q_cb82903930f92880,Clouds are formed from what?,sciq,Ranking Error,1
q_ffacba68a7a57cce,linguistic authenticity definition,ms_marco,Ranking Error,1
q_7ac1703a9717a5c4,is cholo a derogatory term,ms_marco,Ranking Error,1
q_f1c4c99e52e0497a,baby name lina pronunciation,ms_marco,Semantic Miss,0
q_d6a70bb2da0a6600,how long does a respiratory infection last,ms_marco,Ranking Error,1
q_d086561d8c5a9811,cost of marble countertops,ms_marco,Semantic Miss,0
q_0641f88c959c6768,where was the waltons filmed,ms_marco,Ranking Error,1
q_c789699540f5b2ca,temperature for a roast beef,ms_marco,Ranking Error,1
q_fe478ca3da5aaad8,how many people are employed in agriculture in europe,ms_marco,Ranking Error,1
q_a62822e9ce4e546a,where is the okefenokee swamp located,ms_marco,Ranking Error,1
q_02f36e35e23f7a92,how to cook prime rib in the convection oven,ms_marco,Ranking Error,1
q_07756d2e5a64f91b,how much does it cost to get a cat declawed,ms_marco,Ranking Error,1
q_a0a1423b1a050fad,what is the average cost of a vet visit for a dog,ms_marco,Ranking Error,1
q_b1890e199c01bef8,what causes overactive nerve pain,ms_marco,Ranking Error,1
q_0979ecfeb475cbf2,what are dust diseases,ms_marco,Ranking Error,1
q_2c0bd917853bee3f,what are cracklins,ms_marco,Semantic Miss,0
q_4ce4e9faf49c477d,where to buy vivosmart hr activity tracker,ms_marco,Semantic Miss,0
q_6cd1af782cbbe88f,how much is a superintendent salary in new york,ms_marco,Ranking Error,1
q_628dbfe3786cba57,best coolant stop leak,ms_marco,Ranking Error,1
q_67aa9423afe78ee6,what is the primary function of the thyroid hormones quizlet,ms_marco,Semantic Miss,0
q_83e8c4e8cea4be51,cost of catering services for a wedding,ms_marco,Ranking Error,1
q_f96ae11a9f710fa6,is life insurance a vested,ms_marco,Ranking Error,1
q_bdcd6994573ca721,how did russia own alaska,ms_marco,Semantic Miss,0
q_d3d9fc7b349e296e,meaning of sparing,ms_marco,Ranking Error,1
q_ee1bf5cf3e2b9a63,which is better tuna or salmon,ms_marco,Ranking Error,1
q_d1482ece63769175,what is metatarsal,ms_marco,Ranking Error,1
q_bce19d50da62fe59,how much do you pay for a dog,ms_marco,Ranking Error,1
q_f1cb64f4b0637b69,normal heart rate of child,ms_marco,Ranking Error,1
q_9ab0797f97c76def,what is controlled test marketing,ms_marco,Ranking Error,1
q_378d3d73a237b340,what it cost to etch glass,ms_marco,Ranking Error,1
q_0ea0667982de390a,what is allostasis,ms_marco,Ranking Error,1
q_53341d66fcda407e,Calculate/estimate the mode.,code_search_net,Ranking Error,1
q_d0a29f91a96895d7,what could cause a dog not to eat,ms_marco,Ranking Error,1
q_b440732193b3e86e,what is masterbatch,ms_marco,Ranking Error,1
q_d89a68f32ca7b477,what is difference between plan and program,ms_marco,Ranking Error,1
q_22c0d1d41c1162b5,what are the four types of dissociative disorders,ms_marco,Ranking Error,1
q_1bdf44eff46b9a85,how old is mattie jackson,ms_marco,Ranking Error,1
q_0dca935d7fcc3423,what tyt means,ms_marco,Semantic Miss,0
q_3492624fac3dd302,what type of bond does a janitorial service need,ms_marco,Ranking Error,1
q_2ea967efd4928692,what does school governance mean,ms_marco,Ranking Error,1
q_a355f57e44a25936,what causes inflamed lymph nodes in abdomen,ms_marco,Ranking Error,1
q_9e1846267397245c,.,code_search_net,Ranking Error,1
q_fc7a96a79331561a,what do transcription factors do in eukaryotic cells,ms_marco,Ranking Error,1
q_3822f31038cc77b6,how fattening is honey,ms_marco,Semantic Miss,0
q_ac6a5ecbfe96b9e9,average cost to install architectural shingles,ms_marco,Semantic Miss,0
q_202780f364773a60,how fast do redwoods grow,ms_marco,Ranking Error,1
q_f1e4fba6286e6953,average pay of respiratory therapist,ms_marco,Ranking Error,1
q_fb8f4a2f5a2a7629,Rico Suave,code_search_net,Ranking Error,1
q_2d4566e4eff6823e,how to use classic crafting in minecraft console,ms_marco,Ranking Error,1
q_d969b539ca9584c5,why is brassica rapa a good model organism,ms_marco,Semantic Miss,0
q_73823efc58425bd0,tiles installation cost estimate,ms_marco,Ranking Error,1
q_69b2e4c525678d61,is portugal a republic,ms_marco,Ranking Error,1
q_848f42602d3d133d,what are bibliography of different viruses,ms_marco,Ranking Error,1
q_057e405729bf2a26,what process does human cells use to generate more atp,ms_marco,Ranking Error,1
q_99c567e995847fb2,is a castor beans venomous,ms_marco,Ranking Error,1
q_9f81ac9304c30c4b,what is a basilar migraine,ms_marco,Ranking Error,1
q_855f00dd6c1b79a1,what are the sensory receptor for balance name,ms_marco,Semantic Miss,0
q_3b804845fbaedab9,outlook how to make different folders,ms_marco,Ranking Error,1
q_ebc3ec80c10976aa,how long does it take to drive from philadelphia to quebec city,ms_marco,Ranking Error,1
q_1a2c35e404da6dd8,what is the thoracic vena cava also called,ms_marco,Semantic Miss,0
q_f08a0a2da7bc4461,how many years do i need to wear my retainer,ms_marco,Semantic Miss,0
q_19d3ed3f96a6969b,what are the three types of pollution,ms_marco,Ranking Error,1
q_23fb72f55220df72,is vetch edible,ms_marco,Ranking Error,1
q_59548bd430d51614,commence definition,ms_marco,Ranking Error,1
q_6a2e06a2ca7da50e,CCAC tuition and fees,ms_marco,Semantic Miss,0
q_c1cf9e12039c03bf,what kind of infections does a z pack treat,ms_marco,Semantic Miss,0
q_f7c4610908c15431,how to prevent recurrence of pinworms,ms_marco,Ranking Error,1
q_7de7be48b86f11cc,definition of an electron,ms_marco,Ranking Error,1
q_f18c1605d0032299,what is the function of salivary amylase,ms_marco,Ranking Error,1
q_8749ed035f8732ae,where does the gulf stream flow,ms_marco,Semantic Miss,0
q_bc6c93ad98eab34a,what is aboriginal ochre,ms_marco,Semantic Miss,0
q_e221ebe20bd51c90,what is a bowstring truss made out of,ms_marco,Ranking Error,1
q_26d1fdce113e785e,average cost of bills per month,ms_marco,Semantic Miss,0
q_00fa0fa54284a6bb,does gout crystals itch,ms_marco,Semantic Miss,0
q_d7e145bfed9614a9,what is gallbladder pancreatitis,ms_marco,Ranking Error,1
q_d1877999505a9d81,装载任务，解决celery无法自动装载的问题,code_search_net,Ranking Error,1
q_a36c20844159a520,vitamin a is found in what foods,ms_marco,Ranking Error,1
q_0d1268e5e1d30279,router for wireless internet connection walmart,ms_marco,Semantic Miss,0
q_cd703eff1adc98a9,what is bupropion used to treat,ms_marco,Semantic Miss,0
q_dcd844c45fe45df3,"r""\<\=",code_search_net,Ranking Error,1
q_a70867075a1aba05,what pressure is the eye of the hurricane,ms_marco,Ranking Error,1
q_1278c83c0f653270,what is lagna in astrology,ms_marco,Ranking Error,1
q_9a1e6ed8ebfe40a0,what kind of ulcers are caused by stress,ms_marco,Semantic Miss,0
q_498fece285cdcbde,difference between plant air and instrument air,ms_marco,Semantic Miss,0
q_e277fb92dc47ea21,what level is hnd qualification,ms_marco,Ranking Error,1
q_14683a3bb05360b8,where does the optic nerve end,ms_marco,Ranking Error,1
q_1b4608ece6c078a7,how much does a log cabin home cost to build,ms_marco,Ranking Error,1
q_a524d368881fe8af,is hvar croatia near split,ms_marco,Ranking Error,1
q_c64d89a907b0c7c2,what is the characteristic of ionising radiations,ms_marco,Ranking Error,1
q_b43feeea253f44bf,what happened to shergar,ms_marco,Semantic Miss,0
q_217ffe51b93d3999,who is ruth davidson,ms_marco,Ranking Error,1
q_81f1437802166dc1,can a baby be born HIV positive and then be HIV negative,ms_marco,Ranking Error,1
q_25e95723b1397cd7,which kingdom contain all unicellular organisms,ms_marco,Semantic Miss,0
q_8b926d134791c7bd,what is the condition called in which the cells persist in stratum corneum layer of skin,ms_marco,Semantic Miss,0
q_60f94760a5efce2f,how much does a pack of printing paper weigh,ms_marco,Ranking Error,1
q_11d202f341a355ef,what is the purpose of peroxidase used in elisa,ms_marco,Semantic Miss,0
q_5f9ada671030e992,how to take resting pulse rate,ms_marco,Semantic Miss,0
q_7fac1679753026bd,how much money do first round nfl draft picks make,ms_marco,Ranking Error,1
q_3853e77af2900377,are koalas bears vicious,ms_marco,Ranking Error,1
q_2b6829ffb9e882ef,temperature to cook pork chops,ms_marco,Ranking Error,1
q_7e02e40343aa1054,what are some uses for einsteinium,ms_marco,Ranking Error,1
q_df5a93b63abde084,can a leader call a nation to prayer,ms_marco,Semantic Miss,0
q_5c20b378440638a9,which system is responsible for carrying oxygen to the muscles,ms_marco,Ranking Error,1
q_9f4c6c35dab39e82,What is the calculation that determines what a batters average is,ms_marco,Ranking Error,1
q_519eb7083a410f8b,what is legislation definition,ms_marco,Ranking Error,1
q_eeaebb380661ddb1,what does sherm mean,ms_marco,Ranking Error,1
q_b1a958f6a1c50679,what is morphosyntactic structure,ms_marco,Ranking Error,1
q_ad1ec1c5e61f11dd,what is lacunar infarct,ms_marco,Ranking Error,1
q_658920ba403d1c07,what are berms,ms_marco,Ranking Error,1
q_26afd6ea5cd33a99,how long do you need to marinate ceviche,ms_marco,Ranking Error,1
q_a3b0be72aa527169,beef tenderloin internal temperature,ms_marco,Ranking Error,1
q_60c26d5afe984e3b,what type of comedy does rowan atkinson use,ms_marco,Ranking Error,1
q_c9887cfed1fcb0c9,what bacteria does doxycycline treat,ms_marco,Semantic Miss,0
q_3c1273d18fa63f8e,where in the body is urea excreted,ms_marco,Ranking Error,1
q_c0d1592074526ffb,what is myopathy,ms_marco,Ranking Error,1
q_59d529cf6be5e8fe,what unit of wavelength is a de broglie,ms_marco,Semantic Miss,0
q_6adc29aea4a49981,how to invest in bitcoin,ms_marco,Semantic Miss,0
q_fea8b79db44fee1a,how much does a clinical technician make,ms_marco,Ranking Error,1
q_fa2b5c52607b387c,are upper respiratory infections contagious in dogs,ms_marco,Semantic Miss,0
q_1daa12d028f16db1,where is alcohol stored,ms_marco,Ranking Error,1
q_8df97d6ce5fd32b3,when was eurocell founded,ms_marco,Ranking Error,1
q_4dfa2e2d143b7813,what actor played moses,ms_marco,Ranking Error,1
q_ca8a23c90caab754,where is dilley texas,ms_marco,Ranking Error,1
q_add383f68d092194,what are b complex vitamins good for,ms_marco,Semantic Miss,0
q_f31c21fe5b746b54,what is the density of venus,ms_marco,Semantic Miss,0
q_05b240f56fcda055,is protease the same as pepsin,ms_marco,Ranking Error,1
q_8f76721fa68d507e,WHat states do alligators live in,ms_marco,Ranking Error,1
q_87aa27098043056c,state the names of two scientists who helped develop the periodic table,ms_marco,Ranking Error,1
q_e247a25b923a7d03,mortgage advisor salary plus commission,ms_marco,Ranking Error,1
q_e92d25bb3c232281,where are the leeward islands located,ms_marco,Semantic Miss,0
q_395c1b2e113a8625,what is neuroblastoma symptoms,ms_marco,Ranking Error,1
q_8ec69ec307b68bf3,do you need lotion tanning bed,ms_marco,Ranking Error,1
q_9904d34f7c8a9a5b,what is sinus tract,ms_marco,Ranking Error,1
q_72bea26561e92362,what is the name of a four sided shape,ms_marco,Ranking Error,1
q_a77f42adf2823d43,tuition cost at university of iowa,ms_marco,Ranking Error,1
q_7b3d57846bac36bf,what are bairdi crab,ms_marco,Ranking Error,1
q_5dca4f45bc906a06,what time was treaty of versailles signed at,ms_marco,Ranking Error,1
q_a09cf56d3fce4c0b,what is beltane celebration,ms_marco,Ranking Error,1
q_93c51d2c402d831e,what are young rabbits called,ms_marco,Ranking Error,1
q_f8dbefbadcf00bd8,what is location based marketing,ms_marco,Semantic Miss,0
q_fc2006904bcff60a,how many types of slugs are there,ms_marco,Ranking Error,1
q_027c02117b6e5857,how much does a wedding blessing cost,ms_marco,Ranking Error,1
q_3e39a1e40de820ea,what kind of character is thimbletack,ms_marco,Ranking Error,1
q_ec7f093de1d35edf,meaning of the name kayla,ms_marco,Ranking Error,1
q_f024d600fce79b56,what is the difference between business and first class on american airlines,ms_marco,Semantic Miss,0
q_b9086f050f46bc70,Name a text that might be used by a religious teacher to teach.,squad,Ranking Error,1
q_dff473a5ee907db2,what is the range for a fever,ms_marco,Ranking Error,1
q_bf077bde18f155f4,meaning of the name lindze,ms_marco,Ranking Error,1
q_b5f89d5efb093fd2,is up to his ears,ms_marco,Semantic Miss,0
q_16a397c3394b5c22,what does a rash around your ankles mean,ms_marco,Ranking Error,1
q_3a1c47b443dd9714,anaerobic cellular respiration,ms_marco,Semantic Miss,0
q_74a69b0f09176fad,can you get a universal garage door opener,ms_marco,Ranking Error,1
q_68348582fedc0e56,how much urine in a day is normal,ms_marco,Ranking Error,1
q_e13bf6f7af0f0a9b,meaning of lyme disease,ms_marco,Ranking Error,1
q_18219e53ef4b18eb,disruptive dysfunctional mood disorder,ms_marco,Ranking Error,1
q_8434cf994be35bc0,are fish considered a meat,ms_marco,Ranking Error,1
q_c2b2dd80ba2455f6,cost of installing backup sump pump,ms_marco,Ranking Error,1
q_26ecd0ffa793ff34,can i claim my child as a dependent if they don't live with me,ms_marco,Ranking Error,1
q_8050537360645cfe,thyroid produced in hypothalamus,ms_marco,Ranking Error,1
q_7b2e52d2aff1f460,what is hormone therapy for cancer,ms_marco,Ranking Error,1
q_8a5408ca5796968f,how many immigrants are allowed in the us each year,ms_marco,Semantic Miss,0
q_12bf235b5448d5f6,subjective meaning,ms_marco,Ranking Error,1
q_0e5630baa901ff7c,what is the organism that causes strep throat quizlet,ms_marco,Semantic Miss,0
q_d6ef112e03cdee17,how much weight does a shipping container hold,ms_marco,Ranking Error,1
q_d7750baf761c5c78,what is taxa,ms_marco,Ranking Error,1
q_7ea57301f71aae52,what is emotive words used for,ms_marco,Ranking Error,1
q_445af5a9887650df,where do you go to apply for a mortgage,ms_marco,Semantic Miss,0
q_7b71ee003516835a,average wage of steelworkers,ms_marco,Ranking Error,1
q_c1181b3aab1e015b,where is georgia usa,ms_marco,Ranking Error,1
q_ce5b3e70417c2eaa,Who were the Sumerians and what did they believe in?,ms_marco,Ranking Error,1
q_741917c25f334ad7,what is purinethol,ms_marco,Ranking Error,1
q_40b4c0f0f60e45a4,what to do when excel shows formula instead of the result,ms_marco,Ranking Error,1
q_cfc564fead4caf61,what is the salary working at disability teacher,ms_marco,Ranking Error,1
q_b7323b0af0a40ab8,selu annual cost of housing,ms_marco,Ranking Error,1
q_588e56d84a71a604,what texture does hardened lava give,ms_marco,Ranking Error,1
q_8e4839fcdd144cb8,process of clotting blood,ms_marco,Ranking Error,1
q_3f8abb5034f7fa39,degrees of range of neck motion,ms_marco,Ranking Error,1
q_05694c6f0bcddb53,what is individual trait theory,ms_marco,Ranking Error,1
q_f5f9b25c18fe8627,what is a tuberculoma,ms_marco,Ranking Error,1
q_74d586100d62efc8,average precipitation seattle,ms_marco,Ranking Error,1
q_76e28a9cccf0cc99,what were the frontier wars,ms_marco,Ranking Error,1
q_d5f772272010ba32,What was the name of the imperialistic policy in China?,squad,Ranking Error,1
q_b3789be0e04350b6,mpg of modern trucks,ms_marco,Ranking Error,1
q_698ba0457f75d8fa,what does bmi mean in weight loss,ms_marco,Ranking Error,1
q_492a0026c01522d6,what causes white coated tongue,ms_marco,Semantic Miss,0
q_bcd21480f104161e,average weight for a female english lab,ms_marco,Ranking Error,1
q_598d8ca852cbec19,symptoms caffeine overdose sweating,ms_marco,Ranking Error,1
q_006cf13ac2554ee8,what is tubersol used for,ms_marco,Ranking Error,1
q_ef622717c0278e89,what does inoculation mean,ms_marco,Ranking Error,1
q_228e8612ab7f1259,what is pos system in hotels,ms_marco,Ranking Error,1
q_0c5b25098f78e5ec,where is thredbo,ms_marco,Ranking Error,1
q_ff79ef1b3c9fdc7b,financing campaign definition,ms_marco,Ranking Error,1
q_babfd8438db627c8,what is fibrin fibrous tissue,ms_marco,Ranking Error,1
q_bf14a9aedf244bd8,what is a takht sikhism,ms_marco,Ranking Error,1
q_4838312d3f89255f,what causes cyclones,ms_marco,Ranking Error,1
q_4c582bb1d1f46cac,chemical name sodium chloride,ms_marco,Ranking Error,1
q_bda3cdd79fa10180,what foods are typically eaten in ecuador,ms_marco,Semantic Miss,0
q_2a4e021dc28599f9,what is aion,ms_marco,Ranking Error,1
q_6830ee57f8a0b8de,what part of the body is the parietal,ms_marco,Ranking Error,1
q_4fcb9087c36384d4,what is mediastinal mass,ms_marco,Ranking Error,1
q_12a2178d46b3d884,what is a whey,ms_marco,Ranking Error,1
q_d7b3024d5c535f7b,how long does it take to get checks,ms_marco,Ranking Error,1
q_f3cf435c81b89c76,cost of partial dentures,ms_marco,Ranking Error,1
q_1061478eb9a0e139,net worth of pat sajak,ms_marco,Ranking Error,1
q_8733543e98b83886,cost to install super sliding patio door,ms_marco,Semantic Miss,0
q_f1127b3e6e8fdc54,what is the earliest type of computer,ms_marco,Ranking Error,1
q_08e95bd14bc1da85,what servos in flyzone beaver?,ms_marco,Ranking Error,1
q_e49e0bc25a08eb78,What are the two main components in a battery?,sciq,Ranking Error,1
q_e6569658849f3908,mova what is inside,ms_marco,Ranking Error,1
q_68206a6299ae8033,what is a structural adaptation,ms_marco,Ranking Error,1
q_0343321045333a4f,how much does an engineer in the navy make,ms_marco,Ranking Error,1
q_d17526c29c3bfce5,what symbolizes strength,ms_marco,Semantic Miss,0
q_04f1debe82dc7738,do great crested grebes migrate,ms_marco,Ranking Error,1
q_e12048b2cde6463c,meaning dream of man lying in pool of blood,ms_marco,Ranking Error,1
q_31c42279eb5e3afc,what is sonnet,ms_marco,Semantic Miss,0
q_458b7d8fd4f23785,what chemical is in sparklers,ms_marco,Ranking Error,1
q_047e52366b06cdb7,how long to boil ribs before grilling,ms_marco,Ranking Error,1
q_e8f66376d42340b6,sinew definition,ms_marco,Ranking Error,1
q_e1f2236c08787da7,where does the lateral cutaneous nerve of the arm come from,ms_marco,Ranking Error,1
q_a44343c4d934d4a9,purpose of encumbrance accounting,ms_marco,Ranking Error,1
q_551bf73d2648a92e,is gallbladder a bile duct,ms_marco,Ranking Error,1
q_ea3507b18c5137ed,what is a chaparral biome,ms_marco,Ranking Error,1
q_d113ae36a1c46e21,what is mineral potassium,ms_marco,Semantic Miss,0
q_cb2b01b1f8b34a34,What determines your hair color trait?,sciq,Ranking Error,1
q_dd1d5dd6a9098f45,what is the difference between dental hygienist and dental assistant salaries,ms_marco,Ranking Error,1
q_7496935ddc1337c4,who wrote a dog of flanders crossword,ms_marco,Semantic Miss,0
q_9a4de105c395f25b,what is capocollo,ms_marco,Ranking Error,1
q_c420f186d43b8c7c,what industry is intel corporation,ms_marco,Ranking Error,1
q_14d642b749d4e0a9,how many years do you sleep in a lifetime,ms_marco,Ranking Error,1
q_2c787e06d59d5e4a,should we do space exploration,ms_marco,Semantic Miss,0
q_03d1be6eace55c80,what was the weimar republic what happened,ms_marco,Ranking Error,1
q_6979b85fd7876d70,what is identity management system,ms_marco,Ranking Error,1
q_4d2a5bc677b81619,how much does it cost to rebook a skills test,ms_marco,Ranking Error,1
q_245736f64ff768ae,What difficulties was Shirly having?,squad,Ranking Error,1
q_e6bdfe5ee6ae5577,what is jujitsu,ms_marco,Ranking Error,1
q_d912e3b4d770c19f,what is a lease disposition fee,ms_marco,Semantic Miss,0
q_3a8aafa08bf873d4,What does the flow of the Rhine being visible depend on?,squad,Ranking Error,1
q_a22d364915e44cfd,biological definition TRAITS,ms_marco,Ranking Error,1
q_36887afe790edd34,Main method,code_search_net,Ranking Error,1
q_d71fb669031422b7,microchips for dogs fees,ms_marco,Ranking Error,1
q_38eb0635d89d8845,definition lethargy,ms_marco,Ranking Error,1
q_aaef141298c29853,how much schooling to be an orthopedic surgeon,ms_marco,Semantic Miss,0
q_86cfc92d78076970,what function does the thyroid have,ms_marco,Ranking Error,1
q_5aadf471492628fc,how long do cupcakes stay fresh,ms_marco,Ranking Error,1
q_8a58d4bae948110f,What is the major structural difference between starch and glycogen?,ms_marco,Ranking Error,1
q_19d4b9ab75727396,recommended dosage of paracetamol,ms_marco,Ranking Error,1
q_0dee72e6bd2e8248,what type of barrier isolates gene pools,ms_marco,Ranking Error,1
q_e6a38788be20a9c2,why was shays rebellion necessary,ms_marco,Ranking Error,1
q_5664d48202ca089d,how much does it cost to register a car in ct,ms_marco,Ranking Error,1
q_3a1cc98b84e5a9ba,what is shtml,ms_marco,Ranking Error,1
q_bf0b736aaaa7727b,what is habu sake,ms_marco,Ranking Error,1
q_93ee1e87f178139b,where is the coywolf habitat,ms_marco,Ranking Error,1
q_8ab191abbd569174,how long to cook lamb chops in nuwave oven,ms_marco,Semantic Miss,0
q_16495c0e4bf43787,what is a credit tenant,ms_marco,Ranking Error,1
q_9aefa3fcf6d95115,how do you hard cook an egg,ms_marco,Ranking Error,1
q_6ce4e9beca7c6c0f,what is a vacuum breaker,ms_marco,Ranking Error,1
q_dc6edcf6d8ccb266,how long do wild baby bunnies nurse,ms_marco,Ranking Error,1
q_d4942fba157a5a34,cost of neograft,ms_marco,Ranking Error,1
q_bc271582cbc3928e,buddhism influence during the edo period,ms_marco,Ranking Error,1
q_5bccde080484303a,is there a net torque on the loop of wire from the magnetic field,ms_marco,Semantic Miss,0
q_cbeb10d8eafbb8ad,platinum cost of production per ounce,ms_marco,Ranking Error,1
q_47b266cfadd337a9,how fast should my pulse be,ms_marco,Ranking Error,1
q_2172e678b4108314,which organelle provides energy for translation,ms_marco,Semantic Miss,0
q_133e6774e200c58d,cost of prolotherapy injections,ms_marco,Ranking Error,1
q_d84b3c66f9d6d120,does mailing a letter cost,ms_marco,Ranking Error,1
q_b8146e3ea2ae77a5,what makes antibodies,ms_marco,Semantic Miss,0
q_44ff702dc67fa1df,what is promethazine hydrochloride and codeine phosphate syrup,ms_marco,Ranking Error,1
q_56c18c25131a334f,when was the classical period of greek coins,ms_marco,Ranking Error,1
q_9db82c7c6cdb977a,meaning of quarrying,ms_marco,Ranking Error,1
q_47d706a538fce5c1,Load users.,code_search_net,Semantic Miss,0
q_eaab64d26d9a190f,how much is aaa per month,ms_marco,Ranking Error,1
q_a07329eb28117284,how long do a person earn uif,ms_marco,Ranking Error,1
q_82b27d83df0ab8e5,how is a ultrasound done,ms_marco,Semantic Miss,0
q_17b5e668021ce345,is it normal for babies to wake a lot at night,ms_marco,Ranking Error,1
q_3a34bd9e085db1b7,Which blood vessels is oxygen transferred through?,sciq,Semantic Miss,0
q_a8e3427185a94eb7,why do we have different time zones,ms_marco,Semantic Miss,0
q_0638950b90098baa,what causes nodes,ms_marco,Ranking Error,1
q_1d2b456741f0740d,standard speeding fines,ms_marco,Ranking Error,1
q_1d995cc7fbc2a16d,what does iodoform test indicate,ms_marco,Ranking Error,1
q_13891fbb61b05405,when did the grand canyon form,ms_marco,Ranking Error,1
q_f54c170aee31c969,what does the trinity symbol mean,ms_marco,Ranking Error,1
q_3b3c0ae3f3e7d55e,what medication is used for excessive sweating,ms_marco,Ranking Error,1
q_126f5bff12c1635a,how early to put out hummingbird feeders,ms_marco,Ranking Error,1
q_72780f4ec1b59dce,what do you use brow wax for,ms_marco,Ranking Error,1
q_2af469d01378133e,parrot scientific name,ms_marco,Ranking Error,1
q_8141c93cac444975,until what time is dunkin donuts giving free coffee,ms_marco,Ranking Error,1
q_6601a889a8b82c1b,how to get mozilla firefox,ms_marco,Ranking Error,1
q_51304afade0fdabc,What is the force pushing a rocket called?,sciq,Semantic Miss,0
q_bdea7a9da2dd7f23,what is essid,ms_marco,Ranking Error,1
q_157b21a7935493ce,what meter is used to write a sonnet,ms_marco,Ranking Error,1
q_4305579e8ea71adc,ryne name pronunciation,ms_marco,Ranking Error,1
q_a855570482606a81,identify three types of kidney disorders,ms_marco,Ranking Error,1
q_fba9ba1afc4eb0e8,where was vivaldi born,ms_marco,Semantic Miss,0
q_2e4480cb1d8329db,how many kwh does a fridge use nz,ms_marco,Ranking Error,1
q_7a2326726e42b0e7,name the great vessels that deliver blood to heart,ms_marco,Ranking Error,1
q_669489d65b25dff5,do all hybrid poplars grow quickly,ms_marco,Semantic Miss,0
q_b33eaf86f6bc1e4d,cost of implant tooth,ms_marco,Semantic Miss,0
q_bc3376e6612f3e2a,adjectival modifier definition,ms_marco,Ranking Error,1
q_d689fa0592d9b405,tainted blood scandal canada compensation,ms_marco,Ranking Error,1
q_961d21b7c2202c0b,how to use a push mower,ms_marco,Ranking Error,1
q_24c694e620b82be6,Who assembles the authors' contributions?,squad,Ranking Error,1
q_b46fc695820d474b,if i'm married can i claim our kids turbotax,ms_marco,Semantic Miss,0
q_6ea1b79df904cfe2,what ethnicity is the last name moody,ms_marco,Ranking Error,1
q_a81c3ba561e3d076,resting metabolic rate is often measured instead of bmr because,ms_marco,Semantic Miss,0
q_2b0db52620fcdcdc,cost to fix chimney cap,ms_marco,Ranking Error,1
q_919351518b521259,how long does a knee replacement surgery take to recover from,ms_marco,Semantic Miss,0
q_523efea4da9be6f6,what kind of paint to use on glass,ms_marco,Semantic Miss,0
q_23f57a47796dee97,what does methanol smell like,ms_marco,Ranking Error,1
q_11015c8aacca84f1,definition of life sciences,ms_marco,Ranking Error,1
q_abe7dcd024da3751,what bachelor degrees can get you into law,ms_marco,Semantic Miss,0
q_a484fcb844628754,salary of an industrial pharmacist,ms_marco,Ranking Error,1
q_bc6ac3c99629ba68,price for speeding ticket,ms_marco,Semantic Miss,0
q_b467388cddfbece4,what biological factors determine an individual's telomere length,ms_marco,Ranking Error,1
q_a9fce51df90e4ce5,what is caponizing a rooster,ms_marco,Ranking Error,1
q_1777f9a56116e5b7,what do dynamic routing protocols do,ms_marco,Ranking Error,1
q_3177fb4fc01c547b,does aecom pay interns,ms_marco,Ranking Error,1
q_bfaeb450726ce815,lowest viable body temperature,ms_marco,Ranking Error,1
q_4ea3a099957091f1,what is hybrid services,ms_marco,Ranking Error,1
q_f7d76e3b942abbef,what is dialectical behavior therapy,ms_marco,Ranking Error,1
q_1368f716ad8f0d44,how long does it take to become an acupuncturist,ms_marco,Ranking Error,1
q_302741bc7daf9616,what is maximum security prison,ms_marco,Semantic Miss,0
q_c17d07655d288eb5,cost of getting a physical exam without insurance,ms_marco,Ranking Error,1
q_8a33e7871173d1ee,food that contains toxins,ms_marco,Ranking Error,1
q_0f671925258160cb,standard deviation of probability distribution,ms_marco,Ranking Error,1
q_2beee0d880ea8ad8,what are four season strawberries,ms_marco,Ranking Error,1
q_df8210b31a1dded1,what is a normal fever temperature for adults,ms_marco,Ranking Error,1
q_18b7cc552ee590f3,what type of government was germany in ww1,ms_marco,Ranking Error,1
q_f0e7fbb68d92ae66,what is a coatimundi,ms_marco,Ranking Error,1
q_a4ee6a4f69c6609b,why was graphene aerogel created,ms_marco,Ranking Error,1
q_5edff287f3ed7be8,is chlorpyrifos systemic,ms_marco,Ranking Error,1
q_eb7fe4cee757464c,how do i get my periods back while breastfeeding,ms_marco,Ranking Error,1
q_5d47750a64147f0b,What is caused by atoms or ions when they share or transfer valance electrons?,sciq,Semantic Miss,0
q_5f45a4507dc57037,cost to build garage office,ms_marco,Ranking Error,1
q_9f0554a41aa18ec6,what is a phoneme in linguistics,ms_marco,Semantic Miss,0
q_7f231d6e986f5e6c,macrovascular complications definition,ms_marco,Ranking Error,1
q_478603bbedbde8f8,What is the last name of the player who was Manning's top receiver for Super Bowl 50?,squad,Ranking Error,1
q_e7409c478c6ba5df,does my computer have a sound card,ms_marco,Ranking Error,1
q_150ce353a80d61c0,essential oil that start with rose,ms_marco,Ranking Error,1
q_83cbeb3884dc5273,where is the alveoli located and what is its function,ms_marco,Ranking Error,1
q_527394b47214c0bb,food definition,ms_marco,Semantic Miss,0
q_7628e0fdae25850c,what does vinegar consist of,ms_marco,Ranking Error,1
q_3d18f3214e9cb51e,From http://arxiv.org/pdf/1306.2945v2.pdf,code_search_net,Ranking Error,1
q_b5f6d72a9d9b4395,carbs in a medium potato,ms_marco,Ranking Error,1
q_5384bf2e8b3aa923,how to cook a lamb chop in the oven,ms_marco,Ranking Error,1
q_532a610ba0ae2c44,how long is the average nfl career,ms_marco,Ranking Error,1
q_46cf3ca338530244,how to start okra indoors,ms_marco,Ranking Error,1
q_3f6bb8a8a62a5e71,reupholstery cost,ms_marco,Ranking Error,1
q_034f9f1726b35d68,where is the rocky mountains located on a map,ms_marco,Semantic Miss,0
q_662e6e670722c078,how to roast a small prime rib roast,ms_marco,Ranking Error,1
q_6d1d66d52fbd9833,What celestial object eluded efforts to measure oxygen?,squad,Ranking Error,1
q_6dc5eaa555376d06,what is a shemagh,ms_marco,Ranking Error,1
q_977a00135c82f741,where is haleakala on the islands,ms_marco,Ranking Error,1
q_6fae7020789f98d3,what does a cortisol test show,ms_marco,Ranking Error,1
q_0907104e0cbdab9d,how much does it cost to rent a dance hall,ms_marco,Ranking Error,1
q_a77297971994801c,does ringworm itch,ms_marco,Ranking Error,1
q_5240b5abea2f04cb,what kind of shelter do cheetahs live,ms_marco,Ranking Error,1
q_ab9479689e2cc36f,when was navex global founded,ms_marco,Ranking Error,1
q_4f35f20487308e92,average cost to open a day care,ms_marco,Semantic Miss,0
q_24bd99f2a92b9f66,what foods are magnesium in,ms_marco,Ranking Error,1
q_d5df7f6feec7a2f5,what is vietnamese food,ms_marco,Semantic Miss,0
q_5b3ba4afdae35aeb,sensorineural hearing loss diagnosis code,ms_marco,Semantic Miss,0
q_ff3c555026456f56,cost to waterproof shower,ms_marco,Ranking Error,1
q_be5a266a842fe7ae,order of magnitude estimate definition,ms_marco,Ranking Error,1
q_79ca9a7dee1c3335,what is an example of a psychological need,ms_marco,Ranking Error,1
q_13a359f2a25bec01,what do whales produce that is use in perfume,ms_marco,Ranking Error,1
q_f571c2bf4feea6be,what causes shingles disease,ms_marco,Semantic Miss,0
q_ae22fcf949b98901,where did apples originate,ms_marco,Ranking Error,1
q_053df48f81c417e2,How many picks did Cam Newton throw?,squad,Ranking Error,1
q_8a161fd061886d70,UTEP tuition and fees,ms_marco,Ranking Error,1
q_412a0f7233113095,symbolic archetype definition,ms_marco,Ranking Error,1
q_b87c17bc7737b8e5,average cost to change water heater,ms_marco,Ranking Error,1
q_b499401069782fb6,Who did the Super Bowl 50 National Anthem?,squad,Ranking Error,1
q_8c55b2a1fb2de94f,does a dark floor make a room smaller,ms_marco,Ranking Error,1
q_82f39cde9cb7dbbe,what was a weakness of the bill of rights,ms_marco,Ranking Error,1
q_17ab4d0595ec3f06,how long does dental implant process take,ms_marco,Ranking Error,1
q_f5108286da0fc2d8,what is agency debt,ms_marco,Ranking Error,1
q_3c2288af829b8ec8,how long does it take a cat to go into heat after giving birth,ms_marco,Ranking Error,1
q_87a4641c2f276b32,Close the stream.,code_search_net,Ranking Error,1
q_161ae252ea649d88,if you had a brain transplant would you be the same person,ms_marco,Ranking Error,1
q_a974da45092e9e4a,In which type of reaction are compounds formed?,sciq,Ranking Error,1
q_cf0d1bfbb02371f0,what kind of cactus do i have,ms_marco,Semantic Miss,0
q_ac1ac77761e38298,what is the manufacturing process of materials,ms_marco,Ranking Error,1
q_e34505173d5e6537,narcolepsy symptoms,ms_marco,Ranking Error,1
q_2cdbd1471e91a035,where is fitzrovia,ms_marco,Ranking Error,1
q_bce8c7b5d8af1338,what is antidiuretic hormone and its function,ms_marco,Semantic Miss,0
q_4f0380f3b3cd8fb2,what is voluntary repo,ms_marco,Ranking Error,1
q_eafea479fecc2fe0,can you get pta degree online,ms_marco,Semantic Miss,0
q_3fd90b37ef1707c6,What did the acronym AAP stand for?,squad,Ranking Error,1
q_054d236cc41ea475,average price of home in san antonio,ms_marco,Ranking Error,1
q_7677fe3feff77643,what is dolomitic lime used for,ms_marco,Ranking Error,1
q_adf5e84287c8d96e,what is mass and heat balance,ms_marco,Ranking Error,1
q_9268647dcf110a8e,how to reset fuel filter light on toyota hilux,ms_marco,Ranking Error,1
q_1b6a9d24b70cbe74,how many calories should a person consume in a day,ms_marco,Semantic Miss,0
q_5cfe3b0d4dc13bbd,What is the largest taxonomic rank?,sciq,Ranking Error,1
q_7474137d8a50f689,what does the empire state building have,ms_marco,Semantic Miss,0
q_32ee7eb722c67b5e,disadvantages of north during civil war,ms_marco,Ranking Error,1
q_54f76a496d3cc3ee,average cost for paver patio,ms_marco,Ranking Error,1
q_710be48400ce4ca4,what is whistler village,ms_marco,Semantic Miss,0
q_01adeb4a1409fbb2,what is biodegrade mean,ms_marco,Ranking Error,1
q_ed490f6d6ab98179,difference between emancipation proclamation and thirteenth amendment,ms_marco,Semantic Miss,0
q_173a00b860036f74,what is a candlenut,ms_marco,Ranking Error,1
q_bb99669d2c3e062f,chain link fence cost per metre,ms_marco,Ranking Error,1
q_76a3f2c0acc65707,What do you have to do for a horse daily,ms_marco,Ranking Error,1
q_c4b5dd9e9d0c5791,symptoms of meningitis,ms_marco,Ranking Error,1
q_9ef469644e40de84,What is the estimate for the amount of tree species in the amazon tropical rain forest?,squad,Ranking Error,1
q_98ccf4ac65409427,The DNA in eukaryotes is found in:,ms_marco,Ranking Error,1
q_bfd9e60dea6ecf85,what is mesothelioma cancer,ms_marco,Ranking Error,1
q_95bc90713946bd1f,arthritis caused by ulcerative colitis,ms_marco,Ranking Error,1
q_a8c11db0d156afec,how much pay for supply chain managers make,ms_marco,Ranking Error,1
q_79b18d87a7f5de5e,political party which opposed expansion,ms_marco,Ranking Error,1
q_e503310070b728f9,what does mutated will mean,ms_marco,Ranking Error,1
q_9bbbd8a2968feb5f,bad effect of watching tv,ms_marco,Ranking Error,1
q_cf463887724cb325,average salary for rn in florida,ms_marco,Ranking Error,1
q_4c2c1642df2c277f,average price per acre,ms_marco,Ranking Error,1
q_f2e2f4b03fd5a5ba,which amendment allows voting,ms_marco,Semantic Miss,0
q_6b4ee1b9be213b06,what do the aegean civilizations include,ms_marco,Semantic Miss,0
q_8151f06232a4fbea,devilish definition,ms_marco,Ranking Error,1
q_6b2f1a7017cd3c62,what is a stomate,ms_marco,Ranking Error,1
q_71b536d65138b8d0,Init client,code_search_net,Ranking Error,1
q_fbc8e01fc3693f01,how much does a director get paid,ms_marco,Semantic Miss,0
q_dce8d1af8bfba506,concrete costs per yard,ms_marco,Ranking Error,1
q_9a98fed83cf3d312,date shakespeare was born and died,ms_marco,Ranking Error,1
q_66a79b5913be9e61,causes of hypokalemic periodic paralysis,ms_marco,Ranking Error,1
q_3b4490d7aac8cb10,Returns variance,code_search_net,Ranking Error,1
q_c32cdc55af6051aa,what is ftp sftp ftps,ms_marco,Ranking Error,1
q_b85a34a0cdd2a4b8,what foods did ancient greeks eat,ms_marco,Ranking Error,1
q_113464d5d3d8b40d,Which one of Fresno's hotels burned down?,squad,Ranking Error,1
q_db63b6eb091566e9,what is the crocodile hunters daughters name,ms_marco,Ranking Error,1
q_c7245efd815c0873,reserved powers definition,ms_marco,Ranking Error,1
q_a4c17ef3058e9cb9,what is the longitude and latitude of the great barrier reef,ms_marco,Ranking Error,1
q_403a9b873d1279fc,average years for an nfl player,ms_marco,Semantic Miss,0
q_ff9eb85acc07f961,what kind of dog is toto,ms_marco,Ranking Error,1
q_ea1f733697751c61,long term disability information,ms_marco,Semantic Miss,0
q_eb72a3621f000580,what zone is langley,ms_marco,Ranking Error,1
q_0b18e285c6379b06,are dna and chromosomes found in different types of cells,ms_marco,Ranking Error,1
q_6a7068599b78340e,how do i make my stitches loose in knitting,ms_marco,Ranking Error,1
q_20800ad11e46cf0a,what year was rockford university was established,ms_marco,Ranking Error,1
q_6db3558a17b65f35,what is scaffolding bruner,ms_marco,Ranking Error,1
q_9da5a2ca22b782f7,does medicare pay hearing aids,ms_marco,Ranking Error,1
q_abba72c94d4e2b5b,does neutering a dog help with marking,ms_marco,Ranking Error,1
q_3cee9d846ba7a2ea,how much do forensic crime scene investigators make,ms_marco,Ranking Error,1
q_1b00e6973e6c97b7,what is a cultivated mushroom,ms_marco,Ranking Error,1
q_ae3bbb5b08322818,how to calculate annual salary to hourly rate,ms_marco,Semantic Miss,0
q_c6fb7e04f81d3bfa,what is vanilla,ms_marco,Ranking Error,1
q_7ddeebbcb4bede72,what is aerobic glycolysis,ms_marco,Ranking Error,1
q_1d071d8f8ff6733e,what language do hungarians speak,ms_marco,Ranking Error,1
q_282ce25b998b8d6c,where are white blood cells formed,ms_marco,Ranking Error,1
q_639470813b9051d9,how to figure out how many tablets to compound,ms_marco,Ranking Error,1
q_609e86111702375d,what is hyssop good for,ms_marco,Ranking Error,1
q_ce355eac17a8cc9b,how are stromatolites are related to oxygen',ms_marco,Ranking Error,1
q_b32ce4fc5902bd4f,what causes the color of uranus,ms_marco,Ranking Error,1
q_824dddcea8adf227,what is a distraction,ms_marco,Ranking Error,1
q_d49affbb5b612623,what diseases can be transmitted by bloodborne pathogens,ms_marco,Ranking Error,1
q_1dbf69110526ef22,salata franchise cost,ms_marco,Ranking Error,1
q_a4ca08fc9d44c1ba,how is carbon monoxide administered,ms_marco,Ranking Error,1
q_17aec842cfb4c4a2,what is a distressed reaction,ms_marco,Ranking Error,1
q_4b1ebe76afe129af,how much does it cost to go paintballing in atlanta,ms_marco,Ranking Error,1
q_9d00599e823c420c,average cost of a roofing,ms_marco,Ranking Error,1
q_6f467f0013f9c118,do lice bites scar,ms_marco,Ranking Error,1
q_12206a479652f5c4,average hours to learn how to drive,ms_marco,Ranking Error,1
q_fcd2c07cef99500e,how much formula is a newborn supposed to drink,ms_marco,Ranking Error,1
q_c1907e19a61f5187,what is a Railroad signal unit,ms_marco,Ranking Error,1
q_135dd1bb621945f7,do b.arch students get good placements,ms_marco,Ranking Error,1
q_465b6d5b6bf815d2,what are dew claws,ms_marco,Ranking Error,1
q_634d4d07b0fd0f18,the cause of bipolar disorder,ms_marco,Ranking Error,1
q_a58f5bdcaf596b4e,is quartzite formed by burial metamorphism,ms_marco,Ranking Error,1
q_7cce5d39a9596aa3,do brain aneurysms grow,ms_marco,Ranking Error,1
q_dcf16fd99551cace,how much cost skip hire,ms_marco,Ranking Error,1
q_c091bd10e9143de8,mnsure cost,ms_marco,Ranking Error,1
q_befd0cc4bb461ed0,Add registers.,code_search_net,Ranking Error,1
q_fc25dd9ff8c17319,what are leafy greens good for,ms_marco,Ranking Error,1
q_9eb9eae1c77fba64,how long should the pool circulation run,ms_marco,Ranking Error,1
q_b39e4ae65dc5ce62,what is retrogradation,ms_marco,Ranking Error,1
q_17e0f6264dbf3117,are lymph nodes always involved in tumor spread,ms_marco,Semantic Miss,0
q_001ba7967b8f175a,synonym for fee,ms_marco,Ranking Error,1
q_6a3d3d9400ff4e97,punta cana weather averages,ms_marco,Ranking Error,1
q_57e2a62366767c03,what causes toxic megacolon,ms_marco,Ranking Error,1
q_83f35f1cb3b4209e,average soccer player salary in the world,ms_marco,Ranking Error,1
q_7821599c07a423b2,what is a ridge,ms_marco,Ranking Error,1
q_c7f71e162e5f5fd5,uses for minerals,ms_marco,Semantic Miss,0
q_394ed7d2c1a19664,what temp is frost,ms_marco,Ranking Error,1
q_3da1ba2d6c19a395,what breed of dog is a westie,ms_marco,Ranking Error,1
q_b281d05cc5022090,type two diabetes levels,ms_marco,Ranking Error,1
q_9f7037d0b6fb9076,what genus is human,ms_marco,Semantic Miss,0
q_08f1f6d3db66a333,what age can you spay a dog,ms_marco,Ranking Error,1
q_76d0211be839e8bd,what is non-market socialism,ms_marco,Semantic Miss,0
q_22e3203aaa95ba6b,the meaning of the name april,ms_marco,Ranking Error,1
q_856912312cd3a077,when did orphan the screenplay come out,ms_marco,Ranking Error,1
q_138140fc296c775d,what is pressure necrosis,ms_marco,Ranking Error,1
q_3b609691f904b651,what is amorphous urates,ms_marco,Ranking Error,1
q_c0d5dee9fd399ead,what is a direct supervisor,ms_marco,Ranking Error,1
q_c9f72df91c635457,how far to space watermelon plants,ms_marco,Ranking Error,1
q_7903ccb0fd7d470c,Report a histogram.,code_search_net,Ranking Error,1
q_372ffe1a066ee04e,How often should you have the oil in your car changed,ms_marco,Ranking Error,1
q_165c1c0203d59386,what age should a foal be weaned,ms_marco,Ranking Error,1
q_78be2d6d0a786814,what does grass contain,ms_marco,Semantic Miss,0
q_5e94b3b9770971a4,prosthodontics cost,ms_marco,Ranking Error,1
q_9b6d5d9c22928a4b,What religion is the western region mostly?,squad,Ranking Error,1
q_839a58683bedbc4a,uses of rocks in everyday life,ms_marco,Semantic Miss,0
q_69c4aea0a0fe436d,colon cancer that has spread to liver,ms_marco,Ranking Error,1
q_359a3d188fb36b89,what is an action potential quizlet,ms_marco,Semantic Miss,0
q_c1fd0b1a5a57e5a7,what is gene,ms_marco,Semantic Miss,0
q_14c791b88567afd0,Vertebrates differ from invertebrates because they lack this?,sciq,Ranking Error,1
q_b1ae808077c5ada9,turbotax can i pay my taxes with a credit card,ms_marco,Ranking Error,1
q_a147b2a2a050104d,what causes the hiv virus?,ms_marco,Ranking Error,1
q_333546da0154b746,what does aa grade gemstone mean,ms_marco,Ranking Error,1
q_32bcd0f565520d36,What is the Yuan dynasty's official name?,squad,Ranking Error,1
q_a3908ba14d53cc56,what frequency is mid range,ms_marco,Semantic Miss,0
q_e29a578484bdc675,what is a prepared statement,ms_marco,Ranking Error,1
q_e49330b396155d48,what is spiriva for,ms_marco,Ranking Error,1
q_5c0cbb77e42b6305,how long is criminal record check good for,ms_marco,Ranking Error,1
q_59a0c4059afc23f1,what does zamboni do,ms_marco,Semantic Miss,0
q_59f072092a56f86b,the beginning of medicare,ms_marco,Semantic Miss,0
q_637c7bbedabb88b6,how long will a dui show up on my driving record,ms_marco,Ranking Error,1
q_948593aedbc59849,jaundice definition hepatitis,ms_marco,Ranking Error,1
q_26a0df8aa3df2d9a,what do langerhans cells do,ms_marco,Ranking Error,1
q_ff427d3fef672d53,mumps contagious,ms_marco,Ranking Error,1
q_60ff70a6c34aaf96,salary ranges for nurses,ms_marco,Ranking Error,1
q_77d0a4d3daa21160,what is angio,ms_marco,Semantic Miss,0
q_bac42073bd933003,what does your cerebral cortex control,ms_marco,Ranking Error,1
q_6e89bbc11bdeb5fd,Who ruled Cyprus in 1191?,squad,Ranking Error,1
q_4dcd16c621fcd6de,what genre is the grisha series,ms_marco,Ranking Error,1
q_20d3e816b4578ffb,What were some of Tesla's experiments?,squad,Ranking Error,1
q_b8dce4d4b2018c6b,what is dutch lap vinyl siding,ms_marco,Ranking Error,1
q_05d08deed1c98277,what is transference healing,ms_marco,Ranking Error,1
q_2c505c893d3e696e,what is a deemed contract,ms_marco,Semantic Miss,0
q_cf2d4563a53cced9,where is perrier water produced,ms_marco,Ranking Error,1
q_b3e64ea301d2902e,what classifies as plankton,ms_marco,Ranking Error,1
q_2465df123cf5b9ed,how many weeks pay for maternity leave,ms_marco,Ranking Error,1
q_3eafebed2c504a72,what is a pilsner beer,ms_marco,Semantic Miss,0
q_3e99dfe39055bbe0,when was the first diesel train invented,ms_marco,Ranking Error,1
q_d190b6ee0543c7e1,What are lipids' function in relation to nerves?,sciq,Ranking Error,1
q_2a26025728a328a4,how to cook pork belly strips in oven,ms_marco,Ranking Error,1
q_e89a7b77e0d42c0c,what type of pain is fracture pain,ms_marco,Ranking Error,1
q_18e3654919a54969,how much should a dog drink,ms_marco,Ranking Error,1
q_0da7c8c4423f8c60,what did newton invent calculus,ms_marco,Semantic Miss,0
q_46ba83c4bb59c826,what is echocardiogram test,ms_marco,Semantic Miss,0
q_ee25e7cf207a5541,what colour is expression lilium,ms_marco,Ranking Error,1
q_9863d0189d26dd25,average temperature in summer for the temperate deciduous forest biome,ms_marco,Ranking Error,1
q_7d58d3853c737379,cost of prp for hair loss,ms_marco,Ranking Error,1
q_7c0295454af74897,what is sourdough starter,ms_marco,Ranking Error,1
q_252341412c7abc03,what is confucian filial piety,ms_marco,Ranking Error,1
q_6c69e354e8025dd0,trew family name meaning,ms_marco,Ranking Error,1
q_83bb9282f70fb122,australian geographic location,ms_marco,Semantic Miss,0
q_f099ea357e8b01a1,what is average closing costs for a seller of a home,ms_marco,Ranking Error,1
q_6a296c64b9b73488,what are synthetic cannabinoids,ms_marco,Ranking Error,1
q_b1fa8423691e343f,how long can dogs go without food when sick,ms_marco,Ranking Error,1
q_5df22c267d3c9401,what is ashwagandha turmeric,ms_marco,Semantic Miss,0
q_5486bf7539a02f2d,are there deer in china,ms_marco,Semantic Miss,0
q_95d2a4426ee79962,what are prebiotics foods,ms_marco,Ranking Error,1
q_d95841a2ab748f12,how long does it take silicone sealant to dry,ms_marco,Ranking Error,1
q_ff8c63f986c826c0,what gland is cortisol secreted from,ms_marco,Semantic Miss,0
q_7c3a5c9775471b02,what functional groups are in all monosaccharides,ms_marco,Semantic Miss,0
q_2dd4c42d1627f102,average cost of nylon wall to wall carpeting installed,ms_marco,Ranking Error,1
q_3448571a4057cf75,average cost of house building per square metre,ms_marco,Ranking Error,1
q_ba6897fced8dfd8f,where is the anterior cavity of the eye located,ms_marco,Ranking Error,1
q_865c18170584a8b3,weigh and pay,ms_marco,Ranking Error,1
q_6941b52f16a796d9,what does bella mia mean,ms_marco,Ranking Error,1
q_24d9756b99ca0f4b,what is floriculture,ms_marco,Ranking Error,1
q_20eb444189ce7644,what is open offer means,ms_marco,Ranking Error,1
q_e3ddbdc05971b99a,the longest days without food a person accomplished,ms_marco,Ranking Error,1
q_facaa9f009e88336,vitamins and minerals good for the skin,ms_marco,Ranking Error,1
q_8130b5c126605d4c,mountain range definition,ms_marco,Ranking Error,1
q_9ff60e54d843af5a,what does unicef need help,ms_marco,Ranking Error,1
q_166e7aeb0f27d992,what is malaria caused by,ms_marco,Semantic Miss,0
q_26a2bc3fffe0711a,what is gullah culture,ms_marco,Ranking Error,1
q_1c7310d03320a6f6,what is titanium used for,ms_marco,Ranking Error,1
q_59123f30954be50f,how old should a dog be to start breeding,ms_marco,Semantic Miss,0
q_5b647d537533e910,how long do immediate dentures hurt,ms_marco,Ranking Error,1
q_3e346a6cb461ac78,vehicle payload definition,ms_marco,Ranking Error,1
q_d21668cbe87b5c61,where is newberry college,ms_marco,Ranking Error,1
q_e0476fc06ced32db,what is transcription in dna,ms_marco,Ranking Error,1
q_29e4bb7d32a298cc,how long should kittens stay with mother cat,ms_marco,Ranking Error,1
q_f26353f39ddebd67,what is gordian knot,ms_marco,Ranking Error,1
q_42495107cd8dddfe,what is love susan polis schutz,ms_marco,Ranking Error,1
q_c22c2da27f84b4c8,how to cook eat crab,ms_marco,Ranking Error,1
q_ec9b75fee7a4532e,what is a lease agreement,ms_marco,Ranking Error,1
q_94e190d812a60074,how many states have legalized marijuana,ms_marco,Ranking Error,1
q_356a57b4d804745b,What is the name of the blood vessel layer that contains smooth muscle fibers?,ms_marco,Ranking Error,1
q_10711188e33f21f5,average wage per hour for babysitting,ms_marco,Ranking Error,1
q_be690c02b31f4daa,what the name elvie means,ms_marco,Ranking Error,1
q_d3f5f8615732811b,what does blue colour signify,ms_marco,Ranking Error,1
q_e81a9e9e86574636,When was the UMC formed?,squad,Ranking Error,1
q_7ca31ac2ed7fe4e1,average assistant director of nursing salary,ms_marco,Ranking Error,1
q_d0a614fa8db732f5,what is dendritic opal,ms_marco,Ranking Error,1
q_c433150d8d40d17a,when did one child policy began in china,ms_marco,Ranking Error,1
q_3813877ac55746a0,how tight should boat be to dock,ms_marco,Ranking Error,1
q_dc1de7b3cb0846f0,which vitamins is effective in post inflammatory pigmentation,ms_marco,Ranking Error,1
q_dfc6d81da0525f6b,what is omnicef for?,ms_marco,Ranking Error,1
q_b891a9b69fc8aed9,negative side effects of lumigan,ms_marco,Ranking Error,1
q_d33a5a64217b64fc,what is the meaning of gould?,ms_marco,Ranking Error,1
q_0d7174687504fd97,are digestive bitters and digestive enzymes the same thing,ms_marco,Ranking Error,1
q_914c406c44792ad5,what is in allium root tip,ms_marco,Ranking Error,1
q_9b0bea91398044c2,what pharmaceutical company makes escitalopram,ms_marco,Ranking Error,1
q_192bec6adf3d8167,what does it mean dysbacteriosis,ms_marco,Ranking Error,1
q_bff1673b96edf166,is it possible to exchange out of state driver license for nj driver license,ms_marco,Ranking Error,1
q_4cd9d5b23d76058a,why is pnf stretching good,ms_marco,Ranking Error,1
q_2811d42b1f2b10b9,is there a website to check comma usage,ms_marco,Ranking Error,1
q_b48de1205eea2d37,worst foods for rheumatoid arthritis,ms_marco,Ranking Error,1
q_566ac9d750a98372,where is Faro in portugal,ms_marco,Ranking Error,1
q_d0c80e43ddba0d8c,stucco installation cost,ms_marco,Ranking Error,1
q_f788083334f75b88,substances are exchanged between the blood and body cells in the,ms_marco,Ranking Error,1
q_183465201e37f87d,Random paragraphs.,code_search_net,Ranking Error,1
q_01c90ffa752a9938,what vegetables contain vitamin c,ms_marco,Ranking Error,1
q_02a2409d7fcf90e9,send the registration_request,code_search_net,Ranking Error,1
q_e93affa4c1080e26,metabolic causes of memory loss,ms_marco,Ranking Error,1
q_ad794986cb5e202d,what is genomic dna,ms_marco,Ranking Error,1
q_5d069bce7b1e72f6,what helps your rheumatoid arthritis,ms_marco,Ranking Error,1
q_713da0a3c7efd139,how fast do english walnut trees grow,ms_marco,Semantic Miss,0
q_a3e606d4637d87ac,what are ore concentrates examples,ms_marco,Ranking Error,1
q_2131af8d9ebc2f8b,what is thd,ms_marco,Ranking Error,1
q_e8eda2d470472a75,what does the name talitha mean,ms_marco,Ranking Error,1
q_90509b0393994331,cost of bathroom update,ms_marco,Ranking Error,1
q_1ad636ad82f27121,Stores a `store_dict`,code_search_net,Ranking Error,1
q_d496b25ab134b61b,how many health careers are there,ms_marco,Semantic Miss,0
q_1613b01c077c9b29,how long do i need to keep tax records individual,ms_marco,Ranking Error,1
q_3c451e4632881715,what is a Caucasus,ms_marco,Ranking Error,1
q_871c0f476a14c4db,average cost per watt commercial electricity,ms_marco,Ranking Error,1
q_cce8fc963ecdb93f,how do i plant my knockout roses,ms_marco,Ranking Error,1
q_ff7ce1ff5a8b260c,what seeds are poisonous to humans,ms_marco,Ranking Error,1
q_9a32a5f37d9bc38a,characteristics of the earthquake fault lines,ms_marco,Ranking Error,1
q_6c1991bcba2c9e70,what is amortization in accounting,ms_marco,Ranking Error,1
q_517a6c272ebf9c83,what is the role of plasmids in antibiotic resistance,ms_marco,Ranking Error,1
q_c3e8b9baad2604d2,what salary can you earn as a counsellor,ms_marco,Ranking Error,1
q_cccb493c2d409047,what is pancreatic calcification,ms_marco,Ranking Error,1
q_e315456be59538d3,import tax from china to usa,ms_marco,Ranking Error,1
q_97183137b9dbc62a,what is a Positive fecal occult blood test,ms_marco,Semantic Miss,0
q_ab96243a04756027,how much does it cost to add a floor and renovate home,ms_marco,Ranking Error,1
q_8e1332a36eac42ff,identity definition webster,ms_marco,Ranking Error,1
q_d3ecf392b36f6651,does advantage contain fipronil,ms_marco,Semantic Miss,0
q_ff8a2e0c98c3f892,what is present progressive,ms_marco,Ranking Error,1
q_65ee29c2a18122d1,can i service my own subpoena,ms_marco,Semantic Miss,0
q_2d4352038a4585aa,hourly salary at homegoods,ms_marco,Ranking Error,1
q_e21581af3a35bedc,what is whisky made of,ms_marco,Ranking Error,1
q_bf47357520802328,Plot annotations,code_search_net,Ranking Error,1
q_f05928c8519890b4,what is hanger steak,ms_marco,Ranking Error,1
q_89071dde997ded04,synthetic oil change how often jeep patriot,ms_marco,Ranking Error,1
q_b4a44f63efeea57b,how does the first amendment protect citizens from the government,ms_marco,Ranking Error,1
q_36f00745cb957f8f,salary of construction workers in lima peru,ms_marco,Ranking Error,1
q_60332da201129de3,what happened to pangaea in the triassic period,ms_marco,Semantic Miss,0
q_533b73c21ab5dc9d,what does warez mean,ms_marco,Ranking Error,1
q_0cb0733956e2fc28,what molecules make up chromosomes,ms_marco,Ranking Error,1
q_a0e03c104aebda16,do breccia contain clasts?,ms_marco,Ranking Error,1
q_ed3cb0cdca94d7b7,how long do boiled eggs stay good for in the fridge,ms_marco,Ranking Error,1
q_5c7b5fc727f04958,infrared spectroscopy definition,ms_marco,Ranking Error,1
q_b1a1705eb292cff7,way the adaptive immune response is different from the innate immune response,ms_marco,Ranking Error,1
q_1a448c982d8a33a3,what chromosome is huntington's disease found on,ms_marco,Ranking Error,1
q_ef3471856c3d49a6,how long does it take to get a degree in addiction counseling online,ms_marco,Semantic Miss,0
q_9fe44c47f0cf8e8b,price per square foot for laminate flooring installed,ms_marco,Ranking Error,1
q_b718b48c791152ef,what is a bear's hand called,ms_marco,Ranking Error,1
q_995e46641b3facc1,what is prolactin made of,ms_marco,Ranking Error,1
q_a9446df81dee94c3,where is the three gorges dam located,ms_marco,Ranking Error,1
q_25fc06cc19510dd1,uses of methyl salicylate,ms_marco,Semantic Miss,0
q_69656df8a4c17480,average salary for an assistant greenskeeper at a golf course,ms_marco,Semantic Miss,0
q_53c13cb4c96b22dc,IRS form definition of dependent,ms_marco,Ranking Error,1
q_1bb117d014d7ec25,what is astrocyte function,ms_marco,Ranking Error,1
q_a07bb863b6fbe149,price to resurface garage floor,ms_marco,Semantic Miss,0
q_c00d7c87be81d1c9,what did the hopi people live in,ms_marco,Ranking Error,1
q_64db240a3921dfcb,Who did Martin Luther say was the lone granter of forgiveness?,squad,Ranking Error,1
q_cec6f91002027df0,what is the parathyroid gland,ms_marco,Semantic Miss,0
q_7db9bfbe192d4dd1,what role does the spleen have in our bodies,ms_marco,Ranking Error,1
q_a31a06a799b46473,normal body temperature for humans in celsius,ms_marco,Ranking Error,1
q_079d65b2e5642d60,how does michonne die,ms_marco,Ranking Error,1
q_a5877f0df1b88897,average homeowner insurance cost,ms_marco,Ranking Error,1
q_32c0ec468876e639,how old do you have to be to watch a child,ms_marco,Semantic Miss,0
q_c76bbc5a5722ceef,what is apache spark,ms_marco,Ranking Error,1
q_51d0b989f0812f3f,what is marrow edema,ms_marco,Ranking Error,1
q_b514dd0963e96226,names of crystalline igneous rocks,ms_marco,Ranking Error,1
q_218b97c291a00eb7,how long does it take to heal from a broken ankle surgery,ms_marco,Ranking Error,1
q_b9d2aa4d5a53b595,salary for air force officer,ms_marco,Ranking Error,1
q_0d043b118328bf57,how to manually calculate cumulative gpa,ms_marco,Ranking Error,1
q_e3ebfc9cedcae466,how many minimum wages for medical lab technician for one hour in canada,ms_marco,Ranking Error,1
q_a6ea2b4ae0c73147,cost of living in a condo in california,ms_marco,Ranking Error,1
q_f7066714cc07e3bc,how to become a realtor in memphis tn,ms_marco,Semantic Miss,0
q_0cc93a5860f2935e,what are the native bird species of Guam?,ms_marco,Semantic Miss,0
q_b5d214c77aa9e047,how long does it take for the govt to give u a tax refund when you have electronically filed,ms_marco,Semantic Miss,0
q_9d54302b77b4cb40,what kind of software is SAS,ms_marco,Semantic Miss,0
q_85044e3260dca9a9,how long does it take to recover from viral meningitis,ms_marco,Ranking Error,1
q_1da9fcfc9367dce2,what is a retainer fee,ms_marco,Ranking Error,1
q_9827c87cee7282bb,does ibogaine contain dmt,ms_marco,Semantic Miss,0
q_1c38dab7fc703cee,what is parsley root,ms_marco,Ranking Error,1
q_b224fa91d78b2ae1,where is popocatepetl located,ms_marco,Semantic Miss,0
q_2de8296615da704d,what is the birthday of the actor james bolam,ms_marco,Ranking Error,1
q_61049b7db23c3df1,what is the difference between nuclear dna and mitochondrial dna,ms_marco,Ranking Error,1
q_44d3546e61a6a582,average cost of coffee beans,ms_marco,Ranking Error,1
q_cb6fc0034cfa87a4,self.parsed_data->self.config,code_search_net,Ranking Error,1
q_023de83f29506ea7,what nutrient is most associated with eutrophication,ms_marco,Ranking Error,1
q_3795e3eb27d725ad,on average how much does a human litter,ms_marco,Ranking Error,1
q_b6b852d96029dc1c,what is mud horse,ms_marco,Ranking Error,1
q_1198cc75bf8a83bb,how to determine confidence interval in excel,ms_marco,Ranking Error,1
q_04ba17854d48a8d0,how to get dust out of air ducts,ms_marco,Ranking Error,1
q_c47d3c6292fc6bf2,what does meristem culture,ms_marco,Ranking Error,1
q_a1a59e312eee0a23,what is in LSD,ms_marco,Ranking Error,1
q_1ef7e9c0e3b335af,what does corporate culture mean,ms_marco,Ranking Error,1
q_052cdb66404357c7,how much does a new garage door cost installed,ms_marco,Ranking Error,1
q_09b4b00191873955,is there an age requirement to be a flight attendant,ms_marco,Ranking Error,1
q_01196f3361dcdca9,what language do they speak in finland,ms_marco,Semantic Miss,0
q_103754874867e7b7,what is brostep,ms_marco,Ranking Error,1
q_89839eeb9088426d,list of low carb foods for weight loss,ms_marco,Ranking Error,1
q_0f426b66103913d5,where did the phoenicians live,ms_marco,Ranking Error,1
q_e28e3d67b31f4977,john travolta first film,ms_marco,Ranking Error,1
q_31ce266e6adfd449,average temperature juneau alaska june,ms_marco,Ranking Error,1
q_7e9e7fd568abd0b8,what type of habitat arthropods can be found,ms_marco,Ranking Error,1
q_d229e5be39287143,what does opo squash taste like,ms_marco,Ranking Error,1
q_755734f5ab8f7a8f,do blue whales have a predator,ms_marco,Ranking Error,1
q_f0dd3aebb7397ea6,ethics medical definition,ms_marco,Ranking Error,1
q_62958d225db385f8,"Through digestion, polysaccharides are broken down into",ms_marco,Semantic Miss,0
q_96d0e17d5ecaf75e,what happens when I stop taking provera pill,ms_marco,Ranking Error,1
q_c3fa83d58b15ffdd,disease caused by bacteria pathogen,ms_marco,Ranking Error,1
q_1a0869040553df6e,what is the chemical name for limestone,ms_marco,Semantic Miss,0
q_900794cede04e15c,estimated cost siding a house,ms_marco,Semantic Miss,0
q_c50efa3841a64540,what are barnacles,ms_marco,Ranking Error,1
q_e6b9c44ff34379a6,yeast infections are caused by quizlet,ms_marco,Ranking Error,1
q_18fea5be868c93ea,what is the purpose of iodoform reaction,ms_marco,Ranking Error,1
q_b4941668c6aa9342,how much to replace ipad screen,ms_marco,Ranking Error,1
q_628d275a113a6369,what is magnesium used for,ms_marco,Ranking Error,1
q_1d9d9ddf0ed03e3a,what is nungu in english,ms_marco,Ranking Error,1
q_24bf44d3914c30f6,how long before the irs approves my refund,ms_marco,Ranking Error,1
q_f553477da3a9d905,what is the compressibility factor,ms_marco,Ranking Error,1
q_a6cfceee35af4513,how much is a house inspection cost,ms_marco,Ranking Error,1
q_938d3bee798dbec9,what are villous lymphocytes,ms_marco,Ranking Error,1
q_81c5d8f5cbc28c76,how long does it take to charge a nimh rc battery,ms_marco,Semantic Miss,0
q_6f84dc3ccfed32b6,what temperature does rainbow lake trout like,ms_marco,Ranking Error,1
q_077752e2b61cca11,What was Norman Cantor's theory about the plague?,squad,Ranking Error,1
q_323925b3919a384d,how long is driving test,ms_marco,Ranking Error,1
q_2794b076398e82f6,how to turn xerox printer online,ms_marco,Semantic Miss,0
q_e420835bc8a4c8c6,what does a fold in your intestines mean,ms_marco,Ranking Error,1
q_3f4ad76956a643e2,describe the structure of a capillary network,ms_marco,Semantic Miss,0
q_99e1e975dac9dc33,What seldom mutates?,squad,Ranking Error,1
q_e2767273332367db,how many calories in a reuben,ms_marco,Ranking Error,1
q_b0ff03126419a8e1,what kind of rock is silver,ms_marco,Semantic Miss,0
q_5219c64027d9312a,are rehearsal dinner invitations necessary,ms_marco,Ranking Error,1
q_277f2c52ab5e15b0,how do you use paracord,ms_marco,Ranking Error,1
q_43c45ae56df4c05a,oceanic crust is made of,ms_marco,Ranking Error,1
q_dcfaa53e80711b41,who is helen schucman,ms_marco,Ranking Error,1
q_acf78874eaa9062c,how much does it cost to register a vehicle in ohio,ms_marco,Ranking Error,1
q_a7171ac28abff524,what is the starting median salary for a actress,ms_marco,Ranking Error,1
q_d601292aa1db750a,Which Florida venue was one of three considered for Super Bowl 50?,squad,Ranking Error,1
q_4da6a0de53862842,what is a pigmented lipstick,ms_marco,Ranking Error,1
q_28bc1683182014c2,how long to cook a mini roast lamb,ms_marco,Ranking Error,1
q_980beb587bd4c682,how often are representatives to be elected,ms_marco,Ranking Error,1
q_9c032eae80f0abf7,buerger's disease definition,ms_marco,Ranking Error,1
q_b98774a427b606fe,energy: what is work,ms_marco,Ranking Error,1
q_02d83ae4a8041958,who is ruth benedict,ms_marco,Ranking Error,1
q_be7393fc59ea4f63,What is the name for substances with a ph above 7?,sciq,Ranking Error,1
q_6ca0ff7b39f58e97,what is euploidy and aneuploidy,ms_marco,Ranking Error,1
q_1022d390117e53d7,kelsey name meaning,ms_marco,Ranking Error,1
q_25f7c3eb11c4174b,average salary in drc,ms_marco,Ranking Error,1
q_1a89e2861645b30f,what causes scours in dairy cows,ms_marco,Ranking Error,1
q_544468ef96132b9c,does earthpaste contain lead,ms_marco,Ranking Error,1
q_f6d17270e964c577,which gene mutation is constitutive mutation gene regulation lac operon,ms_marco,Semantic Miss,0
q_015e0ff96bae99bb,how long does it take to cook frozen ribs in the oven,ms_marco,Ranking Error,1
q_3fb0b6bd133c16c3,"The cecum is the first part of what structure, where wastes in a liquid state enter from the small intestine?",sciq,Semantic Miss,0
q_179c7b5ee5ea56ba,When was the Doctor Who series released on DVD?,squad,Ranking Error,1
q_cfb29f60d9528a77,does transcription require dna polymerase,ms_marco,Ranking Error,1
q_e3955eed8cd4a681,how many football players have cte,ms_marco,Ranking Error,1
q_d78607cd260b3a80,weekly cost of agisting horses,ms_marco,Ranking Error,1
q_cfdedffb5532794d,darian name meaning,ms_marco,Ranking Error,1
q_5047dc4eb46a7ce5,what is hazus,ms_marco,Ranking Error,1
q_85698c005e18f743,is carbon found in protein,ms_marco,Ranking Error,1
q_224b5348e7c0d5db,what is a muscle up,ms_marco,Ranking Error,1
q_4e7bbac94e177b96,when was the EEC created,ms_marco,Semantic Miss,0
q_907fb86a2ab2a25b,define manage,ms_marco,Ranking Error,1
q_ebc2fd18783eb63d,what is the maximum dose of slo niacin,ms_marco,Ranking Error,1
q_e9da3121316a83a6,gestation period of whitetail deer,ms_marco,Semantic Miss,0
q_e1d9b92dec4f7537,Where is the river Ganges and where is its source and length,ms_marco,Ranking Error,1
q_e6bbe649378104b6,what is a tamarind plant,ms_marco,Ranking Error,1
q_f0f8c37d09326d1b,what is the relationship between a gene a dna molecule and a protein,ms_marco,Ranking Error,1
q_78bbc2890483424f,how much do marine biologist make,ms_marco,Ranking Error,1
q_8bdd8f7b69c4ead4,What city is the capital of Victoria?,squad,Ranking Error,1
q_e193da54f0f9c5ba,FreedomPop Keep Phone Number,ms_marco,Ranking Error,1
q_1289ecba02144790,salary of a counselor in florida,ms_marco,Ranking Error,1
q_7852ffbe9406784b,prophylactic ovary removal what to expect,ms_marco,Ranking Error,1
q_9e3a89492b804eb1,what is the deadliest mountain in colorado,ms_marco,Ranking Error,1
q_59080378c7a14eea,what is qr code,ms_marco,Ranking Error,1
q_ce3cc1964f8ec1a1,difference between compressional and transverse waves,ms_marco,Ranking Error,1
q_e87cac8227e9bfa6,what is the butterfly a symbol of,ms_marco,Semantic Miss,0
q_583fb8cb489c22dc,"Deficiency of what is symptomized by nausea, fatigue and dizziness, and can be triggered by excessive sweating?",sciq,Semantic Miss,0
q_83050e4c2aafe243,Who contends that Luther did not intend to oppose the church?,squad,Ranking Error,1
q_bea7a986d2ded364,where can the arctic tundra be found,ms_marco,Ranking Error,1
q_b6cb88839a6b213f,connecticut name origin,ms_marco,Ranking Error,1
q_1f649c9462df4e4e,what is acetal plastic,ms_marco,Ranking Error,1
q_a494c8e0f2346cfb,where do depositions of fact witnesses take place,ms_marco,Ranking Error,1
q_53ab9200942e5b2f,what Town is golden bc close to,ms_marco,Ranking Error,1
q_862d7c792fdcc534,two step movie meaning,ms_marco,Ranking Error,1
q_1aba125efc3ed13f,why was corrymeela founded,ms_marco,Ranking Error,1
q_ec18811f412f9a99,how are human mitochondria inherited,ms_marco,Ranking Error,1
q_2f8299748aa1e326,how to summon golem terraria,ms_marco,Ranking Error,1
q_010cc2677079725e,how many members of congress are there,ms_marco,Ranking Error,1
q_18c1abf156f55ce5,average salary for teachers in hawaii,ms_marco,Ranking Error,1
q_5d5c449ad9ebb4a9,"Electrons in the ""outer shell"" are also known as what kind of electrons?",sciq,Ranking Error,1
q_6ab21d76cf8c89a6,Who was the 4th to rule the Yuan dynasty?,squad,Ranking Error,1
q_9e0295395843dc28,largest plant family on earth,ms_marco,Ranking Error,1
q_207e3edf17e6ff85,log stop,code_search_net,Ranking Error,1
q_43510965d1906fac,what is the scientific species of wolverine,ms_marco,Semantic Miss,0
q_72eef1fa839a2c27,what is downlite,ms_marco,Ranking Error,1
q_6e41d8d8b072d4ff,how did the missouri compromise split the nation,ms_marco,Semantic Miss,0
q_1359882b7c27a42b,what type of car does shu todoroki drive,ms_marco,Ranking Error,1
q_d75e4d1039bb954d,at what temperature does tap water boil,ms_marco,Semantic Miss,0
q_6f6a5cdafc278993,what was the first transistor made of,ms_marco,Semantic Miss,0
q_010794299ad24337,what biome does an acacia come from,ms_marco,Ranking Error,1
q_073ac9c77a1c5d90,how many saturated fats should you consume per day,ms_marco,Ranking Error,1
q_af49c70ac3bbd98e,when was the death penalty abolished,ms_marco,Ranking Error,1
q_1199c7df110b26ef,outsourcing when did it start,ms_marco,Ranking Error,1
q_1abcac5dd26551b5,what is a tree urn,ms_marco,Ranking Error,1
q_fdfc0366d60aea89,is glucose a monosaccharide,ms_marco,Semantic Miss,0
q_ebf6ed4bc950171c,what is the cost of an mri scan,ms_marco,Ranking Error,1
q_57fb1ddf94ec981b,how to prepare and cook a filet mignon,ms_marco,Ranking Error,1
q_7f96239f6b952f64,how long can you keep a turkey frozen,ms_marco,Ranking Error,1
q_4e70394574b07624,is diclofenac good for muscle pain,ms_marco,Semantic Miss,0
q_200b72ceedafd7a1,what type of birth control pill is alesse,ms_marco,Semantic Miss,0
q_c26c66733faa93ee,what is wind energy used for,ms_marco,Ranking Error,1
q_eb0b84853eab6dce,regulatory guidance definition,ms_marco,Semantic Miss,0
q_b5acce0894b42e93,what is a statutory audit,ms_marco,Ranking Error,1
q_c37a6e91f45341f4,what causes steel corrosion,ms_marco,Ranking Error,1
q_36e46f3e009d05fb,average salary of a nurse,ms_marco,Ranking Error,1
q_bb89228257ade630,what did the intolerable acts lead the colonists to do,ms_marco,Ranking Error,1
q_a5d52a3699021c38,what is a marketing authorisation,ms_marco,Semantic Miss,0
q_6b134a0ca359c3ee,cost of a cremation funeral,ms_marco,Ranking Error,1
q_decf0d04c8b0b775,What award was given to Tesla?,squad,Ranking Error,1
q_779e1e5d04b65081,how much postage for a letter to scotland,ms_marco,Ranking Error,1
q_0ad62645d87cd376,cost of wound care in the us,ms_marco,Ranking Error,1
q_e03e8d6ab5f0b54e,what is a tokoloshe,ms_marco,Ranking Error,1
q_bb96881038cded94,What else was publically questioned?,squad,Ranking Error,1
q_edab1c9d78337915,what kind of climate does ginger grow in,ms_marco,Ranking Error,1
q_8e4cfe47fbfe6df0,what is barbacoa in what region does this originate,ms_marco,Ranking Error,1
q_2b40d2936fd913f6,cost of hardwood floors per square foot installed,ms_marco,Ranking Error,1
q_52ac751351f69527,what to do as community service,ms_marco,Ranking Error,1
q_97ded06d30686ca9,meaning of the name robbie,ms_marco,Ranking Error,1
q_7d4f40a7ada0fe9b,what are the ingredients in becel margarine,ms_marco,Ranking Error,1
q_c591660642e33a2d,what is the normal dosage for digoxin,ms_marco,Ranking Error,1
q_d4a46034a6d57e06,what is pid,ms_marco,Ranking Error,1
q_9be35e86c3131500,In what year did the affiliate program end?,squad,Ranking Error,1
q_36f7d00a76ec34ed,levelized cost of energy,ms_marco,Ranking Error,1
q_ad433761c1c98774,how much does working at target pay,ms_marco,Ranking Error,1
q_f91d9fedb3c63fc9,what muscles are used during alternating ankle touches,ms_marco,Semantic Miss,0
q_5729cab20847715b,what is average wacc,ms_marco,Semantic Miss,0
q_01fe0375e2cf110c,what is the airheads mystery flavor what is it,ms_marco,Semantic Miss,0
q_ee2fef893ef7dbc0,what is the closest living area to disney world,ms_marco,Semantic Miss,0
q_fcd6526155873a22,when to plant garden per moon phases,ms_marco,Semantic Miss,0
q_789fbb5ab5b978f2,cost for fiberglass inground pool,ms_marco,Ranking Error,1
q_a9f2848dc8a262ad,which part of a nucleotide contains the genetic code,ms_marco,Semantic Miss,0
q_2356d2fee8533441,what is another name for infectious diseases,ms_marco,Ranking Error,1
q_e46a718c32db020e,how much does it cost for kitchen remodel,ms_marco,Ranking Error,1
q_c00857a7831b8a7e,what foods to eat for leg cramps,ms_marco,Ranking Error,1
q_580399d184409776,what is bioslim garcinia,ms_marco,Ranking Error,1
q_e1adb24db0a1fad7,does buckwheat tea have caffeine,ms_marco,Ranking Error,1
q_f59a2f325743e48b,what is polycythemia,ms_marco,Ranking Error,1
q_0b69e640ab28badb,what is a pbr,ms_marco,Semantic Miss,0
q_c4e5de1b3b670808,length of time for brain mri,ms_marco,Ranking Error,1
q_e2fc6290c2d8562f,why did the united states express concern after spain returned louisiana to france,ms_marco,Ranking Error,1
q_fd4ec03bb9d1c01c,how much protein in a steak,ms_marco,Ranking Error,1
q_e941569c2ed5de13,Init client,code_search_net,Ranking Error,1
q_9557d2539ab3bf84,what does ikat mean,ms_marco,Ranking Error,1
q_884747bbb805cbf6,what does a geneticist do,ms_marco,Semantic Miss,0
q_7a722e6a37eef341,is something wrong if my right side is hurting,ms_marco,Ranking Error,1
q_4351edbb1c48515f,what does purdah mean,ms_marco,Semantic Miss,0
q_1ca2a27a2494be43,what are chemical bonds in biology,ms_marco,Ranking Error,1
q_26b99dd657a30575,Construction involves the translation of what?,squad,Ranking Error,1
q_4db6e5d0dcaaadc4,what diseases do mosquito carry,ms_marco,Ranking Error,1
q_66ec08b053a9a877,The nervous system is made up of these?,sciq,Ranking Error,1
q_7103b92a139c6620,stress fracture in hip that causes pain in a different location,ms_marco,Semantic Miss,0
q_a0765f140ad88540,how much does a professional bowler make,ms_marco,Ranking Error,1
q_3e8b5a2573a17097,what is trepanning used for,ms_marco,Semantic Miss,0
q_21a9393b909393e4,what type of government does singapore have,ms_marco,Ranking Error,1
q_aa8de1328bad28d5,what is a broken clavicle,ms_marco,Ranking Error,1
q_685c5f4e99fcb72d,when did australia gain independence,ms_marco,Semantic Miss,0
q_4dc9a1463c259da3,douwe meaning name,ms_marco,Ranking Error,1
q_5e1936aa060eca9b,where does the name tory come from,ms_marco,Ranking Error,1
q_6bfaca677a4b1f83,what is livedrive,ms_marco,Semantic Miss,0
q_feb015724f25fcc3,what is sherry wine made of,ms_marco,Ranking Error,1
q_070ff63ca4ae9d0a,how much is it to get a bath and brush at petsmart,ms_marco,Ranking Error,1
q_05581dea702e2343,how long does it take to cook a turkey on gas grill,ms_marco,Semantic Miss,0
q_47b2fc1e32376095,is kefir protein,ms_marco,Semantic Miss,0
q_a34951c017e1c989,What attracts the tourists to Kenya?,squad,Ranking Error,1
q_6a03936837f556de,where is cuernavaca,ms_marco,Ranking Error,1
q_d99dbeb3494312e7,what does a positive paternity test mean,ms_marco,Ranking Error,1
q_cdd1ffede9c0d3f0,When did ABC first start?,squad,Ranking Error,1
q_ebf2df12e8bfb35f,how do the nhl playoff matchups work,ms_marco,Ranking Error,1
q_20a3e9f0530e6862,what is magnetism,ms_marco,Ranking Error,1
q_0728859be6a4fddd,should i take magnesium to gain muscles,ms_marco,Ranking Error,1
q_85ebf93d8588e7f6,what is cranberry sauce good for,ms_marco,Semantic Miss,0
q_7e6f1895f338102e,what is the origin of the last name fleming,ms_marco,Ranking Error,1
q_bd958f38a031597c,what is polychromasia,ms_marco,Semantic Miss,0
q_6c3f377fdd49e156,what is tocopherols in food,ms_marco,Ranking Error,1
q_9915b0d279d9f835,what spices do they use in india,ms_marco,Semantic Miss,0
q_7d93fb73092f0bcd,who was the australian constitution written for,ms_marco,Ranking Error,1
q_8c8b517f304516dd,what is atopic skin,ms_marco,Ranking Error,1
q_5c2455719084814d,where was the godfather filmed,ms_marco,Ranking Error,1
q_dbb5ab416abae1f2,can i book my origin digital meter now for december,ms_marco,Ranking Error,1
q_93dde81b5a6d9890,how to find calculated t value,ms_marco,Ranking Error,1
q_f452425765b75346,best vitamins for stomach health,ms_marco,Ranking Error,1
q_260b8cd79784b557,define noun phrase,ms_marco,Semantic Miss,0
q_cbea1de311e055a1,are eggs a good diet food,ms_marco,Semantic Miss,0
q_8465befb3918e91e,What was the name of Watt's partner?,squad,Ranking Error,1
q_52d6135de0025aaa,is mount baker active,ms_marco,Ranking Error,1
q_c77ba062f0cf9f11,what does maintenance management accomplish,ms_marco,Ranking Error,1
q_6395ec3ee79723a9,what is a dwarfs,ms_marco,Ranking Error,1
q_2c8da13c3d05864b,typical sales commission percentage,ms_marco,Semantic Miss,0
q_1120ced8619d7d64,What is the general shape of centrioles?,sciq,Ranking Error,1
q_5415610840f2abb5,what is gist cancer,ms_marco,Semantic Miss,0
q_ea13a52e230ab218,what is symbol of venus,ms_marco,Ranking Error,1
q_b8c63f3be0d5f38a,examples of vaccines are cell mediated immunity,ms_marco,Ranking Error,1
q_c5e633ddd65553d5,how to prepare to get an ultrasound,ms_marco,Ranking Error,1
q_e199aa1d8521705c,what does medium do,ms_marco,Semantic Miss,0
q_5048841a0ac0c7e7,what is roast beef made of,ms_marco,Ranking Error,1
q_cee8eda19e2c7e2f,carbs count for a pre diabetes,ms_marco,Ranking Error,1
q_481f4c801b548ac1,the major muscles of your arms biceps and triceps,ms_marco,Semantic Miss,0
q_90782aa844c087c7,how quickly does a tax refund come,ms_marco,Ranking Error,1
q_23ccd9cafe6a25f3,what is bigger system or organism,ms_marco,Ranking Error,1
q_9f907968a02b21e1,when do robin eggs hatch,ms_marco,Ranking Error,1
q_63e3151bc89c7319,is sunshine minting reputable,ms_marco,Ranking Error,1
q_c7ef018d1de43435,what kind of seeds are in bird seed,ms_marco,Ranking Error,1
q_f4351a862afc18c4,what are signs of osteoarthritis,ms_marco,Ranking Error,1
q_506240d10adbc8a5,what is trident,ms_marco,Ranking Error,1
q_951e53e12dd88fec,what is a monoprint in art,ms_marco,Semantic Miss,0
q_951f448077796edd,BOD biological oxygen definition,ms_marco,Semantic Miss,0
q_1ae37a6d7642639d,two basic tissues of which the skin is composed are,ms_marco,Ranking Error,1
q_b07d1577893b94bc,where in tasmania does a platypus live,ms_marco,Ranking Error,1
q_9ad69993a50d0452,who invented the first rocket that went into space,ms_marco,Ranking Error,1
q_e9e39e320c03979a,what is the hazchem code,ms_marco,Ranking Error,1
q_fb1d44bfd77047b6,when did france surrender to germany,ms_marco,Ranking Error,1
q_0f2d4038f39a118d,characteristics of pollutants classified as persistent organic pollutants,ms_marco,Ranking Error,1
q_b70cfba03b582ac9,how long does it take for a program to appear on 4od,ms_marco,Ranking Error,1
q_5c6b8c77ef5d6b7a,how does a seafloor volcano create an island,ms_marco,Semantic Miss,0
q_5518908208de2400,how fast do camellias grow,ms_marco,Ranking Error,1
q_c8d4a52e19049412,average temperature dhaka,ms_marco,Ranking Error,1
q_e3fa6453eefed393,what is considered criminal justice organizations,ms_marco,Ranking Error,1
q_a8f6fd608f87833f,what is thermostatic valve,ms_marco,Ranking Error,1
q_c2b206b4d96822d1,dosage of tylenol for geriatric,ms_marco,Ranking Error,1
q_714e27e0d8cdacb2,how long does it take become a pharmacist,ms_marco,Ranking Error,1
q_3604a3dff01393bd,how to catch fish in a survival situation,ms_marco,Ranking Error,1
q_b162c59a52dcf521,how far is santa marta colombia a bogota colombia,ms_marco,Ranking Error,1
q_df8972c00a685281,estimate cost to build new home,ms_marco,Ranking Error,1
q_6a787e9dc47d98ca,is there a certain university degree to become an occupational therapist,ms_marco,Ranking Error,1
q_fc1f269e6a995dd0,how much will new brakes cost for my car,ms_marco,Ranking Error,1
q_222ed82eb63b7801,do motorcycles come with automatic transmission,ms_marco,Semantic Miss,0
q_43fa3d52918de4c3,ba definition degree,ms_marco,Ranking Error,1
q_453fa36f0f151790,what element is in solder,ms_marco,Semantic Miss,0
q_cb990e4db607f7ce,what are proteins formed by?,ms_marco,Ranking Error,1
q_12da1a93f1ab3e31,"how much do I pay someone to install my ceramic, backsplash",ms_marco,Ranking Error,1
q_4f445cf510014c5f,where are your deltoids muscles located,ms_marco,Ranking Error,1
q_ef2b06e47a24a7c4,why does shoreline erosion occur,ms_marco,Ranking Error,1
q_2f05b1fd5094a78d,what is a sound barrier,ms_marco,Ranking Error,1
q_6e33546efee6c756,a antonym for politely,ms_marco,Ranking Error,1
q_9e3952313ea07475,different types of usb ports,ms_marco,Ranking Error,1
q_582288106a6c503c,what biome has plants spaced far apart,ms_marco,Ranking Error,1
q_2dfa1e2bbba72ff9,surgery tech salary,ms_marco,Ranking Error,1
q_a2ba4305d7f290b4,why is it called a moon cactus,ms_marco,Ranking Error,1
q_77415958c1e97810,how many ounces of water should i drink a day to lose weight,ms_marco,Ranking Error,1
q_30ae0ba44d83cd73,what does aerobic exercise mean,ms_marco,Ranking Error,1
q_782bbb97dcc926e6,what is bacon preservative,ms_marco,Ranking Error,1
q_0a047d9b583ee56b,how to do basketball skills for beginners,ms_marco,Semantic Miss,0
q_8096ac600ace7a3e,what is a chromosome made of,ms_marco,Ranking Error,1
q_fdbcdec255678906,what is white ischemic matter in brain,ms_marco,Ranking Error,1
q_67ae58f178dd5c1d,"r""\=",code_search_net,Ranking Error,1
q_745df200255ce58b,what is a bmx bike,ms_marco,Ranking Error,1
q_2038118d0ad77745,what is a rheostat,ms_marco,Ranking Error,1
q_eb654983f991473c,what is an fbc blood test,ms_marco,Ranking Error,1
q_435a297f1671a584,where is the sea of galilee,ms_marco,Ranking Error,1
q_23534334768be8a9,how long does it take to make a million dollars in the stocks market,ms_marco,Ranking Error,1
q_7e4b9f7b30cf77ce,what type of food does pancreatic juice help to digest,ms_marco,Ranking Error,1
q_84a6e193a083a96a,srija name meaning,ms_marco,Ranking Error,1
q_6efc62f26ab2f48c,how long can chopped liver be refrigerated,ms_marco,Ranking Error,1
q_24e1a125b9f3365d,what are the differences between balinese and javanese gamelan,ms_marco,Ranking Error,1
q_21de59b687e4bb18,what is a long ton,ms_marco,Ranking Error,1
q_1e73584b5d68379e,what is field clinical engineer,ms_marco,Ranking Error,1
q_9d34201f09fb42e4,what currency is used in vietnam?,ms_marco,Semantic Miss,0
q_0e593d6ea3528ef3,what are animals that hunt eagles,ms_marco,Ranking Error,1
q_a66368e1c36ff2bd,average starting teaching salary in minnesota,ms_marco,Ranking Error,1
q_a809b5edd45a5436,why sedimentary rocks are porous,ms_marco,Ranking Error,1
q_df0e9d88c5c945c6,costs of utilities per month,ms_marco,Semantic Miss,0
q_d87f6fa1eaca4a7e,what is a hyperbolic curve,ms_marco,Ranking Error,1
q_d7ce28fd589566c8,what are purebred organisms,ms_marco,Semantic Miss,0
q_d2264d44eeeece94,what hotel is on goat island ri,ms_marco,Ranking Error,1
q_7e17bc466f2b3ca1,deplete synonym,ms_marco,Ranking Error,1
q_c8b8763b687803ff,how much is an entry level salary as a nurse with an associate degree,ms_marco,Ranking Error,1
q_6af3bae5e8759a90,marijuana vote in maine will growing be legal,ms_marco,Semantic Miss,0
q_57f58f7f6255508e,why do fossil fuels cause pollution,ms_marco,Semantic Miss,0
q_bc90372084e74088,what is the panama canal history,ms_marco,Ranking Error,1
q_a4b2b9ec18296659,technology invented during the harlem renaissance,ms_marco,Ranking Error,1
q_db673069228973f6,is tuna good for heart patients,ms_marco,Semantic Miss,0
q_e7773ebacce171b1,is a subpoena a court order,ms_marco,Ranking Error,1
q_d92de9eb3290ee4f,Pain felt in the iris is known as,ms_marco,Ranking Error,1
q_8d90eb626ac6501d,what is necrotizing fasciitis,ms_marco,Ranking Error,1
q_2f61376f41648f7b,what part of the brain is linked with cognitive function,ms_marco,Ranking Error,1
q_25832db56899e6fe,is there a part of the brain called superior,ms_marco,Ranking Error,1
q_6cdfe28fcbeb1e5a,what temp should coffee be,ms_marco,Ranking Error,1
q_8fd736d84861850b,why should kids get paid for coming to school,ms_marco,Ranking Error,1
q_ae76d5235f2511f3,what does acronyms mean,ms_marco,Ranking Error,1
q_4593177494140023,why does my iphone keep going black,ms_marco,Ranking Error,1
q_9ed6415aac4e0e14,qualifications to become a diagnostic medical sonographer,ms_marco,Ranking Error,1
q_b7e22d2d1bea4095,is chuck e cheese still popular,ms_marco,Ranking Error,1
q_590bd3311e9be385,definition of cystic fibrosis,ms_marco,Ranking Error,1
q_745153fc87c15260,how to get full music albums for free,ms_marco,Ranking Error,1
q_7bc7afb20752b4f6,what is electrotherapy used for,ms_marco,Ranking Error,1
q_0c1563ec0fccaec2,what does occipital defect mean,ms_marco,Ranking Error,1
q_72623b11d07149f2,what are uses of mercury,ms_marco,Ranking Error,1
q_d6745ebf660fbbb5,heaviest birth weight,ms_marco,Ranking Error,1
q_2d50830b2a80a926,who originally sang all along the watchtower,ms_marco,Ranking Error,1
q_66a5202b87320dab,radical behaviorism simple definition,ms_marco,Ranking Error,1
q_516d97e7de43aeb5,what is colombia geography,ms_marco,Ranking Error,1
q_1f78f21845a4ab57,what does the epidermis do in a flower plant,ms_marco,Ranking Error,1
q_923676887ec35186,what is gastropathy,ms_marco,Ranking Error,1
q_21162198432ada2e,what is cremora,ms_marco,Ranking Error,1
q_38a17fac80d0ebf0,what is psychosomatic,ms_marco,Ranking Error,1
q_b8c1b8dbf9a9553e,is pope francis saying priests should marry?,ms_marco,Ranking Error,1
q_a87a0ca0937785ef,what is the name of the star called la superba,ms_marco,Ranking Error,1
q_798fc17a17c567e4,how to calculate cost of direct labor per hour,ms_marco,Ranking Error,1
q_484934e2f40875d0,what causes tias,ms_marco,Semantic Miss,0
q_192a311ed0e7c346,un applying ipsas: the cost and benefits,ms_marco,Ranking Error,1
q_1e5dbe9003a8b87a,trip to hawaii average cost,ms_marco,Ranking Error,1
q_4f53cec2786e59b9,What type of bacteria stains red?,sciq,Ranking Error,1
q_1532e22c8aafca8b,what kind of vaccine is tetanus,ms_marco,Ranking Error,1
q_24f2f1f9222b9fb2,call avoidance definition,ms_marco,Ranking Error,1
q_ba62547499dde7d7,dog swollen salivary gland,ms_marco,Semantic Miss,0
q_706589164d4688b0,which kingdom do humans belong to,ms_marco,Ranking Error,1
q_c274314f2fe58fb5,ethics is the study of what is,ms_marco,Semantic Miss,0
q_32cf4cfc9dcd10e9,dragon tattoos meaning,ms_marco,Semantic Miss,0
q_22085ddf7f5799cd,what does vitamins do,ms_marco,Ranking Error,1
q_799bf479bd77c820,Who discussed Twigg's study in 2002?,squad,Ranking Error,1
q_3be8cb60c1abdd89,Water seeping into the ground is known as?,sciq,Ranking Error,1
q_855d6d6aa524a117,what will happen with oil prices,ms_marco,Semantic Miss,0
q_e8d845fd05b74d4c,what is night soil,ms_marco,Ranking Error,1
q_61a2b1e151a984d2,what is the dosage for cymbalta,ms_marco,Semantic Miss,0
q_f155d122ca77564d,what is caucasian mean,ms_marco,Semantic Miss,0
q_535468fc275fc1be,negative effects of alcohol on society,ms_marco,Ranking Error,1
q_3e27d11dbc011b3f,diseases caused by algae,ms_marco,Ranking Error,1
q_7d789eba778a2213,what zone is carpal tunnel in hand,ms_marco,Ranking Error,1
q_7bbd4819f53e2b83,what instruments are used in orchestra,ms_marco,Ranking Error,1
q_b2b566af275df49e,why do we need to take a bmi test,ms_marco,Ranking Error,1
q_bc033991faa86cae,what is PKU diet,ms_marco,Ranking Error,1
q_4dd6f03951c9b990,highest radiologist salary,ms_marco,Ranking Error,1
q_626ced87ec5bf0d8,what is the salary range of a paralegal,ms_marco,Ranking Error,1
q_f4bd8b6d699d788e,what are flavonoids in marijuana,ms_marco,Ranking Error,1
q_dc8a7de8fec8bce6,competences biology definition,ms_marco,Ranking Error,1
q_7a693f850ac00880,What mechanism can be used to make oxygen?,squad,Ranking Error,1
q_e2627ab66faf7983,where does clownfish live,ms_marco,Ranking Error,1
q_6a46895828f37612,when do smear tests start,ms_marco,Ranking Error,1
q_229da4ed54358f3d,how much can i charge for bankruptcy petition preparer,ms_marco,Semantic Miss,0
q_179376603993dcc8,what is the average salary for a FIFA player,ms_marco,Ranking Error,1
q_d96acb0762084428,how long does chicken last in fridge,ms_marco,Semantic Miss,0
q_821dc098ec786ff8,motor nerve cell what do their parts do,ms_marco,Ranking Error,1
q_77765dc10a1bd22b,what caused the great chinese famine,ms_marco,Ranking Error,1
q_91935a9637876e36,types of cartilaginous joints,ms_marco,Semantic Miss,0
q_c6a3be1427046082,how many figures is a billion,ms_marco,Ranking Error,1
q_7896ad0b38fe9647,what causes stiffness in hands,ms_marco,Ranking Error,1
q_ae60d453d065ffc7,how to tell if crab legs are precooked,ms_marco,Ranking Error,1
q_b7a3814485e4891e,what is the omentum,ms_marco,Ranking Error,1
q_68d8c5416b0bc8f3,what to do on the isle of wight for disabled,ms_marco,Ranking Error,1
q_d6d09ba3f7d3186a,What are molecules that the immune system recognize as foreign to the body?,sciq,Semantic Miss,0
q_d1d6b6cdf5ee7b09,what is a mall scavenger hunt,ms_marco,Ranking Error,1
q_201323d0a007184a,Remove integration,code_search_net,Ranking Error,1
q_0842a7a0c66d3988,rahab name meaning,ms_marco,Ranking Error,1
q_8589f7d7fd440d17,what is an inducer?,ms_marco,Semantic Miss,0
q_d6806301007bd34d,incubation period for mumps for kids,ms_marco,Ranking Error,1
q_9481fd9039553ab4,how to plant dwarf apple trees,ms_marco,Semantic Miss,0
q_497bbd52ff4feaf6,bacterial immune system,ms_marco,Semantic Miss,0
q_e4770fbbc2d5fafa,what does a comprehensive metabolic panel consist of,ms_marco,Ranking Error,1
q_ea5be787f25933e7,the name anzac when was it formed,ms_marco,Semantic Miss,0
q_a91411031e32a13a,what is the difference between a shark and a whale,ms_marco,Ranking Error,1
q_48c7f61018bf5028,what is pmi mip funding fee,ms_marco,Semantic Miss,0
q_c006c28d28adedd4,Why did many slaves travel immediately after gaining freedom,ms_marco,Ranking Error,1
q_e2c47334905a0e8f,what food produces serotonin,ms_marco,Semantic Miss,0
q_4474b7566dd93bec,why are the blue mountains of washington blue,ms_marco,Ranking Error,1
q_cd51e3c46cdb65d6,what is a burrito,ms_marco,Ranking Error,1
q_9337afc99a85aeaa,rendering --meaning,ms_marco,Ranking Error,1
q_f1eb876a1e0a4443,How is the due date for a pregnancy typically calculated? coursehero,ms_marco,Ranking Error,1
q_6c9d293f880ea0a5,what do neuromuscular blocking agents do,ms_marco,Ranking Error,1
q_3483396f575fab65,how do actors get paid,ms_marco,Semantic Miss,0
q_feda5a3fe96f594d,chromosomes are made when dna wraps around,ms_marco,Ranking Error,1
q_6bd9692a05bd2734,what is cfc in styrofoam,ms_marco,Ranking Error,1
q_14cb71291b123c9c,what is a falafel,ms_marco,Ranking Error,1
q_27de2a12562570af,what papers do i need to have dog,ms_marco,Semantic Miss,0
q_0d6a79042cf40310,what were the economic conditions that lead to the great depression,ms_marco,Semantic Miss,0
q_b95b9047a99cd35a,what is internalizing behaviors,ms_marco,Ranking Error,1
q_dbc87c074d71e1b0,hypnotic ability psychology definition,ms_marco,Ranking Error,1
q_896f2445286b8265,what kind of shoes do flamenco dancers wear,ms_marco,Ranking Error,1
q_4d276e0d7c28e50a,how much money do verizon retail sales reps make,ms_marco,Ranking Error,1
q_d965208415e3b555,where did the khoisan come from,ms_marco,Semantic Miss,0
q_a153389b5c787291,how long does it take for someone to be charged an interest on discover credit card,ms_marco,Ranking Error,1
q_c4cbb52554ec1e32,what foods contain tryptophan,ms_marco,Semantic Miss,0
q_028ef89063ad049d,covalent bonds in dna are made of what,ms_marco,Ranking Error,1
q_cc658514abfd8c14,Which of the following is a product that is considered a commodity,ms_marco,Ranking Error,1
q_2352714a246995c9,what part of the heart is the pericardium attached to,ms_marco,Semantic Miss,0
q_08ecd8d999185f6a,is the name thor copyrighted,ms_marco,Ranking Error,1
q_3e92cb93fc9bd4fd,how do you get rust out of a tea kettle,ms_marco,Ranking Error,1
q_1626ff511504ae30,what does coda mean,ms_marco,Ranking Error,1
q_b55ca0b309b86a21,why did berlin blockade happen,ms_marco,Ranking Error,1
q_958c04520be36792,what is glyceryl caprylate,ms_marco,Ranking Error,1
q_9266ddb09c26da2d,is stubhub reliable,ms_marco,Semantic Miss,0
q_5aa9377e9d41a47a,what does the gradient tell us,ms_marco,Ranking Error,1
q_e1ac0b1156a39d53,average price per square foot for rent in USA,ms_marco,Ranking Error,1
q_8bef932f37342f0e,the name of the plant hormone that stimulates meristem cells to divide,ms_marco,Ranking Error,1
q_79fed12674d2bd8a,average lifespan of cat,ms_marco,Ranking Error,1
q_d8c52942298507f6,where is waikeria prison,ms_marco,Ranking Error,1
q_9e12185916345624,does low dose aspirin prevent miscarriage,ms_marco,Ranking Error,1
q_ae3d70aa54dfcdd3,cost for poured concrete walls,ms_marco,Ranking Error,1
q_c5ca63bf41fda761,what type of art existed during the baroque period,ms_marco,Ranking Error,1
q_8f36de8e26259805,who wrote the world is flat,ms_marco,Ranking Error,1
q_50843ab16108bd94,is frankincense oil good for cystic acne,ms_marco,Ranking Error,1
q_3b21a5e584c0084a,magnetic bracelets for arthritis pros and cons,ms_marco,Ranking Error,1
q_f720642d6cd229c7,which problem caused the most debated during the constitutional convention,ms_marco,Semantic Miss,0
q_81e8aec9a5520930,what is steviol glycosides,ms_marco,Ranking Error,1
q_6b359364902472fd,how long is a person certified to do electrical work,ms_marco,Ranking Error,1
q_807ce17f4374b76f,what causes your urine to smell,ms_marco,Ranking Error,1
q_7692d9eaf427fe95,what age children do pediatricians treat,ms_marco,Ranking Error,1
q_7d9be6b0b27f56ac,mainstreaming services - definition,ms_marco,Ranking Error,1
q_98eb246e311cb5bb,what is a wicklow,ms_marco,Ranking Error,1
q_da2532e05cb8023a,What organization arranged to founding of school?,squad,Ranking Error,1
q_bca1ba841daae3fb,what is an unincorporated island in a city,ms_marco,Ranking Error,1
q_beb4f7d821c07290,production rate for carpet cleaning,ms_marco,Ranking Error,1
q_92ce4afa06956ea2,are garden spiders poisonous,ms_marco,Ranking Error,1
q_b9f5e2757dacb5a6,do you have to buy a plan for sim card for gps tracker,ms_marco,Ranking Error,1
q_9520e018954984e3,what does a sphere represent?,ms_marco,Ranking Error,1
q_d476cd583a1f798a,what are the differences between chromosome chromatid and chromatin,ms_marco,Ranking Error,1
q_9a3a1c415a4aa50f,where are ocean trenches located,ms_marco,Semantic Miss,0
q_eeb251cee9eb9015,what are radiolaria,ms_marco,Ranking Error,1
q_391023085f386839,Where does the development of a fetus take place?,sciq,Semantic Miss,0
q_805eff36884bf70a,Return a new circuit that has been optimized.,code_search_net,Ranking Error,1
q_9329cf968e2d39c3,why is calcium carbonate a base,ms_marco,Ranking Error,1
q_dfe0f540dd444bff,best temperature for sunflower to germinate,ms_marco,Ranking Error,1
q_bb90b65931836524,colloquialisms slang definition,ms_marco,Ranking Error,1
q_b5faef1eb4f5bd42,what is vegetable bouillon,ms_marco,Ranking Error,1
q_1d0c025285a628b9,what does a crankshaft do,ms_marco,Ranking Error,1
q_d5716cdcd12bde06,where is the island of patmos,ms_marco,Ranking Error,1
q_f14dfbb02792bda5,what is muscle action,ms_marco,Ranking Error,1
q_c14f86e4e38cd9f1,maximum pay and average pay of orthotists,ms_marco,Semantic Miss,0
q_76c4877298586d9e,is hepatitis classified as autoimmune disease,ms_marco,Ranking Error,1
q_5eb0644f4b2d6f5a,what is gruyere cheese,ms_marco,Semantic Miss,0
q_ee76919afd234652,meaning of agnostic,ms_marco,Ranking Error,1
q_7c77796203686a35,when did slavery end in usa,ms_marco,Semantic Miss,0
q_4d62c210466b4ed5,what is the benefit of having a dark green vegetables,ms_marco,Ranking Error,1
q_2b127c67f4dbeb6c,definition of constitutional amendments,ms_marco,Ranking Error,1
q_192abca33c892f45,what ethnicity is the last name dean,ms_marco,Semantic Miss,0
q_d58e3dfe23c53847,what was the lusitania known for when it launched,ms_marco,Ranking Error,1
q_26e49ca1c4aa99d9,what causes a navicular fracture,ms_marco,Ranking Error,1
q_8f836e27c7faa6b9,average cost of college in canada,ms_marco,Semantic Miss,0
q_aebc8cd5464c30a2,what does otoacoustic emissions measure,ms_marco,Semantic Miss,0
q_3edf1f333a460f6b,what time period was paper invented,ms_marco,Ranking Error,1
q_aac9b1b35dfbf877,where did buddhism originate,ms_marco,Ranking Error,1
q_663244f06de08ccc,how long does it take a banana peel to decompose,ms_marco,Semantic Miss,0
q_1b0ca857a2b8e741,merrick dog food all life stages good for puppies,ms_marco,Ranking Error,1
q_72bd9816efe23f80,what does the median mean,ms_marco,Ranking Error,1
q_ed98e9e31c66e11a,max income for a roth ira,ms_marco,Ranking Error,1
q_4aafa2c4341cd8e5,what is the difference between certified and registered mail,ms_marco,Semantic Miss,0
q_54019fac01db6ea9,where canary islands is located,ms_marco,Ranking Error,1
q_397d20a268def3f6,what artery supplies dorsal part of hand,ms_marco,Ranking Error,1
q_e14d8acf1466ba38,what is cultural geography,ms_marco,Ranking Error,1
q_61d0ded0f857cbc9,what is a circumflex in french,ms_marco,Semantic Miss,0
q_d060ca59e8d0c732,unt average annual cost,ms_marco,Ranking Error,1
q_ec70f0b6ab6ba6e9,inventor definition uspto,ms_marco,Ranking Error,1
q_a6de4c4ac66203b6,what is the color of urine of a diabetes insipidus person,ms_marco,Ranking Error,1
q_0de2996697225af1,what is the largest planet in solar system,ms_marco,Ranking Error,1
q_ca7c10f8b1c1b20c,which is a warm countercurrent that periodically flows,ms_marco,Ranking Error,1
q_2458b5e8fd807765,why does cpu fan speed up,ms_marco,Ranking Error,1
q_fd44eb23d3eb0cf9,Why do hummingbirds have long narrow bills?,sciq,Semantic Miss,0
q_154e422641cd4f4c,what is existential therapy,ms_marco,Ranking Error,1
q_965bb5cbf5a78eb0,what is curry powder,ms_marco,Ranking Error,1
q_8d328db96a8de06f,what is the difference between quartz granite and marble,ms_marco,Ranking Error,1
q_56c2edc68571bdf8,what are blood diamonds,ms_marco,Ranking Error,1
q_b6fe50a51388edc0,how dna defines a person,ms_marco,Ranking Error,1
q_dbf621c3ef732b9c,Create a tree.Seq,code_search_net,Ranking Error,1
q_386f3c662fc74083,what did progressive era lack reform in,ms_marco,Ranking Error,1
q_a1c9357134af42cd,what is amba sauce,ms_marco,Semantic Miss,0
q_d1dde2bc03ed2b60,is a peach tree an angiosperm,ms_marco,Ranking Error,1
q_0d69ade040280f42,why is aum the symbol for hinduism,ms_marco,Ranking Error,1
q_812c20f1e17ef2a7,what is hemodynamics,ms_marco,Ranking Error,1
q_c59c3e46dba60202,how much does a business coach cost,ms_marco,Ranking Error,1
q_af68459b577cc6c3,explain what is meant by rhizomes,ms_marco,Ranking Error,1
q_8104c0b2ca355bca,what is an unconformity rock,ms_marco,Ranking Error,1
q_70522b8a2fdfbd46,when did hand held hair dryers become popular,ms_marco,Semantic Miss,0
q_6b2fcb980fad5b81,Signup,code_search_net,Ranking Error,1
q_ee1308cce641dc37,how to end period early,ms_marco,Ranking Error,1
q_b2268dc6077d43c9,is celtic different from irish or scottish?,ms_marco,Semantic Miss,0
q_ca4e5ad180faa228,how long to hatch chicken eggs,ms_marco,Ranking Error,1
q_e6f7727b898abe62,what type of consumer is the jackal,ms_marco,Ranking Error,1
q_3347ea7bb452db95,how to become a cna fast,ms_marco,Semantic Miss,0
q_075b26c0da2b905c,destructive plate boundary definition,ms_marco,Ranking Error,1
q_d07dcea6ffc8e219,what is considered household income for obamacare,ms_marco,Ranking Error,1
q_af008bd0b0257c10,is saccharomyces boulardii heat resistant,ms_marco,Ranking Error,1
q_897bc52affb78c93,cataract surgery price,ms_marco,Ranking Error,1
q_4da981d45985901d,what happens if the visual cortex is damaged,ms_marco,Ranking Error,1
q_d176063880f655c5,how to block a vent register,ms_marco,Ranking Error,1
q_7b9da030f7af3b2f,what type of ship is a Baghla,ms_marco,Ranking Error,1
q_adca652d46d2aa0e,What force pulls bodies with mass together?,sciq,Semantic Miss,0
q_8905642446a0eb9d,what is honey made of chemically,ms_marco,Ranking Error,1
q_b56849345b459493,iq score definition,ms_marco,Semantic Miss,0
q_16a022b16cb7c1c5,A fever is a rise in body temperature reading above,ms_marco,Ranking Error,1
q_78afb415e5ce1105,Continental climates are generally found in what areas of landmasses?,sciq,Ranking Error,1
q_4c45fa5899f6b749,cell types are specifically responsible for humoral immunity,ms_marco,Ranking Error,1
q_5b9d068a34ef6a3f,what is ra latex turbid mean,ms_marco,Ranking Error,1
q_996703c969f8286b,what nutrients contain iron,ms_marco,Ranking Error,1
q_8ba62a7f4d9a6195,how much does it cost to build an amusement park,ms_marco,Ranking Error,1
q_849959a0d166dd50,average cost for seamless gutters installed,ms_marco,Semantic Miss,0
q_ceabbc1ee336bbd9,does vaping cause gum disease,ms_marco,Ranking Error,1
q_b9777e4202891062,what continent is jamaica belong to,ms_marco,Ranking Error,1
q_176f4be26a3e49e8,what is solder made of,ms_marco,Ranking Error,1
q_f6db227264c4e99a,does a water softener change ph,ms_marco,Ranking Error,1
q_fa2bba76add28cec,what education do you need to become a surgeon,ms_marco,Ranking Error,1
q_da5126e9899f842d,why was epa created,ms_marco,Ranking Error,1
q_7a2e4866305a239a,how to delete user in redhat linux,ms_marco,Ranking Error,1
q_4b6d5460017d4852,labor cost to install ceramic tile shower,ms_marco,Semantic Miss,0
q_e166e209bb6ffa00,how does lactobacillus acidophilus ferment inulin,ms_marco,Ranking Error,1
q_44bcb9172501fe27,diseases caused by fungi,ms_marco,Semantic Miss,0
q_5daa129d63c0f901,should i wear a pad for discharge,ms_marco,Ranking Error,1
q_1d8e04bba9d0db96,should transgenders be allowed to use any bathrooms,ms_marco,Ranking Error,1
q_1263b1d30e98bbd5,ee business number,ms_marco,Ranking Error,1
q_482c34e0778298f6,what are sand reefs,ms_marco,Ranking Error,1
q_0b0a9eb7b691db24,what movie is baymax from,ms_marco,Ranking Error,1
q_80a307ffce506161,where is the pancreas located relative to other organs,ms_marco,Ranking Error,1
q_35a9357b1e27fc1b,how much does a property deed cost,ms_marco,Semantic Miss,0
q_2e482440cb8a9dc2,average length of treatment for eating disorder,ms_marco,Ranking Error,1
q_b378f50c6419cbde,what is translocation in plants,ms_marco,Ranking Error,1
q_df478ceb8fce2dc6,what role does lactase play in milk,ms_marco,Ranking Error,1
q_9ff65a418f96112b,What is rusting an example of?,sciq,Semantic Miss,0
q_859457a74ebda248,what is a normal TSH result,ms_marco,Ranking Error,1
q_cb2e89f834cabf68,what damage do fully blocked arteries,ms_marco,Ranking Error,1
q_b9ddd00b31157c63,what is a poultice,ms_marco,Ranking Error,1
q_b32ffeafc44b195d,why la tomatina is celebrated,ms_marco,Ranking Error,1
q_70942f5589da35c8,salary nhl referee,ms_marco,Ranking Error,1
q_00683af0e1fee621,how long should lambs nurse till weaned,ms_marco,Ranking Error,1
q_416ecae607bd3926,are dendritic cells same as neuron dendrites,ms_marco,Ranking Error,1
q_dfcfcb3f69e8c1bb,what genre is thomas hardy's poetry,ms_marco,Semantic Miss,0
q_b5ff090079c3e67f,what is cosmetic bonding,ms_marco,Ranking Error,1
q_b166e4abd7846a22,what does waist circumference measure,ms_marco,Ranking Error,1
q_186f2bcb4432c82f,what does an API do,ms_marco,Ranking Error,1
q_6c78a5a9d381dbd2,what is a memoir,ms_marco,Ranking Error,1
q_3479d7c722a95cff,cost of mausoleum entombment,ms_marco,Ranking Error,1
q_a53498bcb6c67395,what is cost of replacing a capacitor in an air conditioner,ms_marco,Ranking Error,1
q_19ce24069b04651a,what is the difference between inhuman and inhumane,ms_marco,Semantic Miss,0
q_7bceae18ffb9b43e,what causes mitochondrial dysfunction,ms_marco,Ranking Error,1
q_0914ccb9e18c1832,what causes knee swelling and stiffness,ms_marco,Ranking Error,1
q_ec70752c179de66b,what function diffuses water molecules,ms_marco,Ranking Error,1
q_41b56dbfff4ae000,when did japan declare war on china,ms_marco,Ranking Error,1
q_4be1a010a62ac1f3,average attendance at nfl games,ms_marco,Ranking Error,1
q_82392e9bc18f8400,is will smith really dead,ms_marco,Semantic Miss,0
q_973b92b93e679ed8,parkinson disease spiritual meaning,ms_marco,Ranking Error,1
q_dd4fb904b19b4ee7,who invented the first tv,ms_marco,Ranking Error,1
q_b33e9733948cea97,who was ambrose bierce,ms_marco,Semantic Miss,0
q_aea298665a10fafb,What causes light to refract?,sciq,Ranking Error,1
q_91d1d590e628bb1f,what are ferns,ms_marco,Semantic Miss,0
q_68a633ef0b9b88ae,what does module means,ms_marco,Ranking Error,1
q_2e57d01ef59ea8d8,are trade winds deflected by earth rotation,ms_marco,Ranking Error,1
q_dbfedfb865f74ab6,types of lymphatic tissue,ms_marco,Ranking Error,1
q_8a555e0ba25aea91,What is the name of food that the plants cells make,ms_marco,Ranking Error,1
q_10ba1ad28c8e6b03,What elements do mafic minerals typically include?,sciq,Ranking Error,1
q_8266728444aae059,what is a gamp,ms_marco,Ranking Error,1
q_279234171949c326,pv yield as a function of temperature,ms_marco,Ranking Error,1
q_45fda14c387ff059,Froyo franchise cost,ms_marco,Ranking Error,1
q_c07c47f81a782570,how much does it cost per square foot to install hardwood floors,ms_marco,Ranking Error,1
q_0941ac0fbab73f62,what made princess diana a great leader,ms_marco,Ranking Error,1
q_3e0486dfec280024,"Kangaroos, koala and opossums are part of what group?",sciq,Ranking Error,1
q_3b21820f3c0b7572,what glands are associated with acromegaly,ms_marco,Ranking Error,1
q_f448aae15cc1a8f3,how much does an animal shelter worker get paid,ms_marco,Semantic Miss,0
q_b4a7bb9da74d9fb6,what is a braciole,ms_marco,Ranking Error,1
q_58851c2159196eb1,how to put photos on computer from sd card,ms_marco,Ranking Error,1
q_52c7d43d7645299b,how to make a blurred background,ms_marco,Ranking Error,1
q_cf0fc1bc8e6e12a4,after your dog has given birth how long before she is in season again,ms_marco,Semantic Miss,0
q_cbc88ae42dc7123d,what state means great river,ms_marco,Semantic Miss,0
q_e7b643c9cd0278b1,what is the function of the ciliary body,ms_marco,Ranking Error,1
q_9ee34002b2a8af85,how did the prohibition affect us,ms_marco,Semantic Miss,0
q_1a8bdc11f703255b,what do the maasai do,ms_marco,Semantic Miss,0
q_8682ffd5235de540,how to nail a phone interview,ms_marco,Semantic Miss,0
q_66d165d17c5a151d,how much does an mri cost in dallas,ms_marco,Ranking Error,1
q_6e54673658069447,what is a major cause of arteriosclerosis,ms_marco,Ranking Error,1
q_fb105085fc60d460,what county is walnut il in,ms_marco,Ranking Error,1
q_b53b7a16d39f0117,what does mire mean,ms_marco,Ranking Error,1
q_af19ed82dac8f32b,why is the sacrament of anointing given,ms_marco,Ranking Error,1
q_aa58b314deefd8bc,is cala mayor quiet,ms_marco,Ranking Error,1
q_9f4b37eca59b2518,how many carbs should a diabetic have in one meal,ms_marco,Ranking Error,1
q_9082a9d2b0dca974,where is wednesfield,ms_marco,Ranking Error,1
q_fdad5286ab444982,what Produces lymph fluid,ms_marco,Ranking Error,1
q_49983eca93925f26,how to write a receptionist cover letter,ms_marco,Semantic Miss,0
q_5a17c97f41464315,how far is venus from the earth,ms_marco,Ranking Error,1
q_a698ff9bd6147dd4,what is a nickelback,ms_marco,Ranking Error,1
q_8aebd5d6087ae02a,what was the reformist patriot movement,ms_marco,Ranking Error,1
q_5b1d009f964d276f,how long is a day on earth compared to space,ms_marco,Ranking Error,1
q_6ec660834aa09645,cost for tile removal,ms_marco,Ranking Error,1
q_f664adbe2956f3ec,cost to change a delta flight,ms_marco,Ranking Error,1
q_1838e89f5820e710,when do willow trees bloom,ms_marco,Ranking Error,1
q_576563c1b75d8059,how long does it take to cook ribeye roast,ms_marco,Ranking Error,1
q_29804e83ca46e4f5,What influences chloroplasts' behavior?,squad,Ranking Error,1
q_464886b00415dd2d,what is the exact location of cliff rocamadour,ms_marco,Ranking Error,1
q_3082984df367b466,can you pass a urine test for alcohol the night before,ms_marco,Ranking Error,1
q_b3ff54f531313719,what is magnesium oxide made up of,ms_marco,Ranking Error,1
q_452041dc9dde3bbd,what is traditional biotechnology,ms_marco,Ranking Error,1
q_50332c40500d5182,what is customer acquisition cost,ms_marco,Ranking Error,1
q_ac8a094f02bcfead,most male last name,ms_marco,Ranking Error,1
q_c18017a724034076,is whole grain oatmeal wheat?,ms_marco,Ranking Error,1
q_2b92e3bf8671cb68,what are is fibromyalgia,ms_marco,Ranking Error,1
q_14d35be844bb14c6,what's the average cost of a conservatory,ms_marco,Semantic Miss,0
q_1406644eab52189e,what is a bcfb,ms_marco,Ranking Error,1
q_b070de98ebd6d0d5,how much money do radiology techs make,ms_marco,Ranking Error,1
q_c8274a86f047df6e,what is an aquamarine gem,ms_marco,Ranking Error,1
q_4fc2641c6b0c40d9,Import ``run_sql``.,code_search_net,Ranking Error,1
q_67d5685d62942eac,cost per square foot to build a home addition,ms_marco,Ranking Error,1
q_f14d33da059b474d,what is calciphylaxis disease,ms_marco,Ranking Error,1
q_0a6a429b3ed28274,what is bromazepam used for,ms_marco,Ranking Error,1
q_696c49e3399d46a1,why was the roman army so victorious,ms_marco,Semantic Miss,0
q_afd32a1cc1be2471,foods that cause constipation list,ms_marco,Ranking Error,1
q_c3de469ebaee51a5,where does vetiver come from,ms_marco,Ranking Error,1
q_2f6cda6f706450c9,is asparagus fern a perennial,ms_marco,Semantic Miss,0
q_86139ad7d431fdb7,biome geography definition,ms_marco,Ranking Error,1
q_f58f12b4832d3016,what is a meerkat in english,ms_marco,Ranking Error,1
q_b5d800995c74fd4e,What are the two types of vascular plants?,sciq,Ranking Error,1
q_15df1611061dcc7d,average household water usage per day,ms_marco,Ranking Error,1
q_c3fceb9c76897735,course page,code_search_net,Ranking Error,1
q_812111205ba294ca,What did Tesla do for a job that paid two dollars a day?,squad,Ranking Error,1
q_9b51afd197d72ae8,what is cmt,ms_marco,Semantic Miss,0
q_0b90ce2c044d1ded,davita starting pay,ms_marco,Ranking Error,1
q_2ef6cbafd3229b02,what is provider based billing mean,ms_marco,Ranking Error,1
q_815d51aa8298f2f9,how long does it take to bake a pork loin roast in the oven,ms_marco,Ranking Error,1
q_38f98d947f01a093,blood disease examples,ms_marco,Ranking Error,1
q_d0604d98a0babf21,is fish considered meat,ms_marco,Ranking Error,1
q_a91f4f16c6342d83,do vw bugs float,ms_marco,Ranking Error,1
q_43f59e81f6ffdec2,protein per day in grams for a runner,ms_marco,Ranking Error,1
q_209d93c23b4978ff,Lead shielding is used to block what type of rays?,sciq,Ranking Error,1
q_98de3973bb6523fd,what trees are in the taiga biome,ms_marco,Ranking Error,1
q_e9da12c0355a9b0c,r'\d+,code_search_net,Ranking Error,1
q_083633adeee0f4d3,salary for qa manager,ms_marco,Ranking Error,1
q_df6afc51c537a5fc,does peyton and lucas come back,ms_marco,Ranking Error,1
q_bd5050b46957c537,overtime for salaried employees law,ms_marco,Semantic Miss,0
q_c40a3eb2f5bf038d,cost to attend pvcc,ms_marco,Ranking Error,1
q_acd1d46d8642a09f,what parts of capers are used in food,ms_marco,Semantic Miss,0
q_a832ff009e822817,what are members of the kingdom protista called,ms_marco,Ranking Error,1
q_5c84c21ffe280b71,what is the raccoons scientific name,ms_marco,Ranking Error,1
q_641186a89e82259b,what is tetramethylammonium chloride used for,ms_marco,Ranking Error,1
q_6a8aab87793d64f7,where does the polka originate,ms_marco,Ranking Error,1
q_a9495e855fa48fee,what does stimming mean,ms_marco,Semantic Miss,0
q_523279096949fb1f,what is collagenesis,ms_marco,Ranking Error,1
q_657443aeb7271cd6,what is clipping morphology,ms_marco,Ranking Error,1
q_a2ebff1838f14176,how long does defrosting take,ms_marco,Ranking Error,1
q_b70ccafa1c53025b,what is the chivalry thesis,ms_marco,Ranking Error,1
q_a8263d15d95c6ff9,what is structural protein,ms_marco,Ranking Error,1
q_2f321de3973cb9d1,how much does it cost to score a concrete floor,ms_marco,Ranking Error,1
q_85e3a02f2a106160,can you heal knuckles arthritis,ms_marco,Ranking Error,1
q_65ccc6efc4132297,do quest test for von willebrand disease,ms_marco,Ranking Error,1
q_dc09ecde18ea9854,different types of herring,ms_marco,Ranking Error,1
q_8fb24e3dc690226a,ghana electricity cost per kwh,ms_marco,Ranking Error,1
q_46d8ccfaced94afb,are there jugular vein on both sides of the neck,ms_marco,Ranking Error,1
q_78f84fde47a2e6c6,what is the function of chloroplast,ms_marco,Ranking Error,1
q_872bf1df3e7978c6,why are venus fly traps carnivores,ms_marco,Semantic Miss,0
q_b21b3c6b74ff3a28,Who did Luther banish?,squad,Ranking Error,1
q_a88710deae0aa734,must pay employee within certain amount of time after discharge,ms_marco,Ranking Error,1
q_35c7b077c75364dd,what is the primary somatosensory cortex responsible for,ms_marco,Semantic Miss,0
q_9c54f0f8c56a82f3,types of unsaturated fats,ms_marco,Ranking Error,1
q_10a40f974e8a7995,what is latitude,ms_marco,Ranking Error,1
q_7641036b7473871b,buying a car dealer vs. private seller,ms_marco,Ranking Error,1
q_9d8f4fb78b412542,what is the longest medical word,ms_marco,Semantic Miss,0
q_0d00210f27079b8d,type of symbiotic relationship,ms_marco,Ranking Error,1
q_db01b44ec243bf2d,how long to cook bean sprouts,ms_marco,Ranking Error,1
q_4503fbdf86130aa8,which planets are considered twins,ms_marco,Semantic Miss,0
q_b9d52f2d67e36812,how much can music teachers make,ms_marco,Ranking Error,1
q_96a4e65ace87cb14,what causes utis in men,ms_marco,Semantic Miss,0
q_229368e7bfb49438,what is a bothy,ms_marco,Ranking Error,1
q_9a8de2fa8bc3d4e2,where was pavel constantin born,ms_marco,Ranking Error,1
q_568a2bf90d4a3949,when did the access to knowledge movement,ms_marco,Ranking Error,1
q_b26edc6fe00858f5,why did the battle of normandy happen,ms_marco,Semantic Miss,0
q_5503998f9128c0e2,why is fracking called unconventional,ms_marco,Ranking Error,1
q_5738d560296a4749,how much can a student transfer to a parent?,ms_marco,Semantic Miss,0
q_588978a3fd55b7a5,how to call to canada from russia,ms_marco,Ranking Error,1
q_a44025a140ee2393,how does freezing affect the nutrients in food,ms_marco,Ranking Error,1
q_d35fb568eba56e29,meaning of mckenna,ms_marco,Ranking Error,1
q_256225c50e0b45f0,"how to calculate price charged per unit given units sold, fixed cost and variable cost per unit",ms_marco,Ranking Error,1
q_a154e9474257ee22,what does performance action plan means,ms_marco,Ranking Error,1
q_4e0fc8a378cf9002,what does occult blood in urine mean,ms_marco,Ranking Error,1
q_3524da4b9db64585,what is the bottom lip piercing called,ms_marco,Ranking Error,1
q_c9aa188114ef5c64,cost for postage stamp,ms_marco,Ranking Error,1
q_b0baec46b9e61395,kilaya name meaning,ms_marco,Semantic Miss,0
q_b5529e4392c6d043,Which measure indicates the number of electrons in a given sublevel?,sciq,Semantic Miss,0
q_f8d7af85b25bc7dd,what is static ip,ms_marco,Ranking Error,1
q_5b30c4fc9c617ac8,what muscles are involved with a pain beside shoulder blade,ms_marco,Semantic Miss,0
q_ba8c8735e187302f,what does apatite do,ms_marco,Ranking Error,1
q_0067c40b4c368d1e,what airport is closest to niagara falls,ms_marco,Ranking Error,1
q_7842b90b89297125,is it ok to eat spinach raw,ms_marco,Semantic Miss,0
q_2e80b77fd50cb4a9,who is discovered silk,ms_marco,Ranking Error,1
q_3e262bba46702649,What orbits an atoms' nucleus?,sciq,Ranking Error,1
q_a8e1c899fc4ad74d,can you determine device by mac address on network,ms_marco,Ranking Error,1
q_440be49bfab1d7e5,what are permanent joints,ms_marco,Ranking Error,1
q_0b986706133462e5,definition of falling out,ms_marco,Ranking Error,1
q_6115e5fa01896a51,what is worm juice,ms_marco,Ranking Error,1
q_a21b40faf547425d,how long do period pains last,ms_marco,Ranking Error,1
q_289a3873af7f317f,what is the longest river in africa,ms_marco,Semantic Miss,0
q_d4495475480eda9d,radon is,ms_marco,Ranking Error,1
q_8426c8481de0ffed,what temperature does a chicken brooder need to be,ms_marco,Ranking Error,1
q_86fa6ee8c4e8db7c,cost of drywall ceiling,ms_marco,Semantic Miss,0
q_5a29cc00e0fbb424,sherman antitrust act under which presidency,ms_marco,Ranking Error,1
q_6a5c6a4c0131068e,what are intercalated discs functions,ms_marco,Ranking Error,1
q_4cc6245cdc05eb14,How long do you broil scallops wrapped in bacon,ms_marco,Ranking Error,1
q_ff403bd2cefefa09,what is a heightened sense of smell a symptom of,ms_marco,Semantic Miss,0
q_405e2570037a40b1,how to fix column width in pivot table,ms_marco,Semantic Miss,0
q_68dc516977866b5d,what is easter island,ms_marco,Ranking Error,1
q_cdb4d6fee554d9be,difference in salary rn and bsn,ms_marco,Semantic Miss,0
q_8572a9e73ef2bdb5,"r',",code_search_net,Ranking Error,1
q_27575a8570f7734b,how long does it take for a windmill to pay for itself,ms_marco,Ranking Error,1
q_610098f1b2444152,what is mongolian bbq,ms_marco,Semantic Miss,0
q_7ef73f441c57507a,what is misdemeanor battery,ms_marco,Ranking Error,1
q_4ff4ce30209bb179,types of spices and herbs,ms_marco,Ranking Error,1
q_238133ec7b398dcd,are beans inflammatory,ms_marco,Ranking Error,1
q_3a3cbcc04d9323ce,do.muslims not believe the holocaust happened,ms_marco,Ranking Error,1
q_6e6aa904f8581872,how much do snooker referees get paid,ms_marco,Ranking Error,1
q_aab3ea79eb201e0f,what is japanese zakka,ms_marco,Ranking Error,1
q_77279bd35a6e8430,what is the age limit for life insurance,ms_marco,Ranking Error,1
q_2b42d0879467c995,average salary of a ups driver,ms_marco,Semantic Miss,0
q_0527a48c00b8f4ef,is tramadol a narcotic?,ms_marco,Ranking Error,1
q_21ebfc2bfbe84257,what is the difference between polar satellite and geostationary,ms_marco,Ranking Error,1
q_cf8f7d12fab54b24,what kind of soil is in a tropical dry forest,ms_marco,Ranking Error,1
q_ea727e599738fbc2,why are alloys classified as mixtures,ms_marco,Ranking Error,1
q_5e9f37d7c9ab48e1,best way to find raikou in crystal,ms_marco,Semantic Miss,0
q_9c6e59ad1b75756e,when does it become a fetus,ms_marco,Semantic Miss,0
q_13086db30ed69b25,why was the napoleonic code significant,ms_marco,Ranking Error,1
q_071e849ce9ff8264,average weight of human excrement,ms_marco,Ranking Error,1
q_a5e143e492f941f3,what causes arterial plaque,ms_marco,Ranking Error,1
q_9da63e5759b4a682,typical conductivity of seawater,ms_marco,Ranking Error,1
q_b62681dff6955711,average cost of tiling a shower,ms_marco,Ranking Error,1
q_f062f2b8ecb67202,The amount of energy needed to raise the temperature of one gram of liquid water by 1°c is also known as?,sciq,Ranking Error,1
q_1a19cf99927d7f00,what is lacquer,ms_marco,Semantic Miss,0
q_37aa43630f30e317,types of joins in relational algebra with examples,ms_marco,Ranking Error,1
q_11575b5d77a9c9f4,what do organ systems that work together form,ms_marco,Ranking Error,1
q_02f25d779f63804d,what happens when a school goes into special measures,ms_marco,Ranking Error,1
q_40efc745b06f5273,what to get someone whose pet has died,ms_marco,Ranking Error,1
q_8591024ea4ea87e7,what is tnf alpha,ms_marco,Ranking Error,1
q_911d3b408470140c,crab and snake meaning,ms_marco,Ranking Error,1
q_b8fdc33c42b30ebc,how long should you leave a thermometer under your tongue,ms_marco,Semantic Miss,0
q_4eb1b6ed8dec82c6,could pinched nerve affect movement,ms_marco,Ranking Error,1
q_8b343858f38bca91,what are the side effects of finacea,ms_marco,Ranking Error,1
q_a64313d2370a12e0,what kingdom is mad cow disease,ms_marco,Ranking Error,1
q_a772a5689a1d8f00,where to get corso riggs,ms_marco,Ranking Error,1
q_8af3fb3f32d71811,non deductible ira to roth ira,ms_marco,Semantic Miss,0
q_ecdedb989b6bc296,what type of horse does ferrari use,ms_marco,Ranking Error,1
q_95c8f3f7edb22cf6,common snapdragons scientific name,ms_marco,Ranking Error,1
q_5cd03ee2a4571655,when is a good time to start tomato seeds indoors,ms_marco,Semantic Miss,0
q_c3a43d8e7fa755ac,what is rhizome,ms_marco,Semantic Miss,0
q_c5ffcf16984b2991,what county is naples,ms_marco,Ranking Error,1
q_2b9edc970bc85764,are arum lilies marginal,ms_marco,Ranking Error,1
q_b9102b86d9aa2e37,what is speed of an object,ms_marco,Ranking Error,1
q_4e44790e1b56ab51,what type of tissue are the veins in leaves,ms_marco,Ranking Error,1
q_fc364be607fb7b7a,is ruthenium expensive,ms_marco,Ranking Error,1
q_d8fd5d145ab2fc87,does cat litter reduce humidity in home,ms_marco,Ranking Error,1
q_aeec020531bbfa3a,what is jra,ms_marco,Ranking Error,1
q_fdafe4d5249f51a5,what is integration in education,ms_marco,Ranking Error,1
q_5713855218a503c4,how long does it take to complete a hs CRP,ms_marco,Ranking Error,1
q_62181cff51bb0903,what purpose does public policy serve,ms_marco,Ranking Error,1
q_ba13672f6f767512,what age does baskin robbins hire,ms_marco,Ranking Error,1
q_6601479c78299ecd,what is quartz cleaning,ms_marco,Ranking Error,1
q_8c0ffa9a7393a566,Which authority figure is designated to schedule and set the work of the EU?,squad,Ranking Error,1
q_35ff4192a7e96bd5,what is inflammation arthritis,ms_marco,Ranking Error,1
q_171acba144f5aa50,typical medigap insurance costs,ms_marco,Semantic Miss,0
q_bae8eebb4b25b719,how much does it cost to attend kapiolani community college,ms_marco,Ranking Error,1
q_d84baaba0240966f,what is other tort personal injury,ms_marco,Ranking Error,1
q_0515e8d4bb30644e,what is smallest particle size a human eye can see,ms_marco,Ranking Error,1
q_9741cdc0b15c5b7c,Get crate data,code_search_net,Ranking Error,1
q_e201397343ce93ac,describe how mitosis maintains a constant chromosome number,ms_marco,Ranking Error,1
q_058b6761e3f8b204,what is the native american word for coyote,ms_marco,Semantic Miss,0
q_6ac675a430ff1914,Return str(self).,code_search_net,Ranking Error,1
q_e7c852b77c7050bc,what age does wendy's hire,ms_marco,Ranking Error,1
q_406746a2882403fa,what is a spill kit,ms_marco,Ranking Error,1
q_585d14582942a6cf,what is tempe area codes,ms_marco,Ranking Error,1
q_82136aca87589e66,"When something is described as ""hydrophilic"", you can determine something about how it interacts with what?",sciq,Ranking Error,1
q_33044f05bb647b9c,are there mountains in chile,ms_marco,Semantic Miss,0
q_3981be3b8ee5fc79,pesto slang meaning,ms_marco,Semantic Miss,0
q_980d18381474d67f,is the american prison system effective,ms_marco,Ranking Error,1
q_7c98101fbc9f0f0d,what element is represented by the symbol sr,ms_marco,Ranking Error,1
q_a24abe2303010572,how long is cooked turkey good in the fridge,ms_marco,Ranking Error,1
q_d41e66ab9d722da8,what molecules are plastic bags made up of,ms_marco,Ranking Error,1
q_3a37e3acda794258,how much does behavior analyst make,ms_marco,Semantic Miss,0
q_cf6db9bff6f5ac1f,What was the boat called?,squad,Ranking Error,1
q_e3976b60e05bb1dd,what is the salary range for a cardiac rehab director,ms_marco,Ranking Error,1
q_621809397b09d40e,how much is a guinea worth now,ms_marco,Ranking Error,1
q_63248ecad06ad51f,can you use vicks vaporub when pregnant,ms_marco,Ranking Error,1
q_41ce410ce41c7cb0,what is nmr and mri,ms_marco,Ranking Error,1
q_9a99b61003fb042f,do I have to have pci dss,ms_marco,Ranking Error,1
q_60371b2c20ec884e,what is gruyere cheese taste like,ms_marco,Ranking Error,1
q_6023be198c2f04e9,what is a pull groin,ms_marco,Ranking Error,1
q_2a202499905cf487,where is the baobab trees in madagascar,ms_marco,Semantic Miss,0
q_dcf282a2173baa85,hormones are chemicals that are secreted and go directly into,ms_marco,Ranking Error,1
q_b460388a5f382d74,what is chytridiomycosis caused by,ms_marco,Ranking Error,1
q_4c62271c53221b5d,normal dosage of diazepam,ms_marco,Ranking Error,1
q_8d36a02137d01aa8,what are the units of gauss,ms_marco,Ranking Error,1
q_977074e6f2c349e9,how much does a good pair of hearing aids cost,ms_marco,Ranking Error,1
q_918f7696fe22572b,What do you call the zone in a body of water where there is too little sunlight for photosynthesis?,sciq,Semantic Miss,0
q_8c70566ba048e9dc,what is mf ceiling,ms_marco,Ranking Error,1
q_d983ae2f29542436,how to cook a duck in the oven,ms_marco,Ranking Error,1
q_14959a23737833a1,how old must a child be to have a simple ira account,ms_marco,Ranking Error,1
q_cbf591511237f00e,how long to cook a smithfield marinated pork tenderloin,ms_marco,Ranking Error,1
q_aa9a38b1df1a6ba6,how much is an lady americana mattress worth,ms_marco,Ranking Error,1
q_09d60a815dd088e3,what kind of flour do gluten free,ms_marco,Ranking Error,1
q_0bb04b7b1d189571,what is horseland,ms_marco,Ranking Error,1
q_5d2c8293db3aa3b8,what the average cost of getting a cement foundation,ms_marco,Semantic Miss,0
q_4d24db22a52236bc,Humor is a part of the classroom for what type of teacher?,squad,Semantic Miss,0
q_dad30bda5eb9ceca,what does circumduction mean,ms_marco,Ranking Error,1
q_fb6245ea065118e2,what are watersheds,ms_marco,Ranking Error,1
q_7f67af39ff421dcd,what makes a thunderstorm,ms_marco,Ranking Error,1
q_ea3c25c0e0dccb4c,why was cape town founded,ms_marco,Ranking Error,1
q_6b5e806e68c70994,what is pyrroloquinoline quinone,ms_marco,Ranking Error,1
q_d2aaf3b4e9e744fd,how much does it cost to repair a washer machine,ms_marco,Semantic Miss,0
q_b291591998301950,function of acth,ms_marco,Ranking Error,1
q_350f90d9959a64a5,annual salary of a forensic scientist in texas,ms_marco,Semantic Miss,0
q_a29ab48917a6cf00,bulimia nervosa age range,ms_marco,Ranking Error,1
q_c1e14706b16cea23,What did giving money to the church absolve the giver from?,squad,Ranking Error,1
q_daad0fbd05a84c9f,what is normal urine frequency per day,ms_marco,Ranking Error,1
q_c8b678d0bccd07d0,what were early dry cell batteries made of,ms_marco,Ranking Error,1
q_9eb7e1b235cc68af,how much do you get paid fostering a child,ms_marco,Ranking Error,1
q_f3c6f5582ea7e7f5,where can a cheetah be found,ms_marco,Ranking Error,1
q_c5f0807d1c5550d4,what is paw paw,ms_marco,Semantic Miss,0
q_9a4c5e66fb1e7f09,what is sn,ms_marco,Ranking Error,1
q_e721d7a4e2e11c0d,where is your appendix located on a male,ms_marco,Ranking Error,1
q_87c4ee3cdeae7666,cost for relining dentures,ms_marco,Ranking Error,1
q_4e47e3bf784a936f,what was the purpose of abraham lincoln's gettysburg address,ms_marco,Semantic Miss,0
q_cf73ba7bb6d8a127,where is grand cayman island located,ms_marco,Ranking Error,1
q_686cabebe2ce1a33,how much do bodybuilders make,ms_marco,Ranking Error,1
q_0e5d67b3d1ec24d9,what kind of skin does a turtle have,ms_marco,Ranking Error,1
q_15b906059f2085af,Who conducted this survey?,squad,Ranking Error,1
q_24992c68eec9e512,diseases caused by viruses list,ms_marco,Ranking Error,1
q_87e485d17151c74d,where do orangutans live,ms_marco,Ranking Error,1
q_10655673f9d4ab7b,can a person with felony be a bartender in nj,ms_marco,Ranking Error,1
q_033666c35779bebe,Helper to `maybe_call_fn_and_grads`.,code_search_net,Ranking Error,1
q_40591071aa7dac56,What do nonvascular plants reproduce with?,sciq,Ranking Error,1
q_7db59e29f52a7dce,what is the levator scapulae,ms_marco,Ranking Error,1
q_b52072974abfc4e0,what is alcantara leather,ms_marco,Ranking Error,1
q_d6d098ae8394d046,how does dragonfly moves,ms_marco,Ranking Error,1
q_cec41fde21b87c06,which civilization is considered the world's oldest,ms_marco,Ranking Error,1
q_e9f673e1349292e5,how long does it take for pterygium to heal after surgery,ms_marco,Ranking Error,1
q_9ebecb1bcb6e73cf,what kind of gravel is bad for a fish tank,ms_marco,Ranking Error,1
q_1c16cf6c28b5a46d,what does the name bronson mean,ms_marco,Ranking Error,1
q_c3f78088cdf8a326,what is the upper curved border of the ilium called,ms_marco,Ranking Error,1
q_06df2a908b22b3e8,what is a bore diameter,ms_marco,Ranking Error,1
q_aaf3b176530bdc6a,what diseases do chickens carry that harm humans,ms_marco,Ranking Error,1
q_6e0972e5c1d26c38,how fast does first response detect pregnancy,ms_marco,Ranking Error,1
q_12a1e920b5be6793,what is pique fabric used for,ms_marco,Ranking Error,1
q_fdb94764153582ec,what is mountain,ms_marco,Ranking Error,1
q_c1c190fbfe736f78,What was the black death originally blamed on?,squad,Ranking Error,1
q_4c0c2f1386c8b8b6,supervolcano definition,ms_marco,Ranking Error,1
q_4aaee721d1a2a37c,calculating to get estimate to replace windows,ms_marco,Ranking Error,1
q_aab10907205ee8b0,what temp should a dog be while in labor,ms_marco,Ranking Error,1
q_879c8dd5b417ee10,frequency of data definition,ms_marco,Ranking Error,1
q_39e323a77badbdd3,where does the name smith come from,ms_marco,Ranking Error,1
q_c95681438ac8f501,what decade did manufacturing start singapore,ms_marco,Ranking Error,1
q_0889b27b9ff2e177,define dropsy disease,ms_marco,Ranking Error,1
q_2441b2fe39b7d057,are tamko shingles good,ms_marco,Ranking Error,1
q_f2eed684e6452498,what is ptosis,ms_marco,Ranking Error,1
q_59c2b6e1928cd1c9,what diseases can skin rashes,ms_marco,Semantic Miss,0
q_0752311856bb4cf1,what does ounce mean,ms_marco,Ranking Error,1
q_006f273bb699ed98,what is a snowy owl's climate,ms_marco,Ranking Error,1
q_cde06938d3914e06,where does water reabsorption occur,ms_marco,Semantic Miss,0
q_91c96b3bd6501a42,is a mri a test or imaging,ms_marco,Ranking Error,1
q_0a758885bbe34dc8,why volcanoes occur,ms_marco,Ranking Error,1
q_2c8de61534152846,what is the largest muscle in the body,ms_marco,Ranking Error,1
q_05fe92101e2c73c8,are all fungi multicellular,ms_marco,Ranking Error,1
q_304193d6e4a1622f,what sort of mouth does barbus barbus have,ms_marco,Ranking Error,1
q_1c7fb22b8812ccb5,what is a cowl,ms_marco,Ranking Error,1
q_55b524b96b494020,geothermal cost to install,ms_marco,Semantic Miss,0
q_db3cfb4956a50b92,why is a pineapple called a pineapple,ms_marco,Semantic Miss,0
q_27ffce3310c7f7cd,why are gas prices going up in oregon,ms_marco,Ranking Error,1
q_f89fef3758d0ef1e,is cholesterol only found in animal products,ms_marco,Ranking Error,1
q_495b41017ddbb282,what is brand archetype or essence,ms_marco,Ranking Error,1
q_b81982d8c0a2f006,what nutrients are in bacon,ms_marco,Ranking Error,1
q_b2b6210b91a6551f,how much does southwest charge to change a reservation to another person,ms_marco,Ranking Error,1
q_e4a2a275a1587286,what is the book of life,ms_marco,Ranking Error,1
q_835d1022d0a5a9ef,how long is marijuana in your system,ms_marco,Ranking Error,1
q_94adb893cd300d76,what are examples of GMOs,ms_marco,Ranking Error,1
q_f19019ef0dfa39c0,calories in a egg,ms_marco,Ranking Error,1
q_37ec0aa81c0864c4,plasmids definition biology,ms_marco,Semantic Miss,0
q_be906b3bc554721e,What was the final score of the game between the Panthers and the Seahawks?,squad,Ranking Error,1
q_e0307276c7916d75,how much does a circuit judge make,ms_marco,Ranking Error,1
q_7a3ac415f68996c9,Who if the commissioner of the NFL?,squad,Ranking Error,1
q_5668bad4a953e3e4,bandwidth utilization definition,ms_marco,Ranking Error,1
q_545215642b65c503,what level of oxygen is dangerous,ms_marco,Ranking Error,1
q_49249052d65d3796,what is denitrification,ms_marco,Ranking Error,1
q_7e964312fe935364,what is venus,ms_marco,Ranking Error,1
q_71235ae1bb3db1a0,What is preschool required for?,squad,Ranking Error,1
q_53872219ebd88ef6,how to establish salary ranges,ms_marco,Ranking Error,1
q_12b8bc65aa38f13c,how much does ipl facial cost,ms_marco,Ranking Error,1
q_0a778ef11874cd2c,what is acetoin,ms_marco,Ranking Error,1
q_d20cb145289a4bc2,Creates the email,code_search_net,Ranking Error,1
q_10ba9fdea270299b,what is a gini coefficient,ms_marco,Ranking Error,1
q_6a4c81b930dee35e,what is dapper,ms_marco,Ranking Error,1
q_7d2e5718091b182e,is heat intolerance is associated with pituitary gland,ms_marco,Ranking Error,1
q_92866ca2c2faf2bf,maine average temperature,ms_marco,Ranking Error,1
q_da13b3302b39f67f,how much do radiologists techs make an hour,ms_marco,Ranking Error,1
q_91aa976fca7b662b,what cells contain hemoglobin genes,ms_marco,Ranking Error,1
q_6e77434104472262,cost to replace heat pump and furnace,ms_marco,Ranking Error,1
q_7598c103119b2116,how much is a chef paid well,ms_marco,Ranking Error,1
q_e83745745ea1b10f,what is opportunity qualification process,ms_marco,Ranking Error,1
q_9aecd1a60b8f83a3,what is culture within a business,ms_marco,Ranking Error,1
q_6fba5986e4acf19d,what type of response by the afferent arterioles,ms_marco,Ranking Error,1
q_4347625c07fd24a4,where was laura ingalls wilder born,ms_marco,Ranking Error,1
q_92f5232d60365065,where is the blarney castle in ireland,ms_marco,Ranking Error,1
q_5e5f173e9fde27e2,is it normal to get period week after your period,ms_marco,Ranking Error,1
q_8212edb14a810e1e,how long is a teaching degree,ms_marco,Ranking Error,1
q_66d2e417936a867e,what dominant traits are advantageous,ms_marco,Ranking Error,1
q_1081ae792d014c0d,how to start a doggie daycare business from home,ms_marco,Semantic Miss,0
q_803ef0ee7033da63,What two other rulers had their graves hidden under a river?,squad,Ranking Error,1
q_588e9a7f48d422a9,cost of renewing a passport,ms_marco,Ranking Error,1
q_7aa4ec6bb55b20a6,how thick should a driveway cap be,ms_marco,Semantic Miss,0
q_e90e0c54a73f01cf,"What type of degree must a teacher have, at a minimum?",squad,Ranking Error,1
q_2e823a7c4cd0faf8,how to change your pc login password,ms_marco,Semantic Miss,0
q_31860aa88bbcfc39,is penicillin a bacteriostatic,ms_marco,Ranking Error,1
q_feb41fc86b35399d,actor that played joker in the dark knight,ms_marco,Ranking Error,1
q_8d0790c57a293ca8,what are characteristics of a republic government,ms_marco,Ranking Error,1
q_72350f085b880b94,examples of opportunistic fungi,ms_marco,Ranking Error,1
q_c018e33b5a2fc760,geography what research methods do they use,ms_marco,Ranking Error,1
q_cc6e7bc0466eae45,typical aso service fee,ms_marco,Ranking Error,1
q_7652a0223394def1,what is dust from mites,ms_marco,Ranking Error,1
q_cbc073e61d42316e,When was virgin media rebranded from NTL Telewest?,squad,Ranking Error,1
q_6a9b6e86f24ea0f8,what causes takayasu arteritis,ms_marco,Semantic Miss,0
q_cf5e4ca3ee22a1c3,what structures are associated with cell movement,ms_marco,Ranking Error,1
q_d265c02aafca40e8,what means irie,ms_marco,Ranking Error,1
q_17db682a1a825ef4,what does a teardrop tattoo by the eye mean,ms_marco,Ranking Error,1
q_c1d17b8dff93300f,"Mushrooms are an example of what type of organism, which includes beneficial and toxic specimens?",sciq,Ranking Error,1
q_aac58584282d658d,ufc membership cost,ms_marco,Ranking Error,1
q_08670322099bbd3d,what does the rpc server is unavailable mean,ms_marco,Ranking Error,1
q_7dedb3a75eaa9694,is als disease curable,ms_marco,Ranking Error,1
q_301b440647464b5d,what does moreton mean,ms_marco,Ranking Error,1
q_56cd18d3f395ca0f,what are good fat food,ms_marco,Ranking Error,1
q_9271a3d54c931f18,how to share wireless with virtual pc,ms_marco,Semantic Miss,0
q_2671e41b2a64e88d,which snake is bigger anaconda or python,ms_marco,Ranking Error,1
q_43b2974c5c420e2e,what is a wetland restoration,ms_marco,Ranking Error,1
q_7a1692c5c5afa953,when should my insurance renewal be received,ms_marco,Ranking Error,1
q_3c46b4d1b108e681,how much does ups charge to notarize,ms_marco,Ranking Error,1
q_2dae371d8925b260,how is a whale like a human,ms_marco,Semantic Miss,0
q_441990412590ff6a,mars average surface temperature in celsius,ms_marco,Semantic Miss,0
q_5ee3ace443b29025,does alcohol aggravate osteoarthritis,ms_marco,Ranking Error,1
q_e017c117c6f399c2,what is fg in catheter,ms_marco,Ranking Error,1
q_a40359e04473de40,similarities between canada and switzerland,ms_marco,Ranking Error,1
q_d6ae6e769482d831,flagstone cost per square foot installed,ms_marco,Ranking Error,1
q_eb6e4acb6ca53d80,what are the four types of fossils,ms_marco,Semantic Miss,0
q_578e28323c889764,does anxiety have anything to do with adhd,ms_marco,Ranking Error,1
q_ea77370af2f315bf,what disease do cockroaches cause,ms_marco,Semantic Miss,0
q_1f126938229f1bd9,how to boil a perfect egg,ms_marco,Ranking Error,1
q_caf3a291ee189fb9,are yeezys ever going to be widely available,ms_marco,Ranking Error,1
q_92e9fde7969cde3e,types of particles and bonding in ionic compounds,ms_marco,Ranking Error,1
q_ed27716d56a9d6c6,what is the meaning of wright,ms_marco,Ranking Error,1
q_19c0c4ae29ce7791,how to find upper and lower limits of standard deviations from the mean,ms_marco,Ranking Error,1
q_45ef88fb1b2205a5,when did alcohol become illegal,ms_marco,Semantic Miss,0
q_3ecfe17d1d6bcb92,boy name that means mountain,ms_marco,Ranking Error,1
q_2f1958ca3bceca7f,what is pnp mean,ms_marco,Ranking Error,1
q_dfd941f40fdda185,does probiotics work for cat diarrhea,ms_marco,Ranking Error,1
q_f08d4d663295dcd4,how to price a tiling job,ms_marco,Ranking Error,1
q_f3dde59eacd52d76,characteristics of protists,ms_marco,Ranking Error,1
q_8050fa6d09366a02,when was come fly with me released,ms_marco,Ranking Error,1
q_0a24d3942184894e,what is difference between planned amounts and budgeted amounts,ms_marco,Ranking Error,1
q_aad8a10a912e4795,how often should you receive a tetanus shot,ms_marco,Ranking Error,1
q_d60cfa70a8a97adf,is proteus mirabilis normal flora,ms_marco,Ranking Error,1
q_24b8c7f89d151ce5,is dimethicone organic,ms_marco,Ranking Error,1
q_00b61608a640ea42,what is in a bratwurst,ms_marco,Semantic Miss,0
q_da0dc819cd601b9c,what is a poetry,ms_marco,Ranking Error,1
q_dcffd7c12984ec39,what is the prostate gland and what does it do,ms_marco,Semantic Miss,0
q_e7d18fbd405bf77e,what is the climate polar environment,ms_marco,Semantic Miss,0
q_8811aabdd3df58ef,can you transfer traditional ira into simple ira,ms_marco,Ranking Error,1
q_1c1cafb0e9f30ccc,what is the total fee for a petition,ms_marco,Ranking Error,1
q_84d295dd9dc14b8d,is phagocytosis autotrophic or heterotrophic,ms_marco,Ranking Error,1
q_e78ffbaac5a20423,cost to install hardwood floor,ms_marco,Ranking Error,1
q_e540e7a1e55015a5,what is a beta particle made up of,ms_marco,Ranking Error,1
q_f4851900fe16b33e,average cost to tile a shower,ms_marco,Ranking Error,1
q_7e576043020ec747,what function does the thyroid perform,ms_marco,Ranking Error,1
q_0a6a8b6d5b6d1d53,what is sinamay fabric,ms_marco,Ranking Error,1
q_cf21556b72b97d25,what if jury summons excuses confirmation notice,ms_marco,Ranking Error,1
q_190ea760af8bbb06,how long does it take for hair to grow back,ms_marco,Ranking Error,1
q_577d4c56ff750523,what is spontaneous radioactive decay,ms_marco,Ranking Error,1
q_be42cbc61845c6c0,what is a diocese,ms_marco,Ranking Error,1
q_7370f266bd2a9ce2,what is a kier,ms_marco,Ranking Error,1
q_d14182acc0d3199c,how to get dog hair off of clothes,ms_marco,Semantic Miss,0
q_0f0f0ad8e7047af5,what is pneumovax,ms_marco,Ranking Error,1
q_8c1fb0d7e0aaccc6,what are the three major groups of amphibians alive today,ms_marco,Semantic Miss,0
q_a0786d47a4128514,what team does adrian peterson play for,ms_marco,Ranking Error,1
q_639996ebf312f029,Init client,code_search_net,Ranking Error,1
q_a04ff1848d24da5c,where was spike lee born,ms_marco,Semantic Miss,0
q_adfba7060b35b59b,hormone that stimulates the development of the immune system and the production of lymphocytes,ms_marco,Ranking Error,1
q_5c85e59eaebd128f,how much salary in USA for GM of a restaurant?,ms_marco,Semantic Miss,0
q_f86808ed5a8d4abe,how much are the court fees for a divorce,ms_marco,Ranking Error,1
q_6e4a42a38d1d465a,what does disclosure mean under hipaa,ms_marco,Ranking Error,1
q_b5475ec3169d2922,What has has revolutionized biological and biomedical research and applications?,sciq,Ranking Error,1
q_dfe8aa643afd3d1d,one watt is equal to how many volt-amps,ms_marco,Ranking Error,1
q_038332311309e770,who invented the very first washing machine ever,ms_marco,Ranking Error,1
q_f7095b0c0200b6d5,is there such thing as a work spouse?,ms_marco,Ranking Error,1
q_6506b40e6036b60e,financial service designations,ms_marco,Ranking Error,1
q_081cc3b9710eb5a2,what is buccal midazolam,ms_marco,Ranking Error,1
q_c6f28b2250cb74ed,does msm and biotin change hair texture,ms_marco,Ranking Error,1
q_f2e603bf0317e5d3,meaning of the name mahasaya,ms_marco,Ranking Error,1
q_1de66b5140cd46bc,average condo association fees chicago,ms_marco,Semantic Miss,0
q_c8b3639a7c6fcafd,how much does a rent roll cost,ms_marco,Ranking Error,1
q_2776e3c6374b69f1,what is the link between alveoli and capillaries,ms_marco,Semantic Miss,0
q_47046eeb7ead7af5,how does pressure affect phase change,ms_marco,Ranking Error,1
q_fe2a8560b024626e,what process do plants use to break down the sugars they produce,ms_marco,Ranking Error,1
q_003560942b780e54,how to get cat dander out of a house,ms_marco,Ranking Error,1
q_135ba8f59c52277b,what causes a collapsed lung in a teenager,ms_marco,Ranking Error,1
q_446d2e215bc97c69,What did the analysis from the sediment deposits indicate?,squad,Ranking Error,1
q_6e88fcdcbf3603c4,what language do they speak in saudi arabia,ms_marco,Ranking Error,1
q_3db66def356ad198,how much does it cost to get retainers replace at western dental,ms_marco,Ranking Error,1
q_3db3937f796ae80d,Start the timer.,code_search_net,Ranking Error,1
q_57d6e845e1f1e45a,starting dose of neurontin,ms_marco,Ranking Error,1
q_d09c4323a77cab54,best natural sources of calcium,ms_marco,Ranking Error,1
q_daa0a41fac73e3d1,explain a muscle contraction,ms_marco,Ranking Error,1
q_4af5e8e147615dfc,what is produced from limestone,ms_marco,Semantic Miss,0
q_71ef59db9a56e524,what are amalgam filling made of,ms_marco,Semantic Miss,0
q_0bca7a1efe7c7707,What is the tectonic zone called where two plates come together?,sciq,Ranking Error,1
q_742e78c297061191,failure to configure windows update reverting,ms_marco,Semantic Miss,0
q_b5ce223764eae8d5,what is the hindi name for calotropis?,ms_marco,Ranking Error,1
q_910bab2a63b4345b,how much does a pregnancy cost without insurance,ms_marco,Ranking Error,1
q_c4cf2f53925bcb24,what is gaussian curve,ms_marco,Ranking Error,1
q_768cefdc66e2b06a,what kind of guitar does ray lamontagne play,ms_marco,Ranking Error,1
q_12a403f5b9632072,what is the stomach function,ms_marco,Ranking Error,1
q_e03b64dc5c5ac7cc,define altruism,ms_marco,Ranking Error,1
q_76134d921450507d,cost to repair brake pads,ms_marco,Ranking Error,1
q_231e51416da77b78,define contract employee,ms_marco,Semantic Miss,0
q_2c7cf76b5b34dca9,Stop listening.,code_search_net,Ranking Error,1
q_7221c137f60bae97,how to take apart pallets,ms_marco,Ranking Error,1
q_e14d1c57ff585b1e,average salary system engineer seattle wa,ms_marco,Ranking Error,1
q_b45c401410b15b84,What is notable about the Amazon forest when it is seen from space?,squad,Ranking Error,1
q_4f259a2b59dd8874,types of dimorphic fungi,ms_marco,Ranking Error,1
q_d838626f9bc4088d,average lifespan for collie,ms_marco,Semantic Miss,0
q_45c496ae01a5fb0c,name meaning companion,ms_marco,Ranking Error,1
q_5d0ccc7b992bcbdd,what does hss stand for,ms_marco,Semantic Miss,0
q_dc619cc0a669dae5,what kinds of flu are fatal,ms_marco,Ranking Error,1
q_0abe1f508a543f52,What causes strain in structures?,squad,Ranking Error,1
q_dca7e976a0a1ec68,do intralipids cause infections,ms_marco,Semantic Miss,0
q_d7861b8a810c99f5,where is endometrial ablation performed,ms_marco,Semantic Miss,0
q_675438c9b3296f7b,how long to cook sweet potatoes in the oven,ms_marco,Semantic Miss,0
q_7eae2df5b216d366,what does wallahi azeem mean,ms_marco,Ranking Error,1
q_c31f947daa205dab,irs publication origination fees,ms_marco,Ranking Error,1
q_4ae005d494f71896,what is cmos in computer,ms_marco,Ranking Error,1
q_37bbec4824202e18,what are marionberries,ms_marco,Ranking Error,1
q_6d9e5ba357395535,austin peay tuition cost,ms_marco,Ranking Error,1
q_78109752ba7576bd,how much does a nutritionist make a year,ms_marco,Ranking Error,1
q_9bc51ba5e006b375,how much does a carpenter charge per hour,ms_marco,Ranking Error,1
q_6e1b42189377b739,what does ambien do,ms_marco,Ranking Error,1
q_7e1021a0745428a2,What do you require to test a hypothesis?,sciq,Ranking Error,1
q_2fc7d266b4942630,What is the area where an electron is most likely to be found called?,sciq,Ranking Error,1
q_35bc36093847f847,how did they build the pyramids of egypt,ms_marco,Semantic Miss,0
q_163a1c957751bb8a,The Skylab had what type of equipment onboard that was supposed to be used in a different mission?,squad,Ranking Error,1
q_b4daba06b535d724,What protects reptiles from injury and loss of water?,sciq,Ranking Error,1
q_f131be641e5abc37,What is the NASUWT?,squad,Ranking Error,1
q_20052cd8a29311b5,What author did Tesla credit for his recovery?,squad,Ranking Error,1
q_90269e42078fb00c,what is bax,ms_marco,Ranking Error,1
q_743b3a63548a7421,what is the currency for cyprus,ms_marco,Ranking Error,1
q_bf0223230c00806b,what is the cerrados plain,ms_marco,Ranking Error,1
q_867c1fccba8c054d,talbots hourly wage,ms_marco,Ranking Error,1
q_4427500783dea784,average temperature jindabyne,ms_marco,Ranking Error,1
q_75e84786cb5dda4e,how much does truck broker make,ms_marco,Ranking Error,1
q_ba5a9e9da7a02818,name of toxic gases emitted by volcanoes,ms_marco,Ranking Error,1
q_bd2c3f6f1f08a8e7,how much does it cost to encapsulate placenta,ms_marco,Ranking Error,1
q_3ab3603e9509846c,what are signs of dementia,ms_marco,Semantic Miss,0
q_9271d6e103cc7f5a,what is the average cost to stretch carpet,ms_marco,Ranking Error,1
q_ace8dabc1cd03716,why are dragonflies called mosquito hawks,ms_marco,Ranking Error,1
q_625f36c02fe4d453,what age should children get the pneumococcal vaccine?,ms_marco,Ranking Error,1
q_64498f826aac3209,what is double fertilization,ms_marco,Ranking Error,1
q_90cee56588231b07,what part of the body does the coronary artery supply,ms_marco,Ranking Error,1
q_e2228391a29a88e0,what is a fuse,ms_marco,Ranking Error,1
q_e5f2c7726745ca12,normal range heart rate,ms_marco,Ranking Error,1
q_9cb6bb80e7339095,hurricanes in hawaii that did most damage,ms_marco,Semantic Miss,0
q_a8f5e10c15bc44f5,are american corns bad,ms_marco,Semantic Miss,0
q_06dd9c9f952ed43e,Save data.,code_search_net,Ranking Error,1
q_37d80f2f9007f1b1,what is prima facie,ms_marco,Ranking Error,1
q_8b885c43edf569de,average salary increase for bachelor's degree,ms_marco,Semantic Miss,0
q_7c63b37a7206f04c,what continent is saudi arabia,ms_marco,Ranking Error,1
q_fef8646371d69b7d,convert nm to ft lbf,ms_marco,Ranking Error,1
q_0e6d3fe3083810c7,what is paraffin,ms_marco,Ranking Error,1
q_298bfc59c1e629c9,incubation period for BKD,ms_marco,Ranking Error,1
q_ef4abe42fd7e84c5,what is nasal reflux,ms_marco,Ranking Error,1
q_0d95a7116061a0f1,what causes osteoarthritis flare up,ms_marco,Ranking Error,1
q_c8cede7f7d1b9a8b,where is hitlers crows nest located,ms_marco,Ranking Error,1
q_5877c263b39b3d5d,"What was the definition of professionals, for this study?",squad,Ranking Error,1
q_083263722c7afefe,how to take care aloe vera plant at home,ms_marco,Ranking Error,1
q_1efdbec32f4a78e6,what is egmont cheese,ms_marco,Ranking Error,1
q_8e0a918d7fb89827,cost to send a postcard,ms_marco,Ranking Error,1
q_b304b9fe4e969a32,average cost of merry maids,ms_marco,Ranking Error,1
q_dd5c18e5b8109099,What expression is generally used to convey upper or lower bounds?,squad,Ranking Error,1
q_b23606b38b656865,what is a gorge,ms_marco,Ranking Error,1
q_da32207b7b432ee1,what is the average human reaction time,ms_marco,Ranking Error,1
q_81b69c662de3a746,what is altitude training,ms_marco,Ranking Error,1
q_1da5207af2317b4f,how much do recruitment consultants earn,ms_marco,Ranking Error,1
q_c50d280a8be50692,is dyslexia hereditary,ms_marco,Ranking Error,1
q_00ce85b5c23d675d,"Who is the designer of the ""50?""",squad,Ranking Error,1
q_48fc53a7f39565c3,how much does a computer engineer earn,ms_marco,Semantic Miss,0
q_c85ac556da48437b,what structure is responsible for moving the chromosomes during mitosis,ms_marco,Ranking Error,1
q_d125c276189f8112,how to get stronger at home without weights,ms_marco,Ranking Error,1
q_894a0e39199383a2,sonic average pay,ms_marco,Ranking Error,1
q_96c1aa5029db21da,which hemisphere are the largest land masses found,ms_marco,Ranking Error,1
q_40ab09af9d0c068a,air handler replacement cost,ms_marco,Ranking Error,1
q_ed50acaeaaf6c550,What is another term for nearsightedness?,sciq,Ranking Error,1
q_13de8def3414fdcb,does playing tennis burn calories,ms_marco,Ranking Error,1
q_9eb5f7d95d48a893,what salary psychologist,ms_marco,Ranking Error,1
q_e9ef804541d4d22b,how much to charge for carpet cleaning,ms_marco,Ranking Error,1
q_73d63639dff68723,average cost of one physical therapy visit,ms_marco,Semantic Miss,0
q_42dc7411a117204e,what is amqp mqtt,ms_marco,Ranking Error,1
q_40ae548239df470b,what is biphasic action potential,ms_marco,Ranking Error,1
q_1cfbf87093f87743,who sings the song goodnight irene,ms_marco,Ranking Error,1
q_4db76b5b1ec79ccc,what is a squatter,ms_marco,Ranking Error,1
q_1f150e40d48cbeb1,what are the mosquito repellent herbs,ms_marco,Ranking Error,1
q_b5e668af54366677,What does burning wood release into the atmosphere?,sciq,Ranking Error,1
q_cc2cb241833f361c,average salary rugby player,ms_marco,Ranking Error,1
q_46f39a08117a6287,at what temperature does oxygen become liquid,ms_marco,Ranking Error,1
q_fac1622c2c858288,who is flavor flav,ms_marco,Ranking Error,1
q_9f62f81242688887,what is filtrate,ms_marco,Ranking Error,1
q_c04b87212ce033b4,reasons why fossil fuels are bad,ms_marco,Ranking Error,1
q_87cc4d7e5310fc36,what are the parathyroid hormones,ms_marco,Ranking Error,1
q_bf482b620e037e52,how much money does the accuplacer companies make,ms_marco,Ranking Error,1
q_9cda08b0670f678a,what is an amide,ms_marco,Semantic Miss,0
q_6a397480f934f4ba,what is considered a seizure of person under the fourth amendment,ms_marco,Ranking Error,1
q_5014a847849c0a34,how fast do bluegill grow,ms_marco,Ranking Error,1
q_9a6d1aa58c50ccf7,salary costs to employer,ms_marco,Semantic Miss,0
q_e0c80e8e6c8dfe67,which choice is an example of ethnicity,ms_marco,Ranking Error,1
q_d14402afce0f1b4c,Carbonic anhydrase plays what role to achieve a variety of results involving different organs?,sciq,Ranking Error,1
q_c3dd1d76bb8f283b,what is a chard in drugs,ms_marco,Semantic Miss,0
q_a3bc71dd0016b446,how long can you ferment yogurt,ms_marco,Ranking Error,1
q_036ae064e2d6c3f6,what causes abscess,ms_marco,Ranking Error,1
q_e5831207276db006,how much is a passport card,ms_marco,Ranking Error,1
q_e9bdbed6827dbaa7,who is the actress that plays beckett on castle,ms_marco,Ranking Error,1
q_adb26b07c67e42e9,how to cook swordfish in a pan,ms_marco,Ranking Error,1
q_26a28bf68267a0b4,What happens to old oceanic crust at convergent boundaries?,sciq,Semantic Miss,0
q_4c50c2f3f2018cf8,how much does it cost to run an electric pool heater,ms_marco,Semantic Miss,0
q_aa5f016cfc0f4ae8,what is the aqueous humor secreted by,ms_marco,Ranking Error,1
q_ffbcfc6dee3d6b23,do angiosperms have spores,ms_marco,Ranking Error,1
q_fafcc43cf2cec326,what is charmeuse fabric,ms_marco,Ranking Error,1
q_54fe307688abb39f,Who was Tesla trying to photograph when he accidentally took the X-Ray image?,squad,Ranking Error,1
q_21dbc7319753b567,what are the chances of rheumatoid arthritis if anti CCP is positive,ms_marco,Ranking Error,1
q_749ba61b89a297cf,what is acceptance contract law,ms_marco,Ranking Error,1
q_388c5cacd0c8d899,What entity owns V/Line?,squad,Ranking Error,1
q_489318c35c0801bb,what are epiphytes,ms_marco,Ranking Error,1
q_f3ad9bfb795fecf5,how much does a carpenter earn,ms_marco,Ranking Error,1
q_f6193b9093a4bf0f,average np salary in texas,ms_marco,Semantic Miss,0
q_f4eca4af46b8f2b8,describe the plants and animals found in the desert biome,ms_marco,Ranking Error,1
q_4fadc6d727100f36,biggest island in bahamas,ms_marco,Ranking Error,1
q_cef033f731ed2257,define human geography,ms_marco,Ranking Error,1
q_601b146185d2d5e5,is edta safe for everyone,ms_marco,Ranking Error,1
q_53e33e43178cda12,What nationality is the band Coldplay?,squad,Ranking Error,1
q_9fb5ed9012c293bf,where is your hamstring muscle located,ms_marco,Ranking Error,1
q_cb5ccc8f176ae1b9,what region is ecuador in,ms_marco,Ranking Error,1
q_6e871ad1be921ffa,in a standard normal distribution the mean is,ms_marco,Semantic Miss,0
q_ec1e74dc499efcfa,what is a silicone elastomer,ms_marco,Ranking Error,1
q_abc268a12ee901ff,what is similar to cholera,ms_marco,Ranking Error,1
q_b01cf791cda219ea,what is oleoresin,ms_marco,Ranking Error,1
q_8543b4f7c7be65dc,what general function does the skeletal system perform,ms_marco,Ranking Error,1
q_ed801bb9f31df15c,what color are split peas,ms_marco,Semantic Miss,0
q_1dbfc174ca6ffd93,lsat score range,ms_marco,Ranking Error,1
q_4b421df09c4d54eb,what does first-wave feminism argue for,ms_marco,Ranking Error,1
q_51a76b1e966927ba,where is energy located in the atp molecule,ms_marco,Ranking Error,1
q_60c1b429022b0f48,what is a gastritis,ms_marco,Semantic Miss,0
q_15448ef54032ec40,what is progressive reform,ms_marco,Ranking Error,1
q_c2d90d22b49cd32c,what are photography gels,ms_marco,Ranking Error,1
q_89f98dee36aaf2c0,how much do interns make at idexx,ms_marco,Ranking Error,1
q_316a5873577bed19,how many calories should a child eat,ms_marco,Ranking Error,1
q_b9d6a97ee4bccd71,what is in garcinia cambogia,ms_marco,Ranking Error,1
q_5b5ca4d01a30f8d9,Add tasks,code_search_net,Semantic Miss,0
q_90861fb62be23a98,what is the average distance a baseball can be thrown,ms_marco,Ranking Error,1
q_5a65817ac93495d1,When is the first reference in history to Warsaw?,squad,Ranking Error,1
q_68e119c005e66910,what type of landscape region is cusco,ms_marco,Ranking Error,1
q_ca31c7f6be8bb14f,average cost for a skilled nursing bed,ms_marco,Ranking Error,1
q_70c5811c9a6476e7,warrior archetype definition,ms_marco,Ranking Error,1
q_25f170e7285147b4,average cost to replace shocks and struts,ms_marco,Ranking Error,1
q_cb885277a75988d5,where is the endometrial cavity located,ms_marco,Ranking Error,1
q_31945ae9b622dd8a,Send request,code_search_net,Ranking Error,1
q_72bfcb69b6342047,what is used motherboard,ms_marco,Ranking Error,1
q_d3d1dd5673a778cd,what is sedan car means,ms_marco,Ranking Error,1
q_b1799ac7ca9ba3d9,what colors do strawberries come in,ms_marco,Semantic Miss,0
q_255ef9d012000c07,what happens when add turps to oil paint,ms_marco,Ranking Error,1
q_aa7e022be97f0442,addiction a disease or moral deficiency,ms_marco,Semantic Miss,0
q_439720e0f7e3927b,what is headless mode,ms_marco,Ranking Error,1
q_04db4f243d1a87dc,antidiuretic hormone affects the permeability of,ms_marco,Ranking Error,1
q_aefeaf47f68f1473,Sedimentary rocks that are formed partially by animals and plants are called what?,ms_marco,Ranking Error,1
q_fcb65bd8160cfde1,how long to robins nest,ms_marco,Ranking Error,1
q_e0c33149c542b35e,Generate model.,code_search_net,Ranking Error,1
q_b1d48fce38fe869e,controlled study definition,ms_marco,Ranking Error,1
q_c708aa1cbe2e3429,which branch of a spinal nerve is the widest in diameter,ms_marco,Ranking Error,1
q_22688140e12d995b,A kilocalorie of heat is required to raise the temperature of,ms_marco,Semantic Miss,0
q_1b4494cfd436f3a6,who and when was the sign language invented,ms_marco,Ranking Error,1
q_e8b9a2337a0e897f,lymphoid tissue definition,ms_marco,Ranking Error,1
q_2edc91607c2458a9,what is the starch in beans called,ms_marco,Ranking Error,1
q_9ccaba1a1e6ef5b2,what are the differences between a male and female pelvis,ms_marco,Semantic Miss,0
q_79da17d04748a1fe,what is the ciliospinal reflex,ms_marco,Ranking Error,1
q_9efdc3e559e1f274,how much transmission fluid,ms_marco,Semantic Miss,0
q_bff96ea7e919907d,what is the sodium limit per day,ms_marco,Ranking Error,1
q_ad36a1a8ebf64aec,what is wasting disease,ms_marco,Semantic Miss,0
q_b35f89f071ca49c9,how much money do NFL games bring in?,ms_marco,Ranking Error,1
q_0d946077d96b6b84,where do kookaburras live,ms_marco,Ranking Error,1
q_73c3f7a5db152fe9,what is a corrido,ms_marco,Ranking Error,1
q_fcce9e1aa9533449,what is responsible for peristaltic waves,ms_marco,Ranking Error,1
q_e461d972c390cb33,what is antisocial personality disorder,ms_marco,Ranking Error,1
q_465928cdbcb77626,what is physiology mean,ms_marco,Ranking Error,1
q_eaa6d3051130a07a,what year did jamestown settle,ms_marco,Semantic Miss,0
q_42cdf7be2f7b3b7f,is marble porous,ms_marco,Ranking Error,1
q_c5d84e1bf0051063,average cost for single storey extension,ms_marco,Ranking Error,1
q_d2aa3dd43aa2a55d,what is the average cost for a martial arts studio lease,ms_marco,Ranking Error,1
q_d5546bbba994826b,what does mobo stand for computer,ms_marco,Ranking Error,1
q_be935c856c262e92,ocwen mortgage phone number customer service,ms_marco,Ranking Error,1
q_be55cae8fb3fae45,el chapo net worth,ms_marco,Ranking Error,1
q_33ce761b15268686,how did the missouri compromise affect massachusetts,ms_marco,Ranking Error,1
q_75834323b49369e4,is bp stock a good investment,ms_marco,Ranking Error,1
q_ecaebd41df21957e,health benefits of liquid aminos,ms_marco,Ranking Error,1
q_79b956cffafcada7,when and why was the berlin wall built,ms_marco,Ranking Error,1
q_a6dee4b2c85d6037,what is pragmatism in philosophy,ms_marco,Ranking Error,1
q_8910188ee0942b20,meaning name inayat,ms_marco,Ranking Error,1
q_6a65fa55266363bc,maximum earnings to contribute to roth ira,ms_marco,Semantic Miss,0
q_aa15f8bc87f714c8,how long can steak stay in the fridge,ms_marco,Ranking Error,1
q_ae89c4fd62a5c7ab,what is midazolam versed,ms_marco,Ranking Error,1
q_d02c6f1628ecc4b6,are satsuma mandarins seedless,ms_marco,Ranking Error,1
q_e2a4b043d5592345,what is typhlitis,ms_marco,Ranking Error,1
q_5e16dac0c72cb1ad,how much does cristiano ronaldo earn,ms_marco,Semantic Miss,0
q_2116647831d0ccce,what is geographic tongue,ms_marco,Ranking Error,1
q_6e872ef0d8736068,what causes an upper respiratory infection,ms_marco,Ranking Error,1
q_1c42a4e962fd73fe,what is nearsightedness called,ms_marco,Ranking Error,1
q_68c6bdc64aea6276,The muscles of the anterior neck assist in deglutition also known as what?,sciq,Ranking Error,1
q_b14621ecd752867f,average cost of CoolSculpting,ms_marco,Ranking Error,1
q_4960caa597a3aab9,how did galileo prove copernicus theory,ms_marco,Ranking Error,1
q_06ea80f07d3c84e1,Update synopsis.,code_search_net,Ranking Error,1
q_239a653a3a596c6e,what do tension headache feel like,ms_marco,Ranking Error,1
q_7fda723e3126a3a6,what is a normal temperature,ms_marco,Semantic Miss,0
q_05b96a48ac940aa1,What type of electrons are attracted to the positive nucleus?,sciq,Semantic Miss,0
q_59f61d7dc11e47c5,irrigation cost estimate,ms_marco,Ranking Error,1
q_5793e1afdcb2d800,pronounce descent,ms_marco,Ranking Error,1
q_ca7b0ca87bf411e7,what age can withdraw ira,ms_marco,Ranking Error,1
q_18559f1d38c95875,what does ablation mean,ms_marco,Ranking Error,1
q_4dfeb38f3401b85a,cost of vinyl floor installation,ms_marco,Ranking Error,1
q_618c8343996901f2,does tumbling work harden stainless steel,ms_marco,Ranking Error,1
q_be21403414555dc1,how much does price chopper pay,ms_marco,Ranking Error,1
q_bf59ed32b32ce7a9,average temperature in dhaka,ms_marco,Ranking Error,1
q_b5dcaa956309273d,what parts of the male reproductive system are affected by transmitted by gonorrhea,ms_marco,Ranking Error,1
q_63ca212d9141fb91,cost to build a house in alabama,ms_marco,Ranking Error,1
q_b631eccb8d327746,what's the average salary for a sous chef,ms_marco,Ranking Error,1
q_c87c3c7927d20598,what is aldebaran made of,ms_marco,Ranking Error,1
q_4c8b37ba19e88a36,is peat moss considered a mineral,ms_marco,Ranking Error,1
q_53614a6f8c7cd770,where is sang nila utama from,ms_marco,Ranking Error,1
q_1af79d24dffd2083,what are kidney stone made of,ms_marco,Ranking Error,1
q_5029bb113d150729,what are three types of structures that help protists move,ms_marco,Ranking Error,1
q_97ac003deef8371b,what is a quatrain poem,ms_marco,Ranking Error,1
q_2b4fc02bc863167a,what is corporate communication in business,ms_marco,Ranking Error,1
q_67a0ad854d3b8437,what is the meaning of kaleem name,ms_marco,Ranking Error,1
q_f45be6938abec19f,what is meant by a company corporate culture,ms_marco,Semantic Miss,0
q_3239a0d455e3be97,cost of turtle trip zante,ms_marco,Ranking Error,1
q_9dc4f030c6492735,how grams in an ounce,ms_marco,Ranking Error,1
q_2f5acae1149e2509,what is twig,ms_marco,Ranking Error,1
q_2f30054c82c2bbfc,average length of nursing home stay,ms_marco,Ranking Error,1
q_ee9148e6a4105d2d,what does the air temperature controller do,ms_marco,Ranking Error,1
q_057f6a27a1e799f8,尝试使用内置方式构建账户,code_search_net,Ranking Error,1
q_4593390059289bf3,what are millets,ms_marco,Ranking Error,1
q_3ae36c19c949be91,robert hooke invented the light microscope,ms_marco,Ranking Error,1
q_8866c50099df51ee,characteristics of blood vessels,ms_marco,Ranking Error,1
q_faaf55915261add3,why am I getting popup are you a human,ms_marco,Ranking Error,1
q_81dc025e6fd8d9cc,what is glycolysis energy system,ms_marco,Ranking Error,1
q_27ffe0d0a832b9be,which branch of government is responsible for interpreting laws,ms_marco,Semantic Miss,0
q_f172aed1b536e3fe,what is hijama or cupping,ms_marco,Semantic Miss,0
q_10f04a2be3a85605,What is the smallest geographical region discussed?,squad,Ranking Error,1
q_ad36d0ed1c376026,what does stratum,ms_marco,Ranking Error,1
q_1b02100739326a49,are mb bigger than kb,ms_marco,Ranking Error,1
q_f1e365e3f610fde4,how much does it cost to service a sump pump,ms_marco,Ranking Error,1
q_6cd1fd52a6066981,what is subchondral sclerosis,ms_marco,Ranking Error,1
q_04a63d8bbec630a1,what makes a halal chicken,ms_marco,Semantic Miss,0
q_4dc7c3ac7ced13da,cost allocation for dialysis treatment,ms_marco,Ranking Error,1
q_54d882bd4321b490,what amendment was the prohibition act,ms_marco,Ranking Error,1
q_0ec8066be85c0f05,what is papillary thyroid cancer,ms_marco,Ranking Error,1
q_decf76925f672e0e,what is a pothole,ms_marco,Ranking Error,1
q_bc7e989f067639f3,what type of music did beethoven perform,ms_marco,Ranking Error,1
q_33febdb595095fad,how long to chill a fridge,ms_marco,Ranking Error,1
q_835aea820178202e,what is the code to type registered symbol,ms_marco,Ranking Error,1
q_9e6cddcc26616539,cost for bricklayer,ms_marco,Semantic Miss,0
q_90ab79422eeb08d0,biological species consists of groups of,ms_marco,Ranking Error,1
q_ec3df8dd6755e6ae,what is another name for femur,ms_marco,Ranking Error,1
q_f9e98ad2e26272ad,average salary professor columbia university,ms_marco,Ranking Error,1
q_9eefb43a53eb56e9,what is a cumulonimbus cloud?,ms_marco,Semantic Miss,0
q_3527d36e11ce3b50,what is atrophic erythematous tongue,ms_marco,Ranking Error,1
q_586dd8613d0219d2,what did the emancipation proclamation do for the civil war,ms_marco,Ranking Error,1
q_d5cf4045047d671c,where is zadar in croatia,ms_marco,Ranking Error,1
q_70894c7ba8b1ce9f,what is disease when pancreas produces excessive insulin,ms_marco,Ranking Error,1
q_212a651f2a2e9096,when you boiling water does it make it more acidic,ms_marco,Ranking Error,1
q_7f8d5f5c18920b2f,difference between return and risk,ms_marco,Ranking Error,1
q_76ed4edbdc6881d9,what is a base salary,ms_marco,Semantic Miss,0
q_56e84af5ad62942e,what diseases is flagyl used for,ms_marco,Ranking Error,1
q_349d2b5a13ffba74,what is igneous rock definition,ms_marco,Semantic Miss,0
q_1cc2a63b20e70865,What happened to the SM upon reentry to the atmosphere?,squad,Semantic Miss,0
q_40df8abe1e3c3121,how to calculate how many litres in my pool,ms_marco,Semantic Miss,0
q_d0caf8a64cc42612,What is the difference between heat capacity and specific heat?,ms_marco,Ranking Error,1
q_d268f410d778d2ad,cause of erdheim-chester disease,ms_marco,Ranking Error,1
q_dcc3c2cc45f6f8b3,What is the average cost of chiwawa puppies,ms_marco,Ranking Error,1
q_f583299e834cc769,can baby bunnies have strawberries,ms_marco,Ranking Error,1
q_9f0240f3dfa925f6,what does the american pika do,ms_marco,Semantic Miss,0
q_ddd7cb00985083e2,move windows file to linux share,ms_marco,Semantic Miss,0
q_5c9d295726b6fc3f,what kind of food is good for depression,ms_marco,Ranking Error,1
q_66ec08f04bf6fc39,different types of orchids and their names,ms_marco,Semantic Miss,0
q_4c4a59c8fbbbc2d5,what are the different types of pancreatic enzymes,ms_marco,Ranking Error,1
q_188721d4f3979545,what is montelukast,ms_marco,Semantic Miss,0
q_b159caf7dc159c74,What is the primary gas produced from burning of wood?,sciq,Ranking Error,1
q_e9ff5d8565ed3a2d,the importance of thomas clarkson to the abolition of slavery,ms_marco,Ranking Error,1
q_9bf84e99d974fe4e,rheumatoid arthritis is it hereditary,ms_marco,Semantic Miss,0
q_3e93c75cf3bd4613,can wolves die from disease,ms_marco,Semantic Miss,0
q_44adfba961c07af3,how tall is a wall,ms_marco,Ranking Error,1
q_b12f8f61eab648f2,is pain normal a month after kyphoplasty,ms_marco,Ranking Error,1
q_71c4be7aa2f4bdb4,what does the hebrew word bakar mean,ms_marco,Ranking Error,1
q_c6a650bc320cdc52,what are some of antinomianism,ms_marco,Ranking Error,1
q_1fcfa823584a2948,how much money did you get in wedding gifts yahoo answers,ms_marco,Ranking Error,1
q_2f2e9a806a66e641,what is polyurethane used for,ms_marco,Ranking Error,1
q_088b884db3d7167c,how long can i be out of ontario and keep ohip,ms_marco,Ranking Error,1
q_10f603aa5b569dcb,how to sell my script,ms_marco,Ranking Error,1
q_76e2347d242819ed,what is the power of elite,ms_marco,Ranking Error,1
q_f1e6b7f3ec7b3a4b,should you take your regular medications before a thyroid check,ms_marco,Ranking Error,1
q_1e0f927ec1e40733,literary definition of petrarchan sonnet,ms_marco,Semantic Miss,0
q_2838788e6b3e79da,cost for concrete,ms_marco,Ranking Error,1
q_f55f6afca9d59f99,what were the compromises at the constitutional convention,ms_marco,Ranking Error,1
q_c69a746a76351864,what foods contain soy protein,ms_marco,Ranking Error,1
q_1e283fab803e100f,what is rhino poaching definition,ms_marco,Ranking Error,1
q_040cf185a54cc105,What does ctenophore mean in Greek?,squad,Ranking Error,1
q_73168d08811ee278,who started mountain dew,ms_marco,Ranking Error,1
q_2095434f8970a1c1,what is prince fielder salary,ms_marco,Ranking Error,1
q_a9814e13eb13ee8f,hygienist cost,ms_marco,Ranking Error,1
q_1408140f800366c6,is a combi suitable for a large four bed house,ms_marco,Ranking Error,1
q_6e24eb06ddd699a2,will walking burn fat,ms_marco,Semantic Miss,0
q_cc3c962a92ee6abb,safe internal temperature for prime rib,ms_marco,Ranking Error,1
q_d59baf5e453d17da,why is knee numb from shingles,ms_marco,Ranking Error,1
q_ae4a84acd2103a52,cost to advertise a company,ms_marco,Semantic Miss,0
q_273265213d3c3b30,what did neutrality act allow,ms_marco,Ranking Error,1
q_d84364b99571f159,what is a brain lesion,ms_marco,Ranking Error,1
q_3d51c1b9af9b72de,DNA polymerase kids definition,ms_marco,Ranking Error,1
q_8dd34b7a856ef07f,what is the cost for ivf treatment,ms_marco,Ranking Error,1
q_289d498ea9bc3507,what do you use to clean a keyboard,ms_marco,Ranking Error,1
q_88b453360e63dc93,full tuition cost uh,ms_marco,Ranking Error,1
q_df09840307eb7918,Ectotherms undergo a variety of changes at the cellular level to acclimatize to shifts in what?,sciq,Semantic Miss,0
q_0c7d43733ba08560,how long does it take to grill chicken,ms_marco,Ranking Error,1
q_8b550b9ff1bfe846,what is the purpose of PCR,ms_marco,Ranking Error,1
q_6408c87582b7d838,"In the article's title, what did the machine hope to end?",squad,Ranking Error,1
q_61bee42d35e37824,how long does it take for birth control to clear up your skin,ms_marco,Ranking Error,1
q_f17638a719bae6b2,who is david dukes kkk,ms_marco,Ranking Error,1
q_25ec9e4b46099b76,Recalls names of all explored parameters,code_search_net,Ranking Error,1
q_7642d3ac69795c2c,what does hashem mean in arabic,ms_marco,Ranking Error,1
q_237a3314f01e8d27,do female bison reject a newborn bison calf,ms_marco,Ranking Error,1
q_09e56d74df8b1ee5,name that means fire,ms_marco,Ranking Error,1
q_edf647f93ccf9630,do tenancy agreements need to be stamped,ms_marco,Semantic Miss,0
q_55994e8d1837c63c,What is the limiting factor for bacteria in a dish?,sciq,Semantic Miss,0
q_8cba1b2a55f24a9f,garage door spring replacement cost,ms_marco,Ranking Error,1
q_d89dd15021d9387e,what is consumer capitalism,ms_marco,Ranking Error,1
q_4312702cfdb9ed84,What body part does encephalitis attack?,sciq,Ranking Error,1
q_94eeb56979e45ec2,is serrapeptase enzyme a salicylate,ms_marco,Ranking Error,1
q_bf069d69e0d9519d,does smell based memory affect the thalamus?,ms_marco,Ranking Error,1
q_d11da835effb2421,is oprah still married to stedman,ms_marco,Ranking Error,1
q_2bb6de98a70620c8,what kind of bank is usaa,ms_marco,Ranking Error,1
q_b7b458746a8750fb,How did Celeron feel about Native relations?,squad,Ranking Error,1
q_1153253113567743,how long does it take for a scab mark to disappear,ms_marco,Semantic Miss,0
q_8da2a0c295b69db7,what type is palkia,ms_marco,Ranking Error,1
q_513d53f1af83882e,cerebral oedema definition,ms_marco,Ranking Error,1
q_b9ceab3a4be09930,primary secondary and tertiary sectors definition,ms_marco,Semantic Miss,0
q_9a7acce973ded962,what was the major issue of newly formed republican party,ms_marco,Semantic Miss,0
q_b78099d5fcb932c6,how big should should my ceiling fan be,ms_marco,Semantic Miss,0
q_6a23a710cd66ec4a,does heartwood contain extractives,ms_marco,Ranking Error,1
q_a835829d2e7d7b6c,what is a virginia dmv control number,ms_marco,Semantic Miss,0
q_6d4ad1b7bcec6c84,when were terracotta warriors found,ms_marco,Semantic Miss,0
q_3250b6b8f134fdaa,what did the ancient maya build,ms_marco,Ranking Error,1
q_fe0b3b3f311eb262,why does a protein have a great potential for variation of structure,ms_marco,Ranking Error,1
q_b5b241c14bac2838,best temperature for fridge,ms_marco,Ranking Error,1
q_19cedc2254869185,what are slum dwellers,ms_marco,Semantic Miss,0
q_1b8d178d18da6d53,Europe is the ______ largest continent in terms of land area,ms_marco,Ranking Error,1
q_9dc1f794dcda9320,what is the rural urban fringe,ms_marco,Semantic Miss,0
q_2b5a97332dfc68ce,how to oven roast brussel sprouts,ms_marco,Ranking Error,1
q_1b6adec2632f59bd,what is meant by clogging,ms_marco,Ranking Error,1
q_32dd2d6e49d9e3a0,ms is actually lyme disease,ms_marco,Semantic Miss,0
q_174d448975b4aa81,taste and simplicity of nutrients and ingredients used in italian cuisine,ms_marco,Semantic Miss,0
q_53a9d29cc3af8e5d,Evaporation of water from plant leaves is called ________.,ms_marco,Semantic Miss,0
q_ca2399c717d30d6a,what does the amplitude mean in a cosine equation,ms_marco,Ranking Error,1
q_cd19423d44ecb906,is there going to be another airbender movie,ms_marco,Ranking Error,1
q_d6db19bcd0bcc39f,collection of hyphae is known as,ms_marco,Ranking Error,1
q_ad69a115ab008220,english pronunciation of irish name eamonn,ms_marco,Ranking Error,1
q_6f0b7854ffa8392f,does dna repair itself,ms_marco,Ranking Error,1
q_54d86f0bc783af6d,what is the human growth hormone used for,ms_marco,Semantic Miss,0
q_155443884f3ce0c9,how many species of tapir are there,ms_marco,Ranking Error,1
q_ac503f792382e7d1,annuit coeptis why eye does it mean,ms_marco,Ranking Error,1
q_b557c8d6c6ac161f,what are medium chain plant fats,ms_marco,Semantic Miss,0
q_1609adb24b7b4a73,how much do coffered ceilings cost,ms_marco,Ranking Error,1
q_47fae2b9da00b9f3,what is normal dosage for lyrica,ms_marco,Semantic Miss,0
q_8f1e8184ce12c126,how tall do you have to be to ride slides at splash village,ms_marco,Ranking Error,1
q_36fe5e6b9ea7424d,how long does it take for an egg to be fertilized,ms_marco,Ranking Error,1
q_8a5753772825ab8f,what animal is uniqua from backyardigans,ms_marco,Semantic Miss,0
q_7b81d437899ab7ae,where is the leaning tower of pisa located in italy,ms_marco,Ranking Error,1
q_15629a478b874b0a,when was the atomic age,ms_marco,Ranking Error,1
q_b51aaba0443e10ee,what is iambic pentameter,ms_marco,Ranking Error,1
q_f8af973692951043,how much does a credit hour cost at tcc,ms_marco,Ranking Error,1
q_e805ee4f1e326aa6,When did Warsaw start to rebuild?,squad,Ranking Error,1
q_fab366a2193ef9f7,internal cooking temperature for medium prime rib roast,ms_marco,Ranking Error,1
q_bdac89d39f1fa479,how to predict lottery numbers mathematically,ms_marco,Ranking Error,1
q_c164e18a9aab23c2,how do birds play an important role in the community,ms_marco,Ranking Error,1
q_f57ac75ad1e2d005,What group was responsible for causing more violence in Wittenberg?,squad,Ranking Error,1
q_cc146828a7ae508b,what is scarlatina,ms_marco,Ranking Error,1
q_4a8708ad1e721a68,what size is the human eye,ms_marco,Ranking Error,1
q_ccd746cf4f61a421,what does the muscular system do,ms_marco,Ranking Error,1
q_14aae78a64a5ee44,what functional group is acetaminophen,ms_marco,Ranking Error,1
q_7f140ab2d9125c33,who is the director of ncis,ms_marco,Ranking Error,1
q_20772e2c7c9ff453,can ipads be used as a laptop,ms_marco,Ranking Error,1
q_3e920d8807110dc3,where is mittagong rsl,ms_marco,Ranking Error,1
q_9381cff8b3ccd2c9,can i contribute both roth ira and traditional ira,ms_marco,Ranking Error,1
q_34d43179d1928ff8,cost of disability related obesity on nhs,ms_marco,Semantic Miss,0
q_a6051ea86b2fc0aa,"r""\+",code_search_net,Ranking Error,1
q_52e8f861049e1221,how long do paid tax liens stay on your credit report,ms_marco,Ranking Error,1
q_ed1ffcd8475c801e,what does geomorphic,ms_marco,Ranking Error,1
q_7d8eca4dd902730b,where is is kidzania sentosa,ms_marco,Ranking Error,1
q_a1ff3e7e134e2d4a,how neurons communicate for dummies,ms_marco,Semantic Miss,0
q_16408c45a4671256,what makes a molecule,ms_marco,Ranking Error,1
q_41b40328f58d28af,taco shell definition,ms_marco,Ranking Error,1
q_d4c2de1abc7f307a,does mcdonalds still have birthday cakes,ms_marco,Ranking Error,1
q_bc5b7618befec9aa,autosomal recessive polycystic kidney disease,ms_marco,Semantic Miss,0
q_a8107ed2cb7d41e9,who created the first ever motion picture,ms_marco,Ranking Error,1
q_0305a458c28ce5f1,is the pharynx located before the mouth ?,ms_marco,Ranking Error,1
q_190bf59a793ef9f5,what does annealing mean,ms_marco,Ranking Error,1
q_ad7aa88efb481f3d,what is sound of leopard called,ms_marco,Ranking Error,1
q_9199add4bf9ca5bf,average private school tuition,ms_marco,Ranking Error,1
q_26029086a75276ab,who was louis xvi,ms_marco,Semantic Miss,0
q_9fc7e6a70aa7bf0a,temp rating for pvc,ms_marco,Ranking Error,1
q_b2432687e1ba1df4,how to use mesquite as a sugar substitute,ms_marco,Ranking Error,1
q_8bbc8027264b75c5,what type of mackerel does supermarkets sell,ms_marco,Ranking Error,1
q_b13f28d9c3927329,what is descriptive paragraph,ms_marco,Ranking Error,1
q_cd05353565e0c051,what is evaporative cooling,ms_marco,Ranking Error,1
q_3210cdaa329889fb,what kind of fossil is a petoskey stone,ms_marco,Ranking Error,1
q_0b1445c4cc57c520,inflamed muscles symptoms,ms_marco,Ranking Error,1
q_b3c438bd4963627a,how long to defrost meat in a refrigerator,ms_marco,Semantic Miss,0
q_6c927ced6134e286,when was roberto clemente born and died,ms_marco,Semantic Miss,0
q_6943d3b35915b611,what is chupacabra,ms_marco,Semantic Miss,0
q_4fd341392d204dfd,difference between rheumatoid arthritis and lupus,ms_marco,Ranking Error,1
q_724fe80aa4f3234b,what are the physical properties of minerals,ms_marco,Ranking Error,1
q_1846c3deed2e3f89,what is the function of cranial nerve x,ms_marco,Semantic Miss,0
q_0ac432ff10b44af6,is lima dangerous,ms_marco,Ranking Error,1
q_6b303683ca1c19e7,part time best buy salary,ms_marco,Ranking Error,1
q_b8df7a954d5856f8,immunoglobulin definition,ms_marco,Ranking Error,1
q_5cf515ea87130034,does pepsin digest protein,ms_marco,Ranking Error,1
q_8cc47a4ef1f14a27,At which level of education is this sport becoming more popular?,squad,Ranking Error,1
q_ef57564ad7a95530,what is a gold level ncrc,ms_marco,Ranking Error,1
q_656d40e98edf8faf,where are hormones produced,ms_marco,Semantic Miss,0
q_8abd7abdf00fedaa,when did the masking tape come out,ms_marco,Ranking Error,1
q_3766b0aa33af4243,meaning of name myah,ms_marco,Ranking Error,1
q_dd025209a6e7d77b,building a garage cost,ms_marco,Ranking Error,1
q_b84f4e6bfc480091,osteoporosis what does it mean,ms_marco,Ranking Error,1
q_b9dc54bee1b77a11,how much for a new combination boiler,ms_marco,Ranking Error,1
q_68e3febb7437c95e,how long to cook chuck roast in the oven,ms_marco,Semantic Miss,0
q_cfce568444f846af,What was extent of Celeron's expedition?,squad,Ranking Error,1
q_cfe51a62e0dc2827,what is ethernet over ip,ms_marco,Semantic Miss,0
q_b9feb9be23d75681,what is an advertising agency,ms_marco,Ranking Error,1
q_59e29a96aae33b86,how fast do elephants run,ms_marco,Ranking Error,1
q_03698d8b11a2175e,calcium contain food list,ms_marco,Semantic Miss,0
q_94866f1a9fd35e18,what is meant by the word - notwithstanding,ms_marco,Ranking Error,1
q_837dfb4e6017c3dc,antigone was the third play written by,ms_marco,Ranking Error,1
q_69795d2bc5420737,calories in kraft singles,ms_marco,Ranking Error,1
q_a86c9f9b8126a4e9,nose surgery average cost canada,ms_marco,Ranking Error,1
q_f9709315dc3df2f5,food groups and what they do for your body,ms_marco,Ranking Error,1
q_f9c7daddc357e976,what does a k in a mustang's vin code mean,ms_marco,Ranking Error,1
q_48dec5f40de5633b,what is a single bond,ms_marco,Ranking Error,1
q_44a0487ec2415f3d,who is affected by scarlet fever,ms_marco,Ranking Error,1
q_33c0cc6fe50f9d0c,how long does a blister take to heal,ms_marco,Ranking Error,1
q_eb2515e50cde5ec1,did the kitty hawk plane need fuel,ms_marco,Ranking Error,1
q_f2752f7a4ff65438,what is a synapse in biology,ms_marco,Ranking Error,1
q_083cd54684e6c5c8,average pay for a cna in washington state,ms_marco,Ranking Error,1
q_c002d05ae103079a,what types of food are digested in the stomach first,ms_marco,Semantic Miss,0
q_a4dc8c20cb8a0ce6,what is the meaning of lily,ms_marco,Ranking Error,1
q_098dbc9722f08dec,what region is the creuse in,ms_marco,Ranking Error,1
q_82a77533aea6ff48,how long do you cook noodles,ms_marco,Ranking Error,1
q_d590f529afbd71a5,ideal body temperature for humans,ms_marco,Ranking Error,1
q_ef2879655d1911ed,how to fix a leaky bathtub faucet,ms_marco,Ranking Error,1
q_8d1aea96f523febf,what province is wonderboom,ms_marco,Ranking Error,1
q_3d53ff1139d3d703,which was a republican response to the sedition act,ms_marco,Ranking Error,1
q_6205f2a63675d3af,what is a clinical study,ms_marco,Ranking Error,1
q_36dafb22d5286ec9,What are two types of frozen percipitation?,sciq,Ranking Error,1
q_11d9a40b771ff98a,what is phonetic symbolism,ms_marco,Ranking Error,1
q_b623a721478389cb,color of urine and meaning,ms_marco,Semantic Miss,0
q_9b0414bfa0bbb8f7,Logout a user.,code_search_net,Ranking Error,1
q_93f6e56057227d7b,what to do when a child does not listen,ms_marco,Ranking Error,1
q_12b96a2d09a003c4,what does it mean when you dream about a spider crawling up your nostril,ms_marco,Semantic Miss,0
q_cf0ff3d101d67a44,define unimproved grassland,ms_marco,Ranking Error,1
q_540b778a21d4384e,"Colonial rule in African nations did all of the following, except",ms_marco,Ranking Error,1
q_84c4c30e96b8f88b,habitat fragmentation meaning,ms_marco,Ranking Error,1
q_4671bf771a9cc70f,celebrities who have or had cancer,ms_marco,Ranking Error,1
q_bc6bd0755dd9b876,how much deposit do you pay on exchange,ms_marco,Ranking Error,1
q_cb1c969e85be8de5,who benefited from the mercantilist system,ms_marco,Semantic Miss,0
q_bb8c0a1be414fa1a,what is the meaning of claymore,ms_marco,Ranking Error,1
q_54ba5235ffbdd529,what are the foods rich in vitamin c,ms_marco,Ranking Error,1
q_a4e631a70c2c734e,what is trait,ms_marco,Ranking Error,1
q_c2162679ff3fcf7a,temperature range of the ocean,ms_marco,Ranking Error,1
q_094cc64eacf78239,average radon levels in homes,ms_marco,Ranking Error,1
q_d9243390d0430da1,how many calories should a young infants consume per day,ms_marco,Ranking Error,1
q_23dbe14595b0228f,who was joseph smith,ms_marco,Semantic Miss,0
q_8685dcdbea682301,What is an underbid?,squad,Ranking Error,1
q_0483c786af96c17d,what is greta van susteren salary,ms_marco,Ranking Error,1
q_984dbdf4342153a5,how old do bears live to be?,ms_marco,Ranking Error,1
q_16eb4b8b6001baf6,what does the planets aligning mean,ms_marco,Ranking Error,1
q_a3c4a21ed154ab36,what is hrm concept,ms_marco,Ranking Error,1
q_ea6c3970b3c080f4,what are the triceps brachii,ms_marco,Ranking Error,1
q_251a9ca0e7e7df97,nalbuphine dosage,ms_marco,Ranking Error,1
q_ebf473687f321049,how do kidney beans grow,ms_marco,Semantic Miss,0
q_ce21ff70a83b1863,global warming average temperature increase,ms_marco,Ranking Error,1
q_d1f37835c722292a,how long does a sunburn take to heal,ms_marco,Semantic Miss,0
q_012cc26fa28c3499,how much of fare to uber drivers get,ms_marco,Ranking Error,1
q_09f3156952f0fd8e,on average how often is someone online a day,ms_marco,Ranking Error,1
q_357092452a4e2c1c,what is the average salary of a disney animator,ms_marco,Ranking Error,1
q_e8fc14abaad0a2e2,cost of ntuc membership renewal,ms_marco,Ranking Error,1
q_2daaa2cb17b49188,what is margin in stock trading,ms_marco,Ranking Error,1
q_db463e39ce2d7bec,what does a store manager do,ms_marco,Ranking Error,1
q_5eaeca56baa1a07d,What radio network carried the Super Bowl?,squad,Ranking Error,1
q_a561923b93916852,what flooring to use on uneven floor,ms_marco,Semantic Miss,0
q_27ad333a29fe3e63,how long does it take to receive a insurance check,ms_marco,Ranking Error,1
q_7b61caf19a827715,what is patent leather made from,ms_marco,Semantic Miss,0
q_9d663a66dfa1af9e,where is matadi,ms_marco,Semantic Miss,0
q_5505565c2ab6c26c,What do angiosperms produce?,sciq,Semantic Miss,0
q_c85cf9589a85b39d,what is FSH blood test,ms_marco,Semantic Miss,0
q_041b9f66c95d37f3,what is symptoms of pneumonia,ms_marco,Ranking Error,1
q_eee02f2da85a55e0,what type of lake is lake victoria,ms_marco,Semantic Miss,0
q_cdc58e9a052b7108,Writes the string to stdout,code_search_net,Ranking Error,1
q_bb73757da4612831,calories in a jumbo egg,ms_marco,Ranking Error,1
q_d9fb97145e3896ea,how long do you bake chicken legs and thighs in the oven,ms_marco,Ranking Error,1
q_da0f07a4e8bcbb36,what was the third reich,ms_marco,Semantic Miss,0
q_cda079505c04adab,The airway and the lungs are part of what organ system?,sciq,Ranking Error,1
q_641bfd99be9c4bca,What is an Aft Cabin,ms_marco,Ranking Error,1
q_041d6f78d9adc0b1,when is primrose day,ms_marco,Ranking Error,1
q_c4eec561f87ac4cc,which nutrients egg is a good source of,ms_marco,Ranking Error,1
q_72cc3bee4e385eae,how long can chicken be kept in refrigerator,ms_marco,Ranking Error,1
q_a0bc67bdf87fc3a3,what are the symptoms of a broken hip,ms_marco,Ranking Error,1
q_5a97d5d96b0ff778,what is iridium,ms_marco,Ranking Error,1
q_a39bbf1cc55fbd47,how long does collar dove take to hatch,ms_marco,Ranking Error,1
q_dcbabfa363e79f19,how often should a treadmill be lubricated,ms_marco,Ranking Error,1
q_1bd578f3128a845e,how do shower pumps work,ms_marco,Ranking Error,1
q_4e5607c77a3f84a8,whale blubber used for,ms_marco,Ranking Error,1
q_513edc0b9fa9a95f,average cost of a doctor's visit,ms_marco,Semantic Miss,0
q_2e761c464857384b,eiza name meaning,ms_marco,Semantic Miss,0
q_39b3572850f62c34,amount of cholesterol in steak,ms_marco,Ranking Error,1
q_612c3c651a8dc00e,what does algaecide do,ms_marco,Ranking Error,1
q_38ed5c84321615e4,how much of personality is genetic,ms_marco,Ranking Error,1
q_449f32e04ef945f6,stages of a sea turtle's life,ms_marco,Ranking Error,1
q_1d17c4f207860f85,how much does an associates degree in dental hygiene cost,ms_marco,Ranking Error,1
q_ef5eb08052b6a41a,how to become a cna in alabama,ms_marco,Ranking Error,1
q_22d52b11a23c32a9,what does the deltoid muscle do,ms_marco,Ranking Error,1
q_8e95ab6e2e6dad28,what is armour,ms_marco,Ranking Error,1
q_3344ee81c6ee335b,What is the conventional measurement of the Rhine?,squad,Ranking Error,1
q_9e9adab0e31aede6,where does the diaphragm attach to the medial lumber segment,ms_marco,Semantic Miss,0
q_90081b113952cc8c,how much is chiropractic care,ms_marco,Semantic Miss,0
q_7f3269900701df43,what do the capillaries around the air sacs do,ms_marco,Ranking Error,1
q_6a78aa00a2a3550b,where coal is found,ms_marco,Ranking Error,1
q_00e742abb2bb9053,what does fpo membrane,ms_marco,Ranking Error,1
q_36f1987e95195110,What is another name for the Tabula Rogeriana?,squad,Ranking Error,1
q_dce0155bb5907900,estimate concrete patio cost,ms_marco,Semantic Miss,0
q_408501c4995b2f86,what is pleiotropy conditions,ms_marco,Ranking Error,1
q_17521f27831f69e8,geographical definition of isthmus,ms_marco,Semantic Miss,0
q_91bb9d4bddc0cc3f,what did congress do to organize the northwest territory,ms_marco,Ranking Error,1
q_843260c1607f197d,how long to cook a mini apple pie,ms_marco,Ranking Error,1
q_05750d42de2ce8da,average wage dental hygienist,ms_marco,Ranking Error,1
q_d01c0d196084f9b5,are peace lilies poisonous if eaten,ms_marco,Ranking Error,1
q_fa3a2b52b6f2776e,proclamation definition legal,ms_marco,Ranking Error,1
q_8bc0fe865c4bb6f1,Shutdown agents,code_search_net,Ranking Error,1
q_0cf0f11caf055cc1,what is a minority government?,ms_marco,Ranking Error,1
q_3409b3cbb8102a17,how thick does a concrete footing need to be,ms_marco,Ranking Error,1
q_9ae15ab3970d8d98,roth eligibility requirements,ms_marco,Ranking Error,1
q_1127048150399d79,what is the difference between lantus and levemir,ms_marco,Ranking Error,1
q_f45b8bef949b7c35,neural layer of retina definition,ms_marco,Ranking Error,1
q_252045757e910250,what should freezer temperature be set at,ms_marco,Ranking Error,1
q_741fe12f659ef141,how much does it cost to get your passport expedited,ms_marco,Semantic Miss,0
q_6ccf007f880023b4,description and function of thymus gland,ms_marco,Ranking Error,1
q_2e9e7a08b4fb7a33,what are the types of symbiosis,ms_marco,Semantic Miss,0
q_31c0bc25ef977f35,average cost for textbooks in college,ms_marco,Ranking Error,1
q_a5efb06d0d7e6ffe,why should drinking age be lowered,ms_marco,Semantic Miss,0
q_de2e1dfd61c5110d,"schneier ""facts""",code_search_net,Ranking Error,1
q_42dc132eba3a0a8b,is two thirds equivalent to four sixths,ms_marco,Ranking Error,1
q_736f9fa675b71e11,can you have endometriosis and pcos,ms_marco,Ranking Error,1
q_66c207e034878d87,what are the two main functions of the skeletal system,ms_marco,Ranking Error,1
q_083bbd9957e8fa73,what does transpiration do for a plant,ms_marco,Ranking Error,1
q_5150bd4030bafb9b,what does chemoautotroph mean,ms_marco,Ranking Error,1
q_6d65f6fc79700759,what happened at the yalta conference,ms_marco,Ranking Error,1
q_c3c3357566339971,what do the carvings on a totem pole mean,ms_marco,Ranking Error,1
q_d493ea6646a600f5,biogas cost per kwh,ms_marco,Ranking Error,1
q_a03f912f3ac18f00,chicago il population,ms_marco,Ranking Error,1
q_33abda6fef8a8099,what faberge is,ms_marco,Ranking Error,1
q_67b44f372808c210,where do wolves come from,ms_marco,Semantic Miss,0
q_c6fddf843c15b2f2,when was the new model army formed,ms_marco,Ranking Error,1
q_37d2d81d3014e95a,when did falun gong start,ms_marco,Semantic Miss,0
q_f7a380a85d9ccfb6,average cost per hospital day,ms_marco,Ranking Error,1
q_4fd365931af24c50,how much does it cost to build house,ms_marco,Ranking Error,1
q_a343be90845068d6,what is atrial septal defect,ms_marco,Ranking Error,1
q_dc134daf66d81b23,ordinal level of measurement definition statistics,ms_marco,Ranking Error,1
q_154c1c2f4c9f2124,average temperature in breckenridge in july,ms_marco,Ranking Error,1
q_a1b70be98b77a9df,how long do artichoke seeds take to germinate,ms_marco,Ranking Error,1
q_a63e21685fd36b2c,how much does it cost to try and convict for terrorism,ms_marco,Ranking Error,1
q_c1bed72ee02e4113,what system celiac disease effect,ms_marco,Ranking Error,1
q_415a7d36b587e7ab,salary of a computer scientist,ms_marco,Ranking Error,1
q_b10ba11c6ed65eda,what is the incubation period for hpv,ms_marco,Ranking Error,1
q_4230bebbf292341a,what is ashwagandha herb good for,ms_marco,Ranking Error,1
q_c8265ba9fdf75fb3,responsibilities of a general manager,ms_marco,Ranking Error,1
q_d53e6f7b9a2f66f6,how much it cost for veneers and a bite change,ms_marco,Semantic Miss,0
q_4cf2826d23a597e6,TODO,code_search_net,Ranking Error,1
q_40510f441761eef4,how long to hard boil small eggs,ms_marco,Ranking Error,1
q_cce4a89dd0eb6758,"What were the ""great Forces"" mentioned in the article's title?",squad,Ranking Error,1
q_79506dc75fa58d15,How much is platinum?,ms_marco,Ranking Error,1
q_d4e0ede0459266b2,rhetorical term definition,ms_marco,Ranking Error,1
q_28cdb35cc22f7d9e,how much to charge for dog sitting overnight,ms_marco,Semantic Miss,0
q_6ddd1ab35c7efa51,what is bocce,ms_marco,Ranking Error,1
q_1c4b8094b23ad28a,how much tax deducted from salary,ms_marco,Ranking Error,1
q_b9ca080528829efc,how to adjust row height in excel at once,ms_marco,Ranking Error,1
q_75a1f35f3bb99893,how to search database in asp.net,ms_marco,Semantic Miss,0
q_d9fda487fc87e128,grilling thick pork chops temperature,ms_marco,Ranking Error,1
q_3045a8f241d7336d,muscle disorders are often evaluated by,ms_marco,Semantic Miss,0
q_1ffb5f605938049d,What is the method of reproduction for echinoderms?,sciq,Ranking Error,1
q_d2e4a1abc1446266,how far apart should a woman period be,ms_marco,Ranking Error,1
q_f0179a6afef00bf9,what does the magician symbolize in tarot cards,ms_marco,Semantic Miss,0
q_735ac3243e248a29,withdrawal from caffeine how long does it take,ms_marco,Ranking Error,1
q_c33e8c5369af1b45,meaning of name takaki,ms_marco,Ranking Error,1
q_6acae85182280e87,how long can you keep lentils in the fridge for,ms_marco,Ranking Error,1
q_b36db8e92ac2b90b,when was houston founded,ms_marco,Ranking Error,1
q_35162f14e2741f03,What type of fertilization do most reptiles use to reproduce?,sciq,Semantic Miss,0
q_121315a57342d4b8,telephone prefix for columbus kansas,ms_marco,Ranking Error,1
q_bef88b0d8dfdc903,do snakes get ticks?,ms_marco,Ranking Error,1
q_90ee6fff58f60759,what is a displayport connection,ms_marco,Ranking Error,1
q_6832042a039c3ea7,what age do dogs get shots,ms_marco,Ranking Error,1
q_ba4a2d38404ca451,what is the structure of a multipolar neuron,ms_marco,Ranking Error,1
q_bce3486f022535d0,HR officer average salary,ms_marco,Semantic Miss,0
q_f25c8a90c1968927,average anesthesiologist salary,ms_marco,Semantic Miss,0
q_05a330c757e07408,how far are the mountains from the coast in argentina,ms_marco,Ranking Error,1
q_62e8b4992db20e48,who is owen roncon,ms_marco,Ranking Error,1
q_1dc80c3f3599c69d,how often should i get a mammogram,ms_marco,Ranking Error,1
q_b5e478c46794378b,how long can a baby snapping turtle stay underwater,ms_marco,Ranking Error,1
q_4cf2be8651416992,what is chora dal,ms_marco,Ranking Error,1
q_bd122e9423712606,modularity definition psychology,ms_marco,Semantic Miss,0
q_76ab57401beb3a65,is advair a corticosteroid,ms_marco,Ranking Error,1
q_b9cd6dfa1c4ebdcf,is safflower oil safe,ms_marco,Semantic Miss,0
q_2d0c04a4e76e6324,what does vato mean,ms_marco,Ranking Error,1
q_2054eb6aca813b67,most carbon monoxide is produced by,ms_marco,Semantic Miss,0
q_797bd31049ea082a,where is carmignano,ms_marco,Ranking Error,1
q_e6cbb08c56f91251,how far is 4 miles in km,ms_marco,Ranking Error,1
q_aad53404c2325638,what is seid,ms_marco,Ranking Error,1
q_13df3aea4503e888,convert dollar pay into salary to twice a month,ms_marco,Ranking Error,1
q_26264a3e3f8bf519,how to repair your nails after gel nails,ms_marco,Ranking Error,1
q_6a396076f07be4f4,what is belching,ms_marco,Ranking Error,1
q_150a17a14e2e86f1,what does tadasana mean,ms_marco,Ranking Error,1
q_8ddedabc2a1f98ff,titular meaning,ms_marco,Semantic Miss,0
q_7e529fe151104777,what is a disease that affects the digestive system,ms_marco,Ranking Error,1
q_700920136b43c28c,what class of lever is a baseball bat,ms_marco,Ranking Error,1
q_fc2b81cd2011582f,what is a levo drip,ms_marco,Ranking Error,1
q_a2fae8af032bca26,"Australia is home to many endemic species. the (a) wallaby (wallabia bicolor), a medium-sized member of the kangaroo family, is a pouched mammal, or this?",sciq,Semantic Miss,0
q_2ce9d7b38f1e37f6,what is dmt,ms_marco,Ranking Error,1
q_8ac241449f02c3ea,what is the land area of beijing china,ms_marco,Ranking Error,1
q_485e06e881a12390,what is the difference in a regular minor and a harmonic minor in music,ms_marco,Semantic Miss,0
q_82ee3da83b25ca91,what is room temperature in celsius,ms_marco,Ranking Error,1
q_5bc5d064811c08e6,what does the first amendment mean,ms_marco,Ranking Error,1
q_298da442d0157214,rampersaud surname origin,ms_marco,Ranking Error,1
q_2d30058227339a5c,what comprises the side pieces of dna molecules,ms_marco,Ranking Error,1
q_4a28e35925b84cd4,what carbon used for,ms_marco,Ranking Error,1
q_4d065ddc903cbc3c,what does the owl symbolize,ms_marco,Ranking Error,1
q_ba5c2ebb803f671a,What was the secondary endosymbiotic event?,squad,Ranking Error,1
q_c9061b3f8ee89d21,how to get to cascais from lisbon,ms_marco,Ranking Error,1
q_eda19a04c153b424,is foam microwavable,ms_marco,Semantic Miss,0
q_97e127a3d4cd1382,how long is a parvo vaccine good for,ms_marco,Ranking Error,1
q_48744469dad92fc1,what is the meaning of grapevine,ms_marco,Ranking Error,1
q_31fb2ca3f1f9ab91,what causes the gyres in each ocean basin to be circular,ms_marco,Ranking Error,1
q_4cfd0f2369d9b8a4,what did the yellow river do for china,ms_marco,Semantic Miss,0
q_437600ee19fd17bf,clearance requirement for gas range,ms_marco,Ranking Error,1
q_6c76a14d00f809f0,what is swarovski elements,ms_marco,Ranking Error,1
q_f02dda1356a0ef3b,what distinguish an algorithm from a method,ms_marco,Ranking Error,1
q_226cbc59d5507e0e,.,code_search_net,Ranking Error,1
q_80f156aaa2882592,When were the French wars of religion?,squad,Ranking Error,1
q_268c2afc32bedfc0,who is the drummer in metallica,ms_marco,Ranking Error,1
q_4572e845cc0ad134,average cost of child braces,ms_marco,Ranking Error,1
q_78bd6d28992d6d6e,what temperature is medium rare prime rib,ms_marco,Ranking Error,1
q_55d0bf90aaea6427,how much should a wedding band cost,ms_marco,Ranking Error,1
q_c31078314da315c9,what is hopsack material,ms_marco,Ranking Error,1
q_aaa823af5d589b43,how long do you have to be working at a job to get maternity leave,ms_marco,Ranking Error,1
q_bc861f7993de7f60,does the luteal phase ever change,ms_marco,Semantic Miss,0
q_3983e53d26d1b205,why are enzymes important in digestion,ms_marco,Ranking Error,1
q_ae2738345e337782,how to keep hard boiled eggs from cracking during boiling,ms_marco,Ranking Error,1
q_30c0f57a66e4f99e,average cost to install carpet,ms_marco,Semantic Miss,0
q_20c886e3f37cc2c5,what is linked insurance policy,ms_marco,Ranking Error,1
q_6b04d761a0a674c4,marketing analyst uber salary,ms_marco,Ranking Error,1
q_ecefe08c8f0632ff,how fast does a jetliner go,ms_marco,Ranking Error,1
q_e69216a2553bfcc4,Which TV network broadcasted Super Bowl 50 in Spanish?,squad,Ranking Error,1
q_6bc5e12f2234f520,how to stop facial hair from growing back so fast,ms_marco,Ranking Error,1
q_b1e75d4f5bdf98c5,what are the statistics of being a registered nurse,ms_marco,Semantic Miss,0
q_0af1178b30e9bcdb,what is the punisher skull mean,ms_marco,Ranking Error,1
q_4a54cc5727373fe6,does social media have an affect on teenagers,ms_marco,Ranking Error,1
q_8e503e5ed783f10b,how many min per lbs to cook eye round roast in oven,ms_marco,Ranking Error,1
q_9a3ae176cb4bfb47,what does vagifem cure,ms_marco,Semantic Miss,0
q_e77511a9c9fd24fc,how long to cook ham per pound,ms_marco,Ranking Error,1
q_dec6092b189d2908,how long does it take a fracture to heal,ms_marco,Ranking Error,1
q_c4567898aaf8c749,is phenomena contagious,ms_marco,Semantic Miss,0
q_1e13cc8ca185cfe5,who said the quote by any means necessary,ms_marco,Ranking Error,1
q_35301587c3989a03,what is theramine,ms_marco,Ranking Error,1
q_128583755aa852bb,what did the jay treaty do for the americans,ms_marco,Ranking Error,1
q_7eb87934f5d18827,average cost for yard maintenance,ms_marco,Semantic Miss,0
q_0db1f5caaab66c7d,do i need arc fault protection on the bathroom circuit?,ms_marco,Ranking Error,1
q_c1c6f243f30c25e8,meaning of name kartikeya,ms_marco,Ranking Error,1
q_94edaed2b1d37301,what does embarrassed,ms_marco,Ranking Error,1
q_834d039c5603a6c8,average cost to build a bathroom,ms_marco,Ranking Error,1
q_043d42ce526b962f,what kind of wild animals can be found in germany for kids,ms_marco,Ranking Error,1
q_b64530fea1902e3a,good sources of complex carbohydrates,ms_marco,Semantic Miss,0
q_77f07bef6f66fb11,what regulates calcium levels,ms_marco,Ranking Error,1
q_9a8d7992d83e56a9,salary for insurance agent,ms_marco,Semantic Miss,0
q_ff83a81309be5489,Epsom Salt to Water Ratio,ms_marco,Ranking Error,1
q_e670c9e11a51050d,how long does it take for a broken leg on a dog to heal,ms_marco,Ranking Error,1
q_8f21cc0eda26be64,why are they called fire called fireflies?,ms_marco,Ranking Error,1
q_e9bdd94abf25601b,What is the supply of water to land or crops to help growth called?,sciq,Ranking Error,1
q_774f366c68ac14ca,tia meaning,ms_marco,Ranking Error,1
q_41f56868a71f667d,how much tylenol should i take,ms_marco,Ranking Error,1
q_efc1955f919004eb,what is the meaning of bamboo tree,ms_marco,Ranking Error,1
q_aae9e82ec5aae94e,what does a parasitologist do,ms_marco,Ranking Error,1
q_48f4142f04dc749c,What are two ways cnidarians are able to reproduce?,sciq,Ranking Error,1
q_06e08eb7578a8123,what is sazon seasoning made of,ms_marco,Ranking Error,1
q_b53a46d8f2fe63a9,what is sfogliatelle,ms_marco,Ranking Error,1
q_174f71a835278b4f,what is a premium?,ms_marco,Ranking Error,1
q_e70504aabf266b03,where did the term ghetto come from,ms_marco,Ranking Error,1
q_4ff81a3c6e208b3c,define what an aim is,ms_marco,Semantic Miss,0
q_d9fafb52db16623e,what is the choroid of the eye,ms_marco,Ranking Error,1
q_f6e2127c81cd13af,what does the project manager do,ms_marco,Ranking Error,1
q_0ccb272daf03d35a,where is grand bahama island located,ms_marco,Ranking Error,1
q_fbb674347c59c802,what is food grade mineral oil,ms_marco,Ranking Error,1
q_0e3bd00a8f2e7a37,where are habitats found,ms_marco,Ranking Error,1
q_9bcd08046a16c6aa,what spices are in sausage,ms_marco,Ranking Error,1
q_d75f98089cf33482,average cost of dental implants,ms_marco,Ranking Error,1
q_7c1f47100e1278ab,is limestone porous,ms_marco,Ranking Error,1
q_92caa84fd916bf3b,name meanings felicity,ms_marco,Ranking Error,1
q_7ddb6ede259c33d5,large platelets causes,ms_marco,Ranking Error,1
q_5b7f711c92766f10,allegory definition literature,ms_marco,Ranking Error,1
q_a016d1dc97e68356,genetic mutation diseases list,ms_marco,Ranking Error,1
q_19fb4e7d71529d32,what digestive processes occur in the small intestine,ms_marco,Ranking Error,1
q_ee7b73cf5775dd02,what is jacketing,ms_marco,Semantic Miss,0
q_590be619c83de12b,average private school tuition in canada,ms_marco,Ranking Error,1
q_06a23867d5d6b84d,what is biomedical ethics,ms_marco,Ranking Error,1
q_4769b7fdeee206e1,what is chinese medicine,ms_marco,Ranking Error,1
q_0156a03bfa4e4b0a,mechanism of of o-phenylenediamine,ms_marco,Ranking Error,1
q_298cfecb402b9161,what are carbohydrate,ms_marco,Ranking Error,1
q_fdfff4de8152544c,Highest Football Attendances,ms_marco,Ranking Error,1
q_b605302cff07a43b,what is the starting salary for x ray technician,ms_marco,Ranking Error,1
q_03d89c580b6c5dd4,clinical laboratory scientist salary per hour,ms_marco,Semantic Miss,0
q_5b5008212b04250d,why does respiration take place in organelle,ms_marco,Ranking Error,1
q_8291a2cff2ee96d1,how long do hamsters live,ms_marco,Ranking Error,1
q_bb438a49ed77af48,what is mgp,ms_marco,Ranking Error,1
q_4d9bc21cf880f6a4,what is a sponges family,ms_marco,Semantic Miss,0
q_5ad064a6a9ae4a23,can you connect to bluetooth through laptop,ms_marco,Ranking Error,1
q_49114eabcc50df86,ovulation usually occurs on day _____ of a woman's cycle,ms_marco,Ranking Error,1
q_a86a7921a00065f5,what is artesian well,ms_marco,Ranking Error,1
q_f0051bbfdf7bcd8d,anaerobic exercise meaning,ms_marco,Ranking Error,1
q_d9404cd813271e65,what is mutton kabab,ms_marco,Ranking Error,1
q_a36e6b9eacf14fd1,What are two of its subsystems?,squad,Ranking Error,1
q_4e6663e8dc37fb5e,what is a minerals,ms_marco,Ranking Error,1
q_e545f11b05dcbfc1,what is another name for buccal cavity,ms_marco,Semantic Miss,0
q_97ffc8603b674032,how much do crutches cost,ms_marco,Ranking Error,1
q_dee02d6fd3d5c146,is lyme disease the cause of lupus,ms_marco,Ranking Error,1
q_75d65d21a53c6aa3,what can urinalysis detect,ms_marco,Ranking Error,1
q_90d1e2b81fb507a4,how long does a parvo vaccination last,ms_marco,Ranking Error,1
q_1e99cbe0bd24b583,list of viscous fibre food,ms_marco,Semantic Miss,0
q_bee408e87bc15f96,how long before chickens can fly,ms_marco,Ranking Error,1
q_b17da6d441588663,how can you avoid hepatitis,ms_marco,Semantic Miss,0
q_0fc9028519b76114,what does acquisition cost include,ms_marco,Ranking Error,1
q_979bc4ce845a092c,what does shaniqua mean,ms_marco,Ranking Error,1
q_a4f8dcf3a4a69b03,function of intestinal epithelial cells,ms_marco,Ranking Error,1
q_0878861f1e2a1588,how much cost to lay laminate flooring,ms_marco,Ranking Error,1
q_6bf00818b1cbaefb,footballers salary per week,ms_marco,Ranking Error,1
q_42ab49738cc8a28b,where can i put out my business yard signs,ms_marco,Ranking Error,1
q_ffa9b7f826dc67de,what are faverolle chickens,ms_marco,Semantic Miss,0
q_ae3abb746964bc49,what type of substance is ferric chloride,ms_marco,Ranking Error,1
q_bb8c2899f26e08a1,dental hygienist salary comparison by city,ms_marco,Ranking Error,1
q_7a0db7c8e7d7e4f4,how long can nicotine be detected in blood,ms_marco,Ranking Error,1
q_6a99430d2468f049,where is it brisbane,ms_marco,Semantic Miss,0
q_b16e90c9cc569f63,List The Roles of Calcium,ms_marco,Ranking Error,1
q_a88fd08bb689aaaf,what is earth perihelion and aphelion,ms_marco,Ranking Error,1
q_ad1d545ddc90dd66,foods that cause rheumatoid arthritis flare ups,ms_marco,Ranking Error,1
q_5fbbd6af62cce4ac,average amount spent on textbooks per semester,ms_marco,Ranking Error,1
q_eb026825ecb53b7c,who were the first members of the eu,ms_marco,Semantic Miss,0
q_da524099b11ee325,can an inherited ira be converted to a roth ira,ms_marco,Ranking Error,1
q_92bb634a8fff7c84,dna dna hybridization,ms_marco,Ranking Error,1
q_7bf658e4fc121f2c,shrivelling definition,ms_marco,Ranking Error,1
q_34086d63f7972f5c,what is coffee wikipedia,ms_marco,Ranking Error,1
q_35170df135adec71,how much do bartenders make,ms_marco,Semantic Miss,0
q_a4a50cfcefaf7d80,wrapper,code_search_net,Ranking Error,1
q_869611f5ca6dda22,what meals does kfc do,ms_marco,Semantic Miss,0
q_18c3cce147bdb728,where are your ribs in your back located,ms_marco,Semantic Miss,0
q_0e928210e545fe2a,average cost of pavers per square foot,ms_marco,Ranking Error,1
q_a63a94510f782340,how much does a hospice nurse make?,ms_marco,Ranking Error,1
q_f1bd977264805ee5,average home construction cost,ms_marco,Ranking Error,1
q_8c5c1dd2652e2e9c,where is nunavut,ms_marco,Semantic Miss,0
q_f5f006708f05ae3f,What is the name of the high-energy compound that cells use directly to fuel other chemical reactions?,ms_marco,Semantic Miss,0
q_3afbe7aea2446dfd,"In naming ternary compounds, which type of particle is stated first?",sciq,Ranking Error,1
q_e85379b2c054734b,what is it the tower bridge built,ms_marco,Ranking Error,1
q_ac2737cfc36ac640,what is fibroid,ms_marco,Ranking Error,1
q_6f91de69f606d27e,what illnesses are caused by salmonella,ms_marco,Semantic Miss,0
q_bf162e73104c066e,are there different types of vertigo,ms_marco,Ranking Error,1
q_4aab08220b87dd7f,At what temperatures is O2 more soluble?,squad,Ranking Error,1
q_67356f258f7e8f98,Genetic markers show the presence of a predisposition to a disease or condition by,ms_marco,Ranking Error,1
q_51c8fe916ed59a32,how many stomach does a cow have,ms_marco,Ranking Error,1
q_549035d9565b999c,how much does a professional tattoo artist make,ms_marco,Semantic Miss,0
q_f7158e60678f8733,what are mycoplasmas,ms_marco,Ranking Error,1
q_85976f32deeaf121,average temperature in orlando in august,ms_marco,Ranking Error,1
q_43177f6d2b97843f,miner name meanings,ms_marco,Ranking Error,1
q_07e64535085e83c1,find out which computer a user is locking an account,ms_marco,Ranking Error,1
q_fb3e539b728b7957,who was henri castro,ms_marco,Ranking Error,1
q_be15f43654b6e8f1,what does rust on furnace mean?,ms_marco,Ranking Error,1
q_e41351cf3a2b1d80,saxmundham meaning of name,ms_marco,Ranking Error,1
q_cbca99851b2fd276,the geckos name from the geico commercials,ms_marco,Ranking Error,1
q_af8bbf775e7eb167,Neutrophils and lymphocytes are examples of what type of cell?,sciq,Ranking Error,1
q_637d8a247f875c44,what does per axle mean,ms_marco,Ranking Error,1
q_03fe673dbb17f2f0,the treaty of versailles detailed definition,ms_marco,Ranking Error,1
q_4b7e1451603dc9ef,medicare ppo what does it cover,ms_marco,Ranking Error,1
q_f86878906b3b329d,how long does it take to cook a pork tenderloin,ms_marco,Ranking Error,1
q_ac90e7552bc36745,what can i do with my psychology degree,ms_marco,Ranking Error,1
q_b2cd0e76ac80921e,what is secondary syphilis,ms_marco,Ranking Error,1
q_3e3de02d199a51ce,How many societal class divisions were in the plan Kublai rejected?,squad,Ranking Error,1
q_983267be49f8b24f,what is notation in math,ms_marco,Ranking Error,1
q_ded8ef3c0d2a1780,how to tell age of tire,ms_marco,Semantic Miss,0
q_f71f5626afa4295c,what is aesthetic leadership,ms_marco,Ranking Error,1
q_e2c131b4136514e0,what is the meaning of atharva veda,ms_marco,Ranking Error,1
q_1f3f291aa07479ad,main function,code_search_net,Ranking Error,1
q_bf24580d2f0cf051,what is a shelter care order,ms_marco,Ranking Error,1
q_1d1c256ae684e64c,does wipe data factory reset delete pictures,ms_marco,Ranking Error,1
q_287cb39b9f85f76a,average salary of a school counselor in ohio,ms_marco,Ranking Error,1
q_add0a2064c7a9f29,cost of mailing letter to canada,ms_marco,Ranking Error,1
q_8e7103e93d2555d4,hyaline cartilage definition,ms_marco,Ranking Error,1
q_ace501b90fa8284f,why is it called a kissing bug,ms_marco,Ranking Error,1
q_3b0f55c74116413e,What one point was not agreed on that was dear to Luther?,squad,Ranking Error,1
q_96d16da31805ead3,oculomotor nerve definition,ms_marco,Semantic Miss,0
q_93953bb9828841d1,what age to start toilet training puppies,ms_marco,Ranking Error,1
q_4a57f9dfeecbb7cb,what does the earth's magnetic field do,ms_marco,Semantic Miss,0
q_631444effcdd9ff5,cost of lucentis injection,ms_marco,Ranking Error,1
q_7148712d05580379,the ___were victory at the first battle of bull run,ms_marco,Semantic Miss,0
q_d4b45b38342e1f64,what did the royal fusiliers do,ms_marco,Semantic Miss,0
q_4cc63742e8e9ff44,how long to hatch dove eggs,ms_marco,Ranking Error,1
q_da513e6e3ba22b67,normal range of haemoglobin in australian medicine,ms_marco,Ranking Error,1
q_fbc4cdf0767268b9,is charles manson dead,ms_marco,Semantic Miss,0
q_2246236d0feed19f,what is a good refrigerator temperature,ms_marco,Ranking Error,1
q_11c8e02a2791353e,comprehensive immigration reform definition,ms_marco,Ranking Error,1
q_e61ceaa27583a7b8,where did the civil rights act take place,ms_marco,Semantic Miss,0
q_60e4874312eb081f,how long to cook beef rolled rib roast,ms_marco,Semantic Miss,0
q_1c9ab571575ada28,what is the meaning of inflorescence,ms_marco,Ranking Error,1
q_d3d8894acc24da03,what instruments do the kruger brothers play,ms_marco,Semantic Miss,0
q_5992ff472641f86f,side effects of cogentin,ms_marco,Ranking Error,1
q_0480cb303774d61b,charter colony definition,ms_marco,Ranking Error,1
q_57f3a771b81adcff,how to make a calendar in microsoft office,ms_marco,Ranking Error,1
q_a33dac418ffb1b4e,what vision abnormality occurs,ms_marco,Ranking Error,1
q_215dfb5b208de426,is kodak still making cameras,ms_marco,Semantic Miss,0
q_d690f7c5a2c69da6,the best way to clean your dog's teeth,ms_marco,Ranking Error,1
q_f3b95bdd77402ed9,how many calories does the average person eats in carbs a day,ms_marco,Ranking Error,1
q_52f75944b71daa57,what is a rare earth magnet,ms_marco,Ranking Error,1
q_c6a0f8668ea79bce,Init client,code_search_net,Ranking Error,1
q_304f22f903323b03,incubation time for cold,ms_marco,Ranking Error,1
q_602b9eed55dd12da,what is a vicar,ms_marco,Ranking Error,1
q_a0ebb5e706bdb888,percentage of death of measles before vaccine,ms_marco,Ranking Error,1
q_a5462795c829f406,at what gestational age can you feel a fetus move,ms_marco,Ranking Error,1
q_eeb9a58985ca1ab9,best way to use chromecast,ms_marco,Semantic Miss,0
q_c342b215d4ece629,are millipedes nocturnal,ms_marco,Ranking Error,1
q_6c4dfa68cd2340f3,average weight of a female cow,ms_marco,Ranking Error,1
q_e76288faeaebd6eb,what is inside a corn,ms_marco,Semantic Miss,0
q_3e0e47d4a44fa66d,what nationality is alex wagner,ms_marco,Ranking Error,1
q_10d3e2fe3de830fd,what does a power conditioner do,ms_marco,Semantic Miss,0
q_76e7d4d5f8e9f3fd,difference between xml xsl jsp html css,ms_marco,Ranking Error,1
q_8b18aa8ac08db8be,what electrical plug ins are used in portugal,ms_marco,Ranking Error,1
q_2d37616d014c3cdf,why hibiscus flower is important,ms_marco,Ranking Error,1
q_dae398ea07d3bcf5,what food can you have at a luau party,ms_marco,Ranking Error,1
q_42496210772cf721,chromosomes of zygote hold genetic information for life,ms_marco,Ranking Error,1
q_4539678ed97f2388,what b vitamins for vegetarians,ms_marco,Semantic Miss,0
q_f2cf067d1c3bc349,How did Natives in Logstown take Celeron's information?,squad,Ranking Error,1
q_e78fb67bb5d091c7,does medical insurance cover freezing eggs,ms_marco,Semantic Miss,0
q_a413e87476a92041,where orangutans live,ms_marco,Ranking Error,1
q_a8f4e25467fbe828,what are malware signatures,ms_marco,Ranking Error,1
q_f96bda89e2c1ee5c,"what advances were made in europe science,math and education during the renaissance",ms_marco,Ranking Error,1
q_d2def05376d60454,tablet android how to close application,ms_marco,Ranking Error,1
q_6108a0708fcf4cc9,average starting salary registered nurse arizona,ms_marco,Ranking Error,1
q_b93832aa83705260,what is a kremlin,ms_marco,Ranking Error,1
q_ce402c2d822d2ad3,how to cut down a sim card,ms_marco,Ranking Error,1
q_8e7e68c0780a9456,what canadian province is located between saskatchewan and ontario,ms_marco,Ranking Error,1
q_c647027ebe287c2d,how much money do nurses make,ms_marco,Ranking Error,1
q_87de70cf578e7039,economic entity principle definition,ms_marco,Ranking Error,1
q_d527576eb59ac130,what does a fbc blood test check for,ms_marco,Ranking Error,1
q_efea423c5b84ba91,What band names were the Beatles known as,ms_marco,Semantic Miss,0
q_6e77e45c4a4d6bf5,what does the psoas muscle do,ms_marco,Semantic Miss,0
q_65da1347ceee8270,where does the river itchen start,ms_marco,Semantic Miss,0
q_92fe7ebbdce18002,can you splitter off sky cable,ms_marco,Ranking Error,1
q_21c8565c0ad7c74e,What was a non-religious reason for the massacre?,squad,Ranking Error,1
q_b59102985835844e,when do you have to start withdrawing from your ira,ms_marco,Ranking Error,1
q_9a412336cd05c5c8,how long to keep tax returns,ms_marco,Semantic Miss,0
q_e514e9cb5dfca480,what temperature does a house fire reach,ms_marco,Semantic Miss,0
q_efab591b7895cccb,what is normal lymphocytes range,ms_marco,Ranking Error,1
q_0b1a3354feb84ddb,when did the pharmd program start,ms_marco,Ranking Error,1
q_17ab655332d0a072,how to do a background check on a potential tenant,ms_marco,Semantic Miss,0
q_28ee9d345da7242c,where is horseshoe falls located,ms_marco,Ranking Error,1
q_38d88d2ab8883c37,where is abbotsbury,ms_marco,Ranking Error,1
q_f22563a7e3823477,what is bowland hodder shale,ms_marco,Ranking Error,1
q_4a939b4d5e93a3a1,is cellulose considered a energy source,ms_marco,Semantic Miss,0
q_38423d2f392345f4,definition of name raisa,ms_marco,Ranking Error,1
q_be2801cf0d36a82d,what is silicon element classification,ms_marco,Ranking Error,1
q_0ed1c3df088f0e93,what receptor does MIBG target,ms_marco,Semantic Miss,0
q_1e580dffad9e9906,what is a basketcase?,ms_marco,Ranking Error,1
q_c96f3b51429e9d09,where does anthrax live,ms_marco,Ranking Error,1
q_8a191c2c4f79e9d3,what temperature can aloe survive,ms_marco,Ranking Error,1
q_8522233224662c77,See tfkl.Layer.call.,code_search_net,Ranking Error,1
q_dc3bf9c8385c2af4,example of population in an ecosystem,ms_marco,Ranking Error,1
q_3b8a8ce6b4c27a2b,what is a normal ejection fraction range,ms_marco,Ranking Error,1
q_5ae5e210da17a4b9,what is the order of the subunits in a strand of dna is called,ms_marco,Ranking Error,1
q_6a2b5a12cafdb408,who is the founder of microsoft,ms_marco,Ranking Error,1
q_bbd8679f577424ee,how do you get rid of eczema on your buttocks,ms_marco,Ranking Error,1
q_63fa2fe4cefd6e2e,how long do i cook brown rice in the microwave,ms_marco,Semantic Miss,0
q_2475ec8684694dcf,what is inflammatory condition,ms_marco,Ranking Error,1
q_31f66903f9427fa2,what type of flooring can be installed on concrete,ms_marco,Ranking Error,1
q_d81954e06862123e,what impulsive means,ms_marco,Ranking Error,1
q_ca24ed9f63e13d8b,what does fusee movement mean in clocks,ms_marco,Ranking Error,1
q_adfa8d0cd86b6123,what is a cave,ms_marco,Ranking Error,1
q_2c80daf2215b6d46,mineral rocks definition,ms_marco,Ranking Error,1
q_2cb071afca6237e9,extra insurance cost for an inground pool,ms_marco,Semantic Miss,0
q_bb07387aad110a53,how do you find the amount of cost of goods sold with the gross profit and net sale,ms_marco,Semantic Miss,0
q_58ee8fbb53bae061,why do road crews use road salt in the winter months to treat icy roads,ms_marco,Ranking Error,1
q_c43b76741bab3f4d,what does a body scan detect?,ms_marco,Ranking Error,1
q_f87f00c3b5b0f7bf,what type of bedding for chickens,ms_marco,Semantic Miss,0
q_5b65103b9fb4b1e7,what is the common name for nh4cl,ms_marco,Ranking Error,1
q_c4f0e95524b01f29,What is the size of the school's endowment?,squad,Ranking Error,1
q_4714d1600fe82d72,what is brs,ms_marco,Ranking Error,1
q_da5251c9678647a4,do sponges drain water in minecraft,ms_marco,Ranking Error,1
q_5ca35bf14ec9c087,The structural explanation of how a muscle fiber contracts is called the,ms_marco,Ranking Error,1
q_1f83535d20433a33,what is the class that includes sedimentary rocks which are deposited from a solution made from organic process,ms_marco,Ranking Error,1
q_b6f4f8d953bb8f15,when were historical documents written,ms_marco,Ranking Error,1
q_ec7d30457c46fa56,what is nursing rn bsn,ms_marco,Ranking Error,1
q_53bdbed0ea7377f0,disease caused by protozoa in animals,ms_marco,Semantic Miss,0
q_0e91403b042b7ce6,is shawarma lebanese food,ms_marco,Ranking Error,1
q_7e71a5e0d7d7cedd,bpi shangri la branch contact number,ms_marco,Ranking Error,1
q_eafcec6311a0e433,fever definition celsius,ms_marco,Ranking Error,1
q_b59a00cb4b646aa7,how long does it take to install a pool,ms_marco,Ranking Error,1
q_d4340ac021458165,bacterial endocarditis definition,ms_marco,Ranking Error,1
q_30028584bfe7bb8b,what is albumin,ms_marco,Ranking Error,1
q_8afe9505087ccddc,cost of blue light treatment with dermatologist,ms_marco,Ranking Error,1
q_d66d3daf72c824ba,what is a retroperitoneal mass definition,ms_marco,Ranking Error,1
q_a9c5761cb57e3c77,meaning of dna,ms_marco,Ranking Error,1
q_4f727a0f37761ba8,highest paid actresses on tv,ms_marco,Ranking Error,1
q_ee92f8f05c2b3399,what class of medication is niacin,ms_marco,Ranking Error,1
q_a95b35382bb4bfe6,where are limpets found,ms_marco,Ranking Error,1
q_1ba26ba0aa256631,what is beryl tourmaline,ms_marco,Ranking Error,1
q_1d92b071e4baef3a,what foods contain soy,ms_marco,Ranking Error,1
q_a1ff57635384fa4d,what is a policy document,ms_marco,Ranking Error,1
q_0ced0441019b02f1,what is propylene carbonate,ms_marco,Semantic Miss,0
q_a4f04c2b1cf2263f,how old do you have to be to serve alcohol in qld,ms_marco,Ranking Error,1
q_66fc575999666f4d,accounting annual reporting period definition,ms_marco,Ranking Error,1
q_1dae9f538f8c6709,what makes male seman brown,ms_marco,Semantic Miss,0
q_78ddcab564ff7af1,what does standard deviations mean,ms_marco,Semantic Miss,0
q_4e4e28a0b4416db8,what is hypospadia,ms_marco,Ranking Error,1
q_5596267eaa496bb3,how much is the entry fee to the bisbee,ms_marco,Ranking Error,1
q_72c48ba69c247476,weather in bali in august,ms_marco,Ranking Error,1
q_f3bd1ed24423189c,flat coated retriever average life span,ms_marco,Ranking Error,1
q_4577780ae2b1f518,solarcity price per watt,ms_marco,Ranking Error,1
q_5168718ed19379b7,what tone is poetry,ms_marco,Semantic Miss,0
q_61baef6af819d646,arwen name meaning origin,ms_marco,Ranking Error,1
q_fa77b45e344379a8,food that will raise blood pressure count,ms_marco,Ranking Error,1
q_66d701d095c2d9e5,what is a pink eye disease,ms_marco,Ranking Error,1
q_3f20026bf8e20f55,what kind of stars are the cepheids,ms_marco,Semantic Miss,0
q_c7a86d19e6fbbaa5,what are process of service desk,ms_marco,Ranking Error,1
q_fc4d1f3b7ffa39b3,When did Kenya gain independance?,squad,Ranking Error,1
q_971be89dbef71f95,what does a western blot detect,ms_marco,Ranking Error,1
q_f0198ef30cc052fa,what kind of industry helps mexico,ms_marco,Ranking Error,1
q_1ac9a9d3ccd77c7b,how much does a human rabies vaccine cost,ms_marco,Ranking Error,1
q_3c5d57221b47973f,does texas state have a law school,ms_marco,Ranking Error,1
q_c7333727760e914c,what enzyme does a positive TSI test detect,ms_marco,Ranking Error,1
q_96587252e92850d8,meaning of representation cost in salary budget,ms_marco,Ranking Error,1
q_96c6aac61df19ff4,what kind of glue can you use to apply fabric to foam board,ms_marco,Ranking Error,1
q_088efd78908d543c,how to cook ribeye steak on the grill,ms_marco,Ranking Error,1
q_c4bbfd21b9154c86,what type of minibeast is scorpion,ms_marco,Semantic Miss,0
q_84dddbee21a5d5c5,where is the originals tv show filmed,ms_marco,Ranking Error,1
q_82ceb646bd43572b,what are the valves called,ms_marco,Ranking Error,1
q_6f9880c09cb85fd9,jaw points of movement snakes definition,ms_marco,Semantic Miss,0
q_dc7f39267f814f03,Where is this housing style being developed recently?,squad,Ranking Error,1
q_238641d8f9770865,weather in moscow in may,ms_marco,Ranking Error,1
q_fd70d7a3d64cbb7c,what is a DME provider,ms_marco,Ranking Error,1
q_7e15155239b03084,who influenced isaac newton to become a scientist,ms_marco,Ranking Error,1
q_be6d597f83aa9e7c,How do bacteria reproduce?,sciq,Ranking Error,1
q_88d9e93f34de01b9,what makes a disease monogenic,ms_marco,Semantic Miss,0
q_5bddd95cf8342286,what is purpose of augmented voltage leads,ms_marco,Ranking Error,1
q_1df5d1ffaf63ec76,where are stress hormones produced,ms_marco,Semantic Miss,0
q_604f32db3c50ee92,what kind of siding resists carpenter bees,ms_marco,Ranking Error,1
q_d047ace057a33974,how long heater last,ms_marco,Ranking Error,1
q_281d479c18893365,who is invertebrate paleontologist,ms_marco,Ranking Error,1
q_7bffbdb72ccb1488,when did tesla begin researching x-ray imaging?,squad,Ranking Error,1
q_9ebe9661072e7982,why is finn in star wars,ms_marco,Ranking Error,1
q_0b9876dee4780417,how long n temperature to grill chicken thighs,ms_marco,Ranking Error,1
q_cc480425c32ae24d,how long does it take for my car title to come in the mail,ms_marco,Ranking Error,1
q_c316ec3c12ab6e40,vw cambelt replacement cost,ms_marco,Ranking Error,1
q_a2ade0256c7624d1,what is a disease that affects the legs,ms_marco,Ranking Error,1
q_ece4ad186c7700d4,what are the precipitating factors for addison's disease in dogs,ms_marco,Semantic Miss,0
q_28d0ddfb29e3ed5e,when was novel kite runner by hosseini published,ms_marco,Ranking Error,1
q_00ff02b57d019d1d,average price dallas cowboys ticket home game,ms_marco,Ranking Error,1
q_831aa88d3beb139d,how to cut watermelon for party,ms_marco,Ranking Error,1
q_5d98779361419a10,transcription unit definition biology,ms_marco,Ranking Error,1
q_25d60221a1e5ee9b,what is bacterial infection in urine,ms_marco,Ranking Error,1
q_bbaa69920dddaa54,where do the richest people in the world live,ms_marco,Ranking Error,1
q_813db8255741278e,what is the average cost of a polygraph test,ms_marco,Ranking Error,1
q_718e15522e1d197e,is it mandatory to pay overtime on holidays,ms_marco,Ranking Error,1
q_b1a84c61e0da8a04,what is atrophic retinal lesion,ms_marco,Ranking Error,1
q_a4585bd248cd77c6,can you use a deactivated sim card again,ms_marco,Ranking Error,1
q_846dfdebca9c3bfa,how can rocks be formed in the earth's lithosphere,ms_marco,Ranking Error,1
q_2085388b5b5b750f,how much does it cost for your provisional licence,ms_marco,Ranking Error,1
q_c9c5ad9dda52bfb3,what is threadworm,ms_marco,Semantic Miss,0
q_bcaafdadbef8a2aa,what are the blood sugar blood tests,ms_marco,Ranking Error,1
q_4634daa7050bcd3b,what is a duchy,ms_marco,Ranking Error,1
q_a8b49ab95934ce75,how to install google to ipad,ms_marco,Ranking Error,1
q_fab3775863a6f2f8,what do you do to monitor copd,ms_marco,Ranking Error,1
q_1fdc188c0a979e3d,what is naan,ms_marco,Ranking Error,1
q_4d59a51e3dd6944c,what is specific immunity,ms_marco,Ranking Error,1
q_070f9ae44ec51951,who do you make check payable for nj state tax,ms_marco,Ranking Error,1
q_b2a60de44c9c0d06,What do tadpoles clear out of waterways?,sciq,Ranking Error,1
q_19a64400576a61fe,what type of chemical bond has the most potential energy stored in it,ms_marco,Ranking Error,1
q_021ac30047ff7bd8,how to figure out percentage by weight weight,ms_marco,Ranking Error,1
q_c395856e92490f64,what is chlorophyll used for,ms_marco,Ranking Error,1
q_3e6a06aae231ca98,what is pregnyl used for,ms_marco,Semantic Miss,0
q_85c5f9ba0d3af9a7,putting baking soda in water to boil eggs,ms_marco,Semantic Miss,0
q_451245701b06c211,definition of chupacabra,ms_marco,Ranking Error,1
q_bbdedc48ba9ed898,what environment does a coconut live in,ms_marco,Ranking Error,1
q_262b05876f1680e6,what might have happened if the treaty of paris was signed,ms_marco,Ranking Error,1
q_7bbfdebae81a0e82,what is an incision into the vertebral column,ms_marco,Ranking Error,1
q_64b84f8e0639ba33,what foods contain sorbitol,ms_marco,Ranking Error,1
q_2c1cfc8b922c5433,how does someone become a us citizen,ms_marco,Ranking Error,1
q_fc6ed5483805558f,typical sponsorship fee for events,ms_marco,Ranking Error,1
q_38fafcdb0c259284,how much does it cost to move a piano,ms_marco,Ranking Error,1
q_777824778c2666d3,what does a starter motor do,ms_marco,Semantic Miss,0
q_f8187635a39ad193,where are the baroreceptors located,ms_marco,Ranking Error,1
q_d1ffd6a7fbb908de,incubation period for quail eggs,ms_marco,Ranking Error,1
q_bc3ccacd04cbe1ab,Who was Kennedy's vice president?,squad,Ranking Error,1
q_e02aa3f7a91d5475,how to cook yellowfin tuna steaks,ms_marco,Ranking Error,1
q_16d72728c4c428ee,average cost of san diego state university,ms_marco,Ranking Error,1
q_1e61345235027f66,what does nightly version mean,ms_marco,Ranking Error,1
q_8f4d9c1866bba42b,is vitamin c good for acne,ms_marco,Ranking Error,1
q_daeebeb74f08e38a,what is a gyroscope,ms_marco,Semantic Miss,0
q_2b6800a5ca1cd251,standard temperature and pressure for water,ms_marco,Ranking Error,1
q_51ab79e2ed4c8fd4,meaning of the word silhouetted,ms_marco,Ranking Error,1
q_c91647c21863a975,understanding albumin creatinine ratio,ms_marco,Ranking Error,1
q_70c48e5751cc0b56,what is the bad thing about green cleaning,ms_marco,Ranking Error,1
q_7effa2c370cb390b,should you fertilize before rain,ms_marco,Semantic Miss,0
q_85fb2354267c5bff,in what year did diamondback bikes start cadel evans career off,ms_marco,Ranking Error,1
q_e1b9367c33a3b28c,per diem rates conus,ms_marco,Ranking Error,1
q_e9a7ef2440c063cb,when was the smallpox vaccine discovered,ms_marco,Ranking Error,1
q_bac96f59ba71e62e,normal range for blood pressure,ms_marco,Ranking Error,1
q_7b837aaed749f623,volleyball court measurement in meters,ms_marco,Ranking Error,1
q_3b7a9b5092f0864d,what is cavitation and flashing,ms_marco,Ranking Error,1
q_46924a924b2e65ec,when was the television invented,ms_marco,Semantic Miss,0
q_bf13e8f6ae8c9dc0,what does the endoplasmic reticulum do in an animal cell,ms_marco,Ranking Error,1
q_598f471e921a4e04,what is an Oculoplastics,ms_marco,Ranking Error,1
q_27001e312f73dcd8,freud civilization and its discontents summary,ms_marco,Ranking Error,1
q_1a2a42a3d3733130,definition iambic pentameter,ms_marco,Semantic Miss,0
q_6b33c43ed9a93d3a,define rheumatology,ms_marco,Ranking Error,1
q_b9e29ded36b362c0,what is an snar reaction,ms_marco,Ranking Error,1
q_bfe96a28240f5b65,how much does it cost to go to a chiropractor,ms_marco,Ranking Error,1
q_7d4eb6d245d4feeb,is there a age requirement to become ny corrections,ms_marco,Ranking Error,1
q_6ad968d8d06fef64,why are viruses such a difficult group to classify,ms_marco,Ranking Error,1
q_499fde7ce793962f,how to stop hair from being affected by humidity,ms_marco,Ranking Error,1
q_9733147ee43c51cc,what keeps the moon orbiting the earth,ms_marco,Semantic Miss,0
q_98081bca5a6750d3,perkins coie salary,ms_marco,Ranking Error,1
q_ba898d7f93acf0ab,does the stomach digest food,ms_marco,Semantic Miss,0
q_342f50bedafa4e73,how much does a phlebotomy technician make,ms_marco,Ranking Error,1
q_d1d9a9ee2ab884cc,what temperature should an apple pie bake,ms_marco,Ranking Error,1
q_10e280975c02bc2f,what kind of membrane surrounds the nucleus,ms_marco,Ranking Error,1
q_30d2d01a3bbfba87,What kind of motion characterizes waves?,sciq,Ranking Error,1
q_18c10893821adca6,what are the functions of histone acetyltransferases,ms_marco,Ranking Error,1
q_b32829e398d7b735,how to view email in browser outlook,ms_marco,Semantic Miss,0
q_ae7ac77cd86c3da4,explain the biochemical process of photosynthesis,ms_marco,Semantic Miss,0
q_358e04fc27fb1416,what chamber of the heart do the anterior and posterior vena cava open,ms_marco,Ranking Error,1
q_596a90c0dd0d340c,what is switzerland's food style,ms_marco,Semantic Miss,0
q_7599dd619209bafb,which condition is also known as black lung disease,ms_marco,Ranking Error,1
q_638832f2196782a8,which president made the most executive orders,ms_marco,Ranking Error,1
q_38b8964b668c83ab,how long does it take for employer to get back to you after you apply,ms_marco,Ranking Error,1
q_cac71783dcf6103f,what is a marsdenia,ms_marco,Ranking Error,1
q_88253d75c84efd51,electricity cost / kwh seattle,ms_marco,Semantic Miss,0
q_f7932150070c7026,what are the characteristics of primates,ms_marco,Ranking Error,1
q_b529a50429dda790,Which direction did Romans use to drift through the Rhine?,squad,Ranking Error,1
q_2cfcbe5019f46402,what infrastructure does tpg use,ms_marco,Semantic Miss,0
q_ca62ec49de4a11c1,how fast does it take u to get your settlement check after it is settled,ms_marco,Ranking Error,1
q_87a0748ab8d131bd,lyme disease what determines geographical region,ms_marco,Ranking Error,1
q_ae25dd7366750e73,convert square feet into linear feet,ms_marco,Ranking Error,1
q_26f38f609d909b0b,did marco polo travels,ms_marco,Ranking Error,1
q_fbf3ecde9aa04af6,how to determine hoa fees,ms_marco,Ranking Error,1
q_f4c81e26b53d4206,does retro fitness charge a yearly fee,ms_marco,Ranking Error,1
q_002c3c79149e02ff,is a peacock a bird,ms_marco,Ranking Error,1
q_ca92b48b5d6b42c0,what is peripheral vestibular disorder,ms_marco,Ranking Error,1
q_3f3041f21b35e87f,what is a urn,ms_marco,Ranking Error,1
q_9215c490a1c8f3d3,what kind of oil does wendy's use to fry in,ms_marco,Ranking Error,1
q_d083bca25bc00dff,should you use a spirometer to increase lung capacity,ms_marco,Ranking Error,1
q_9fa7d9ce376c8f38,estimated cost of radial keratotomy,ms_marco,Ranking Error,1
q_33461c426e0cc273,why was the united states constitution created,ms_marco,Ranking Error,1
q_a165657867a5f068,what does wing mean,ms_marco,Ranking Error,1
q_a6af74ab626ffd9b,An experiment generates what to support a hypothesis?,sciq,Ranking Error,1
q_14d86bd117463721,how successful is back surgery,ms_marco,Ranking Error,1
q_798972846c90844f,why is traditional ira withdrawal taxable,ms_marco,Ranking Error,1
q_a5df9225a82d1970,what is the meaning of chesed,ms_marco,Semantic Miss,0
q_cab156cbce3d08f1,in which organ-- gizzard or crop-- would you expect to find the contents more ground up,ms_marco,Ranking Error,1
q_b6f2421d7edd638e,what is haggis made of,ms_marco,Ranking Error,1
q_ebbd5dc8dabf1f39,what causes radioactive pollution,ms_marco,Ranking Error,1
q_18657a98fe7480e1,spinal fluid which causes the low pressure around the brain,ms_marco,Ranking Error,1
q_a4f21ec9b9b6c67c,why can't felons vote,ms_marco,Ranking Error,1
q_c08688f1c1290412,when did mao zedong lead china,ms_marco,Ranking Error,1
q_4b5a9e5dcf8b4977,new orleans average temperature,ms_marco,Ranking Error,1
q_850a1c14f8cb0095,nike create your own,ms_marco,Ranking Error,1
q_4fcc87a9dfbdcbf0,what is the modern name for the city of syene,ms_marco,Ranking Error,1
q_f5a51caf9d6000bb,what are the significance of Streptococcus pyogenes,ms_marco,Semantic Miss,0
q_7ca60e20beed6d89,what is migraine pain,ms_marco,Ranking Error,1
q_83bb5ea88a1c475d,where is nicaragua located on the map,ms_marco,Ranking Error,1
q_bd3fdc68dbd0a9ab,what is zinc primer,ms_marco,Semantic Miss,0
q_5c20329b45cb40ed,what does franchise fee mean,ms_marco,Ranking Error,1
q_265fbec80cdfdeaf,what does the partial eta squared mean,ms_marco,Ranking Error,1
q_332f51d01877601a,definition of saute in cooking,ms_marco,Semantic Miss,0
q_6f710cbe7f67447b,what happens to dopamine when taking antipsychotics drugs,ms_marco,Semantic Miss,0
q_452c47508940a7ae,what is the definition of a substance in chemistry,ms_marco,Ranking Error,1
q_64bfcb0b9b0e52a1,how much does a theoretical physicist get paid,ms_marco,Ranking Error,1
q_6b365035517ea75b,how time is the chicken pox incubation period for chickenpox,ms_marco,Semantic Miss,0
q_afdd682e42035993,what does a sway bar do,ms_marco,Semantic Miss,0
q_8756541dbf825391,which nationality if the name chudy,ms_marco,Ranking Error,1
q_d050ed76f71ac0f5,HOW TO INSTALL RELAY BOARD ON WALL OVEN,ms_marco,Ranking Error,1
q_cfd66c394336b2f8,what is dbp in nail polish,ms_marco,Ranking Error,1
q_08a09c25448b8895,what is transesophageal echocardiogram,ms_marco,Ranking Error,1
q_b730ab0701429b3a,how much do weddings cost in the philippines,ms_marco,Ranking Error,1
q_381874ce2c912227,what inorganic materials contain carbon,ms_marco,Ranking Error,1
q_ec6154a2cff0a8bb,the average income of a college student,ms_marco,Semantic Miss,0
q_c5a1ed3f1576504d,what is a dog kingdom,ms_marco,Ranking Error,1
q_9c99448521883554,Tempo coordinates,code_search_net,Ranking Error,1
q_303de6230f18fe06,gpa requirements for baylor,ms_marco,Ranking Error,1
q_961134dd13282667,misty may husband,ms_marco,Semantic Miss,0
q_9f63357eedf5bd0c,new york mammal is called,ms_marco,Ranking Error,1
q_72ca58f474361926,Which religion did Kublai prefer?,squad,Ranking Error,1
q_8ec55d4df4877761,what are the dosage forms tizanidine,ms_marco,Ranking Error,1
q_6d00386373cc3240,what is puerperal sepsis,ms_marco,Ranking Error,1
q_e134f3f519fbe7ff,what does the german word wechsel mean,ms_marco,Ranking Error,1
q_f08b5fefcd403cf9,average lines per hour entry level medical transcriptionist,ms_marco,Semantic Miss,0
q_a9d8bb060ba442b2,where is the cerebral cortex located,ms_marco,Ranking Error,1
q_e5e06afba37d50cd,annual salary definition,ms_marco,Ranking Error,1
q_03cf1d4583bc516f,hpv vaccine india brand names,ms_marco,Ranking Error,1
q_2485dad8fa995f67,dental cap cost,ms_marco,Ranking Error,1
q_d5e8ea257987d06b,what is the average temperature of argentina,ms_marco,Ranking Error,1
q_e4b4542262d92eba,what is a common product of anaerobic metabolism,ms_marco,Ranking Error,1
q_ac44f44a3153892a,what are some things archaeologists find,ms_marco,Ranking Error,1
q_412904581fc22b5e,is the book sleepers based on a true story,ms_marco,Ranking Error,1
q_ea3f09dc660ff48d,what owls are protected,ms_marco,Ranking Error,1
q_f4f22115bdaab729,how many years of school do you need to be a chiropractor,ms_marco,Ranking Error,1
q_225a8e87e9afebca,how much does a land survey cost,ms_marco,Ranking Error,1
q_ae5f3d43f490c8df,site into which releasing hormones or inhibiting hormones,ms_marco,Ranking Error,1
q_153c9906d58bee49,what are dna microarrays,ms_marco,Ranking Error,1
q_895d6e019428bc3d,long distance movers cost,ms_marco,Ranking Error,1
q_1781219f1df64aa6,what function does your adrenal gland control,ms_marco,Ranking Error,1
q_c3a4664b4af3b2d2,what do they use bear bile for,ms_marco,Ranking Error,1
q_51e2c4210a3e95df,where is ajaccio,ms_marco,Ranking Error,1
q_b82ed5a6192d6c47,what is bioarchaeology,ms_marco,Ranking Error,1
q_13291bd2f54eb443,how long to oven cook whole chicken,ms_marco,Ranking Error,1
q_d95f00d412ea86e8,how to do closing statement in a debate,ms_marco,Ranking Error,1
q_22cf5e6945ef6555,why do they stain pistachios red?,ms_marco,Semantic Miss,0
q_5d803d6f53c69d16,indianapolis cost of asphalt driveway,ms_marco,Ranking Error,1
q_2d4b06b26aa60705,temperature and time roast chicken,ms_marco,Ranking Error,1
q_3079e31c01b8244d,what is variable expenses,ms_marco,Ranking Error,1
q_45c229af549bb563,what causes chemical meningitis,ms_marco,Ranking Error,1
q_7b8b59a3330d6f7f,what is Primary focal hyperhidrosis,ms_marco,Ranking Error,1
q_294f6339ec02fc16,where is choluna in gorgrond,ms_marco,Ranking Error,1
q_ae362f132eaf78fe,can you major in medical imaging,ms_marco,Semantic Miss,0
q_f19034cba0571031,what are emergent properties biology,ms_marco,Semantic Miss,0
q_139f8e1ce5568af8,how much to cancel sprint cell phone contract,ms_marco,Ranking Error,1
q_6f9e166aba58f2a9,how long to cook pork steaks in oven,ms_marco,Ranking Error,1
q_6070c14a1d606ae0,what is a brigadeiro,ms_marco,Ranking Error,1
q_cc63ab5961b8e4a2,do arteries and veins actually connect,ms_marco,Ranking Error,1
q_2cc3dbfe9e9f9987,what languages is spoken in mongolia,ms_marco,Ranking Error,1
q_35c850eb571fc125,how much does donor egg ivf cost,ms_marco,Ranking Error,1
q_5196784bd1d414a8,how much are sd cards for dslr,ms_marco,Ranking Error,1
q_2037490ea16e53b8,aida name has what nationality,ms_marco,Ranking Error,1
q_9cd5f2e2c4ad3b02,which part of the neuron acts as a receiver for nerve impulses axon nucleus dendrites,ms_marco,Ranking Error,1
q_635418bb16b40d1d,how to measure resting heart rate on ekg,ms_marco,Semantic Miss,0
q_b435dd56ea8e1b38,set forth definition,ms_marco,Semantic Miss,0
q_f077c357e79c0586,what satellite does freeview use,ms_marco,Semantic Miss,0
q_e33b3a17c0de522b,what is external and internal respiration in biology,ms_marco,Ranking Error,1
q_63aea9e18a26d746,how to use art for depression,ms_marco,Ranking Error,1
q_1c189ae0bf30ea33,credit score good bad average,ms_marco,Ranking Error,1
q_fd5a90c2234602ad,what is an aperitif,ms_marco,Ranking Error,1
q_90d14bad9cb4235b,What is one problem with internet pharmacies?,squad,Ranking Error,1
q_658a5fe9d875601b,permit technician salary,ms_marco,Ranking Error,1
q_1c21863513383026,what are distinctly applicable measures,ms_marco,Ranking Error,1
q_bda6738703a18226,what is a chemical reaction definition,ms_marco,Semantic Miss,0
q_0b7baefa90c827f0,aleve side effects,ms_marco,Semantic Miss,0
q_74a90eba7e1b9072,tricare cost for retirees,ms_marco,Ranking Error,1
q_9bb1ab8a1d5b5dc5,what is a bronsted lowry base example,ms_marco,Ranking Error,1
q_9f6b6e8ff3704bcb,how do you get a copy of a divorce decree from hawaii,ms_marco,Semantic Miss,0
q_98c84735da4d5f9b,what is gelatin made of in marshmallow,ms_marco,Ranking Error,1
q_6ebde3480d24bcfd,what were economic consequences of the gold rush,ms_marco,Ranking Error,1
q_464d3cec94a056b6,how do cats help us,ms_marco,Ranking Error,1
q_2ab96a3a7cc813dc,what are the proteins that carry out dna replication,ms_marco,Ranking Error,1
q_7e8733f67adb42ea,what is a dhcp reservation,ms_marco,Semantic Miss,0
q_19ab63675e05fc1c,how much carbohydrates should an athlete consume,ms_marco,Semantic Miss,0
q_c422e965e4fe5624,meaning of cohorts,ms_marco,Ranking Error,1
q_01afd6299c4cb6cf,average writing speed by age,ms_marco,Ranking Error,1
q_272c7c030032c065,what is a tawa,ms_marco,Ranking Error,1
q_9d938fa64b2e3bcd,what is lithotomy position,ms_marco,Ranking Error,1
q_def3d5bbe23ac3dc,does adderall improve cognition,ms_marco,Semantic Miss,0
q_9b9fecbdf0010f8e,is naproxen good for toothache,ms_marco,Ranking Error,1
q_62acb0dbd5ed460b,how much does a cat ultrasound cost,ms_marco,Ranking Error,1
q_93dd03d1fe5660e4,what is infective endocarditis symptoms,ms_marco,Ranking Error,1
q_066a385d143e3af6,When was Geegen the emperor?,squad,Ranking Error,1
q_23abfc621194443e,what are magnolias,ms_marco,Ranking Error,1
q_6ad9e257f29c8f72,do you have to go to graduate school before law school,ms_marco,Ranking Error,1
q_b90720e1c30bddb1,average salary of a lorry driver ireland,ms_marco,Ranking Error,1
q_492b7dc7673df879,standard basketball size,ms_marco,Ranking Error,1
q_4de0b7d88eac6678,What was the cost of the other Super Bowl events in the San Francisco area?,squad,Ranking Error,1
q_23ad0684e2d691ad,how does recharging a battery work,ms_marco,Semantic Miss,0
q_6a85a145f6fda805,average weight of a romaine heart,ms_marco,Ranking Error,1
q_ff4e13e91ac82201,how many ml is in a litre?,ms_marco,Ranking Error,1
q_75657d755eca7adc,allegory literary definition,ms_marco,Semantic Miss,0
q_c8b1d70c85c7a581,when was slavery first started,ms_marco,Ranking Error,1
q_92bad05c40ff7eab,what temperature is the danger zone for food,ms_marco,Ranking Error,1
q_d297b70080a518e2,what is an NSULC,ms_marco,Ranking Error,1
q_45fac3ab002d2f26,waste brine definition,ms_marco,Ranking Error,1
q_035d4b3ba158c8ee,what is the metabolism in plants,ms_marco,Semantic Miss,0
q_8694754d14cccfe2,what does the name bragi mean,ms_marco,Ranking Error,1
q_ac389588aa5418b5,what is the difference between a lizard and a salamander,ms_marco,Semantic Miss,0
q_68c6c38833c89118,at what age does the average person start walking,ms_marco,Ranking Error,1
q_78cf659ad2ab7d74,hourly rate for a esy paraprofessional,ms_marco,Ranking Error,1
q_4603699c5fe9653e,how to get rid of staff infection,ms_marco,Ranking Error,1
q_51747d420e828253,what kind of flowers do pyrethrins come from,ms_marco,Ranking Error,1
q_c4168e62c937b9a3,sales revenues for sound system,ms_marco,Semantic Miss,0
q_738ecea8a5521acc,where is brown algae found,ms_marco,Ranking Error,1
q_a0eafe8763d5ba02,when did daylight saving start,ms_marco,Semantic Miss,0
q_d53c153cf993b912,what is bordetella in dogs,ms_marco,Semantic Miss,0
q_ed5e060fb5cfe9c0,what does a cbc include,ms_marco,Semantic Miss,0
q_3ee941436e58dfec,what is a succulent plant,ms_marco,Semantic Miss,0
q_78faa1ab785c300f,who created the first plane,ms_marco,Semantic Miss,0
q_c83cba14bb8eaf5e,what is excessive saliva called,ms_marco,Ranking Error,1
q_3025c4f2535fae4f,does crestor affect cholesterol,ms_marco,Ranking Error,1
q_fe4e8e6265c2bc14,Caffeine is an example of what type of drug?,sciq,Semantic Miss,0
q_50f03e707f9373b1,what causes scratches,ms_marco,Ranking Error,1
q_5b1abbc04c2c5ee9,definition of citizenism,ms_marco,Ranking Error,1
q_6eee970ce54cbfc1,carbohydrates are stored in the liver and muscles in the form of,ms_marco,Semantic Miss,0
q_c22ac3411476fe4d,where did margaret mahy go to school,ms_marco,Ranking Error,1
q_81e52d43b070645b,how much does uber pay,ms_marco,Semantic Miss,0
q_86c8e80b560a257a,Where did the Panthers practice at for Super Bowl 50?,squad,Ranking Error,1
q_7fb60bbbd636fcd6,how much do footballers get paid,ms_marco,Ranking Error,1
q_54098bdc57b8a52f,where is the name keeva from,ms_marco,Ranking Error,1
q_cad9f6df874efb09,what is a registered nurse role,ms_marco,Semantic Miss,0
q_82c5031de8f4fd81,fairfax county average salary,ms_marco,Ranking Error,1
q_b563ea5d653c7b51,disease that causes inflammation,ms_marco,Semantic Miss,0
q_4283c7b513a1a6c1,average home building cost,ms_marco,Ranking Error,1
q_3fcdb3f85d6529d5,neuron extending fiber that conducts impulses away from the cell body,ms_marco,Ranking Error,1
q_10ea6e72910447d8,are the immune and lymphatic system the same,ms_marco,Ranking Error,1
q_df0fb7e9f151ed54,what are kneading movements,ms_marco,Ranking Error,1
q_a2d6e2adb1bf8844,what is a CR contract,ms_marco,Ranking Error,1
q_2ee01149103e068f,what is echelon,ms_marco,Ranking Error,1
q_4a8874f4c072b87e,how often does Nakk the thunderer spawn,ms_marco,Ranking Error,1
q_165157802436cfc1,What consists of the different species within an area?,sciq,Ranking Error,1
q_90a8e0c3cc50427a,what is a slapstick,ms_marco,Ranking Error,1
q_5c51472da90318a4,where is bard college located,ms_marco,Ranking Error,1
q_c09aac9acbe10c2d,what is lean,ms_marco,Ranking Error,1
q_c7df3fb06400537e,appropriate wedding gift cost,ms_marco,Ranking Error,1
q_a567505a80a8b418,what is normal peak flow measurement for male is it erv,ms_marco,Ranking Error,1
q_a36e60b8ba044223,what is cabaret music,ms_marco,Ranking Error,1
q_efec3dd12261e55a,self.parser->self.parsed_data,code_search_net,Ranking Error,1
q_5490a018ee63abed,are cancer cell is anaerobic,ms_marco,Ranking Error,1
q_8ffcff4236902387,what is a rife machine used for,ms_marco,Ranking Error,1
q_b1252bff7c543335,how much schooling for scrub tech,ms_marco,Ranking Error,1
q_ba8fbcf5c96efc38,what is a nupe kappa,ms_marco,Ranking Error,1
q_60d151be13eef0f1,what does hacker mean,ms_marco,Ranking Error,1
q_aba2e281aed8f0f6,cost of desalination,ms_marco,Ranking Error,1
q_9879b1c5a8deb697,where is arizona located,ms_marco,Ranking Error,1
q_ef75e1fa247a5c9b,justify renting costs,ms_marco,Ranking Error,1
q_50d6a250df1077a1,what language do they speak in iran,ms_marco,Semantic Miss,0
q_d1cdf32a4aaf0fd4,will ibuprofen hurt my liver,ms_marco,Semantic Miss,0
q_68d490ae941d5588,how long can you make payments to the irs,ms_marco,Ranking Error,1
q_7482531a85e836a1,how much does it cost for a repairman to replace refrigerator handle,ms_marco,Ranking Error,1
q_0f094f00f5d9a88c,when did germany declare war on belgium,ms_marco,Ranking Error,1
q_2f5147c98ccd213d,can you use a teepee trellis for tomatoes,ms_marco,Ranking Error,1
q_d850a777955f539f,what is tophi in gout,ms_marco,Semantic Miss,0
q_d95d2f385be8d2ab,converting part of your non deductible contribution ira to a roth,ms_marco,Semantic Miss,0
q_faf92df4c392f790,what is absinthe,ms_marco,Semantic Miss,0
q_7a1dd1bb07a20a1a,what kind of fish is rockfish,ms_marco,Ranking Error,1
q_a045cc4835bc275a,the proximal surface that is located farthest away from the midline is the,ms_marco,Ranking Error,1
q_287a3a3684d20c04,www what is the meaning of my name is preethi,ms_marco,Ranking Error,1
q_76206549534db32f,what does altimeter mean,ms_marco,Ranking Error,1
q_cd2696fe64ee2a2d,salary of clinical psychologist,ms_marco,Semantic Miss,0
q_aad37e471144d20f,do vitamins produce energy aerobically,ms_marco,Ranking Error,1
q_6eea6f2a70a76d51,what is lactose used for,ms_marco,Ranking Error,1
q_dd5f058a1b00deec,is the mitochondria a bacteria,ms_marco,Semantic Miss,0
q_5b1d2b7d8265e56b,does solar energy pay for the cost,ms_marco,Ranking Error,1
q_db5b1ee18fd30a76,what region is brampton in,ms_marco,Ranking Error,1
q_8c99005d3c6bc480,Mitochondria definition,ms_marco,Ranking Error,1
q_6e71d52b0195215d,how to completely remove subtotals in pivot table,ms_marco,Ranking Error,1
q_f03c5544297ed66e,what disabilities are intellectual disabilities,ms_marco,Semantic Miss,0
q_2ca0a0ada817d3c3,what is ferrous gluconate,ms_marco,Ranking Error,1
q_d1a9702d114b2aff,how much do nursing assistants in a nursing home make,ms_marco,Ranking Error,1
q_c93e12d697e06b57,what is toothbrush abrasion,ms_marco,Ranking Error,1
q_ae63ee8f98c9297c,how long do radio waves to get to venus from earth,ms_marco,Ranking Error,1
q_ae2cb7eb77ff6794,where is the jejunum located,ms_marco,Ranking Error,1
q_a8af4815ea09c052,what time should i get to the ACT test,ms_marco,Ranking Error,1
q_af59db9a219397cb,what helps bruises heal quicker,ms_marco,Ranking Error,1
q_1acf53ab17fa1e91,what is phylum also called,ms_marco,Ranking Error,1
q_720d3c46e33b1b6a,what is kop liverpool,ms_marco,Ranking Error,1
q_0cc713af9037a7c4,what forms covalent bonds,ms_marco,Ranking Error,1
q_101f3a8293a8a5e8,what is oasdi from paycheck,ms_marco,Ranking Error,1
q_1b26b65f14633e95,italian where is,ms_marco,Ranking Error,1
q_11d8bfd22e270f3a,what county is catonsville md in,ms_marco,Ranking Error,1
q_1bdd167a8401a8d3,where do you see the state of arkansas headed to in the near future,ms_marco,Ranking Error,1
q_88a155f16873c2a1,what is hall voltage,ms_marco,Ranking Error,1
q_146084b1617105f4,where does secretion mostly occur in the nephron,ms_marco,Ranking Error,1
q_d582f129d01ffe9b,how long do people on dialysis tend to live,ms_marco,Semantic Miss,0
q_7a4fa272b7f0f65a,definition of presidential theory,ms_marco,Ranking Error,1
q_5dc8f87ada8b3a34,originally iq was defined as,ms_marco,Ranking Error,1
q_dfe2562ca3258b5e,benefits of curd in diabetes,ms_marco,Ranking Error,1
q_4f0477daaabb313d,what is the average price for a couch,ms_marco,Ranking Error,1
q_4440cebd4c365aaf,what temperature for pork ribs,ms_marco,Semantic Miss,0
q_72f12e7daee34417,what is a carrier for a phone?,ms_marco,Ranking Error,1
q_9feb97b56ebad191,where is vietnam located,ms_marco,Semantic Miss,0
q_b8e2c4c281875509,iatrogenic coagulopathy definition,ms_marco,Ranking Error,1
q_b4a869c54237b582,what is a ventilation system,ms_marco,Ranking Error,1
q_e64574fa2bf00f91,the average kidney receives what percentage of cardiac output,ms_marco,Ranking Error,1
q_91cc5bf5cc9269ba,what enables the thyroid gland to perform its function,ms_marco,Ranking Error,1
q_655fa1a1268496dd,what does pennyweight mean,ms_marco,Semantic Miss,0
q_f8d0b2925123f7fb,what book made jrr tolkien famous,ms_marco,Ranking Error,1
q_f99fa7bfd011014e,is startwire legitimate,ms_marco,Semantic Miss,0
q_d13eefd72c9ee03d,what is erythema and what causes it,ms_marco,Ranking Error,1
q_1018d36a1a4bec55,how did the paris peace conference affect japan,ms_marco,Ranking Error,1
q_f03e0a77694cba1a,food nutrients and their importance,ms_marco,Semantic Miss,0
q_940de824e26e7555,what are a probation officers duties,ms_marco,Semantic Miss,0
q_73175baaa95e3ca1,putting netflix on dish network,ms_marco,Ranking Error,1
q_abe60d90de10bd17,how is sandstone formed?,ms_marco,Ranking Error,1
q_51a4092c5ed8dfed,what is a NUc,ms_marco,Ranking Error,1
q_dbcb8e5ea9c6864c,what is a literary agent salary,ms_marco,Semantic Miss,0
q_7b1d45ad33bdb623,deforestation affecting animals,ms_marco,Ranking Error,1
q_0049f3888088cc28,can i do a group calls on skype international,ms_marco,Semantic Miss,0
q_84a2da4c8c24a872,what are reactants and products in relation to chemical reactions,ms_marco,Ranking Error,1
q_4a05dbf5c613c32c,how many actors from on the buses are still alive,ms_marco,Ranking Error,1
q_5d29630123e2127e,market futures definition,ms_marco,Ranking Error,1
q_6547865db27f673f,max age pension couple per annum,ms_marco,Ranking Error,1
q_60fb9e0bb223f9fb,how much is a root canal with delta dental insurance,ms_marco,Ranking Error,1
q_cf824aae7e6cb6a4,what is an ionic lattice,ms_marco,Semantic Miss,0
q_41a08be18d7fd09b,Render the widget.,code_search_net,Ranking Error,1
q_36d6dd14d5f1c621,congress passed what during reconstruction era,ms_marco,Semantic Miss,0
q_ece4b9187aadd637,how much does a acre of land cost in apalachin ny cost,ms_marco,Ranking Error,1
q_4dc20c1c436a989a,what causes a posterior tibial tendon tear,ms_marco,Ranking Error,1
q_7aadb337a27a08ad,average starting salary for college grads,ms_marco,Semantic Miss,0
q_925f92717717d7f9,what is the incubation period for chlamydia,ms_marco,Ranking Error,1
q_cb148d6c4afdacc3,what is flaxseed oil,ms_marco,Semantic Miss,0
q_9969b7e6403be671,does alcohol affect the eyes,ms_marco,Ranking Error,1
q_e5c2460b3c63f842,signs of hens laying,ms_marco,Semantic Miss,0
q_02f6c20203b44d0d,how to clean fingerprints off your laptop case,ms_marco,Ranking Error,1
q_a23d42705235f2ee,how much does a pharmacist tech make an hour,ms_marco,Ranking Error,1
q_f5d8ebdc2aa937ae,Majority gate.,code_search_net,Ranking Error,1
q_f2b1c25f877294fb,what are bile salts used for,ms_marco,Semantic Miss,0
q_963f6349ca44cb65,________ are the blood vessels that carry blood away from the heart,ms_marco,Ranking Error,1
q_3f62e9c5a606501d,on which continent is athens greece located,ms_marco,Ranking Error,1
q_572a90bf08a5ab9a,what is the longest time it would take to become a physical therapist,ms_marco,Ranking Error,1
q_635818aebf63ac84,what is louse,ms_marco,Semantic Miss,0
q_57ec9de4da651803,what is classical ballet,ms_marco,Ranking Error,1
q_7fba90df0d3bb90c,what is a stretch reflex,ms_marco,Ranking Error,1
q_efae5784a06a3f82,cost of solar,ms_marco,Ranking Error,1
q_12616fef3d133179,What did lane and vail finance?,squad,Ranking Error,1
q_9a5480d020d0c0ed,what is common occurrence for granite,ms_marco,Ranking Error,1
q_15675201a1942b27,where is antidiuretic hormone released from,ms_marco,Ranking Error,1
q_48bd84e28d3a1228,what are the molecules in a dna strands called,ms_marco,Ranking Error,1
q_b2c9fce9a9438dca,what is speakonia,ms_marco,Ranking Error,1
q_5ad68057adfff358,what is great barrier reef,ms_marco,Ranking Error,1
q_9a85eaa6204580e9,what is subclinical hyperthyroidism,ms_marco,Ranking Error,1
q_0b005ce15b8769f4,how much does a middle class person make,ms_marco,Ranking Error,1
q_a41d41ee2a0ebe72,how much does a registered nurse make in the philippines,ms_marco,Semantic Miss,0
q_ef34a5ec6eacf117,define broaden,ms_marco,Ranking Error,1
q_b52fba39033e759e,how long was the titanic's voyage supposed to be,ms_marco,Ranking Error,1
q_66f26264ca6b0821,oona name meaning,ms_marco,Ranking Error,1
q_bdebf5078b790563,what is matzo made of,ms_marco,Ranking Error,1
q_8c033add87a7f0be,what is one ecosystem found within the taiga biome,ms_marco,Ranking Error,1
q_fcc311332d0787c5,why do fillings hurt when they touch metal,ms_marco,Ranking Error,1
q_2b8abd69b715ffaa,cost to raise chickens,ms_marco,Ranking Error,1
q_39a7b692f323fd1e,what does mouse stand for computer,ms_marco,Ranking Error,1
q_2394adfc575327d0,what is leucine,ms_marco,Ranking Error,1
q_583513ebd73892d3,age limit for station master in railways,ms_marco,Ranking Error,1
q_6826989e5a704fef,new oil furnace should cost,ms_marco,Ranking Error,1
q_93eff570af9261e6,average price for new construction per square foot,ms_marco,Ranking Error,1
q_69c0065dcc11ad4e,r'-,code_search_net,Ranking Error,1
q_3ea6cd544b34822a,how much does a neonatal nurse make an hour,ms_marco,Ranking Error,1
q_dda8b3401c9b7696,what does a cumulonimbus look like,ms_marco,Ranking Error,1
q_c30e39fd866ccf1a,what is a brachiopod,ms_marco,Ranking Error,1
q_95519af5bb9bd7ff,what is bangladeshi tehri food,ms_marco,Ranking Error,1
q_e3f70d3897189598,what are two characteristics of fluids,ms_marco,Ranking Error,1
q_8629698944dc1a3c,what is a agglutination mean,ms_marco,Ranking Error,1
q_090ddbeb7742feb5,why is homeostasis important for cells as well as for an entire organism,ms_marco,Ranking Error,1
q_99ed2e3e4c8c14b4,how to change a computer name,ms_marco,Ranking Error,1
q_0b588086cc035c66,definition of burpee,ms_marco,Ranking Error,1
q_2774139278521f1f,inside sales representative vs outside sales representative,ms_marco,Ranking Error,1
q_50e785af12e6f189,what causes pimples,ms_marco,Semantic Miss,0
q_268b163172b913dc,what is salmeterol,ms_marco,Semantic Miss,0
q_0076056c3f3ce3ed,how long to cook picnic ham in slow cooker,ms_marco,Ranking Error,1
q_dc27217caab05c82,Run build.,code_search_net,Ranking Error,1
q_ccbd19823c14a305,what makes it a persian rug,ms_marco,Semantic Miss,0
q_857e41649f026102,what is a blue heeler,ms_marco,Ranking Error,1
q_cd9efabbab795af5,what language do icelanders speak,ms_marco,Semantic Miss,0
q_d40ad8f2eb2fbe90,why are some minerals more rare than others,ms_marco,Ranking Error,1
q_e66070ee6bc7e4b7,How do I implement JWT authentication flow for the backend?,synthetic_domain,Ranking Error,1
q_fbd469201e1b61a5,How do I implement schema migrations in PostgreSQL for the backend?,synthetic_domain,Ranking Error,1
q_cbc2fd9f712ebf2e,How do I implement schema migrations in PostgreSQL for the backend?,synthetic_domain,Ranking Error,1
q_bcb0328e7ea31f73,How do I implement Docker container orchestration for the backend?,synthetic_domain,Ranking Error,1
q_0d04ce53b466302a,How do I implement schema migrations in PostgreSQL for the backend?,synthetic_domain,Ranking Error,1
q_e031adafcfe460ff,How do I implement schema migrations in PostgreSQL for the backend?,synthetic_domain,Ranking Error,1
q_10e1705031aee52f,How do I implement Docker container orchestration for the backend?,synthetic_domain,Ranking Error,1
q_d9cf5b8a43dd7135,How do I implement Redis caching strategies for the backend?,synthetic_domain,Ranking Error,1
q_c9308a14d973f7dd,How do I implement Docker container orchestration for the backend?,synthetic_domain,Ranking Error,1
q_db786c75a4334ea9,How do I implement schema migrations in PostgreSQL for the backend?,synthetic_domain,Ranking Error,1
q_093fd11fba41b99c,How do I implement Redis caching strategies for the backend?,synthetic_domain,Ranking Error,1
q_2883c28a21fb8ac0,How do I implement Redis caching strategies for the backend?,synthetic_domain,Ranking Error,1
q_17b87daff9581fcf,How do I implement Docker container orchestration for the backend?,synthetic_domain,Ranking Error,1
q_c598fa6c1e686192,How do I implement schema migrations in PostgreSQL for the backend?,synthetic_domain,Ranking Error,1
q_57454a7ee8835e7b,How do I implement GraphQL query optimization for the backend?,synthetic_domain,Ranking Error,1
q_23ff1f9ebd7a74b7,How do I implement Kubernetes pod autoscaling for the backend?,synthetic_domain,Ranking Error,1
q_f3fa4499202ddc20,How do I implement Redis caching strategies for the backend?,synthetic_domain,Ranking Error,1
q_58908257d5b913b5,How do I implement OAuth2 token refresh for the backend?,synthetic_domain,Ranking Error,1
q_bc32bf64d15563c6,How do I implement schema migrations in PostgreSQL for the backend?,synthetic_domain,Ranking Error,1
q_64effc17428ce422,How do I implement GraphQL query optimization for the backend?,synthetic_domain,Ranking Error,1
q_35f6fcc4770b9fb8,How do I implement Redis caching strategies for the backend?,synthetic_domain,Ranking Error,1
q_0cd6b24a0075d039,How do I implement GraphQL query optimization for the backend?,synthetic_domain,Ranking Error,1
q_5bfbe1267e5b9d7d,How do I implement Redis caching strategies for the backend?,synthetic_domain,Ranking Error,1
q_c9ac9dbf6f20d587,How do I implement Redis caching strategies for the backend?,synthetic_domain,Ranking Error,1
q_1586f321f859b2a1,How do I implement Docker container orchestration for the backend?,synthetic_domain,Ranking Error,1
q_6d9b08577707aa9f,How do I implement CI/CD pipeline configuration for the backend?,synthetic_domain,Ranking Error,1
q_2bcc9d863166ea77,How do I implement Docker container orchestration for the backend?,synthetic_domain,Ranking Error,1
q_935474711c889d16,How do I implement Docker container orchestration for the backend?,synthetic_domain,Ranking Error,1
q_39b346a63d66df1d,How do I implement GraphQL query optimization for the backend?,synthetic_domain,Ranking Error,1
q_a2ef50bb6c517d24,How do I implement Redis caching strategies for the backend?,synthetic_domain,Ranking Error,1
q_b8bafbe109264da4,How do I implement Docker container orchestration for the backend?,synthetic_domain,Ranking Error,1
q_e753d42d02d431fc,How do I implement GraphQL query optimization for the backend?,synthetic_domain,Ranking Error,1
q_f0243bcfe693a21d,How do I implement JWT authentication flow for the backend?,synthetic_domain,Ranking Error,1
q_90d6acfd791ec1ff,How do I implement Redis caching strategies for the backend?,synthetic_domain,Ranking Error,1
q_31ea03b2443e9d7a,How do I implement Docker container orchestration for the backend?,synthetic_domain,Ranking Error,1
q_738669ba6c68e426,How do I implement OAuth2 token refresh for the backend?,synthetic_domain,Ranking Error,1
q_e7134065290372ad,How do I implement Redis caching strategies for the backend?,synthetic_domain,Ranking Error,1
q_8d625c9b2a3d5516,How do I implement JWT authentication flow for the backend?,synthetic_domain,Ranking Error,1
q_80185136599ea446,How do I implement CI/CD pipeline configuration for the backend?,synthetic_domain,Ranking Error,1
q_d4b38fec0fc1fc7f,How do I implement GraphQL query optimization for the backend?,synthetic_domain,Ranking Error,1
q_122dc05f40ad5e5a,How do I implement Docker container orchestration for the backend?,synthetic_domain,Ranking Error,1
q_68ee40be1140491b,How do I implement Docker container orchestration for the backend?,synthetic_domain,Ranking Error,1
q_50474ee736e02cc0,How do I implement Docker container orchestration for the backend?,synthetic_domain,Ranking Error,1
q_99aebcd33ae6cb6f,How do I implement Docker container orchestration for the backend?,synthetic_domain,Ranking Error,1
q_917e24af1298a014,How do I implement JWT authentication flow for the backend?,synthetic_domain,Ranking Error,1
q_88862eef7dca9cd2,How do I implement schema migrations in PostgreSQL for the backend?,synthetic_domain,Ranking Error,1
q_8d28b6c86e0aaf3d,How do I implement OAuth2 token refresh for the backend?,synthetic_domain,Ranking Error,1
q_e78090a7f98a555f,How do I implement Docker container orchestration for the backend?,synthetic_domain,Ranking Error,1
q_a7078275ebfb3877,How do I implement OAuth2 token refresh for the backend?,synthetic_domain,Ranking Error,1
q_71ee31e1c205eccf,How do I implement GraphQL query optimization for the backend?,synthetic_domain,Ranking Error,1
q_8cfa4659a1077087,How do I implement GraphQL query optimization for the backend?,synthetic_domain,Ranking Error,1
q_5ed44f0eced03baa,How do I implement Docker container orchestration for the backend?,synthetic_domain,Ranking Error,1
q_20cf05dddd295d88,How do I implement Redis caching strategies for the backend?,synthetic_domain,Ranking Error,1
q_852026c01fbc2b3c,How do I implement CI/CD pipeline configuration for the backend?,synthetic_domain,Ranking Error,1
q_fc4104a4024b94a2,How do I implement Redis caching strategies for the backend?,synthetic_domain,Ranking Error,1
q_91158b07ad7197fb,How do I implement Redis caching strategies for the backend?,synthetic_domain,Ranking Error,1
q_54748c027c176c95,How do I implement schema migrations in PostgreSQL for the backend?,synthetic_domain,Ranking Error,1
q_7fe554c50afecc16,How do I implement Redis caching strategies for the backend?,synthetic_domain,Ranking Error,1
q_1844e0d9aef4b326,How do I implement GraphQL query optimization for the backend?,synthetic_domain,Ranking Error,1
q_f527b2e809a3501c,How do I implement JWT authentication flow for the backend?,synthetic_domain,Ranking Error,1
q_cf9f307e643b6fbd,How do I implement schema migrations in PostgreSQL for the backend?,synthetic_domain,Ranking Error,1
q_a4292f6dad4bfbac,How do I implement OAuth2 token refresh for the backend?,synthetic_domain,Ranking Error,1
q_815772ab98b8e0ad,How do I implement GraphQL query optimization for the backend?,synthetic_domain,Ranking Error,1
q_d1938aea7f0e66cd,How do I implement schema migrations in PostgreSQL for the backend?,synthetic_domain,Ranking Error,1
q_ae41afc80b028163,How do I implement Docker container orchestration for the backend?,synthetic_domain,Ranking Error,1
q_2105d039948ba822,How do I implement Redis caching strategies for the backend?,synthetic_domain,Ranking Error,1
q_c0d60d1a4d0ba767,How do I implement schema migrations in PostgreSQL for the backend?,synthetic_domain,Ranking Error,1
q_33fcb4b467df1461,How do I implement Redis caching strategies for the backend?,synthetic_domain,Ranking Error,1
q_382ca0a38e2b8766,How do I implement OAuth2 token refresh for the backend?,synthetic_domain,Ranking Error,1
q_ecae398f4df95809,How do I implement CI/CD pipeline configuration for the backend?,synthetic_domain,Ranking Error,1
q_28d54e330e60289b,How do I implement Redis caching strategies for the backend?,synthetic_domain,Ranking Error,1
q_748fc56a70378eaf,How do I implement schema migrations in PostgreSQL for the backend?,synthetic_domain,Ranking Error,1
q_e4704cc7e1bbd5fa,How do I implement Redis caching strategies for the backend?,synthetic_domain,Ranking Error,1
q_349ff8deeb4009ce,How do I implement Docker container orchestration for the backend?,synthetic_domain,Ranking Error,1
q_39d43de2bb5855c3,How do I implement CI/CD pipeline configuration for the backend?,synthetic_domain,Ranking Error,1
q_0409b44b9735a9b3,How do I implement GraphQL query optimization for the backend?,synthetic_domain,Ranking Error,1
q_512af5f6a32e37eb,How do I implement Docker container orchestration for the backend?,synthetic_domain,Ranking Error,1
q_d0e7f1c5c2600706,How do I implement GraphQL query optimization for the backend?,synthetic_domain,Ranking Error,1
q_26148b4b01d22d23,How do I implement Kubernetes pod autoscaling for the backend?,synthetic_domain,Ranking Error,1
q_f4d3e259bf6d4c6b,How do I implement CI/CD pipeline configuration for the backend?,synthetic_domain,Ranking Error,1
q_e5db2ddf533d3229,How do I implement OAuth2 token refresh for the backend?,synthetic_domain,Ranking Error,1
q_b929afab657d8e2c,How do I implement schema migrations in PostgreSQL for the backend?,synthetic_domain,Ranking Error,1
q_1c4848a619039ab0,How do I implement JWT authentication flow for the backend?,synthetic_domain,Ranking Error,1
q_0147210db808372d,How do I implement Redis caching strategies for the backend?,synthetic_domain,Ranking Error,1
q_116f55a23822743e,How do I implement Redis caching strategies for the backend?,synthetic_domain,Ranking Error,1
q_f2f16835efcb6081,How do I implement GraphQL query optimization for the backend?,synthetic_domain,Ranking Error,1
q_ee3f18ee104696be,How do I implement Redis caching strategies for the backend?,synthetic_domain,Ranking Error,1
q_14babb6ae0a1e593,How do I implement JWT authentication flow for the backend?,synthetic_domain,Ranking Error,1
q_25574e3794efd328,How do I implement JWT authentication flow for the backend?,synthetic_domain,Ranking Error,1
q_8228d9647ab354bf,How do I implement OAuth2 token refresh for the backend?,synthetic_domain,Ranking Error,1
q_afbbf934a9ada0b7,How do I implement Docker container orchestration for the backend?,synthetic_domain,Ranking Error,1
q_4ecbb12f37558dc6,How do I implement GraphQL query optimization for the backend?,synthetic_domain,Ranking Error,1
q_a21fbb9b387b26a6,How do I implement Redis caching strategies for the backend?,synthetic_domain,Ranking Error,1
q_0f573226111f981f,How do I implement Docker container orchestration for the backend?,synthetic_domain,Ranking Error,1
q_26c87d512f2b43dd,How do I implement Docker container orchestration for the backend?,synthetic_domain,Ranking Error,1
q_59b26a8543f191f7,How do I implement Docker container orchestration for the backend?,synthetic_domain,Ranking Error,1
q_e6348582cd0c5ce1,How do I implement JWT authentication flow for the backend?,synthetic_domain,Ranking Error,1
q_496103df3e4cbca8,How do I implement OAuth2 token refresh for the backend?,synthetic_domain,Ranking Error,1
q_088478ca3da45e57,How do I implement GraphQL query optimization for the backend?,synthetic_domain,Ranking Error,1
q_6918b6b639001c7b,How do I implement schema migrations in PostgreSQL for the backend?,synthetic_domain,Ranking Error,1
q_746f7f92f9290f16,How do I implement Docker container orchestration for the backend?,synthetic_domain,Ranking Error,1
q_63c064d4ff671b5f,How do I implement GraphQL query optimization for the backend?,synthetic_domain,Ranking Error,1
q_270fb6e8366a36a7,How do I implement Docker container orchestration for the backend?,synthetic_domain,Ranking Error,1
q_b97454cc36cef34a,How do I implement JWT authentication flow for the backend?,synthetic_domain,Ranking Error,1
q_0d926d95d504d192,How do I implement schema migrations in PostgreSQL for the backend?,synthetic_domain,Ranking Error,1
q_5f840021183ea451,How do I implement Redis caching strategies for the backend?,synthetic_domain,Ranking Error,1
q_a94a9112317bf4c5,How do I implement Redis caching strategies for the backend?,synthetic_domain,Ranking Error,1
q_3f0bef33e8e3075c,How do I implement Redis caching strategies for the backend?,synthetic_domain,Ranking Error,1
q_fabee5a117789a10,How do I implement Kubernetes pod autoscaling for the backend?,synthetic_domain,Ranking Error,1
q_6331fcb0b5905ff3,How do I implement Redis caching strategies for the backend?,synthetic_domain,Ranking Error,1
q_f4626c4c7409d853,How do I implement Docker container orchestration for the backend?,synthetic_domain,Ranking Error,1
q_2487cb4dbec564cf,How do I implement Redis caching strategies for the backend?,synthetic_domain,Ranking Error,1
q_ae0c55801cdd66e7,How do I implement Redis caching strategies for the backend?,synthetic_domain,Ranking Error,1
q_c2a73e7320ea246e,How do I implement GraphQL query optimization for the backend?,synthetic_domain,Ranking Error,1
q_06524a565263e883,How do I implement Docker container orchestration for the backend?,synthetic_domain,Ranking Error,1
q_d6f7ef2c5c11efcb,How do I implement GraphQL query optimization for the backend?,synthetic_domain,Ranking Error,1
q_7cc14189590a0e2a,How do I implement Docker container orchestration for the backend?,synthetic_domain,Ranking Error,1
q_ad50286f88262265,How do I implement GraphQL query optimization for the backend?,synthetic_domain,Ranking Error,1
q_f36d5d32c94ddc38,How do I implement CI/CD pipeline configuration for the backend?,synthetic_domain,Ranking Error,1
q_105b7a1a8e9fcd7a,How do I implement OAuth2 token refresh for the backend?,synthetic_domain,Ranking Error,1
q_9e21bd5ce7a04dfd,How do I implement Redis caching strategies for the backend?,synthetic_domain,Ranking Error,1
q_0a41dd86d7f544c1,How do I implement GraphQL query optimization for the backend?,synthetic_domain,Ranking Error,1
q_f3fc73b15800c1bd,How do I implement GraphQL query optimization for the backend?,synthetic_domain,Ranking Error,1
q_d5f91efd3cddf6b4,How do I implement GraphQL query optimization for the backend?,synthetic_domain,Ranking Error,1
q_619747d5ed8054f9,How do I implement schema migrations in PostgreSQL for the backend?,synthetic_domain,Ranking Error,1
q_d772b036f0bca0df,How do I implement Docker container orchestration for the backend?,synthetic_domain,Ranking Error,1
q_9b82d55988b524c6,How do I implement Redis caching strategies for the backend?,synthetic_domain,Ranking Error,1
q_36f0569bc938d8a4,How do I implement GraphQL query optimization for the backend?,synthetic_domain,Ranking Error,1
q_44d1ab1bd71f21ad,How do I implement Kubernetes pod autoscaling for the backend?,synthetic_domain,Ranking Error,1
q_3e97ebd027ccb420,How do I implement Redis caching strategies for the backend?,synthetic_domain,Ranking Error,1
q_ca27e7d7178f97fd,How do I implement Redis caching strategies for the backend?,synthetic_domain,Ranking Error,1
q_e2cf438cec28e352,How do I implement schema migrations in PostgreSQL for the backend?,synthetic_domain,Ranking Error,1
q_0433439d116d0cec,How do I implement OAuth2 token refresh for the backend?,synthetic_domain,Ranking Error,1
q_d8746b3415a23561,How do I implement CI/CD pipeline configuration for the backend?,synthetic_domain,Ranking Error,1
q_421ff6d42a2714bf,How do I implement JWT authentication flow for the backend?,synthetic_domain,Ranking Error,1
q_20fc9859e716b181,How do I implement GraphQL query optimization for the backend?,synthetic_domain,Ranking Error,1
q_06e22ef7e5c7edf2,How do I implement Docker container orchestration for the backend?,synthetic_domain,Ranking Error,1
q_8833710db83d00db,How do I implement Docker container orchestration for the backend?,synthetic_domain,Ranking Error,1
q_87e9f595417d4314,How do I implement Redis caching strategies for the backend?,synthetic_domain,Ranking Error,1
q_ab6f66407176268e,How do I implement JWT authentication flow for the backend?,synthetic_domain,Ranking Error,1
q_7ebe9a71ff7e267a,How do I implement GraphQL query optimization for the backend?,synthetic_domain,Ranking Error,1
q_8039106432beeacb,How do I implement Kubernetes pod autoscaling for the backend?,synthetic_domain,Ranking Error,1
q_cf69bdacb2a0f1c7,How do I implement Kubernetes pod autoscaling for the backend?,synthetic_domain,Ranking Error,1
q_2159b4f1662f53a5,How do I implement schema migrations in PostgreSQL for the backend?,synthetic_domain,Ranking Error,1
q_a3e1cc2886852277,How do I implement Redis caching strategies for the backend?,synthetic_domain,Ranking Error,1
q_ac756b2353ebcb0b,How do I implement GraphQL query optimization for the backend?,synthetic_domain,Ranking Error,1
q_7b32f310e4d02343,How do I implement Redis caching strategies for the backend?,synthetic_domain,Ranking Error,1
q_1cad879dde4d8270,How do I implement Redis caching strategies for the backend?,synthetic_domain,Ranking Error,1
q_47d8a46eea25e9ee,How do I implement OAuth2 token refresh for the backend?,synthetic_domain,Ranking Error,1
q_cce290b391631330,How do I implement GraphQL query optimization for the backend?,synthetic_domain,Ranking Error,1
q_db90fc062c3a8b25,How do I implement Docker container orchestration for the backend?,synthetic_domain,Ranking Error,1
q_a8627b6971e70149,How do I implement GraphQL query optimization for the backend?,synthetic_domain,Ranking Error,1
q_ce4058f9ea72d33b,How do I implement Redis caching strategies for the backend?,synthetic_domain,Ranking Error,1
q_140e817c7088faeb,How do I implement GraphQL query optimization for the backend?,synthetic_domain,Ranking Error,1
q_6469448fa72c6b12,How do I implement Docker container orchestration for the backend?,synthetic_domain,Ranking Error,1
q_919c6a3e7d1149c7,How do I implement CI/CD pipeline configuration for the backend?,synthetic_domain,Ranking Error,1
q_65b169d6b4c08467,How do I implement GraphQL query optimization for the backend?,synthetic_domain,Ranking Error,1
q_f06e069514fb9bc4,How do I implement Kubernetes pod autoscaling for the backend?,synthetic_domain,Ranking Error,1
q_5e90588bca104fb5,How do I implement Redis caching strategies for the backend?,synthetic_domain,Ranking Error,1
q_1877f9a829793973,How do I implement CI/CD pipeline configuration for the backend?,synthetic_domain,Ranking Error,1
q_ef6497bb993568cd,How do I implement GraphQL query optimization for the backend?,synthetic_domain,Ranking Error,1
q_80fc3a3e0fa5723e,How do I implement schema migrations in PostgreSQL for the backend?,synthetic_domain,Ranking Error,1
q_7facb17319b90dce,How do I implement Kubernetes pod autoscaling for the backend?,synthetic_domain,Ranking Error,1
q_308eca8504a67e7e,How do I implement GraphQL query optimization for the backend?,synthetic_domain,Ranking Error,1
q_da7c610574e034e6,How do I implement JWT authentication flow for the backend?,synthetic_domain,Ranking Error,1
q_eee44825deaf3593,How do I implement GraphQL query optimization for the backend?,synthetic_domain,Ranking Error,1
q_5f033a06a545f373,How do I implement Kubernetes pod autoscaling for the backend?,synthetic_domain,Ranking Error,1
q_daf41f6341fbef82,How do I implement Docker container orchestration for the backend?,synthetic_domain,Ranking Error,1
q_6af20e01d7fe12e4,How do I implement Redis caching strategies for the backend?,synthetic_domain,Ranking Error,1
q_e41cfd8d2a6e48d8,How do I implement CI/CD pipeline configuration for the backend?,synthetic_domain,Ranking Error,1
q_b7a3b9dbb050b9bb,How do I implement Kubernetes pod autoscaling for the backend?,synthetic_domain,Ranking Error,1
q_54949806e3933c12,How do I implement Docker container orchestration for the backend?,synthetic_domain,Ranking Error,1
q_61303a1f0a3a9136,How do I implement GraphQL query optimization for the backend?,synthetic_domain,Ranking Error,1
q_85bfb02ea2d4eefe,How do I implement Redis caching strategies for the backend?,synthetic_domain,Ranking Error,1
q_248f75c0ae59ade2,How do I implement CI/CD pipeline configuration for the backend?,synthetic_domain,Ranking Error,1
q_7db9fd7c845f99cc,How do I implement Docker container orchestration for the backend?,synthetic_domain,Ranking Error,1
q_077b45257f72fa69,How do I implement schema migrations in PostgreSQL for the backend?,synthetic_domain,Ranking Error,1
q_12df629a908dcafe,How do I implement Docker container orchestration for the backend?,synthetic_domain,Ranking Error,1
q_7a50557600673cd3,How do I implement Docker container orchestration for the backend?,synthetic_domain,Ranking Error,1
q_47bc9d757296bd72,How do I implement Docker container orchestration for the backend?,synthetic_domain,Ranking Error,1
q_ee15961eb3e5bdb2,How do I implement GraphQL query optimization for the backend?,synthetic_domain,Ranking Error,1
q_c8eae2abcdffb5b9,How do I implement Docker container orchestration for the backend?,synthetic_domain,Ranking Error,1
q_1847f3f5e5f9acc3,How do I implement GraphQL query optimization for the backend?,synthetic_domain,Ranking Error,1
q_e2821b8111a0c376,How do I implement Redis caching strategies for the backend?,synthetic_domain,Ranking Error,1
q_56051b2268479042,How do I implement Docker container orchestration for the backend?,synthetic_domain,Ranking Error,1
q_b69cda3b989fde52,How do I implement Docker container orchestration for the backend?,synthetic_domain,Ranking Error,1
q_cc2b3eb084fba43e,How do I implement schema migrations in PostgreSQL for the backend?,synthetic_domain,Ranking Error,1
q_f80a587e5bd4d90e,How do I implement Redis caching strategies for the backend?,synthetic_domain,Ranking Error,1
q_7e0909bd6224e376,How do I implement Kubernetes pod autoscaling for the backend?,synthetic_domain,Ranking Error,1
q_0aeee18f5dfa6c90,How do I implement CI/CD pipeline configuration for the backend?,synthetic_domain,Ranking Error,1
q_d910fb86613ebf4e,How do I implement GraphQL query optimization for the backend?,synthetic_domain,Ranking Error,1
q_00f0f5b5bcef9d5d,How do I implement GraphQL query optimization for the backend?,synthetic_domain,Ranking Error,1
q_0e23344978cb78e5,How do I implement JWT authentication flow for the backend?,synthetic_domain,Ranking Error,1
q_8a64d46e217cad93,How do I implement Docker container orchestration for the backend?,synthetic_domain,Ranking Error,1
q_3a07df340bbf982a,How do I implement GraphQL query optimization for the backend?,synthetic_domain,Ranking Error,1
q_700163429d1e5551,How do I implement GraphQL query optimization for the backend?,synthetic_domain,Ranking Error,1
q_326c546f3c68e517,How do I implement Redis caching strategies for the backend?,synthetic_domain,Ranking Error,1
q_210fc3feadd8f119,How do I implement Docker container orchestration for the backend?,synthetic_domain,Ranking Error,1
q_cfc69c50bbd9c687,How do I implement CI/CD pipeline configuration for the backend?,synthetic_domain,Ranking Error,1
q_411e8e452b63b0c8,How do I implement Docker container orchestration for the backend?,synthetic_domain,Ranking Error,1
q_f41c6155aa9914fc,How do I implement Docker container orchestration for the backend?,synthetic_domain,Ranking Error,1
q_70fb6361ab76ce38,How do I implement GraphQL query optimization for the backend?,synthetic_domain,Ranking Error,1
q_47958b20ff26f83b,How do I implement Docker container orchestration for the backend?,synthetic_domain,Ranking Error,1
q_5417b486190273a8,How do I implement Docker container orchestration for the backend?,synthetic_domain,Ranking Error,1
q_a1994dd3f44e45f9,How do I implement CI/CD pipeline configuration for the backend?,synthetic_domain,Ranking Error,1
q_4cc24a7a6b7170ab,How do I implement Redis caching strategies for the backend?,synthetic_domain,Ranking Error,1
q_d217e4de23a5c8a3,How do I implement GraphQL query optimization for the backend?,synthetic_domain,Ranking Error,1
q_948853b3bd82ee67,How do I implement Redis caching strategies for the backend?,synthetic_domain,Ranking Error,1
q_e2a72f0431fb427e,How do I implement Redis caching strategies for the backend?,synthetic_domain,Ranking Error,1
q_84bdab7921481d90,How do I implement Redis caching strategies for the backend?,synthetic_domain,Ranking Error,1
q_b0c78b4b47e94506,How do I implement Docker container orchestration for the backend?,synthetic_domain,Ranking Error,1
q_0c3766221995e0fb,How do I implement Redis caching strategies for the backend?,synthetic_domain,Ranking Error,1
q_b07b2ed86a03c8cb,How do I implement Docker container orchestration for the backend?,synthetic_domain,Ranking Error,1
q_b589b0bece6303aa,How do I implement schema migrations in PostgreSQL for the backend?,synthetic_domain,Ranking Error,1
q_9a8c6de1bd40e8f3,How do I implement GraphQL query optimization for the backend?,synthetic_domain,Ranking Error,1
q_71274144e6d1a743,How do I implement GraphQL query optimization for the backend?,synthetic_domain,Ranking Error,1
q_30a53b38623c94a9,How do I implement Redis caching strategies for the backend?,synthetic_domain,Ranking Error,1
q_88bc1a8d686e37f3,How do I implement Kubernetes pod autoscaling for the backend?,synthetic_domain,Ranking Error,1
q_d996ade84d31ec22,How do I implement GraphQL query optimization for the backend?,synthetic_domain,Ranking Error,1
q_5f175a08c1782a06,How do I implement CI/CD pipeline configuration for the backend?,synthetic_domain,Ranking Error,1
q_0d260ebbc8995f61,How do I implement JWT authentication flow for the backend?,synthetic_domain,Ranking Error,1
q_b0437dd95ae36137,How do I implement Redis caching strategies for the backend?,synthetic_domain,Ranking Error,1
q_b86f69dfaa10a37e,How do I implement CI/CD pipeline configuration for the backend?,synthetic_domain,Ranking Error,1
q_faf0d3f0e22eecf7,How do I implement CI/CD pipeline configuration for the backend?,synthetic_domain,Ranking Error,1
q_cdac1ea21723464e,How do I implement GraphQL query optimization for the backend?,synthetic_domain,Ranking Error,1
q_1d13f009358cc875,How do I implement OAuth2 token refresh for the backend?,synthetic_domain,Ranking Error,1
q_8f84e33f5f50675b,How do I implement Kubernetes pod autoscaling for the backend?,synthetic_domain,Ranking Error,1
q_4c0f1d600a15577b,How do I implement schema migrations in PostgreSQL for the backend?,synthetic_domain,Ranking Error,1
q_07b61c1c267a696e,How do I implement schema migrations in PostgreSQL for the backend?,synthetic_domain,Ranking Error,1
q_206c4520a97723b0,How do I implement CI/CD pipeline configuration for the backend?,synthetic_domain,Ranking Error,1
q_65afa52c118d52c1,How do I implement Redis caching strategies for the backend?,synthetic_domain,Ranking Error,1
