seed,query_idx,query,system,hit@5,latency_ms,retrieved_ids,gt_ids
42,0,Passwords From: pgut1@cs.aukuni.ac.nz (Peter Gutmann) Organization: Computer Sci,Vanilla RAG,1,38.8323,wf20_s4_chunk_0|ng_1471|ng_2342|wf20_d3_chunk_0|ng_1287,ng_1287
42,1,"Problems with A/ROSE Organization: CS Department, Dortmund University, Germany L",Vanilla RAG,1,23.94,ng_1971|ng_86|ng_976|ng_2069|ng_2115,ng_1971
42,2,mark@trident.datasys.swri.edu (Mark D. Collier) Organization: Southwest Research,Vanilla RAG,0,27.3381,ng_1767|ng_1379|ng_271|wf02_d3_chunk_0|ng_1309,ng_933
42,3,Re: Do we need the clipper for cheap security? Organization:,Vanilla RAG,0,20.755,ng_1355|ng_209|ng_1808|ng_40|ng_1784,ng_2276
42,4,"Subject: driver ?? Organization: Sophomore, Mechanical Engineering, Carnegie Mel",Vanilla RAG,0,22.3775,ng_823|ng_2284|ng_1829|ng_2225|ng_1904,ng_1178
42,5,"Re: Once tapped, your code is no good any more.",Vanilla RAG,0,20.6163,ng_691|ng_1507|ng_2254|ng_1137|ng_1700,ng_861
42,6,C++ and C for OS/2 Organization: The Internet Lines: 9,Vanilla RAG,1,21.2418,ng_1047|ng_447|ng_1684|ng_1752|ng_1020,ng_1047
42,7,"Pioneer Laser player Organization: Univ of Rochester, College of Engineering",Vanilla RAG,1,20.1472,ng_542|ng_52|ng_1088|ng_908|ng_1910,ng_542
42,8,Subject: Re: Adding VRAM to Quadra 800 ? Keywords: VRAM,Vanilla RAG,1,21.8146,ng_2049|ng_436|ng_458|ng_438|ng_1939,ng_2049
42,9,Re: opinions of RC2 alg. Reply-To: bontchev@fbihh.informatik.uni-hamburg.de Orga,Vanilla RAG,1,28.8897,ng_942|ng_257|ng_1660|ng_784|ng_1322,ng_784
42,10,Re: 24-bit Static color: will clients like it? Organization: Dept.,Vanilla RAG,1,21.9011,ng_1916|ng_2072|ng_256|ng_1441|ng_1229,ng_256
42,11,Re: Clipper Chip and crypto key-escrow Organization: Memex Information Systems,Vanilla RAG,0,22.7394,ng_1021|ng_21|ng_122|ng_1771|ng_509,ng_865
42,12,FOR SALE - MACINTOSH SE/30 Organization: SRL Data Lines: 26,Vanilla RAG,1,21.3727,ng_667|ng_1685|ng_860|ng_93|ng_2302,ng_667
42,13,Subject: Sound Recording for Mac Portable? Reply-To: aa341@Freenet.carleton.ca (,Vanilla RAG,1,25.9352,ng_296|ng_1414|ng_1892|ng_1437|ng_159,ng_296
42,14,"font problem.... Organization: Department of Mathematics, Queen's University at ",Vanilla RAG,1,23.8605,ng_1064|ng_2084|ng_1252|ng_241|ng_77,ng_241
42,15,Re: text of White House announcement and Q&As on clipper,Vanilla RAG,0,19.8795,ng_1331|ng_277|ng_1449|ng_1347|ng_820,ng_161
42,16,- Asleep by Night) Subject: Re: Los Angeles Freeway traffic,Vanilla RAG,1,19.5723,ng_1005|ng_2179|ng_551|ng_453|ng_2079,ng_453
42,17,"Subject: Re: Radar detector DETECTORS? Organization: Iowa State University, Ames",Vanilla RAG,1,22.3555,ng_2153|ng_292|ng_2273|ng_1688|ng_1945,ng_292
42,18,Subject: Re: electronic odometers (was: Used BMW Question ..... ???),Vanilla RAG,1,24.8067,ng_1516|ng_1292|ng_324|ng_71|ng_694,ng_1516
42,19,Re: help - how to construct home-built battery for 3rd,Vanilla RAG,1,20.2287,ng_8|ng_156|ng_870|ng_751|ng_995,ng_995
42,20,SUMMARY xon and X11R5 Nntp-Posting-Host: bobasun Organization: TI Semiconductor ,Vanilla RAG,1,25.2333,ng_78|ng_524|ng_2156|ng_1573|ng_841,ng_78
42,21,Re: Radar detector DETECTORS? Nntp-Posting-Host: aisun1.ai.uga.edu Organization:,Vanilla RAG,1,27.8258,ng_2153|ng_1688|ng_2273|ng_406|ng_292,ng_2153
42,22,with Rasterops TC Colorboard From: mark@comp.vuw.ac.nz (Mark Davies) Distributio,Vanilla RAG,1,26.8648,ng_42|ng_439|ng_2251|ng_912|ng_1229,ng_42
42,23,Re: History question Organization: NASA Langley Research Center and Reptile,Vanilla RAG,0,20.3497,ng_1968|ng_1212|ng_1489|ng_1829|ng_1267,ng_1972
42,24,Subject: Re: text of White House announcement and Q&As on,Vanilla RAG,0,19.8235,ng_1724|ng_1449|ng_1124|ng_277|ng_949,ng_953
42,25,Subject: X Graphics Accelerators Organization: The Internet Lines: 7 NNTP-Postin,Vanilla RAG,1,23.7914,ng_487|ng_841|ng_1969|ng_556|ng_285,ng_841
42,26,Radar detector DETECTORS? Organization: At UT? That's a joke. Lines:,Vanilla RAG,1,21.2474,ng_2153|ng_2215|ng_1688|ng_406|ng_2273,ng_2215
42,27,What is the current Rom Version shipping in Syquest drives?,Vanilla RAG,1,20.2288,ng_117|ng_1053|ng_1952|ng_1274|ng_1314,ng_117
42,28,"Any recent information on Frescoe? Organization: CenterLine Software, Inc. Lines",Vanilla RAG,1,21.7826,ng_2150|ng_819|ng_1261|ng_1333|ng_74,ng_2150
42,29,Re: Off the shelf cheap DES keyseach machine Organization: AT&T,Vanilla RAG,0,21.8826,ng_763|ng_2091|ng_2341|ng_317|ng_399,ng_702
42,30,Re: Los Angeles Freeway traffic reports Organization: RAND Lines: 29,Vanilla RAG,1,20.4903,ng_1005|ng_2179|ng_551|ng_453|ng_1918,ng_1005
42,31,"Re: Pgp, PEM, and RFC's (Was: Cryptography Patents) Organization: Oce",Vanilla RAG,0,32.3107,ng_1433|ng_1998|ng_38|ng_109|ng_736,ng_707
42,32,"Re: Conductive Plastic, what happened? Organization: Litton Systems, Toronto ONT",Vanilla RAG,1,30.742,ng_1496|ng_697|ng_400|ng_1644|ng_1904,ng_1496
42,33,Subscription Organization: The Internet Lines: 7 To: xpert@expo.lcs.mit.edu Plea,Vanilla RAG,0,25.2654,ng_1379|ng_1476|ng_255|ng_744|ng_2284,ng_368
42,34,"do Nuclear Site's Cooling Towers do? Organization: University of Technology,",Vanilla RAG,1,20.6479,ng_2032|ng_1767|ng_1728|ng_12|ng_1921,ng_1921
42,35,Subject: Re: Centris Cache & Bernoulli Box Article-I.D.: snll-arp.519 Distributi,Vanilla RAG,1,32.9371,ng_2250|ng_690|wf07_d2_chunk_0|ng_603|wf07_s1_chunk_0,ng_2250
42,36,Subject: 40MHZ Oscilloscope FOR SALE Organization: NETCOM On-line Communication ,Vanilla RAG,1,24.0802,ng_757|ng_2110|ng_728|ng_2127|ng_1113,ng_757
42,37,Re: Do we need the clipper for cheap security? Organization:,Vanilla RAG,0,20.1161,ng_1355|ng_209|ng_1808|ng_40|ng_1784,ng_895
42,38,XWindows always opaque Summary: is there a way for a,Vanilla RAG,1,19.2673,ng_1779|ng_1466|ng_430|ng_2319|ng_264,ng_1779
42,39,"Re: The battle is joined Organization: Harvey Mudd College, Claremont,",Vanilla RAG,1,20.4634,ng_1267|ng_2205|ng_470|ng_744|ng_976,ng_470
42,40,Re: The [secret] source of that announcement Lines: 19 Even,Vanilla RAG,0,19.9982,ng_1565|ng_1829|ng_1332|ng_1489|ng_2131,ng_2083
42,41,"Re: Once tapped, your code is no good any more.",Vanilla RAG,0,19.5626,ng_691|ng_1507|ng_2254|ng_1137|ng_1700,ng_658
42,42,color on button on enter window. Distribution: usa Organization: UB,Vanilla RAG,1,22.5647,ng_1666|ng_1545|ng_745|ng_210|ng_320,ng_1666
42,43,Re: Q: How to avoid XOpenDisplay hang? Keywords: Xlib Article-I.D.:,Vanilla RAG,1,25.1367,ng_1374|ng_55|ng_1915|ng_1093|ng_1655,ng_55
42,44,Re: Radar detector DETECTORS? Organization: U of Toronto Zoology Lines:,Vanilla RAG,1,21.2372,ng_1945|ng_2257|ng_1688|ng_2273|ng_1676,ng_2257
42,45,"Subject: Re: Facinating facts: 30 bit serial number, possibly fixed",Vanilla RAG,0,21.0996,ng_1970|ng_867|ng_913|ng_732|ng_1909,ng_56
42,46,CSC) Subject: Re: Monthly Question about XCopyArea() and Expose Events,Vanilla RAG,1,22.6997,ng_970|ng_1367|ng_578|ng_1713|ng_163,ng_970
42,47,"Xarchie-2.0 available on export Organization: Department of Computer Science, Un",Vanilla RAG,1,21.5,ng_6|ng_1076|ng_2125|ng_655|ng_771,ng_6
42,48,"Re: Trace size for a 15 Amp supply Organization: SSC,",Vanilla RAG,1,19.9052,ng_111|ng_828|ng_1405|wf05_d2_chunk_0|wf05_d1_chunk_0,ng_828
42,49,Subject: Need diode model for PSpice Organization: University at Buffalo,Vanilla RAG,1,20.6878,ng_541|ng_400|ng_1767|ng_1904|ng_1644,ng_541
42,50,"icon pixmap problem... Keywords: icon, motif, openlook Nntp-Posting-Host: dale.s",Vanilla RAG,1,29.746,ng_208|ng_891|ng_1936|ng_649|ng_2148,ng_208
42,51,Need pinouts for a G8870 dtmf decoder chip Organization: NETCOM,Vanilla RAG,1,23.7965,ng_1451|ng_1373|ng_1514|ng_1844|ng_666,ng_1451
42,52,Re: Help wanted Organization: Macquarie University Lines: 54 Distribution: world,Vanilla RAG,0,20.8634,ng_1277|ng_1252|ng_976|ng_744|ng_98,ng_1544
42,53,"Re: Clipper chip -- technical details Organization: Computer Science Dept,",Vanilla RAG,0,20.3168,ng_1674|ng_410|ng_383|ng_2067|ng_953,ng_1397
42,54,Re: x86 ~= 680x0 ?? (How do they compare?) Distribution:,Vanilla RAG,0,22.3813,ng_2299|ng_173|ng_1081|ng_685|ng_1645,ng_2168
42,55,"Subject: Don't fight Clipper Chip, subvert or replace it !",Vanilla RAG,0,21.607,ng_1288|ng_1378|ng_1674|ng_953|ng_1874,ng_485
42,56,"cheap products? Organization: Stratus Computer, Marlboro Ma. Lines: 22 NNTP-Post",Vanilla RAG,0,26.0495,ng_959|ng_1953|ng_1427|ng_387|ng_1612,ng_686
42,57,"Re: Asynchronous X Windows? Organization: CenterLine Software, Inc. Lines: 45",Vanilla RAG,1,23.8557,ng_866|ng_1116|ng_1171|ng_116|ng_894,ng_866
42,58,Re: Radio Electronics Free information card Nntp-Posting-Host: bopper2.phx.mcd.m,Vanilla RAG,1,29.1682,ng_65|ng_1879|ng_2279|ng_2286|ng_1140,ng_1879
42,59,Re: HP DeskWriter 550C...Opinions? Feedback! In-Reply-To: phil@csc.liv.ac.uk's m,Vanilla RAG,1,29.3946,ng_1365|ng_2275|ng_1804|ng_842|ng_1910,ng_2275
42,60,"Re: Pgp, PEM, and RFC's (Was: Cryptography Patents) Organization: Oce",Vanilla RAG,1,24.1908,ng_1433|ng_1998|ng_38|ng_109|ng_736,ng_109
42,61,up cable tv with an aerial. Lines: 37 Nntp-Posting-Host: wcsub.ctstateu.edu,Vanilla RAG,1,27.4699,ng_1942|ng_2009|ng_2078|ng_2159|ng_1301,ng_2009
42,62,"Subject: Athena Widgets Organization: University of North Dakota; Grand Forks,",Vanilla RAG,1,20.9415,ng_328|ng_351|ng_1379|ng_1276|ng_1829,ng_328
42,63,Re: Laser vs Bubblejet? Organization: Northeastern Ohio Universities College of,Vanilla RAG,0,19.8784,ng_1293|ng_1033|ng_52|ng_219|ng_908,ng_2263
42,64,Subject: 10th International Obfuscated C Code Contest Opening (part 2,Vanilla RAG,1,20.3326,ng_14|ng_1157|ng_187|ng_447|ng_1577,ng_14
42,65,Subject: Re: Stereo sound problem (?) on mac games Organization:,Vanilla RAG,1,20.406,ng_1414|ng_1437|ng_355|ng_1607|ng_2044,ng_1414
42,66,Re: Honors Degrees: Do they mean anything? Organization: Ford Motor,Vanilla RAG,1,21.5627,ng_823|ng_1735|ng_474|ng_744|ng_2308,ng_823
42,67,Radar detector DETECTORS? Organization: TRIUMF: Tri-University Meson Facility Li,Vanilla RAG,1,23.1029,ng_2153|ng_1688|ng_2273|ng_292|ng_1676,ng_1688
42,68,Subject: X Error of failed request: BadPixmap (invalid Pixmap parameter),Vanilla RAG,1,23.4987,ng_649|ng_1732|ng_1554|ng_1304|ng_1837,ng_649
42,69,"Re: Once tapped, your code is no good any more.",Vanilla RAG,0,20.8151,ng_691|ng_1507|ng_2254|ng_1137|ng_1700,ng_1035
42,70,Re: Clipper chip -- technical details Organization: AT&T Bell Laboratories,Vanilla RAG,0,21.4067,ng_1448|ng_1674|ng_383|ng_2061|ng_849,ng_253
42,71,Re: Clipper considered harmful Organization: Express Access Online Communication,Vanilla RAG,0,20.5499,ng_726|ng_339|ng_1599|ng_1192|ng_772,ng_411
42,72,Subject: Re: Off the shelf cheap DES keyseach machine (Was:,Vanilla RAG,0,20.738,ng_763|ng_466|ng_1439|ng_2294|ng_139,ng_344
42,73,Subject: Re: Forcing a window manager to accept specific coordinates,Vanilla RAG,0,19.9156,ng_1099|ng_1538|ng_847|ng_1197|ng_704,ng_1090
42,74,parking HD heads when iddle Nntp-Posting-Host: mvs.oac.ucla.edu Lines: 8 The,Vanilla RAG,1,25.318,ng_1272|ng_2079|ng_235|ng_676|ng_1374,ng_1272
42,75,"Subject: Re: Motif vs. [Athena, etc.] Organization: Bond University, AUSTRALIA",Vanilla RAG,1,21.7791,ng_2013|ng_859|ng_5|ng_158|ng_2304,ng_2013
42,76,Subject: xcursor4.1 Organization: National Center for Atmospheric Research Lines,Vanilla RAG,1,28.0688,ng_843|ng_378|ng_1000|ng_1968|ng_767,ng_843
42,77,"Re: subliminal message flashing on TV Organization: Hewlett-Packard, Fort Collin",Vanilla RAG,1,32.7292,ng_2327|ng_1432|ng_1046|ng_1318|ng_205,ng_1318
42,78,Quadras VRAM Question X-Xxmessage-Id: <A7F4F033E3012026@planet.imag.fr> X-Xxdate,Vanilla RAG,1,40.6236,ng_458|ng_978|ng_436|ng_1344|ng_2049,ng_458
42,79,Re: How to the disks copy protected. Originator: sehari@du139-213.cc.iastate.edu,Vanilla RAG,1,28.2029,ng_2206|ng_2207|ng_2192|ng_775|ng_848,ng_2207
42,80,Re: Secret algorithm [Re: Clipper Chip and crypto key-escrow] Organization:,Vanilla RAG,1,22.7119,ng_509|ng_21|ng_1382|ng_1021|ng_122,ng_21
42,81,Subject: Real-Time Data Display Tool Organization: University of Michigan Engine,Vanilla RAG,1,20.5634,ng_1901|ng_894|ng_634|ng_1333|ng_461,ng_1901
42,82,R4 Version of xrecplay Reply-To: mccoy@gothamcity.jsc.nasa.gov Organization: I-N,Vanilla RAG,1,27.4576,ng_378|ng_1573|ng_1266|ng_2140|ng_2156,ng_378
42,83,Re: Analog switches/Balanced Demodulators Distribution: na Organization: Univers,Vanilla RAG,1,22.7246,ng_984|ng_934|ng_1362|ng_1818|ng_665,ng_934
42,84,"Salomon Brothers Inc., NY ) Subject: Re: Source of random",Vanilla RAG,0,23.5661,ng_1829|ng_1489|ng_976|ng_1415|ng_147,ng_1634
42,85,"PSI Comstation 5 Organization: the ModemLink Network, Long Island, New",Vanilla RAG,1,22.6218,ng_1004|ng_2027|ng_483|ng_490|ng_444,ng_1004
42,86,how to boot from ext HD on power on ?,Vanilla RAG,1,20.2324,ng_1533|ng_2316|ng_1396|ng_2149|ng_1821,ng_1533
42,87,Subject: [EFF] Initial EFF Analysis of Clinton Privacy and Security,Vanilla RAG,1,25.5646,ng_949|ng_1389|ng_1944|ng_1560|ng_213,ng_1389
42,88,Re: How does it really work? (was Re: text of,Vanilla RAG,0,20.7596,ng_611|ng_1332|ng_2253|ng_1212|ng_1194,ng_377
42,89,re: WH announcement Reply-To: tuinstra@sunspot.ece.clarkson.edu.soe Organization,Vanilla RAG,0,30.5431,ng_1765|ng_1084|ng_2018|ng_2336|ng_1143,ng_1123
42,90,player going wonky - advise needed ! Lines: 18 Organization:,Vanilla RAG,0,20.4875,ng_596|ng_1829|ng_1086|ng_83|ng_86,ng_593
42,91,"Racet Optical Organization: Computer Science Department, Boston University, Bost",Vanilla RAG,0,22.7232,ng_1803|ng_2251|ng_1052|ng_151|ng_1862,ng_1656
42,92,Video cable options X-Xxmessage-Id: <A7F4A7E9FF0200ED@kimball-pc-316.stanford.ed,Vanilla RAG,1,35.8622,ng_1148|ng_87|ng_1161|ng_818|ng_25,ng_1148
42,93,Re: DESQview/X on a PC? Organization: AOTC - CSSC Lines:,Vanilla RAG,1,22.8058,ng_1790|ng_1608|ng_818|ng_116|ng_1283,ng_1790
42,94,"german keyboard, X11R5 and Sparc Nntp-Posting-Host: polaris.informatik.uni-essen",Vanilla RAG,1,32.3982,ng_106|ng_1576|ng_1826|ng_2156|ng_289,ng_106
42,95,Re: chip / chipset for code 39 barcode? Organization: Brock,Vanilla RAG,1,21.1673,ng_142|ng_190|ng_489|ng_1085|ng_913,ng_142
42,96,"Subject: Re: Once tapped, your code is no good any",Vanilla RAG,0,19.9323,ng_2254|ng_691|ng_1700|ng_1385|ng_2131,ng_1051
42,97,Subject: Re: Off the shelf cheap DES keyseach machine (Was:,Vanilla RAG,0,21.3633,ng_763|ng_466|ng_1439|ng_2294|ng_139,ng_1377
42,98,Re: text of White House announcement and Q&As on clipper,Vanilla RAG,0,20.4305,ng_1331|ng_277|ng_1449|ng_1347|ng_820,ng_110
42,99,Re: How do they know what keys to ask for?,Vanilla RAG,1,21.78,ng_699|ng_381|ng_1101|ng_1584|ng_617,ng_699
42,100,What is the JWT expiry policy for JWT Authentication?,Vanilla RAG,1,20.1828,wf01_s5_chunk_0|wf01_s1_chunk_0|wf01_d1_chunk_0|wf01_d2_chunk_0|wf01_d3_chunk_0,wf01_s1_chunk_0
42,101,How is JWT expiry implemented using PyJWT+Redis?,Vanilla RAG,1,21.664,wf01_s1_chunk_0|wf01_s3_chunk_0|wf01_s4_chunk_0|wf01_d2_chunk_0|wf01_s5_chunk_0,wf01_s1_chunk_0
42,102,Find the backend standard for session token lifetime.,Vanilla RAG,1,19.1995,wf01_d3_chunk_0|wf01_d2_chunk_0|wf01_s1_chunk_0|wf01_s5_chunk_0|wf01_s3_chunk_0,wf01_s1_chunk_0|wf01_s4_chunk_0
42,103,Summarise the technical decision on session token lifetime during JWT Authentica,Vanilla RAG,0,25.1472,wf01_d3_chunk_0|wf01_d2_chunk_0|wf01_s5_chunk_0|wf01_d1_chunk_0|wf01_s1_chunk_0,wf01_s4_chunk_0
42,104,What is the final JWT expiry rule deployed to production after the sprint overri,Vanilla RAG,1,25.9106,wf01_s5_chunk_0|wf01_s3_chunk_0|wf01_s1_chunk_0|wf01_d1_chunk_0|wf01_d2_chunk_0,wf01_s5_chunk_0
42,105,"Was the temporary 60-minute expiry change kept, or did we revert to the original",Vanilla RAG,1,24.4748,wf01_d2_chunk_0|wf01_d3_chunk_0|wf01_d1_chunk_0|wf01_s5_chunk_0|wf01_s3_chunk_0,wf01_s3_chunk_0|wf01_s5_chunk_0
42,106,Which document defines 15-minute expiry as the approved JWT expiry setting?,Vanilla RAG,1,22.3892,wf01_d1_chunk_0|wf01_s5_chunk_0|wf01_d2_chunk_0|wf01_s1_chunk_0|wf01_s3_chunk_0,wf01_s1_chunk_0
42,107,Confirm the architecture decision that adopted 15-minute expiry for JWT Authenti,Vanilla RAG,1,21.2408,wf01_s5_chunk_0|wf01_d1_chunk_0|wf01_s1_chunk_0|wf01_d2_chunk_0|wf01_d3_chunk_0,wf01_s1_chunk_0
42,108,What is the primary keys policy for Database Schema?,Vanilla RAG,1,21.2879,wf02_d1_chunk_0|wf02_d2_chunk_0|wf02_s5_chunk_0|wf02_s1_chunk_0|wf02_d3_chunk_0,wf02_s1_chunk_0
42,109,How is primary keys implemented using Alembic+PostgreSQL?,Vanilla RAG,1,20.8109,wf02_s1_chunk_0|wf02_d2_chunk_0|wf02_d1_chunk_0|wf02_s3_chunk_0|wf02_s4_chunk_0,wf02_s1_chunk_0
42,110,Find the backend standard for row identifier scheme.,Vanilla RAG,1,19.8089,wf02_s4_chunk_0|wf02_s1_chunk_0|wf02_d3_chunk_0|wf02_d2_chunk_0|ng_1395,wf02_s1_chunk_0|wf02_s4_chunk_0
42,111,Summarise the technical decision on row identifier scheme during Database Schema,Vanilla RAG,1,23.0253,wf02_s4_chunk_0|wf02_d3_chunk_0|wf02_d1_chunk_0|wf02_s1_chunk_0|wf02_d2_chunk_0,wf02_s4_chunk_0
42,112,What is the final primary keys rule deployed to production after the sprint over,Vanilla RAG,1,21.016,wf02_s5_chunk_0|wf02_d1_chunk_0|wf02_d2_chunk_0|wf02_s1_chunk_0|wf02_s3_chunk_0,wf02_s5_chunk_0
42,113,"Was the temporary auto-incrementing integer PKs change kept, or did we revert to",Vanilla RAG,1,25.6085,wf02_s3_chunk_0|wf02_s5_chunk_0|wf02_s1_chunk_0|wf02_d3_chunk_0|ng_637,wf02_s3_chunk_0|wf02_s5_chunk_0
42,114,Which document defines UUID primary keys as the approved primary keys setting?,Vanilla RAG,1,19.7683,wf02_s1_chunk_0|wf02_s5_chunk_0|wf02_d2_chunk_0|wf02_d1_chunk_0|wf02_d3_chunk_0,wf02_s1_chunk_0
42,115,Confirm the architecture decision that adopted UUID primary keys for Database Sc,Vanilla RAG,1,19.7639,wf02_s5_chunk_0|wf02_s1_chunk_0|wf02_d3_chunk_0|wf02_d2_chunk_0|wf02_d1_chunk_0,wf02_s1_chunk_0
42,116,What is the domain boundary policy for Microservice Context?,Vanilla RAG,1,19.2156,wf03_d1_chunk_0|wf03_s5_chunk_0|wf03_s1_chunk_0|wf03_d2_chunk_0|wf03_d3_chunk_0,wf03_s1_chunk_0
42,117,How is domain boundary implemented using gRPC+Protobuf?,Vanilla RAG,1,19.6909,wf03_s1_chunk_0|wf14_s1_chunk_0|wf14_d2_chunk_0|wf14_d3_chunk_0|wf14_d1_chunk_0,wf03_s1_chunk_0
42,118,Find the architecture standard for inter-service coupling.,Vanilla RAG,1,18.3683,wf03_d3_chunk_0|wf03_s1_chunk_0|wf03_s4_chunk_0|wf03_d2_chunk_0|wf19_s4_chunk_0,wf03_s1_chunk_0|wf03_s4_chunk_0
42,119,Summarise the technical decision on inter-service coupling during Microservice C,Vanilla RAG,1,21.5781,wf03_d3_chunk_0|wf03_d2_chunk_0|wf03_d1_chunk_0|wf03_s1_chunk_0|wf03_s4_chunk_0,wf03_s4_chunk_0
42,120,What is the final domain boundary rule deployed to production after the sprint o,Vanilla RAG,1,22.87,wf03_s5_chunk_0|wf03_d1_chunk_0|wf04_s3_chunk_0|wf15_s3_chunk_0|wf18_s3_chunk_0,wf03_s5_chunk_0
42,121,"Was the temporary shared database schema change kept, or did we revert to the or",Vanilla RAG,1,36.9136,wf03_s3_chunk_0|wf15_s4_chunk_0|wf03_d3_chunk_0|wf15_d3_chunk_0|wf15_s3_chunk_0,wf03_s3_chunk_0|wf03_s5_chunk_0
42,122,Which document defines strict domain boundary as the approved domain boundary se,Vanilla RAG,1,20.562,wf03_s5_chunk_0|wf03_s1_chunk_0|wf03_d1_chunk_0|wf16_d1_chunk_0|wf04_s5_chunk_0,wf03_s1_chunk_0
42,123,Confirm the architecture decision that adopted strict domain boundary for Micros,Vanilla RAG,1,21.4762,wf03_s5_chunk_0|wf03_d1_chunk_0|wf03_s1_chunk_0|wf03_d3_chunk_0|wf03_d2_chunk_0,wf03_s1_chunk_0
42,124,What is the PR approvals policy for CI/CD Pipeline?,Vanilla RAG,1,19.5812,wf04_d2_chunk_0|wf04_s5_chunk_0|wf04_d1_chunk_0|wf04_s1_chunk_0|wf04_d3_chunk_0,wf04_s1_chunk_0
42,125,How is PR approvals implemented using GitHub Actions?,Vanilla RAG,1,19.3638,wf04_s1_chunk_0|wf04_d2_chunk_0|wf04_s5_chunk_0|wf04_d1_chunk_0|ng_628,wf04_s1_chunk_0
42,126,Find the devops standard for merge gate policy.,Vanilla RAG,1,18.7571,wf04_s4_chunk_0|wf04_d3_chunk_0|wf04_s1_chunk_0|wf04_s5_chunk_0|wf19_s5_chunk_0,wf04_s1_chunk_0|wf04_s4_chunk_0
42,127,Summarise the technical decision on merge gate policy during CI/CD Pipeline desi,Vanilla RAG,1,21.6223,wf04_d3_chunk_0|wf04_s4_chunk_0|wf04_s1_chunk_0|wf04_s5_chunk_0|wf04_d2_chunk_0,wf04_s4_chunk_0
42,128,What is the final PR approvals rule deployed to production after the sprint over,Vanilla RAG,1,21.0723,wf04_s5_chunk_0|wf04_s3_chunk_0|wf04_d1_chunk_0|wf05_s3_chunk_0|wf04_d2_chunk_0,wf04_s5_chunk_0
42,129,"Was the temporary admin bypass override change kept, or did we revert to the ori",Vanilla RAG,1,27.2431,wf04_s3_chunk_0|wf19_s5_chunk_0|wf15_s5_chunk_0|wf16_s3_chunk_0|wf01_s5_chunk_0,wf04_s3_chunk_0|wf04_s5_chunk_0
42,130,Which document defines require 2 PR approvals as the approved PR approvals setti,Vanilla RAG,1,21.3396,wf04_d2_chunk_0|wf04_d1_chunk_0|wf04_s5_chunk_0|wf04_s1_chunk_0|wf16_d1_chunk_0,wf04_s1_chunk_0
42,131,Confirm the architecture decision that adopted require 2 PR approvals for CI/CD ,Vanilla RAG,1,22.1284,wf04_s1_chunk_0|wf04_d2_chunk_0|wf04_s5_chunk_0|wf04_d1_chunk_0|wf04_d3_chunk_0,wf04_s1_chunk_0
42,132,What is the trace sampling policy for Observability Stack?,Vanilla RAG,1,20.759,wf05_d2_chunk_0|wf05_s5_chunk_0|wf05_d1_chunk_0|wf05_s1_chunk_0|wf05_d3_chunk_0,wf05_s1_chunk_0
42,133,How is trace sampling implemented using OpenTelemetry?,Vanilla RAG,1,19.0799,wf05_s1_chunk_0|wf05_d2_chunk_0|wf05_s3_chunk_0|wf05_d3_chunk_0|wf05_d1_chunk_0,wf05_s1_chunk_0
42,134,Find the devops standard for telemetry capture rate.,Vanilla RAG,1,20.2452,wf05_s4_chunk_0|ng_2127|wf05_s1_chunk_0|wf05_d2_chunk_0|wf05_d1_chunk_0,wf05_s1_chunk_0|wf05_s4_chunk_0
42,135,Summarise the technical decision on telemetry capture rate during Observability ,Vanilla RAG,1,22.814,wf05_s1_chunk_0|wf05_s4_chunk_0|wf05_d1_chunk_0|wf05_d3_chunk_0|wf05_s3_chunk_0,wf05_s4_chunk_0
42,136,What is the final trace sampling rule deployed to production after the sprint ov,Vanilla RAG,1,20.7575,wf05_s3_chunk_0|wf05_s5_chunk_0|wf05_d2_chunk_0|wf05_d1_chunk_0|wf05_d3_chunk_0,wf05_s5_chunk_0
42,137,"Was the temporary 100% full trace sampling change kept, or did we revert to the ",Vanilla RAG,1,24.7353,wf05_d2_chunk_0|wf05_s3_chunk_0|wf05_d1_chunk_0|wf05_s1_chunk_0|wf05_s5_chunk_0,wf05_s3_chunk_0|wf05_s5_chunk_0
42,138,Which document defines 10% trace sampling as the approved trace sampling setting,Vanilla RAG,1,19.7911,wf05_d2_chunk_0|wf05_d1_chunk_0|wf05_s5_chunk_0|wf05_s1_chunk_0|wf05_d3_chunk_0,wf05_s1_chunk_0
42,139,Confirm the architecture decision that adopted 10% trace sampling for Observabil,Vanilla RAG,1,21.2303,wf05_s1_chunk_0|wf05_d2_chunk_0|wf05_s5_chunk_0|wf05_d1_chunk_0|wf05_d3_chunk_0,wf05_s1_chunk_0
42,140,What is the rate limit policy for API Gateway Rate Limiting?,Vanilla RAG,0,20.1428,wf06_d2_chunk_0|wf06_s5_chunk_0|wf06_d1_chunk_0|wf06_d3_chunk_0|wf06_s4_chunk_0,wf06_s1_chunk_0
42,141,How is rate limit implemented using nginx+Lua?,Vanilla RAG,1,19.8447,wf06_s1_chunk_0|wf06_s3_chunk_0|wf06_s4_chunk_0|wf06_d2_chunk_0|wf06_d1_chunk_0,wf06_s1_chunk_0
42,142,Find the backend standard for inbound request throttle.,Vanilla RAG,1,19.7929,wf06_s4_chunk_0|wf06_s5_chunk_0|wf06_d3_chunk_0|wf06_s1_chunk_0|wf06_d1_chunk_0,wf06_s1_chunk_0|wf06_s4_chunk_0
42,143,Summarise the technical decision on inbound request throttle during API Gateway ,Vanilla RAG,1,23.5354,wf06_s4_chunk_0|wf06_d3_chunk_0|wf06_d1_chunk_0|wf06_s5_chunk_0|wf06_d2_chunk_0,wf06_s4_chunk_0
42,144,What is the final rate limit rule deployed to production after the sprint overri,Vanilla RAG,1,21.9022,wf06_s3_chunk_0|wf06_s5_chunk_0|wf06_d1_chunk_0|wf06_d2_chunk_0|wf06_s1_chunk_0,wf06_s5_chunk_0
42,145,"Was the temporary unlimited bursting change kept, or did we revert to the origin",Vanilla RAG,1,25.3356,wf06_s3_chunk_0|wf06_s5_chunk_0|wf06_d3_chunk_0|wf06_d1_chunk_0|wf06_s4_chunk_0,wf06_s3_chunk_0|wf06_s5_chunk_0
42,146,Which document defines 100 RPM rate limit as the approved rate limit setting?,Vanilla RAG,1,20.719,wf06_d2_chunk_0|wf06_d1_chunk_0|wf06_s1_chunk_0|wf06_d3_chunk_0|wf06_s5_chunk_0,wf06_s1_chunk_0
42,147,Confirm the architecture decision that adopted 100 RPM rate limit for API Gatewa,Vanilla RAG,1,21.995,wf06_d3_chunk_0|wf06_s5_chunk_0|wf06_d2_chunk_0|wf06_d1_chunk_0|wf06_s1_chunk_0,wf06_s1_chunk_0
42,148,What is the cache TTL policy for Distributed Caching?,Vanilla RAG,1,21.3995,wf07_d2_chunk_0|wf07_s5_chunk_0|wf07_d1_chunk_0|wf07_d3_chunk_0|wf07_s1_chunk_0,wf07_s1_chunk_0
42,149,How is cache TTL implemented using redis-py?,Vanilla RAG,1,21.5329,wf07_s1_chunk_0|wf07_d2_chunk_0|wf07_d3_chunk_0|wf07_s3_chunk_0|wf07_s5_chunk_0,wf07_s1_chunk_0
42,0,Passwords From: pgut1@cs.aukuni.ac.nz (Peter Gutmann) Organization: Computer Sci,MemGPT (approx),1,27.7852,wf20_s4_chunk_0|ng_1471|ng_2342|wf20_d3_chunk_0|ng_1287,ng_1287
42,1,"Problems with A/ROSE Organization: CS Department, Dortmund University, Germany L",MemGPT (approx),1,21.2448,ng_2069|ng_1839|ng_1971|ng_86|ng_976,ng_1971
42,2,mark@trident.datasys.swri.edu (Mark D. Collier) Organization: Southwest Research,MemGPT (approx),0,26.6703,ng_1767|ng_1379|ng_271|wf02_d3_chunk_0|ng_1309,ng_933
42,3,Re: Do we need the clipper for cheap security? Organization:,MemGPT (approx),0,20.7805,ng_2298|ng_1355|ng_209|ng_1808|ng_40,ng_2276
42,4,"Subject: driver ?? Organization: Sophomore, Mechanical Engineering, Carnegie Mel",MemGPT (approx),0,21.8015,ng_1379|ng_976|ng_823|ng_2284|ng_1829,ng_1178
42,5,"Re: Once tapped, your code is no good any more.",MemGPT (approx),0,20.4421,ng_902|ng_691|ng_1507|ng_2254|ng_1137,ng_861
42,6,C++ and C for OS/2 Organization: The Internet Lines: 9,MemGPT (approx),1,22.7153,ng_1829|ng_1047|ng_447|ng_1684|ng_1752,ng_1047
42,7,"Pioneer Laser player Organization: Univ of Rochester, College of Engineering",MemGPT (approx),1,19.7236,ng_542|ng_52|ng_1088|ng_908|ng_1910,ng_542
42,8,Subject: Re: Adding VRAM to Quadra 800 ? Keywords: VRAM,MemGPT (approx),1,23.5092,ng_2049|ng_436|ng_458|ng_438|ng_1939,ng_2049
42,9,Re: opinions of RC2 alg. Reply-To: bontchev@fbihh.informatik.uni-hamburg.de Orga,MemGPT (approx),1,29.4178,ng_942|ng_257|ng_1660|ng_784|ng_1322,ng_784
42,10,Re: 24-bit Static color: will clients like it? Organization: Dept.,MemGPT (approx),1,21.6416,ng_1916|ng_2072|ng_256|ng_1441|ng_1229,ng_256
42,11,Re: Clipper Chip and crypto key-escrow Organization: Memex Information Systems,MemGPT (approx),0,21.8662,ng_122|ng_1021|ng_21|ng_1771|ng_509,ng_865
42,12,FOR SALE - MACINTOSH SE/30 Organization: SRL Data Lines: 26,MemGPT (approx),1,21.1556,ng_667|ng_1685|ng_860|ng_93|ng_2302,ng_667
42,13,Subject: Sound Recording for Mac Portable? Reply-To: aa341@Freenet.carleton.ca (,MemGPT (approx),1,25.479,ng_296|ng_914|ng_1414|ng_1892|ng_1437,ng_296
42,14,"font problem.... Organization: Department of Mathematics, Queen's University at ",MemGPT (approx),1,25.5491,ng_1379|ng_1064|ng_2084|ng_1252|ng_241,ng_241
42,15,Re: text of White House announcement and Q&As on clipper,MemGPT (approx),0,29.5748,ng_1331|ng_277|ng_1449|ng_1347|ng_820,ng_161
42,16,- Asleep by Night) Subject: Re: Los Angeles Freeway traffic,MemGPT (approx),1,30.9267,ng_1005|ng_2179|ng_551|ng_453|ng_2079,ng_453
42,17,"Subject: Re: Radar detector DETECTORS? Organization: Iowa State University, Ames",MemGPT (approx),1,21.2642,ng_2153|ng_292|ng_2273|ng_1688|ng_1945,ng_292
42,18,Subject: Re: electronic odometers (was: Used BMW Question ..... ???),MemGPT (approx),1,24.1867,ng_1516|ng_1292|ng_324|ng_453|ng_71,ng_1516
42,19,Re: help - how to construct home-built battery for 3rd,MemGPT (approx),1,19.5316,ng_8|ng_156|ng_870|ng_751|ng_995,ng_995
42,20,SUMMARY xon and X11R5 Nntp-Posting-Host: bobasun Organization: TI Semiconductor ,MemGPT (approx),1,24.2228,ng_78|ng_524|ng_2156|ng_1573|ng_841,ng_78
42,21,Re: Radar detector DETECTORS? Nntp-Posting-Host: aisun1.ai.uga.edu Organization:,MemGPT (approx),1,27.1641,ng_2153|ng_1688|ng_2273|ng_292|ng_1945,ng_2153
42,22,with Rasterops TC Colorboard From: mark@comp.vuw.ac.nz (Mark Davies) Distributio,MemGPT (approx),1,25.7317,ng_1916|ng_667|ng_42|ng_439|ng_2251,ng_42
42,23,Re: History question Organization: NASA Langley Research Center and Reptile,MemGPT (approx),0,20.1532,ng_271|ng_1968|ng_1212|ng_1489|ng_1829,ng_1972
42,24,Subject: Re: text of White House announcement and Q&As on,MemGPT (approx),0,20.3182,ng_1449|ng_1489|ng_1331|ng_1829|ng_1724,ng_953
42,25,Subject: X Graphics Accelerators Organization: The Internet Lines: 7 NNTP-Postin,MemGPT (approx),1,23.1408,ng_1916|ng_487|ng_841|ng_1969|ng_556,ng_841
42,26,Radar detector DETECTORS? Organization: At UT? That's a joke. Lines:,MemGPT (approx),1,21.4423,ng_292|ng_2153|ng_2215|ng_1688|ng_406,ng_2215
42,27,What is the current Rom Version shipping in Syquest drives?,MemGPT (approx),1,20.1396,ng_117|ng_1053|ng_1952|ng_1274|ng_1314,ng_117
42,28,"Any recent information on Frescoe? Organization: CenterLine Software, Inc. Lines",MemGPT (approx),1,22.138,ng_2150|ng_819|ng_1684|ng_1261|ng_1333,ng_2150
42,29,Re: Off the shelf cheap DES keyseach machine Organization: AT&T,MemGPT (approx),0,20.8235,ng_763|ng_2091|ng_2341|ng_317|ng_399,ng_702
42,30,Re: Los Angeles Freeway traffic reports Organization: RAND Lines: 29,MemGPT (approx),1,19.6715,ng_2179|ng_1005|ng_1489|ng_551|ng_453,ng_1005
42,31,"Re: Pgp, PEM, and RFC's (Was: Cryptography Patents) Organization: Oce",MemGPT (approx),0,23.7069,ng_1433|ng_1998|ng_38|ng_109|ng_736,ng_707
42,32,"Re: Conductive Plastic, what happened? Organization: Litton Systems, Toronto ONT",MemGPT (approx),1,22.6534,ng_1496|ng_271|ng_697|ng_400|ng_1644,ng_1496
42,33,Subscription Organization: The Internet Lines: 7 To: xpert@expo.lcs.mit.edu Plea,MemGPT (approx),0,25.2287,ng_1969|ng_1379|ng_1476|ng_255|ng_744,ng_368
42,34,"do Nuclear Site's Cooling Towers do? Organization: University of Technology,",MemGPT (approx),0,21.5629,ng_271|ng_2032|ng_1767|ng_1728|ng_12,ng_1921
42,35,Subject: Re: Centris Cache & Bernoulli Box Article-I.D.: snll-arp.519 Distributi,MemGPT (approx),1,28.4411,ng_1969|ng_2250|ng_690|wf07_d2_chunk_0|ng_603,ng_2250
42,36,Subject: 40MHZ Oscilloscope FOR SALE Organization: NETCOM On-line Communication ,MemGPT (approx),1,24.0738,ng_757|ng_2179|ng_2110|ng_728|ng_2127,ng_757
42,37,Re: Do we need the clipper for cheap security? Organization:,MemGPT (approx),0,20.1561,ng_1808|ng_1355|ng_209|ng_40|ng_1784,ng_895
42,38,XWindows always opaque Summary: is there a way for a,MemGPT (approx),1,19.9998,ng_1779|ng_1466|ng_430|ng_2319|ng_264,ng_1779
42,39,"Re: The battle is joined Organization: Harvey Mudd College, Claremont,",MemGPT (approx),0,20.97,ng_744|ng_1267|ng_1449|ng_823|ng_2205,ng_470
42,40,Re: The [secret] source of that announcement Lines: 19 Even,MemGPT (approx),0,21.7248,ng_1449|ng_1565|ng_1829|ng_1332|ng_1489,ng_2083
42,41,"Re: Once tapped, your code is no good any more.",MemGPT (approx),0,21.024,ng_1137|ng_691|ng_1507|ng_2254|ng_1700,ng_658
42,42,color on button on enter window. Distribution: usa Organization: UB,MemGPT (approx),1,20.2506,ng_1666|ng_1545|ng_745|ng_210|ng_320,ng_1666
42,43,Re: Q: How to avoid XOpenDisplay hang? Keywords: Xlib Article-I.D.:,MemGPT (approx),1,24.6463,ng_1374|ng_55|ng_1915|ng_1093|ng_1655,ng_55
42,44,Re: Radar detector DETECTORS? Organization: U of Toronto Zoology Lines:,MemGPT (approx),1,20.1687,ng_406|ng_292|ng_1945|ng_2257|ng_1688,ng_2257
42,45,"Subject: Re: Facinating facts: 30 bit serial number, possibly fixed",MemGPT (approx),0,20.7162,ng_1252|ng_1970|ng_867|ng_913|ng_732,ng_56
42,46,CSC) Subject: Re: Monthly Question about XCopyArea() and Expose Events,MemGPT (approx),1,22.5246,ng_970|ng_1367|ng_578|ng_1713|ng_163,ng_970
42,47,"Xarchie-2.0 available on export Organization: Department of Computer Science, Un",MemGPT (approx),1,23.6524,ng_6|ng_1076|ng_2125|ng_655|ng_771,ng_6
42,48,"Re: Trace size for a 15 Amp supply Organization: SSC,",MemGPT (approx),1,20.5946,ng_111|ng_828|ng_1405|wf05_d2_chunk_0|wf05_d1_chunk_0,ng_828
42,49,Subject: Need diode model for PSpice Organization: University at Buffalo,MemGPT (approx),1,22.5935,ng_541|ng_271|ng_400|ng_1767|ng_1904,ng_541
42,50,"icon pixmap problem... Keywords: icon, motif, openlook Nntp-Posting-Host: dale.s",MemGPT (approx),1,30.1829,ng_208|ng_891|ng_1936|ng_649|ng_2148,ng_208
42,51,Need pinouts for a G8870 dtmf decoder chip Organization: NETCOM,MemGPT (approx),1,21.6474,ng_1451|ng_1373|ng_1514|ng_1844|ng_666,ng_1451
42,52,Re: Help wanted Organization: Macquarie University Lines: 54 Distribution: world,MemGPT (approx),0,19.6185,ng_1252|ng_1277|ng_976|ng_744|ng_98,ng_1544
42,53,"Re: Clipper chip -- technical details Organization: Computer Science Dept,",MemGPT (approx),0,21.6587,ng_1674|ng_410|ng_383|ng_2067|ng_953,ng_1397
42,54,Re: x86 ~= 680x0 ?? (How do they compare?) Distribution:,MemGPT (approx),0,24.4487,ng_2299|ng_173|ng_1081|ng_685|ng_1645,ng_2168
42,55,"Subject: Don't fight Clipper Chip, subvert or replace it !",MemGPT (approx),0,21.921,ng_1288|ng_1378|ng_1674|ng_953|ng_1874,ng_485
42,56,"cheap products? Organization: Stratus Computer, Marlboro Ma. Lines: 22 NNTP-Post",MemGPT (approx),0,26.5596,ng_959|ng_1953|ng_1427|ng_387|ng_1612,ng_686
42,57,"Re: Asynchronous X Windows? Organization: CenterLine Software, Inc. Lines: 45",MemGPT (approx),1,24.596,ng_866|ng_1116|ng_1171|ng_116|ng_894,ng_866
42,58,Re: Radio Electronics Free information card Nntp-Posting-Host: bopper2.phx.mcd.m,MemGPT (approx),1,36.5022,ng_1953|ng_65|ng_1879|ng_2279|ng_2286,ng_1879
42,59,Re: HP DeskWriter 550C...Opinions? Feedback! In-Reply-To: phil@csc.liv.ac.uk's m,MemGPT (approx),1,34.5014,ng_1365|ng_2275|ng_1804|ng_842|ng_1910,ng_2275
42,60,"Re: Pgp, PEM, and RFC's (Was: Cryptography Patents) Organization: Oce",MemGPT (approx),1,38.5237,ng_1433|ng_1998|ng_38|ng_109|ng_736,ng_109
42,61,up cable tv with an aerial. Lines: 37 Nntp-Posting-Host: wcsub.ctstateu.edu,MemGPT (approx),1,29.6481,ng_2286|ng_1942|ng_2009|ng_2078|ng_2159,ng_2009
42,62,"Subject: Athena Widgets Organization: University of North Dakota; Grand Forks,",MemGPT (approx),1,21.7844,ng_328|ng_351|ng_1379|ng_1276|ng_1829,ng_328
42,63,Re: Laser vs Bubblejet? Organization: Northeastern Ohio Universities College of,MemGPT (approx),0,19.4489,ng_2205|ng_1293|ng_1033|ng_52|ng_219,ng_2263
42,64,Subject: 10th International Obfuscated C Code Contest Opening (part 2,MemGPT (approx),1,20.0267,ng_14|ng_1157|ng_187|ng_447|ng_1577,ng_14
42,65,Subject: Re: Stereo sound problem (?) on mac games Organization:,MemGPT (approx),1,20.114,ng_1414|ng_914|ng_1437|ng_355|ng_1607,ng_1414
42,66,Re: Honors Degrees: Do they mean anything? Organization: Ford Motor,MemGPT (approx),1,19.9893,ng_823|ng_2205|ng_1379|ng_1735|ng_474,ng_823
42,67,Radar detector DETECTORS? Organization: TRIUMF: Tri-University Meson Facility Li,MemGPT (approx),1,21.6219,ng_292|ng_406|ng_2153|ng_1688|ng_2273,ng_1688
42,68,Subject: X Error of failed request: BadPixmap (invalid Pixmap parameter),MemGPT (approx),1,22.253,ng_649|ng_1732|ng_1554|ng_1304|ng_1837,ng_649
42,69,"Re: Once tapped, your code is no good any more.",MemGPT (approx),0,19.2991,ng_1137|ng_1700|ng_691|ng_1507|ng_2254,ng_1035
42,70,Re: Clipper chip -- technical details Organization: AT&T Bell Laboratories,MemGPT (approx),0,20.4597,ng_1448|ng_1674|ng_383|ng_2061|ng_849,ng_253
42,71,Re: Clipper considered harmful Organization: Express Access Online Communication,MemGPT (approx),0,20.4927,ng_726|ng_339|ng_1599|ng_1192|ng_772,ng_411
42,72,Subject: Re: Off the shelf cheap DES keyseach machine (Was:,MemGPT (approx),0,20.0891,ng_2341|ng_763|ng_466|ng_1439|ng_2294,ng_344
42,73,Subject: Re: Forcing a window manager to accept specific coordinates,MemGPT (approx),0,19.46,ng_1099|ng_1538|ng_847|ng_1197|ng_704,ng_1090
42,74,parking HD heads when iddle Nntp-Posting-Host: mvs.oac.ucla.edu Lines: 8 The,MemGPT (approx),1,25.9025,ng_1272|ng_2179|ng_2079|ng_235|ng_676,ng_1272
42,75,"Subject: Re: Motif vs. [Athena, etc.] Organization: Bond University, AUSTRALIA",MemGPT (approx),1,21.8645,ng_2013|ng_859|ng_5|ng_158|ng_2304,ng_2013
42,76,Subject: xcursor4.1 Organization: National Center for Atmospheric Research Lines,MemGPT (approx),1,21.4268,ng_843|ng_271|ng_378|ng_1000|ng_1968,ng_843
42,77,"Re: subliminal message flashing on TV Organization: Hewlett-Packard, Fort Collin",MemGPT (approx),1,22.8342,ng_2327|ng_2179|ng_1432|ng_1046|ng_1318,ng_1318
42,78,Quadras VRAM Question X-Xxmessage-Id: <A7F4F033E3012026@planet.imag.fr> X-Xxdate,MemGPT (approx),1,33.3214,ng_436|ng_458|ng_978|ng_1344|ng_2049,ng_458
42,79,Re: How to the disks copy protected. Originator: sehari@du139-213.cc.iastate.edu,MemGPT (approx),1,27.0484,ng_2206|ng_2207|ng_2192|ng_775|ng_848,ng_2207
42,80,Re: Secret algorithm [Re: Clipper Chip and crypto key-escrow] Organization:,MemGPT (approx),1,22.0518,ng_509|ng_21|ng_1382|ng_1021|ng_122,ng_21
42,81,Subject: Real-Time Data Display Tool Organization: University of Michigan Engine,MemGPT (approx),1,20.2271,ng_1901|ng_894|ng_634|ng_1333|ng_461,ng_1901
42,82,R4 Version of xrecplay Reply-To: mccoy@gothamcity.jsc.nasa.gov Organization: I-N,MemGPT (approx),1,28.411,ng_2156|ng_378|ng_1573|ng_1266|ng_2140,ng_378
42,83,Re: Analog switches/Balanced Demodulators Distribution: na Organization: Univers,MemGPT (approx),1,23.9776,ng_984|ng_934|ng_1362|ng_1818|ng_665,ng_934
42,84,"Salomon Brothers Inc., NY ) Subject: Re: Source of random",MemGPT (approx),0,21.11,ng_1829|ng_1489|ng_976|ng_1415|ng_147,ng_1634
42,85,"PSI Comstation 5 Organization: the ModemLink Network, Long Island, New",MemGPT (approx),1,21.0403,ng_1004|ng_2027|ng_483|ng_490|ng_444,ng_1004
42,86,how to boot from ext HD on power on ?,MemGPT (approx),1,19.7171,ng_1533|ng_2316|ng_1396|ng_2149|ng_1821,ng_1533
42,87,Subject: [EFF] Initial EFF Analysis of Clinton Privacy and Security,MemGPT (approx),1,20.4792,ng_949|ng_1389|ng_1944|ng_1560|ng_213,ng_1389
42,88,Re: How does it really work? (was Re: text of,MemGPT (approx),0,21.3809,ng_2027|ng_611|ng_1332|ng_2253|ng_1212,ng_377
42,89,re: WH announcement Reply-To: tuinstra@sunspot.ece.clarkson.edu.soe Organization,MemGPT (approx),0,29.5878,ng_271|ng_2156|ng_1765|ng_1084|ng_2018,ng_1123
42,90,player going wonky - advise needed ! Lines: 18 Organization:,MemGPT (approx),0,19.5951,ng_2027|ng_271|ng_2205|ng_596|ng_1829,ng_593
42,91,"Racet Optical Organization: Computer Science Department, Boston University, Bost",MemGPT (approx),0,21.0838,ng_2027|ng_1916|ng_1803|ng_2251|ng_1052,ng_1656
42,92,Video cable options X-Xxmessage-Id: <A7F4A7E9FF0200ED@kimball-pc-316.stanford.ed,MemGPT (approx),1,36.7877,ng_1148|ng_87|ng_1161|ng_818|ng_25,ng_1148
42,93,Re: DESQview/X on a PC? Organization: AOTC - CSSC Lines:,MemGPT (approx),1,22.3298,ng_1790|ng_1608|ng_818|ng_116|ng_1283,ng_1790
42,94,"german keyboard, X11R5 and Sparc Nntp-Posting-Host: polaris.informatik.uni-essen",MemGPT (approx),1,32.3238,ng_2156|ng_106|ng_1576|ng_1826|ng_289,ng_106
42,95,Re: chip / chipset for code 39 barcode? Organization: Brock,MemGPT (approx),1,20.3612,ng_913|ng_142|ng_190|ng_489|ng_1085,ng_142
42,96,"Subject: Re: Once tapped, your code is no good any",MemGPT (approx),0,19.6438,ng_1700|ng_2254|ng_691|ng_1385|ng_2131,ng_1051
42,97,Subject: Re: Off the shelf cheap DES keyseach machine (Was:,MemGPT (approx),0,20.0609,ng_2341|ng_763|ng_466|ng_1439|ng_2294,ng_1377
42,98,Re: text of White House announcement and Q&As on clipper,MemGPT (approx),0,20.1236,ng_1449|ng_1331|ng_277|ng_1347|ng_820,ng_110
42,99,Re: How do they know what keys to ask for?,MemGPT (approx),1,19.989,ng_2341|ng_699|ng_381|ng_1101|ng_1584,ng_699
42,100,What is the JWT expiry policy for JWT Authentication?,MemGPT (approx),1,25.4354,wf01_s5_chunk_0|wf01_s1_chunk_0|wf01_d1_chunk_0|wf01_d2_chunk_0|wf01_d3_chunk_0,wf01_s1_chunk_0
42,101,How is JWT expiry implemented using PyJWT+Redis?,MemGPT (approx),1,24.3948,wf01_s1_chunk_0|wf01_s3_chunk_0|wf01_s4_chunk_0|wf01_d2_chunk_0|wf01_s5_chunk_0,wf01_s1_chunk_0
42,102,Find the backend standard for session token lifetime.,MemGPT (approx),1,20.6202,wf01_d2_chunk_0|wf01_s1_chunk_0|wf01_s5_chunk_0|wf01_s3_chunk_0|wf01_s4_chunk_0,wf01_s1_chunk_0|wf01_s4_chunk_0
42,103,Summarise the technical decision on session token lifetime during JWT Authentica,MemGPT (approx),1,21.8823,wf01_d2_chunk_0|wf01_s5_chunk_0|wf01_s1_chunk_0|wf01_s3_chunk_0|wf01_s4_chunk_0,wf01_s4_chunk_0
42,104,What is the final JWT expiry rule deployed to production after the sprint overri,MemGPT (approx),1,22.9375,wf01_s5_chunk_0|wf01_s3_chunk_0|wf01_s1_chunk_0|wf01_d2_chunk_0|wf01_s4_chunk_0,wf01_s5_chunk_0
42,105,"Was the temporary 60-minute expiry change kept, or did we revert to the original",MemGPT (approx),1,39.1918,wf01_d2_chunk_0|wf01_s5_chunk_0|wf01_s3_chunk_0|wf01_s1_chunk_0|wf01_s4_chunk_0,wf01_s3_chunk_0|wf01_s5_chunk_0
42,106,Which document defines 15-minute expiry as the approved JWT expiry setting?,MemGPT (approx),1,22.9955,wf01_s5_chunk_0|wf01_d2_chunk_0|wf01_s1_chunk_0|wf01_s3_chunk_0|wf01_s4_chunk_0,wf01_s1_chunk_0
42,107,Confirm the architecture decision that adopted 15-minute expiry for JWT Authenti,MemGPT (approx),1,22.0962,wf01_s5_chunk_0|wf01_s1_chunk_0|wf01_d2_chunk_0|wf01_s3_chunk_0|wf01_s4_chunk_0,wf01_s1_chunk_0
42,108,What is the primary keys policy for Database Schema?,MemGPT (approx),1,19.6812,wf02_d1_chunk_0|wf02_d2_chunk_0|wf02_s5_chunk_0|wf02_s1_chunk_0|wf02_d3_chunk_0,wf02_s1_chunk_0
42,109,How is primary keys implemented using Alembic+PostgreSQL?,MemGPT (approx),1,20.5324,wf02_s1_chunk_0|wf02_d2_chunk_0|wf02_d1_chunk_0|wf02_d3_chunk_0|wf02_s5_chunk_0,wf02_s1_chunk_0
42,110,Find the backend standard for row identifier scheme.,MemGPT (approx),1,20.3379,wf02_s1_chunk_0|wf02_d3_chunk_0|wf02_d2_chunk_0|wf02_s4_chunk_0|wf02_s5_chunk_0,wf02_s1_chunk_0|wf02_s4_chunk_0
42,111,Summarise the technical decision on row identifier scheme during Database Schema,MemGPT (approx),1,22.3615,wf02_s4_chunk_0|wf02_d3_chunk_0|wf02_d1_chunk_0|wf02_s1_chunk_0|wf02_d2_chunk_0,wf02_s4_chunk_0
42,112,What is the final primary keys rule deployed to production after the sprint over,MemGPT (approx),1,21.3538,wf02_s5_chunk_0|wf02_d1_chunk_0|wf02_d2_chunk_0|wf02_s1_chunk_0|wf02_d3_chunk_0,wf02_s5_chunk_0
42,113,"Was the temporary auto-incrementing integer PKs change kept, or did we revert to",MemGPT (approx),1,26.2389,wf02_s5_chunk_0|wf02_s1_chunk_0|wf02_d3_chunk_0|wf02_d2_chunk_0|wf02_s3_chunk_0,wf02_s3_chunk_0|wf02_s5_chunk_0
42,114,Which document defines UUID primary keys as the approved primary keys setting?,MemGPT (approx),1,20.3187,wf02_s1_chunk_0|wf02_s5_chunk_0|wf02_d2_chunk_0|wf02_d1_chunk_0|wf02_d3_chunk_0,wf02_s1_chunk_0
42,115,Confirm the architecture decision that adopted UUID primary keys for Database Sc,MemGPT (approx),1,20.6984,wf02_s5_chunk_0|wf02_s1_chunk_0|wf02_d3_chunk_0|wf02_d2_chunk_0|wf02_d1_chunk_0,wf02_s1_chunk_0
42,116,What is the domain boundary policy for Microservice Context?,MemGPT (approx),1,20.2198,wf03_d1_chunk_0|wf03_s5_chunk_0|wf03_s1_chunk_0|wf03_d2_chunk_0|wf03_d3_chunk_0,wf03_s1_chunk_0
42,117,How is domain boundary implemented using gRPC+Protobuf?,MemGPT (approx),1,20.3099,wf03_s1_chunk_0|wf03_d1_chunk_0|wf03_s5_chunk_0|wf14_s1_chunk_0|wf14_d2_chunk_0,wf03_s1_chunk_0
42,118,Find the architecture standard for inter-service coupling.,MemGPT (approx),1,18.5376,wf03_d3_chunk_0|wf03_s1_chunk_0|wf03_d2_chunk_0|wf03_d1_chunk_0|wf14_s1_chunk_0,wf03_s1_chunk_0|wf03_s4_chunk_0
42,119,Summarise the technical decision on inter-service coupling during Microservice C,MemGPT (approx),0,22.8447,wf03_d3_chunk_0|wf03_d2_chunk_0|wf03_d1_chunk_0|wf03_s1_chunk_0|wf03_s5_chunk_0,wf03_s4_chunk_0
42,120,What is the final domain boundary rule deployed to production after the sprint o,MemGPT (approx),1,21.7498,wf03_s5_chunk_0|wf03_d1_chunk_0|wf03_s1_chunk_0|wf04_s3_chunk_0|wf15_s3_chunk_0,wf03_s5_chunk_0
42,121,"Was the temporary shared database schema change kept, or did we revert to the or",MemGPT (approx),1,26.2683,wf03_d3_chunk_0|wf15_s3_chunk_0|wf02_s5_chunk_0|wf03_d2_chunk_0|wf03_s5_chunk_0,wf03_s3_chunk_0|wf03_s5_chunk_0
42,122,Which document defines strict domain boundary as the approved domain boundary se,MemGPT (approx),1,22.1548,wf03_s5_chunk_0|wf03_s1_chunk_0|wf03_d1_chunk_0|wf16_d1_chunk_0|wf04_s5_chunk_0,wf03_s1_chunk_0
42,123,Confirm the architecture decision that adopted strict domain boundary for Micros,MemGPT (approx),1,21.813,wf03_s5_chunk_0|wf03_d1_chunk_0|wf03_s1_chunk_0|wf03_d3_chunk_0|wf03_d2_chunk_0,wf03_s1_chunk_0
42,124,What is the PR approvals policy for CI/CD Pipeline?,MemGPT (approx),1,20.1974,wf04_s5_chunk_0|wf04_s3_chunk_0|wf04_d2_chunk_0|wf04_d1_chunk_0|wf04_s1_chunk_0,wf04_s1_chunk_0
42,125,How is PR approvals implemented using GitHub Actions?,MemGPT (approx),1,20.1643,wf04_s1_chunk_0|wf04_d2_chunk_0|wf04_s5_chunk_0|wf04_d1_chunk_0|wf04_s3_chunk_0,wf04_s1_chunk_0
42,126,Find the devops standard for merge gate policy.,MemGPT (approx),1,19.091,wf04_s1_chunk_0|wf04_s5_chunk_0|wf04_d2_chunk_0|wf04_d1_chunk_0|wf03_s5_chunk_0,wf04_s1_chunk_0|wf04_s4_chunk_0
42,127,Summarise the technical decision on merge gate policy during CI/CD Pipeline desi,MemGPT (approx),0,23.1889,wf04_s1_chunk_0|wf04_s5_chunk_0|wf04_d2_chunk_0|wf04_d1_chunk_0|wf04_s3_chunk_0,wf04_s4_chunk_0
42,128,What is the final PR approvals rule deployed to production after the sprint over,MemGPT (approx),1,21.9435,wf04_s5_chunk_0|wf04_s3_chunk_0|wf04_d1_chunk_0|wf04_d2_chunk_0|wf15_s3_chunk_0,wf04_s5_chunk_0
42,129,"Was the temporary admin bypass override change kept, or did we revert to the ori",MemGPT (approx),1,24.1585,wf04_s3_chunk_0|wf01_s5_chunk_0|wf04_s5_chunk_0|wf03_s5_chunk_0|wf19_s5_chunk_0,wf04_s3_chunk_0|wf04_s5_chunk_0
42,130,Which document defines require 2 PR approvals as the approved PR approvals setti,MemGPT (approx),1,21.6614,wf04_d2_chunk_0|wf04_d1_chunk_0|wf04_s5_chunk_0|wf04_s1_chunk_0|wf16_d1_chunk_0,wf04_s1_chunk_0
42,131,Confirm the architecture decision that adopted require 2 PR approvals for CI/CD ,MemGPT (approx),1,22.1234,wf04_s1_chunk_0|wf04_d2_chunk_0|wf04_s5_chunk_0|wf04_d1_chunk_0|wf04_s3_chunk_0,wf04_s1_chunk_0
42,132,What is the trace sampling policy for Observability Stack?,MemGPT (approx),1,20.4743,wf05_d2_chunk_0|wf05_s5_chunk_0|wf05_d1_chunk_0|wf05_s1_chunk_0|wf05_d3_chunk_0,wf05_s1_chunk_0
42,133,How is trace sampling implemented using OpenTelemetry?,MemGPT (approx),1,20.6014,wf05_s1_chunk_0|wf05_d2_chunk_0|wf05_s3_chunk_0|wf05_d3_chunk_0|wf05_d1_chunk_0,wf05_s1_chunk_0
42,134,Find the devops standard for telemetry capture rate.,MemGPT (approx),1,20.0177,wf05_s1_chunk_0|wf05_d2_chunk_0|wf05_d1_chunk_0|wf05_s3_chunk_0|wf05_s4_chunk_0,wf05_s1_chunk_0|wf05_s4_chunk_0
42,135,Summarise the technical decision on telemetry capture rate during Observability ,MemGPT (approx),1,22.8145,wf05_s1_chunk_0|wf05_s4_chunk_0|wf05_d1_chunk_0|wf05_d3_chunk_0|wf05_s3_chunk_0,wf05_s4_chunk_0
42,136,What is the final trace sampling rule deployed to production after the sprint ov,MemGPT (approx),0,23.2096,wf05_s3_chunk_0|wf05_d2_chunk_0|wf05_d1_chunk_0|wf05_d3_chunk_0|wf05_s1_chunk_0,wf05_s5_chunk_0
42,137,"Was the temporary 100% full trace sampling change kept, or did we revert to the ",MemGPT (approx),1,24.6836,wf05_d2_chunk_0|wf05_s3_chunk_0|wf05_d1_chunk_0|wf05_s1_chunk_0|wf05_d3_chunk_0,wf05_s3_chunk_0|wf05_s5_chunk_0
42,138,Which document defines 10% trace sampling as the approved trace sampling setting,MemGPT (approx),1,19.0638,wf05_d2_chunk_0|wf05_d1_chunk_0|wf05_s1_chunk_0|wf05_d3_chunk_0|wf05_s3_chunk_0,wf05_s1_chunk_0
42,139,Confirm the architecture decision that adopted 10% trace sampling for Observabil,MemGPT (approx),1,22.3358,wf05_s1_chunk_0|wf05_d2_chunk_0|wf05_d1_chunk_0|wf05_d3_chunk_0|wf05_s3_chunk_0,wf05_s1_chunk_0
42,140,What is the rate limit policy for API Gateway Rate Limiting?,MemGPT (approx),0,20.9578,wf06_d2_chunk_0|wf06_s5_chunk_0|wf06_d1_chunk_0|wf06_d3_chunk_0|wf06_s4_chunk_0,wf06_s1_chunk_0
42,141,How is rate limit implemented using nginx+Lua?,MemGPT (approx),1,20.4681,wf06_s4_chunk_0|wf06_d2_chunk_0|wf06_d1_chunk_0|wf06_s5_chunk_0|wf06_s1_chunk_0,wf06_s1_chunk_0
42,142,Find the backend standard for inbound request throttle.,MemGPT (approx),1,20.6988,wf06_s4_chunk_0|wf06_s5_chunk_0|wf06_d3_chunk_0|wf06_s1_chunk_0|wf06_d1_chunk_0,wf06_s1_chunk_0|wf06_s4_chunk_0
42,143,Summarise the technical decision on inbound request throttle during API Gateway ,MemGPT (approx),1,23.3848,wf06_s4_chunk_0|wf06_d3_chunk_0|wf06_d1_chunk_0|wf06_s5_chunk_0|wf06_d2_chunk_0,wf06_s4_chunk_0
42,144,What is the final rate limit rule deployed to production after the sprint overri,MemGPT (approx),1,21.8166,wf06_s5_chunk_0|wf06_d1_chunk_0|wf06_d2_chunk_0|wf06_s1_chunk_0|wf05_s3_chunk_0,wf06_s5_chunk_0
42,145,"Was the temporary unlimited bursting change kept, or did we revert to the origin",MemGPT (approx),1,29.6567,wf06_s5_chunk_0|wf06_d3_chunk_0|wf06_d1_chunk_0|wf06_s4_chunk_0|wf06_d2_chunk_0,wf06_s3_chunk_0|wf06_s5_chunk_0
42,146,Which document defines 100 RPM rate limit as the approved rate limit setting?,MemGPT (approx),1,23.0662,wf06_d2_chunk_0|wf06_d1_chunk_0|wf06_s1_chunk_0|wf06_d3_chunk_0|wf06_s5_chunk_0,wf06_s1_chunk_0
42,147,Confirm the architecture decision that adopted 100 RPM rate limit for API Gatewa,MemGPT (approx),1,23.9715,wf06_d3_chunk_0|wf06_s5_chunk_0|wf06_d2_chunk_0|wf06_d1_chunk_0|wf06_s1_chunk_0,wf06_s1_chunk_0
42,148,What is the cache TTL policy for Distributed Caching?,MemGPT (approx),1,22.3621,wf07_d2_chunk_0|wf07_s5_chunk_0|wf07_d1_chunk_0|wf07_d3_chunk_0|wf07_s1_chunk_0,wf07_s1_chunk_0
42,149,How is cache TTL implemented using redis-py?,MemGPT (approx),1,20.7443,wf07_s1_chunk_0|wf07_d2_chunk_0|wf07_d3_chunk_0|wf07_s5_chunk_0|wf07_d1_chunk_0,wf07_s1_chunk_0
42,0,Passwords From: pgut1@cs.aukuni.ac.nz (Peter Gutmann) Organization: Computer Sci,MemoryBank (approx),1,27.2563,wf20_s4_chunk_0|ng_1471|ng_2342|wf20_d3_chunk_0|ng_1287,ng_1287
42,1,"Problems with A/ROSE Organization: CS Department, Dortmund University, Germany L",MemoryBank (approx),1,20.7443,ng_1971|ng_86|ng_976|ng_2069|ng_2115,ng_1971
42,2,mark@trident.datasys.swri.edu (Mark D. Collier) Organization: Southwest Research,MemoryBank (approx),0,25.3274,ng_1767|ng_1379|ng_271|wf02_d3_chunk_0|ng_1309,ng_933
42,3,Re: Do we need the clipper for cheap security? Organization:,MemoryBank (approx),0,27.822,ng_1355|ng_209|ng_1808|ng_40|ng_1784,ng_2276
42,4,"Subject: driver ?? Organization: Sophomore, Mechanical Engineering, Carnegie Mel",MemoryBank (approx),0,28.9273,ng_1379|ng_976|ng_823|ng_2284|ng_1829,ng_1178
42,5,"Re: Once tapped, your code is no good any more.",MemoryBank (approx),0,20.0051,ng_691|ng_1507|ng_2254|ng_1137|ng_1700,ng_861
42,6,C++ and C for OS/2 Organization: The Internet Lines: 9,MemoryBank (approx),1,25.303,ng_1829|ng_1047|ng_447|ng_1684|ng_1752,ng_1047
42,7,"Pioneer Laser player Organization: Univ of Rochester, College of Engineering",MemoryBank (approx),1,23.9145,ng_542|ng_52|ng_1088|ng_908|ng_1910,ng_542
42,8,Subject: Re: Adding VRAM to Quadra 800 ? Keywords: VRAM,MemoryBank (approx),1,21.8464,ng_2049|ng_436|ng_458|ng_438|ng_1939,ng_2049
42,9,Re: opinions of RC2 alg. Reply-To: bontchev@fbihh.informatik.uni-hamburg.de Orga,MemoryBank (approx),1,28.9574,ng_1309|ng_942|ng_257|ng_1660|ng_784,ng_784
42,10,Re: 24-bit Static color: will clients like it? Organization: Dept.,MemoryBank (approx),1,22.7823,ng_438|ng_1916|ng_2072|ng_256|ng_1441,ng_256
42,11,Re: Clipper Chip and crypto key-escrow Organization: Memex Information Systems,MemoryBank (approx),0,23.2607,ng_1021|ng_21|ng_122|ng_1771|ng_509,ng_865
42,12,FOR SALE - MACINTOSH SE/30 Organization: SRL Data Lines: 26,MemoryBank (approx),1,20.7697,ng_667|ng_1685|ng_860|ng_93|ng_2302,ng_667
42,13,Subject: Sound Recording for Mac Portable? Reply-To: aa341@Freenet.carleton.ca (,MemoryBank (approx),1,25.3815,ng_296|ng_1414|ng_1892|ng_1437|ng_159,ng_296
42,14,"font problem.... Organization: Department of Mathematics, Queen's University at ",MemoryBank (approx),0,23.2668,ng_976|ng_1379|ng_1064|ng_2084|ng_1252,ng_241
42,15,Re: text of White House announcement and Q&As on clipper,MemoryBank (approx),0,22.6864,ng_40|ng_1784|ng_1331|ng_277|ng_1449,ng_161
42,16,- Asleep by Night) Subject: Re: Los Angeles Freeway traffic,MemoryBank (approx),1,19.7106,ng_1829|ng_1005|ng_2179|ng_551|ng_453,ng_453
42,17,"Subject: Re: Radar detector DETECTORS? Organization: Iowa State University, Ames",MemoryBank (approx),1,20.8763,ng_453|ng_2153|ng_292|ng_2273|ng_1688,ng_292
42,18,Subject: Re: electronic odometers (was: Used BMW Question ..... ???),MemoryBank (approx),1,24.0,ng_453|ng_2153|ng_551|ng_1005|ng_1516,ng_1516
42,19,Re: help - how to construct home-built battery for 3rd,MemoryBank (approx),1,20.9173,ng_8|ng_156|ng_870|ng_751|ng_995,ng_995
42,20,SUMMARY xon and X11R5 Nntp-Posting-Host: bobasun Organization: TI Semiconductor ,MemoryBank (approx),1,24.9008,ng_78|ng_524|ng_2156|ng_1573|ng_841,ng_78
42,21,Re: Radar detector DETECTORS? Nntp-Posting-Host: aisun1.ai.uga.edu Organization:,MemoryBank (approx),1,27.0422,ng_2153|ng_1688|ng_2273|ng_292|ng_1309,ng_2153
42,22,with Rasterops TC Colorboard From: mark@comp.vuw.ac.nz (Mark Davies) Distributio,MemoryBank (approx),0,25.5114,ng_667|ng_2072|ng_1916|ng_256|ng_458,ng_42
42,23,Re: History question Organization: NASA Langley Research Center and Reptile,MemoryBank (approx),0,19.98,ng_1829|ng_271|ng_1767|ng_1968|ng_1212,ng_1972
42,24,Subject: Re: text of White House announcement and Q&As on,MemoryBank (approx),0,19.3865,ng_1829|ng_1449|ng_277|ng_1331|ng_1724,ng_953
42,25,Subject: X Graphics Accelerators Organization: The Internet Lines: 7 NNTP-Postin,MemoryBank (approx),1,22.413,ng_2072|ng_1916|ng_841|ng_78|ng_487,ng_841
42,26,Radar detector DETECTORS? Organization: At UT? That's a joke. Lines:,MemoryBank (approx),0,21.2067,ng_2153|ng_1212|ng_1688|ng_2273|ng_292,ng_2215
42,27,What is the current Rom Version shipping in Syquest drives?,MemoryBank (approx),1,19.6429,ng_2302|ng_1685|ng_117|ng_1053|ng_1952,ng_117
42,28,"Any recent information on Frescoe? Organization: CenterLine Software, Inc. Lines",MemoryBank (approx),0,21.6293,ng_1829|ng_271|ng_1767|ng_1379|ng_1684,ng_2150
42,29,Re: Off the shelf cheap DES keyseach machine Organization: AT&T,MemoryBank (approx),0,20.5951,ng_21|ng_1021|ng_1771|ng_763|ng_2091,ng_702
42,30,Re: Los Angeles Freeway traffic reports Organization: RAND Lines: 29,MemoryBank (approx),1,19.6633,ng_1379|ng_1212|ng_1005|ng_453|ng_551,ng_1005
42,31,"Re: Pgp, PEM, and RFC's (Was: Cryptography Patents) Organization: Oce",MemoryBank (approx),0,23.4275,ng_509|ng_1433|ng_1998|ng_38|ng_109,ng_707
42,32,"Re: Conductive Plastic, what happened? Organization: Litton Systems, Toronto ONT",MemoryBank (approx),0,21.9218,ng_271|ng_995|ng_156|ng_751|ng_870,ng_1496
42,33,Subscription Organization: The Internet Lines: 7 To: xpert@expo.lcs.mit.edu Plea,MemoryBank (approx),0,24.7878,ng_1379|ng_271|ng_1829|ng_1767|ng_976,ng_368
42,34,"do Nuclear Site's Cooling Towers do? Organization: University of Technology,",MemoryBank (approx),0,20.3138,ng_1767|ng_271|ng_1379|ng_1998|ng_2153,ng_1921
42,35,Subject: Re: Centris Cache & Bernoulli Box Article-I.D.: snll-arp.519 Distributi,MemoryBank (approx),1,26.6095,ng_2156|ng_2250|ng_690|wf07_d2_chunk_0|ng_603,ng_2250
42,36,Subject: 40MHZ Oscilloscope FOR SALE Organization: NETCOM On-line Communication ,MemoryBank (approx),1,22.5332,ng_2179|ng_757|ng_2110|ng_728|ng_2127,ng_757
42,37,Re: Do we need the clipper for cheap security? Organization:,MemoryBank (approx),0,19.6267,ng_1331|ng_40|ng_1784|ng_1355|ng_209,ng_895
42,38,XWindows always opaque Summary: is there a way for a,MemoryBank (approx),1,20.1653,ng_1779|ng_1466|ng_430|ng_2319|ng_264,ng_1779
42,39,"Re: The battle is joined Organization: Harvey Mudd College, Claremont,",MemoryBank (approx),0,20.9465,ng_976|ng_1998|ng_1449|ng_2284|ng_823,ng_470
42,40,Re: The [secret] source of that announcement Lines: 19 Even,MemoryBank (approx),0,19.6545,ng_1449|ng_1998|ng_1829|ng_1212|ng_1968,ng_2083
42,41,"Re: Once tapped, your code is no good any more.",MemoryBank (approx),0,19.4775,ng_691|ng_1507|ng_2254|ng_1137|ng_1700,ng_658
42,42,color on button on enter window. Distribution: usa Organization: UB,MemoryBank (approx),1,19.9268,ng_1666|ng_1545|ng_745|ng_210|ng_320,ng_1666
42,43,Re: Q: How to avoid XOpenDisplay hang? Keywords: Xlib Article-I.D.:,MemoryBank (approx),1,24.6017,ng_1374|ng_55|ng_1915|ng_1093|ng_1655,ng_55
42,44,Re: Radar detector DETECTORS? Organization: U of Toronto Zoology Lines:,MemoryBank (approx),0,19.4004,ng_2153|ng_728|ng_2110|ng_453|ng_1688,ng_2257
42,45,"Subject: Re: Facinating facts: 30 bit serial number, possibly fixed",MemoryBank (approx),0,21.0916,ng_1309|ng_1252|ng_860|ng_1970|ng_867,ng_56
42,46,CSC) Subject: Re: Monthly Question about XCopyArea() and Expose Events,MemoryBank (approx),1,22.7253,ng_970|ng_1367|ng_578|ng_1713|ng_163,ng_970
42,47,"Xarchie-2.0 available on export Organization: Department of Computer Science, Un",MemoryBank (approx),1,21.9636,ng_841|ng_784|ng_86|ng_6|ng_1076,ng_6
42,48,"Re: Trace size for a 15 Amp supply Organization: SSC,",MemoryBank (approx),1,19.945,ng_728|ng_271|ng_111|ng_828|ng_1405,ng_828
42,49,Subject: Need diode model for PSpice Organization: University at Buffalo,MemoryBank (approx),1,25.2788,ng_271|ng_1767|ng_751|wf20_s4_chunk_0|ng_541,ng_541
42,50,"icon pixmap problem... Keywords: icon, motif, openlook Nntp-Posting-Host: dale.s",MemoryBank (approx),1,42.9389,ng_1968|ng_78|ng_1573|ng_208|ng_891,ng_208
42,51,Need pinouts for a G8870 dtmf decoder chip Organization: NETCOM,MemoryBank (approx),1,26.2815,ng_1970|ng_757|ng_1451|ng_1373|ng_1514,ng_1451
42,52,Re: Help wanted Organization: Macquarie University Lines: 54 Distribution: world,MemoryBank (approx),0,20.7548,ng_1968|ng_1252|ng_1829|ng_976|ng_1998,ng_1544
42,53,"Re: Clipper chip -- technical details Organization: Computer Science Dept,",MemoryBank (approx),0,20.5891,ng_1674|ng_410|ng_383|ng_2067|ng_953,ng_1397
42,54,Re: x86 ~= 680x0 ?? (How do they compare?) Distribution:,MemoryBank (approx),0,22.4086,ng_2299|ng_173|ng_1081|ng_685|ng_1645,ng_2168
42,55,"Subject: Don't fight Clipper Chip, subvert or replace it !",MemoryBank (approx),0,22.8556,ng_1674|ng_953|ng_410|ng_383|ng_1700,ng_485
42,56,"cheap products? Organization: Stratus Computer, Marlboro Ma. Lines: 22 NNTP-Post",MemoryBank (approx),0,25.1463,ng_757|ng_860|ng_487|ng_959|ng_1953,ng_686
42,57,"Re: Asynchronous X Windows? Organization: CenterLine Software, Inc. Lines: 45",MemoryBank (approx),1,22.8334,ng_430|ng_866|ng_1116|ng_1171|ng_116,ng_866
42,58,Re: Radio Electronics Free information card Nntp-Posting-Host: bopper2.phx.mcd.m,MemoryBank (approx),1,28.3844,ng_1953|ng_65|ng_1879|ng_2279|ng_2286,ng_1879
42,59,Re: HP DeskWriter 550C...Opinions? Feedback! In-Reply-To: phil@csc.liv.ac.uk's m,MemoryBank (approx),0,31.5675,ng_1064|ng_1910|ng_52|ng_908|ng_1365,ng_2275
42,60,"Re: Pgp, PEM, and RFC's (Was: Cryptography Patents) Organization: Oce",MemoryBank (approx),1,24.8514,ng_1998|ng_509|ng_1433|ng_38|ng_109,ng_109
42,61,up cable tv with an aerial. Lines: 37 Nntp-Posting-Host: wcsub.ctstateu.edu,MemoryBank (approx),0,26.52,ng_2286|ng_2279|ng_976|ng_2179|ng_1942,ng_2009
42,62,"Subject: Athena Widgets Organization: University of North Dakota; Grand Forks,",MemoryBank (approx),0,20.8613,ng_976|ng_1829|ng_271|ng_1767|ng_1309,ng_328
42,63,Re: Laser vs Bubblejet? Organization: Northeastern Ohio Universities College of,MemoryBank (approx),0,20.0897,ng_1829|ng_52|ng_908|ng_1910|ng_2284,ng_2263
42,64,Subject: 10th International Obfuscated C Code Contest Opening (part 2,MemoryBank (approx),0,20.0977,ng_1998|ng_410|ng_953|ng_1660|ng_447,ng_14
42,65,Subject: Re: Stereo sound problem (?) on mac games Organization:,MemoryBank (approx),1,20.2917,ng_745|ng_1414|ng_1437|ng_296|ng_1892,ng_1414
42,66,Re: Honors Degrees: Do they mean anything? Organization: Ford Motor,MemoryBank (approx),0,19.4542,ng_2284|ng_976|ng_1767|ng_1212|ng_1379,ng_823
42,67,Radar detector DETECTORS? Organization: TRIUMF: Tri-University Meson Facility Li,MemoryBank (approx),1,21.6459,ng_2153|ng_1688|ng_2110|ng_2273|ng_292,ng_1688
42,68,Subject: X Error of failed request: BadPixmap (invalid Pixmap parameter),MemoryBank (approx),1,22.2569,ng_208|ng_891|ng_1655|ng_1915|ng_649,ng_649
42,69,"Re: Once tapped, your code is no good any more.",MemoryBank (approx),0,19.221,ng_1700|ng_691|ng_1507|ng_2254|ng_1137,ng_1035
42,70,Re: Clipper chip -- technical details Organization: AT&T Bell Laboratories,MemoryBank (approx),0,20.7869,ng_953|ng_410|ng_1674|ng_383|ng_2067,ng_253
42,71,Re: Clipper considered harmful Organization: Express Access Online Communication,MemoryBank (approx),0,21.2228,ng_383|ng_953|ng_1355|ng_726|ng_339,ng_411
42,72,Subject: Re: Off the shelf cheap DES keyseach machine (Was:,MemoryBank (approx),0,21.1904,ng_860|ng_1365|ng_21|ng_763|ng_2091,ng_344
42,73,Subject: Re: Forcing a window manager to accept specific coordinates,MemoryBank (approx),0,20.1821,ng_430|ng_1116|ng_163|ng_1099|ng_1538,ng_1090
42,74,parking HD heads when iddle Nntp-Posting-Host: mvs.oac.ucla.edu Lines: 8 The,MemoryBank (approx),0,25.9909,ng_1212|ng_1829|ng_1309|ng_2179|ng_2279,ng_1272
42,75,"Subject: Re: Motif vs. [Athena, etc.] Organization: Bond University, AUSTRALIA",MemoryBank (approx),0,22.5459,ng_1829|ng_1379|ng_1998|ng_38|ng_1968,ng_2013
42,76,Subject: xcursor4.1 Organization: National Center for Atmospheric Research Lines,MemoryBank (approx),0,22.4325,ng_1968|ng_1212|ng_1767|ng_271|ng_1573,ng_843
42,77,"Re: subliminal message flashing on TV Organization: Hewlett-Packard, Fort Collin",MemoryBank (approx),0,24.0518,ng_1829|ng_2179|ng_1724|ng_2327|ng_1432,ng_1318
42,78,Quadras VRAM Question X-Xxmessage-Id: <A7F4F033E3012026@planet.imag.fr> X-Xxdate,MemoryBank (approx),1,33.1797,ng_860|ng_458|ng_438|ng_436|ng_2049,ng_458
42,79,Re: How to the disks copy protected. Originator: sehari@du139-213.cc.iastate.edu,MemoryBank (approx),1,26.8608,ng_410|ng_2206|ng_2207|ng_2192|ng_775,ng_2207
42,80,Re: Secret algorithm [Re: Clipper Chip and crypto key-escrow] Organization:,MemoryBank (approx),1,22.5883,ng_21|ng_953|ng_1674|ng_509|ng_1021,ng_21
42,81,Subject: Real-Time Data Display Tool Organization: University of Michigan Engine,MemoryBank (approx),1,22.1245,ng_578|ng_1901|ng_894|ng_634|ng_1333,ng_1901
42,82,R4 Version of xrecplay Reply-To: mccoy@gothamcity.jsc.nasa.gov Organization: I-N,MemoryBank (approx),1,27.3408,ng_1573|ng_1655|ng_649|ng_2156|ng_378,ng_378
42,83,Re: Analog switches/Balanced Demodulators Distribution: na Organization: Univers,MemoryBank (approx),1,21.8915,ng_984|ng_934|ng_1362|ng_1818|ng_665,ng_934
42,84,"Salomon Brothers Inc., NY ) Subject: Re: Source of random",MemoryBank (approx),0,20.9953,ng_1829|ng_1379|ng_1212|ng_1724|ng_976,ng_1634
42,85,"PSI Comstation 5 Organization: the ModemLink Network, Long Island, New",MemoryBank (approx),1,20.6183,ng_1004|ng_2027|ng_483|ng_490|ng_444,ng_1004
42,86,how to boot from ext HD on power on ?,MemoryBank (approx),1,19.1771,ng_542|ng_1533|ng_2316|ng_1396|ng_2149,ng_1533
42,87,Subject: [EFF] Initial EFF Analysis of Clinton Privacy and Security,MemoryBank (approx),1,19.9934,ng_38|ng_1331|ng_949|ng_1389|ng_1944,ng_1389
42,88,Re: How does it really work? (was Re: text of,MemoryBank (approx),0,19.7801,ng_1212|ng_1829|ng_2027|ng_86|ng_611,ng_377
42,89,re: WH announcement Reply-To: tuinstra@sunspot.ece.clarkson.edu.soe Organization,MemoryBank (approx),0,29.275,ng_2156|ng_271|ng_1767|ng_690|ng_1765,ng_1123
42,90,player going wonky - advise needed ! Lines: 18 Organization:,MemoryBank (approx),0,20.006,ng_271|ng_1829|ng_86|ng_2027|ng_1379,ng_593
42,91,"Racet Optical Organization: Computer Science Department, Boston University, Bost",MemoryBank (approx),0,20.6628,ng_2027|ng_438|ng_458|ng_1916|ng_1803,ng_1656
42,92,Video cable options X-Xxmessage-Id: <A7F4A7E9FF0200ED@kimball-pc-316.stanford.ed,MemoryBank (approx),1,34.2245,ng_1942|ng_1148|ng_87|ng_1161|ng_818,ng_1148
42,93,Re: DESQview/X on a PC? Organization: AOTC - CSSC Lines:,MemoryBank (approx),0,29.8138,ng_818|ng_1148|ng_1161|ng_378|ng_2279,ng_1790
42,94,"german keyboard, X11R5 and Sparc Nntp-Posting-Host: polaris.informatik.uni-essen",MemoryBank (approx),0,43.5883,ng_378|ng_86|ng_2156|ng_1573|ng_1116,ng_106
42,95,Re: chip / chipset for code 39 barcode? Organization: Brock,MemoryBank (approx),0,20.826,ng_2279|ng_1674|ng_1309|ng_2067|ng_1514,ng_142
42,96,"Subject: Re: Once tapped, your code is no good any",MemoryBank (approx),0,19.5336,ng_86|ng_1212|ng_611|ng_1700|ng_2254,ng_1051
42,97,Subject: Re: Off the shelf cheap DES keyseach machine (Was:,MemoryBank (approx),0,22.3373,ng_21|ng_860|ng_763|ng_2091|ng_1365,ng_1377
42,98,Re: text of White House announcement and Q&As on clipper,MemoryBank (approx),0,20.2683,ng_1331|ng_1724|ng_1389|ng_953|ng_410,ng_110
42,99,Re: How do they know what keys to ask for?,MemoryBank (approx),1,19.7003,ng_2091|ng_699|ng_381|ng_1101|ng_1584,ng_699
42,100,What is the JWT expiry policy for JWT Authentication?,MemoryBank (approx),1,19.5652,wf01_s5_chunk_0|wf01_s1_chunk_0|wf01_d1_chunk_0|wf01_d2_chunk_0|wf01_d3_chunk_0,wf01_s1_chunk_0
42,101,How is JWT expiry implemented using PyJWT+Redis?,MemoryBank (approx),1,21.3073,wf01_s1_chunk_0|wf01_d2_chunk_0|wf01_s5_chunk_0|wf01_d3_chunk_0|wf01_d1_chunk_0,wf01_s1_chunk_0
42,102,Find the backend standard for session token lifetime.,MemoryBank (approx),1,20.9674,wf01_d3_chunk_0|wf01_d2_chunk_0|wf01_s1_chunk_0|wf01_s5_chunk_0|wf01_d1_chunk_0,wf01_s1_chunk_0|wf01_s4_chunk_0
42,103,Summarise the technical decision on session token lifetime during JWT Authentica,MemoryBank (approx),0,21.6145,wf01_d3_chunk_0|wf01_d2_chunk_0|wf01_s5_chunk_0|wf01_d1_chunk_0|wf01_s1_chunk_0,wf01_s4_chunk_0
42,104,What is the final JWT expiry rule deployed to production after the sprint overri,MemoryBank (approx),1,21.9088,wf01_s5_chunk_0|wf01_s1_chunk_0|wf01_d1_chunk_0|wf01_d2_chunk_0|wf01_d3_chunk_0,wf01_s5_chunk_0
42,105,"Was the temporary 60-minute expiry change kept, or did we revert to the original",MemoryBank (approx),1,24.2292,wf01_d2_chunk_0|wf01_d3_chunk_0|wf01_d1_chunk_0|wf01_s5_chunk_0|wf01_s1_chunk_0,wf01_s3_chunk_0|wf01_s5_chunk_0
42,106,Which document defines 15-minute expiry as the approved JWT expiry setting?,MemoryBank (approx),1,21.9826,wf01_d1_chunk_0|wf01_s5_chunk_0|wf01_d2_chunk_0|wf01_s1_chunk_0|wf01_d3_chunk_0,wf01_s1_chunk_0
42,107,Confirm the architecture decision that adopted 15-minute expiry for JWT Authenti,MemoryBank (approx),1,21.5646,wf01_s5_chunk_0|wf01_d1_chunk_0|wf01_s1_chunk_0|wf01_d2_chunk_0|wf01_d3_chunk_0,wf01_s1_chunk_0
42,108,What is the primary keys policy for Database Schema?,MemoryBank (approx),0,19.2148,ng_2091|wf20_s4_chunk_0|ng_209|wf02_d3_chunk_0|wf02_d1_chunk_0,wf02_s1_chunk_0
42,109,How is primary keys implemented using Alembic+PostgreSQL?,MemoryBank (approx),1,20.2876,wf02_d1_chunk_0|wf02_d3_chunk_0|ng_2091|ng_2067|wf02_s1_chunk_0,wf02_s1_chunk_0
42,110,Find the backend standard for row identifier scheme.,MemoryBank (approx),1,19.4784,wf02_d3_chunk_0|wf02_s1_chunk_0|wf02_d1_chunk_0|ng_690|ng_1970,wf02_s1_chunk_0|wf02_s4_chunk_0
42,111,Summarise the technical decision on row identifier scheme during Database Schema,MemoryBank (approx),1,21.9884,wf02_d3_chunk_0|wf02_d1_chunk_0|wf02_s1_chunk_0|wf02_s4_chunk_0|wf02_d2_chunk_0,wf02_s4_chunk_0
42,112,What is the final primary keys rule deployed to production after the sprint over,MemoryBank (approx),0,20.8531,wf02_d1_chunk_0|wf02_s1_chunk_0|wf02_d2_chunk_0|wf02_d3_chunk_0|ng_2067,wf02_s5_chunk_0
42,113,"Was the temporary auto-incrementing integer PKs change kept, or did we revert to",MemoryBank (approx),0,25.5385,wf02_s1_chunk_0|wf02_d3_chunk_0|wf02_d1_chunk_0|wf02_d2_chunk_0|wf02_s4_chunk_0,wf02_s3_chunk_0|wf02_s5_chunk_0
42,114,Which document defines UUID primary keys as the approved primary keys setting?,MemoryBank (approx),1,20.223,wf02_s1_chunk_0|wf02_d1_chunk_0|wf02_d2_chunk_0|wf02_d3_chunk_0|ng_2067,wf02_s1_chunk_0
42,115,Confirm the architecture decision that adopted UUID primary keys for Database Sc,MemoryBank (approx),1,20.5839,wf02_s1_chunk_0|wf02_d3_chunk_0|wf02_d1_chunk_0|wf02_d2_chunk_0|wf02_s4_chunk_0,wf02_s1_chunk_0
42,116,What is the domain boundary policy for Microservice Context?,MemoryBank (approx),1,20.8183,ng_2027|wf03_d1_chunk_0|wf03_s5_chunk_0|wf03_s1_chunk_0|wf03_d2_chunk_0,wf03_s1_chunk_0
42,117,How is domain boundary implemented using gRPC+Protobuf?,MemoryBank (approx),1,19.6534,wf03_s1_chunk_0|wf03_d1_chunk_0|wf03_s5_chunk_0|wf14_s1_chunk_0|wf14_d2_chunk_0,wf03_s1_chunk_0
42,118,Find the architecture standard for inter-service coupling.,MemoryBank (approx),1,18.1883,wf03_s1_chunk_0|wf03_d1_chunk_0|wf03_s5_chunk_0|wf14_s1_chunk_0|wf03_d2_chunk_0,wf03_s1_chunk_0|wf03_s4_chunk_0
42,119,Summarise the technical decision on inter-service coupling during Microservice C,MemoryBank (approx),0,21.657,wf03_d2_chunk_0|wf03_d1_chunk_0|wf03_s1_chunk_0|wf03_s5_chunk_0|ng_2027,wf03_s4_chunk_0
42,120,What is the final domain boundary rule deployed to production after the sprint o,MemoryBank (approx),1,20.7063,wf03_s5_chunk_0|wf03_d1_chunk_0|wf03_s1_chunk_0|wf04_s3_chunk_0|wf15_s3_chunk_0,wf03_s5_chunk_0
42,121,"Was the temporary shared database schema change kept, or did we revert to the or",MemoryBank (approx),1,24.1507,wf15_s3_chunk_0|wf03_s5_chunk_0|wf03_d1_chunk_0|wf03_s1_chunk_0|wf03_d2_chunk_0,wf03_s3_chunk_0|wf03_s5_chunk_0
42,122,Which document defines strict domain boundary as the approved domain boundary se,MemoryBank (approx),1,19.8868,wf03_s5_chunk_0|wf03_s1_chunk_0|wf03_d1_chunk_0|ng_949|wf16_d1_chunk_0,wf03_s1_chunk_0
42,123,Confirm the architecture decision that adopted strict domain boundary for Micros,MemoryBank (approx),1,20.9085,wf03_s5_chunk_0|wf03_d1_chunk_0|wf03_s1_chunk_0|wf03_d2_chunk_0|wf14_s1_chunk_0,wf03_s1_chunk_0
42,124,What is the PR approvals policy for CI/CD Pipeline?,MemoryBank (approx),0,19.5926,wf16_d1_chunk_0|wf04_s3_chunk_0|ng_52|wf04_d2_chunk_0|wf04_s5_chunk_0,wf04_s1_chunk_0
42,125,How is PR approvals implemented using GitHub Actions?,MemoryBank (approx),0,19.7112,wf04_d2_chunk_0|wf04_s5_chunk_0|wf04_s3_chunk_0|ng_2067|ng_1212,wf04_s1_chunk_0
42,126,Find the devops standard for merge gate policy.,MemoryBank (approx),0,19.05,wf04_s5_chunk_0|wf04_d2_chunk_0|wf04_s3_chunk_0|wf16_d1_chunk_0|wf03_s5_chunk_0,wf04_s1_chunk_0|wf04_s4_chunk_0
42,127,Summarise the technical decision on merge gate policy during CI/CD Pipeline desi,MemoryBank (approx),0,21.3818,wf04_s5_chunk_0|wf04_d2_chunk_0|wf04_s3_chunk_0|ng_122|wf04_d3_chunk_0,wf04_s4_chunk_0
42,128,What is the final PR approvals rule deployed to production after the sprint over,MemoryBank (approx),1,21.5125,wf04_s5_chunk_0|wf04_s3_chunk_0|wf04_d2_chunk_0|wf03_s5_chunk_0|wf04_d3_chunk_0,wf04_s5_chunk_0
42,129,"Was the temporary admin bypass override change kept, or did we revert to the ori",MemoryBank (approx),1,24.2448,wf04_s3_chunk_0|wf03_s5_chunk_0|wf04_s5_chunk_0|wf04_d3_chunk_0|wf16_d1_chunk_0,wf04_s3_chunk_0|wf04_s5_chunk_0
42,130,Which document defines require 2 PR approvals as the approved PR approvals setti,MemoryBank (approx),0,21.3039,wf04_s5_chunk_0|wf04_d2_chunk_0|wf16_d1_chunk_0|wf02_d1_chunk_0|ng_117,wf04_s1_chunk_0
42,131,Confirm the architecture decision that adopted require 2 PR approvals for CI/CD ,MemoryBank (approx),1,22.6521,wf04_d2_chunk_0|wf04_s5_chunk_0|wf04_d3_chunk_0|wf04_s3_chunk_0|wf04_s1_chunk_0,wf04_s1_chunk_0
42,132,What is the trace sampling policy for Observability Stack?,MemoryBank (approx),1,19.4151,wf16_d1_chunk_0|wf05_d2_chunk_0|wf05_s5_chunk_0|wf05_d1_chunk_0|wf05_s1_chunk_0,wf05_s1_chunk_0
42,133,How is trace sampling implemented using OpenTelemetry?,MemoryBank (approx),1,19.1132,wf05_s1_chunk_0|wf05_d2_chunk_0|wf05_d1_chunk_0|wf05_s5_chunk_0|ng_2179,wf05_s1_chunk_0
42,134,Find the devops standard for telemetry capture rate.,MemoryBank (approx),1,19.5551,wf05_s1_chunk_0|wf05_d2_chunk_0|wf05_d1_chunk_0|wf05_s5_chunk_0|ng_2110,wf05_s1_chunk_0|wf05_s4_chunk_0
42,135,Summarise the technical decision on telemetry capture rate during Observability ,MemoryBank (approx),0,22.4144,wf05_s1_chunk_0|wf05_d1_chunk_0|wf05_d2_chunk_0|wf05_s5_chunk_0|ng_2110,wf05_s4_chunk_0
42,136,What is the final trace sampling rule deployed to production after the sprint ov,MemoryBank (approx),1,20.8332,wf05_s5_chunk_0|wf05_d2_chunk_0|wf05_d1_chunk_0|wf05_s1_chunk_0|wf04_s3_chunk_0,wf05_s5_chunk_0
42,137,"Was the temporary 100% full trace sampling change kept, or did we revert to the ",MemoryBank (approx),1,23.831,wf05_d2_chunk_0|wf05_d1_chunk_0|wf05_s1_chunk_0|wf05_s5_chunk_0|ng_2067,wf05_s3_chunk_0|wf05_s5_chunk_0
42,138,Which document defines 10% trace sampling as the approved trace sampling setting,MemoryBank (approx),1,19.7648,wf05_d2_chunk_0|wf05_d1_chunk_0|wf05_s5_chunk_0|wf05_s1_chunk_0|wf04_d2_chunk_0,wf05_s1_chunk_0
42,139,Confirm the architecture decision that adopted 10% trace sampling for Observabil,MemoryBank (approx),1,23.9533,wf05_s1_chunk_0|wf05_d2_chunk_0|wf05_s5_chunk_0|wf05_d1_chunk_0|ng_1309,wf05_s1_chunk_0
42,140,What is the rate limit policy for API Gateway Rate Limiting?,MemoryBank (approx),0,25.3794,wf16_d1_chunk_0|wf01_s5_chunk_0|wf01_s1_chunk_0|wf06_d2_chunk_0|wf06_s5_chunk_0,wf06_s1_chunk_0
42,141,How is rate limit implemented using nginx+Lua?,MemoryBank (approx),0,27.181,wf06_d2_chunk_0|wf06_s5_chunk_0|wf01_s1_chunk_0|wf16_d1_chunk_0|wf07_d2_chunk_0,wf06_s1_chunk_0
42,142,Find the backend standard for inbound request throttle.,MemoryBank (approx),0,28.3858,wf06_s5_chunk_0|wf06_d2_chunk_0|wf07_d2_chunk_0|wf05_s5_chunk_0|wf05_d2_chunk_0,wf06_s1_chunk_0|wf06_s4_chunk_0
42,143,Summarise the technical decision on inbound request throttle during API Gateway ,MemoryBank (approx),1,22.6533,wf06_s5_chunk_0|wf06_d2_chunk_0|wf05_s5_chunk_0|wf06_s4_chunk_0|wf06_d3_chunk_0,wf06_s4_chunk_0
42,144,What is the final rate limit rule deployed to production after the sprint overri,MemoryBank (approx),1,22.9515,wf06_s5_chunk_0|wf06_d2_chunk_0|wf06_d3_chunk_0|wf05_s5_chunk_0|wf16_d1_chunk_0,wf06_s5_chunk_0
42,145,"Was the temporary unlimited bursting change kept, or did we revert to the origin",MemoryBank (approx),1,23.0928,wf06_s5_chunk_0|wf06_d3_chunk_0|wf06_d2_chunk_0|wf05_s5_chunk_0|wf06_s4_chunk_0,wf06_s3_chunk_0|wf06_s5_chunk_0
42,146,Which document defines 100 RPM rate limit as the approved rate limit setting?,MemoryBank (approx),0,19.8625,wf06_d2_chunk_0|wf06_s5_chunk_0|wf06_d3_chunk_0|wf06_s4_chunk_0|wf05_s5_chunk_0,wf06_s1_chunk_0
42,147,Confirm the architecture decision that adopted 100 RPM rate limit for API Gatewa,MemoryBank (approx),0,21.4669,wf06_s5_chunk_0|wf06_d3_chunk_0|wf06_d2_chunk_0|wf06_s4_chunk_0|wf05_s5_chunk_0,wf06_s1_chunk_0
42,148,What is the cache TTL policy for Distributed Caching?,MemoryBank (approx),1,21.0825,wf07_d2_chunk_0|wf07_s5_chunk_0|wf07_d1_chunk_0|wf07_d3_chunk_0|wf07_s1_chunk_0,wf07_s1_chunk_0
42,149,How is cache TTL implemented using redis-py?,MemoryBank (approx),1,21.8077,wf07_s1_chunk_0|wf07_d2_chunk_0|wf07_d3_chunk_0|wf07_s5_chunk_0|wf07_d1_chunk_0,wf07_s1_chunk_0
42,0,Passwords From: pgut1@cs.aukuni.ac.nz (Peter Gutmann) Organization: Computer Sci,A-MEM (approx),0,27.0461,wf20_s4_chunk_0|ng_1471|wf20_d3_chunk_0|wf20_s1_chunk_0|ng_2342,ng_1287
42,1,"Problems with A/ROSE Organization: CS Department, Dortmund University, Germany L",A-MEM (approx),1,21.1032,ng_1971|ng_86|ng_2069|ng_492|ng_990,ng_1971
42,2,mark@trident.datasys.swri.edu (Mark D. Collier) Organization: Southwest Research,A-MEM (approx),0,26.7089,ng_1767|ng_1379|ng_271|ng_2032|ng_744,ng_933
42,3,Re: Do we need the clipper for cheap security? Organization:,A-MEM (approx),0,19.9361,ng_1355|ng_209|ng_579|ng_1746|ng_40,ng_2276
42,4,"Subject: driver ?? Organization: Sophomore, Mechanical Engineering, Carnegie Mel",A-MEM (approx),0,23.0378,ng_823|ng_2284|ng_2225|ng_2328|ng_1904,ng_1178
42,5,"Re: Once tapped, your code is no good any more.",A-MEM (approx),0,19.6114,ng_691|ng_1507|ng_1137|ng_1861|ng_1531,ng_861
42,6,C++ and C for OS/2 Organization: The Internet Lines: 9,A-MEM (approx),1,20.6224,ng_1047|ng_447|ng_451|ng_10|ng_1391,ng_1047
42,7,"Pioneer Laser player Organization: Univ of Rochester, College of Engineering",A-MEM (approx),1,20.008,ng_542|ng_52|ng_908|ng_1910|ng_1598,ng_542
42,8,Subject: Re: Adding VRAM to Quadra 800 ? Keywords: VRAM,A-MEM (approx),1,21.7892,ng_2049|ng_436|ng_458|ng_438|ng_988,ng_2049
42,9,Re: opinions of RC2 alg. Reply-To: bontchev@fbihh.informatik.uni-hamburg.de Orga,A-MEM (approx),1,28.1451,ng_942|ng_257|ng_1660|ng_784|ng_1322,ng_784
42,10,Re: 24-bit Static color: will clients like it? Organization: Dept.,A-MEM (approx),1,21.4726,ng_1916|ng_2072|ng_256|ng_1441|ng_1229,ng_256
42,11,Re: Clipper Chip and crypto key-escrow Organization: Memex Information Systems,A-MEM (approx),0,21.9458,ng_1021|ng_21|ng_509|ng_1572|ng_335,ng_865
42,12,FOR SALE - MACINTOSH SE/30 Organization: SRL Data Lines: 26,A-MEM (approx),1,20.5361,ng_667|ng_1685|ng_387|ng_93|ng_2302,ng_667
42,13,Subject: Sound Recording for Mac Portable? Reply-To: aa341@Freenet.carleton.ca (,A-MEM (approx),1,24.7182,ng_296|ng_1414|ng_1892|ng_1437|ng_1965,ng_296
42,14,"font problem.... Organization: Department of Mathematics, Queen's University at ",A-MEM (approx),1,21.7858,ng_1064|ng_2084|ng_1723|ng_721|ng_241,ng_241
42,15,Re: text of White House announcement and Q&As on clipper,A-MEM (approx),0,20.9287,ng_1331|ng_277|ng_40|ng_1347|ng_1078,ng_161
42,16,- Asleep by Night) Subject: Re: Los Angeles Freeway traffic,A-MEM (approx),1,20.5999,ng_1005|ng_2179|ng_551|ng_453|ng_2079,ng_453
42,17,"Subject: Re: Radar detector DETECTORS? Organization: Iowa State University, Ames",A-MEM (approx),1,21.5704,ng_2153|ng_292|ng_2273|ng_1688|ng_1945,ng_292
42,18,Subject: Re: electronic odometers (was: Used BMW Question ..... ???),A-MEM (approx),1,23.9927,ng_1516|ng_1292|ng_324|ng_71|ng_694,ng_1516
42,19,Re: help - how to construct home-built battery for 3rd,A-MEM (approx),1,21.1078,ng_8|ng_156|ng_870|ng_751|ng_995,ng_995
42,20,SUMMARY xon and X11R5 Nntp-Posting-Host: bobasun Organization: TI Semiconductor ,A-MEM (approx),1,25.7341,ng_78|ng_524|ng_1573|ng_2156|ng_1000,ng_78
42,21,Re: Radar detector DETECTORS? Nntp-Posting-Host: aisun1.ai.uga.edu Organization:,A-MEM (approx),1,27.6561,ng_2153|ng_1688|ng_2273|ng_406|ng_1488,ng_2153
42,22,with Rasterops TC Colorboard From: mark@comp.vuw.ac.nz (Mark Davies) Distributio,A-MEM (approx),1,25.924,ng_42|ng_439|ng_1012|ng_1229|ng_2072,ng_42
42,23,Re: History question Organization: NASA Langley Research Center and Reptile,A-MEM (approx),0,20.0439,ng_1968|ng_1212|ng_176|ng_2218|ng_187,ng_1972
42,24,Subject: Re: text of White House announcement and Q&As on,A-MEM (approx),0,20.3115,ng_1724|ng_1449|ng_1124|ng_277|ng_1407,ng_953
42,25,Subject: X Graphics Accelerators Organization: The Internet Lines: 7 NNTP-Postin,A-MEM (approx),1,22.7886,ng_487|ng_841|ng_556|ng_762|ng_423,ng_841
42,26,Radar detector DETECTORS? Organization: At UT? That's a joke. Lines:,A-MEM (approx),1,21.7512,ng_2153|ng_2215|ng_1945|ng_2273|ng_406,ng_2215
42,27,What is the current Rom Version shipping in Syquest drives?,A-MEM (approx),1,20.0397,ng_117|ng_1053|ng_1952|ng_1314|ng_1744,ng_117
42,28,"Any recent information on Frescoe? Organization: CenterLine Software, Inc. Lines",A-MEM (approx),1,22.6212,ng_2150|ng_819|ng_1261|ng_859|ng_1100,ng_2150
42,29,Re: Off the shelf cheap DES keyseach machine Organization: AT&T,A-MEM (approx),0,21.4892,ng_763|ng_2091|ng_16|ng_563|ng_1472,ng_702
42,30,Re: Los Angeles Freeway traffic reports Organization: RAND Lines: 29,A-MEM (approx),1,20.0293,ng_1005|ng_2179|ng_551|ng_453|ng_2079,ng_1005
42,31,"Re: Pgp, PEM, and RFC's (Was: Cryptography Patents) Organization: Oce",A-MEM (approx),0,23.5533,ng_1433|ng_1998|ng_736|ng_109|ng_38,ng_707
42,32,"Re: Conductive Plastic, what happened? Organization: Litton Systems, Toronto ONT",A-MEM (approx),1,21.7831,ng_1496|ng_697|ng_400|ng_995|wf08_d2_chunk_0,ng_1496
42,33,Subscription Organization: The Internet Lines: 7 To: xpert@expo.lcs.mit.edu Plea,A-MEM (approx),0,24.3396,ng_1379|ng_1476|ng_255|ng_744|ng_73,ng_368
42,34,"do Nuclear Site's Cooling Towers do? Organization: University of Technology,",A-MEM (approx),0,20.3704,ng_2032|ng_1767|ng_1728|ng_2169|ng_12,ng_1921
42,35,Subject: Re: Centris Cache & Bernoulli Box Article-I.D.: snll-arp.519 Distributi,A-MEM (approx),1,26.9842,ng_2250|ng_690|ng_1969|ng_1070|ng_235,ng_2250
42,36,Subject: 40MHZ Oscilloscope FOR SALE Organization: NETCOM On-line Communication ,A-MEM (approx),1,23.1094,ng_757|ng_2110|ng_728|ng_2127|ng_1695,ng_757
42,37,Re: Do we need the clipper for cheap security? Organization:,A-MEM (approx),0,19.8794,ng_1355|ng_209|ng_579|ng_1746|ng_40,ng_895
42,38,XWindows always opaque Summary: is there a way for a,A-MEM (approx),1,23.5162,ng_1779|ng_1466|ng_2319|ng_264|ng_1353,ng_1779
42,39,"Re: The battle is joined Organization: Harvey Mudd College, Claremont,",A-MEM (approx),0,23.9041,ng_1267|ng_2205|ng_976|ng_744|ng_2324,ng_470
42,40,Re: The [secret] source of that announcement Lines: 19 Even,A-MEM (approx),0,20.3215,ng_1565|ng_1829|ng_1075|ng_1382|ng_167,ng_2083
42,41,"Re: Once tapped, your code is no good any more.",A-MEM (approx),0,23.4813,ng_691|ng_1507|ng_1137|ng_1861|ng_1531,ng_658
42,42,color on button on enter window. Distribution: usa Organization: UB,A-MEM (approx),1,31.4797,ng_1666|ng_1545|ng_1177|ng_1191|ng_1179,ng_1666
42,43,Re: Q: How to avoid XOpenDisplay hang? Keywords: Xlib Article-I.D.:,A-MEM (approx),1,25.3572,ng_1374|ng_55|ng_1655|ng_1996|ng_356,ng_55
42,44,Re: Radar detector DETECTORS? Organization: U of Toronto Zoology Lines:,A-MEM (approx),1,20.7781,ng_1945|ng_2257|ng_1688|ng_2273|ng_406,ng_2257
42,45,"Subject: Re: Facinating facts: 30 bit serial number, possibly fixed",A-MEM (approx),0,20.9709,ng_1970|ng_867|ng_1909|ng_2200|ng_2268,ng_56
42,46,CSC) Subject: Re: Monthly Question about XCopyArea() and Expose Events,A-MEM (approx),1,25.7925,ng_970|ng_1367|ng_1713|ng_578|ng_186,ng_970
42,47,"Xarchie-2.0 available on export Organization: Department of Computer Science, Un",A-MEM (approx),1,22.3104,ng_6|ng_1076|ng_2125|ng_771|ng_957,ng_6
42,48,"Re: Trace size for a 15 Amp supply Organization: SSC,",A-MEM (approx),1,19.7698,ng_111|ng_828|ng_1405|ng_1150|ng_100,ng_828
42,49,Subject: Need diode model for PSpice Organization: University at Buffalo,A-MEM (approx),1,22.4305,ng_541|ng_400|ng_1904|ng_1644|ng_1586,ng_541
42,50,"icon pixmap problem... Keywords: icon, motif, openlook Nntp-Posting-Host: dale.s",A-MEM (approx),1,28.5225,ng_208|ng_891|ng_1936|ng_1304|ng_1554,ng_208
42,51,Need pinouts for a G8870 dtmf decoder chip Organization: NETCOM,A-MEM (approx),1,22.062,ng_1451|ng_1373|ng_1514|ng_666|ng_1579,ng_1451
42,52,Re: Help wanted Organization: Macquarie University Lines: 54 Distribution: world,A-MEM (approx),0,19.7175,ng_1277|ng_1252|ng_2094|ng_2115|ng_1346,ng_1544
42,53,"Re: Clipper chip -- technical details Organization: Computer Science Dept,",A-MEM (approx),0,20.262,ng_1674|ng_410|ng_2067|ng_538|ng_953,ng_1397
42,54,Re: x86 ~= 680x0 ?? (How do they compare?) Distribution:,A-MEM (approx),1,22.3015,ng_2299|ng_173|ng_1645|ng_2168|ng_1081,ng_2168
42,55,"Subject: Don't fight Clipper Chip, subvert or replace it !",A-MEM (approx),0,21.0072,ng_1288|ng_1378|ng_1674|ng_538|ng_237,ng_485
42,56,"cheap products? Organization: Stratus Computer, Marlboro Ma. Lines: 22 NNTP-Post",A-MEM (approx),0,25.0989,ng_959|ng_1953|ng_1844|ng_1204|ng_61,ng_686
42,57,"Re: Asynchronous X Windows? Organization: CenterLine Software, Inc. Lines: 45",A-MEM (approx),1,23.1647,ng_866|ng_1116|ng_1171|ng_116|ng_894,ng_866
42,58,Re: Radio Electronics Free information card Nntp-Posting-Host: bopper2.phx.mcd.m,A-MEM (approx),1,27.8905,ng_65|ng_1879|ng_2061|ng_1489|ng_772,ng_1879
42,59,Re: HP DeskWriter 550C...Opinions? Feedback! In-Reply-To: phil@csc.liv.ac.uk's m,A-MEM (approx),1,29.7251,ng_1365|ng_2275|ng_1804|ng_1910|ng_1598,ng_2275
42,60,"Re: Pgp, PEM, and RFC's (Was: Cryptography Patents) Organization: Oce",A-MEM (approx),1,24.4326,ng_1433|ng_1998|ng_736|ng_109|ng_38,ng_109
42,61,up cable tv with an aerial. Lines: 37 Nntp-Posting-Host: wcsub.ctstateu.edu,A-MEM (approx),1,26.7353,ng_1942|ng_2009|ng_2078|ng_2159|ng_1301,ng_2009
42,62,"Subject: Athena Widgets Organization: University of North Dakota; Grand Forks,",A-MEM (approx),1,20.4142,ng_328|ng_351|ng_1276|ng_1339|ng_1152,ng_328
42,63,Re: Laser vs Bubblejet? Organization: Northeastern Ohio Universities College of,A-MEM (approx),1,20.6794,ng_1293|ng_1033|ng_219|ng_2263|ng_52,ng_2263
42,64,Subject: 10th International Obfuscated C Code Contest Opening (part 2,A-MEM (approx),1,20.7809,ng_14|ng_1157|ng_187|ng_176|ng_2164,ng_14
42,65,Subject: Re: Stereo sound problem (?) on mac games Organization:,A-MEM (approx),1,21.5064,ng_1414|ng_1437|ng_355|ng_1607|ng_2044,ng_1414
42,66,Re: Honors Degrees: Do they mean anything? Organization: Ford Motor,A-MEM (approx),1,20.7266,ng_823|ng_1735|ng_474|ng_2328|ng_744,ng_823
42,67,Radar detector DETECTORS? Organization: TRIUMF: Tri-University Meson Facility Li,A-MEM (approx),1,23.4552,ng_2153|ng_1688|ng_2273|ng_1945|ng_1488,ng_1688
42,68,Subject: X Error of failed request: BadPixmap (invalid Pixmap parameter),A-MEM (approx),1,22.9701,ng_649|ng_1732|ng_1554|ng_390|ng_204,ng_649
42,69,"Re: Once tapped, your code is no good any more.",A-MEM (approx),0,20.5213,ng_691|ng_1507|ng_1137|ng_1861|ng_1531,ng_1035
42,70,Re: Clipper chip -- technical details Organization: AT&T Bell Laboratories,A-MEM (approx),0,21.5834,ng_1448|ng_1674|ng_2061|ng_953|ng_538,ng_253
42,71,Re: Clipper considered harmful Organization: Express Access Online Communication,A-MEM (approx),0,20.8901,ng_726|ng_339|ng_2321|ng_1192|ng_473,ng_411
42,72,Subject: Re: Off the shelf cheap DES keyseach machine (Was:,A-MEM (approx),0,23.9539,ng_763|ng_466|ng_563|ng_2091|ng_139,ng_344
42,73,Subject: Re: Forcing a window manager to accept specific coordinates,A-MEM (approx),0,21.5942,ng_1099|ng_1538|ng_847|ng_1197|ng_1273,ng_1090
42,74,parking HD heads when iddle Nntp-Posting-Host: mvs.oac.ucla.edu Lines: 8 The,A-MEM (approx),1,26.2456,ng_1272|ng_2079|ng_235|ng_846|ng_551,ng_1272
42,75,"Subject: Re: Motif vs. [Athena, etc.] Organization: Bond University, AUSTRALIA",A-MEM (approx),1,21.9805,ng_2013|ng_859|ng_5|ng_158|ng_2255,ng_2013
42,76,Subject: xcursor4.1 Organization: National Center for Atmospheric Research Lines,A-MEM (approx),1,22.1828,ng_843|ng_378|ng_1000|ng_778|ng_1364,ng_843
42,77,"Re: subliminal message flashing on TV Organization: Hewlett-Packard, Fort Collin",A-MEM (approx),1,22.3682,ng_2327|ng_1432|ng_1046|ng_1318|ng_613,ng_1318
42,78,Quadras VRAM Question X-Xxmessage-Id: <A7F4F033E3012026@planet.imag.fr> X-Xxdate,A-MEM (approx),1,33.3425,ng_458|ng_978|ng_438|ng_436|ng_2049,ng_458
42,79,Re: How to the disks copy protected. Originator: sehari@du139-213.cc.iastate.edu,A-MEM (approx),1,27.5999,ng_2206|ng_2207|ng_2223|ng_775|ng_2192,ng_2207
42,80,Re: Secret algorithm [Re: Clipper Chip and crypto key-escrow] Organization:,A-MEM (approx),1,23.3942,ng_509|ng_21|ng_1382|ng_1796|ng_1492,ng_21
42,81,Subject: Real-Time Data Display Tool Organization: University of Michigan Engine,A-MEM (approx),1,30.5022,ng_1901|ng_894|ng_634|ng_461|ng_998,ng_1901
42,82,R4 Version of xrecplay Reply-To: mccoy@gothamcity.jsc.nasa.gov Organization: I-N,A-MEM (approx),1,29.8236,ng_378|ng_1573|ng_2140|ng_1266|ng_1648,ng_378
42,83,Re: Analog switches/Balanced Demodulators Distribution: na Organization: Univers,A-MEM (approx),1,23.4665,ng_984|ng_934|ng_1818|ng_1362|ng_1289,ng_934
42,84,"Salomon Brothers Inc., NY ) Subject: Re: Source of random",A-MEM (approx),0,22.1176,ng_1829|ng_1489|ng_976|ng_147|ng_384,ng_1634
42,85,"PSI Comstation 5 Organization: the ModemLink Network, Long Island, New",A-MEM (approx),1,30.2379,ng_1004|ng_2027|ng_483|ng_490|ng_444,ng_1004
42,86,how to boot from ext HD on power on ?,A-MEM (approx),1,26.6113,ng_1533|ng_2316|ng_1396|ng_2149|ng_1199,ng_1533
42,87,Subject: [EFF] Initial EFF Analysis of Clinton Privacy and Security,A-MEM (approx),1,21.7874,ng_949|ng_1389|ng_1944|ng_1560|ng_258,ng_1389
42,88,Re: How does it really work? (was Re: text of,A-MEM (approx),0,23.9923,ng_611|ng_1332|ng_1194|ng_1075|ng_2131,ng_377
42,89,re: WH announcement Reply-To: tuinstra@sunspot.ece.clarkson.edu.soe Organization,A-MEM (approx),0,31.5665,ng_1765|ng_1084|ng_2018|ng_214|ng_2123,ng_1123
42,90,player going wonky - advise needed ! Lines: 18 Organization:,A-MEM (approx),0,23.9172,ng_596|ng_1829|ng_86|ng_1379|ng_976,ng_593
42,91,"Racet Optical Organization: Computer Science Department, Boston University, Bost",A-MEM (approx),0,21.1154,ng_1803|ng_2251|ng_151|ng_1637|ng_336,ng_1656
42,92,Video cable options X-Xxmessage-Id: <A7F4A7E9FF0200ED@kimball-pc-316.stanford.ed,A-MEM (approx),1,34.6815,ng_1148|ng_87|ng_1161|ng_295|ng_547,ng_1148
42,93,Re: DESQview/X on a PC? Organization: AOTC - CSSC Lines:,A-MEM (approx),1,22.9087,ng_1790|ng_1608|ng_116|ng_1832|ng_2198,ng_1790
42,94,"german keyboard, X11R5 and Sparc Nntp-Posting-Host: polaris.informatik.uni-essen",A-MEM (approx),1,33.1866,ng_106|ng_1576|ng_1826|ng_2156|ng_1733,ng_106
42,95,Re: chip / chipset for code 39 barcode? Organization: Brock,A-MEM (approx),1,21.1106,ng_142|ng_190|ng_913|ng_1674|ng_1514,ng_142
42,96,"Subject: Re: Once tapped, your code is no good any",A-MEM (approx),0,20.0626,ng_2254|ng_691|ng_1507|ng_1137|ng_967,ng_1051
42,97,Subject: Re: Off the shelf cheap DES keyseach machine (Was:,A-MEM (approx),0,20.7082,ng_763|ng_466|ng_563|ng_2091|ng_139,ng_1377
42,98,Re: text of White House announcement and Q&As on clipper,A-MEM (approx),0,20.2504,ng_1331|ng_277|ng_40|ng_1347|ng_1078,ng_110
42,99,Re: How do they know what keys to ask for?,A-MEM (approx),1,19.8593,ng_699|ng_381|ng_1101|ng_1993|ng_878,ng_699
42,100,What is the JWT expiry policy for JWT Authentication?,A-MEM (approx),1,21.6244,wf01_s5_chunk_0|wf01_s1_chunk_0|wf01_d1_chunk_0|wf01_d2_chunk_0|wf01_d3_chunk_0,wf01_s1_chunk_0
42,101,How is JWT expiry implemented using PyJWT+Redis?,A-MEM (approx),1,22.9463,wf01_s1_chunk_0|wf01_s3_chunk_0|wf01_s4_chunk_0|wf01_s5_chunk_0|wf01_d2_chunk_0,wf01_s1_chunk_0
42,102,Find the backend standard for session token lifetime.,A-MEM (approx),1,19.7804,wf01_d3_chunk_0|wf01_d2_chunk_0|wf01_s1_chunk_0|wf01_s5_chunk_0|wf01_s3_chunk_0,wf01_s1_chunk_0|wf01_s4_chunk_0
42,103,Summarise the technical decision on session token lifetime during JWT Authentica,A-MEM (approx),0,21.6007,wf01_d3_chunk_0|wf01_d2_chunk_0|wf01_s5_chunk_0|wf01_d1_chunk_0|wf01_s1_chunk_0,wf01_s4_chunk_0
42,104,What is the final JWT expiry rule deployed to production after the sprint overri,A-MEM (approx),1,22.5189,wf01_s5_chunk_0|wf01_s3_chunk_0|wf01_s1_chunk_0|wf01_d1_chunk_0|wf01_d2_chunk_0,wf01_s5_chunk_0
42,105,"Was the temporary 60-minute expiry change kept, or did we revert to the original",A-MEM (approx),1,24.8886,wf01_d2_chunk_0|wf01_d3_chunk_0|wf01_d1_chunk_0|wf01_s5_chunk_0|wf01_s3_chunk_0,wf01_s3_chunk_0|wf01_s5_chunk_0
42,106,Which document defines 15-minute expiry as the approved JWT expiry setting?,A-MEM (approx),1,23.6093,wf01_d1_chunk_0|wf01_s5_chunk_0|wf01_d2_chunk_0|wf01_s1_chunk_0|wf01_s3_chunk_0,wf01_s1_chunk_0
42,107,Confirm the architecture decision that adopted 15-minute expiry for JWT Authenti,A-MEM (approx),1,21.6944,wf01_s5_chunk_0|wf01_d1_chunk_0|wf01_s1_chunk_0|wf01_d2_chunk_0|wf01_d3_chunk_0,wf01_s1_chunk_0
42,108,What is the primary keys policy for Database Schema?,A-MEM (approx),1,19.7476,wf02_d1_chunk_0|wf02_d2_chunk_0|wf02_d3_chunk_0|wf02_s5_chunk_0|wf02_s1_chunk_0,wf02_s1_chunk_0
42,109,How is primary keys implemented using Alembic+PostgreSQL?,A-MEM (approx),1,21.3228,wf02_s1_chunk_0|wf02_d2_chunk_0|wf02_d1_chunk_0|wf02_s3_chunk_0|wf02_s5_chunk_0,wf02_s1_chunk_0
42,110,Find the backend standard for row identifier scheme.,A-MEM (approx),1,21.1344,wf02_s4_chunk_0|wf02_s1_chunk_0|wf02_d3_chunk_0|wf12_s1_chunk_0|wf02_d2_chunk_0,wf02_s1_chunk_0|wf02_s4_chunk_0
42,111,Summarise the technical decision on row identifier scheme during Database Schema,A-MEM (approx),1,23.351,wf02_s4_chunk_0|wf02_d3_chunk_0|wf02_d1_chunk_0|wf02_s1_chunk_0|wf02_d2_chunk_0,wf02_s4_chunk_0
42,112,What is the final primary keys rule deployed to production after the sprint over,A-MEM (approx),1,21.6496,wf02_s5_chunk_0|wf02_d1_chunk_0|wf02_d2_chunk_0|wf02_s1_chunk_0|wf02_s3_chunk_0,wf02_s5_chunk_0
42,113,"Was the temporary auto-incrementing integer PKs change kept, or did we revert to",A-MEM (approx),1,27.2357,wf02_s3_chunk_0|wf02_s5_chunk_0|wf02_s1_chunk_0|wf02_d3_chunk_0|wf02_s4_chunk_0,wf02_s3_chunk_0|wf02_s5_chunk_0
42,114,Which document defines UUID primary keys as the approved primary keys setting?,A-MEM (approx),1,22.1263,wf02_s1_chunk_0|wf02_s5_chunk_0|wf02_d2_chunk_0|wf02_d1_chunk_0|wf02_d3_chunk_0,wf02_s1_chunk_0
42,115,Confirm the architecture decision that adopted UUID primary keys for Database Sc,A-MEM (approx),1,21.4046,wf02_s5_chunk_0|wf02_s1_chunk_0|wf02_d3_chunk_0|wf02_d2_chunk_0|wf02_d1_chunk_0,wf02_s1_chunk_0
42,116,What is the domain boundary policy for Microservice Context?,A-MEM (approx),1,21.3297,wf03_d1_chunk_0|wf03_s5_chunk_0|wf03_s1_chunk_0|wf03_d2_chunk_0|wf03_d3_chunk_0,wf03_s1_chunk_0
42,117,How is domain boundary implemented using gRPC+Protobuf?,A-MEM (approx),1,21.2271,wf03_s1_chunk_0|wf14_s1_chunk_0|wf14_d3_chunk_0|wf14_d2_chunk_0|wf03_s4_chunk_0,wf03_s1_chunk_0
42,118,Find the architecture standard for inter-service coupling.,A-MEM (approx),1,19.0873,wf03_d3_chunk_0|wf03_s1_chunk_0|wf03_s4_chunk_0|wf03_d2_chunk_0|wf03_d1_chunk_0,wf03_s1_chunk_0|wf03_s4_chunk_0
42,119,Summarise the technical decision on inter-service coupling during Microservice C,A-MEM (approx),0,21.9905,wf03_d3_chunk_0|wf03_d2_chunk_0|wf03_d1_chunk_0|wf03_s1_chunk_0|wf03_s5_chunk_0,wf03_s4_chunk_0
42,120,What is the final domain boundary rule deployed to production after the sprint o,A-MEM (approx),1,21.5689,wf03_s5_chunk_0|wf03_d1_chunk_0|wf03_s1_chunk_0|wf03_s3_chunk_0|wf14_s5_chunk_0,wf03_s5_chunk_0
42,121,"Was the temporary shared database schema change kept, or did we revert to the or",A-MEM (approx),1,24.3954,wf03_s3_chunk_0|wf15_s4_chunk_0|wf15_d3_chunk_0|wf03_d3_chunk_0|wf15_s5_chunk_0,wf03_s3_chunk_0|wf03_s5_chunk_0
42,122,Which document defines strict domain boundary as the approved domain boundary se,A-MEM (approx),1,19.7483,wf03_s5_chunk_0|wf03_s1_chunk_0|wf03_d1_chunk_0|wf03_s4_chunk_0|wf14_d3_chunk_0,wf03_s1_chunk_0
42,123,Confirm the architecture decision that adopted strict domain boundary for Micros,A-MEM (approx),1,24.8577,wf03_s5_chunk_0|wf03_d1_chunk_0|wf03_s1_chunk_0|wf03_d3_chunk_0|wf03_d2_chunk_0,wf03_s1_chunk_0
42,124,What is the PR approvals policy for CI/CD Pipeline?,A-MEM (approx),1,25.127,wf04_d2_chunk_0|wf04_s5_chunk_0|wf04_s1_chunk_0|wf04_d1_chunk_0|wf04_d3_chunk_0,wf04_s1_chunk_0
42,125,How is PR approvals implemented using GitHub Actions?,A-MEM (approx),1,21.063,wf04_s1_chunk_0|wf04_d2_chunk_0|wf04_s5_chunk_0|wf04_d1_chunk_0|wf04_s4_chunk_0,wf04_s1_chunk_0
42,126,Find the devops standard for merge gate policy.,A-MEM (approx),1,18.3898,wf04_s4_chunk_0|wf04_d3_chunk_0|wf04_s1_chunk_0|wf04_s5_chunk_0|wf04_d2_chunk_0,wf04_s1_chunk_0|wf04_s4_chunk_0
42,127,Summarise the technical decision on merge gate policy during CI/CD Pipeline desi,A-MEM (approx),1,21.3337,wf04_d3_chunk_0|wf04_s4_chunk_0|wf04_s1_chunk_0|wf04_s5_chunk_0|wf04_d2_chunk_0,wf04_s4_chunk_0
42,128,What is the final PR approvals rule deployed to production after the sprint over,A-MEM (approx),1,21.4608,wf04_s5_chunk_0|wf04_s3_chunk_0|wf04_d2_chunk_0|wf04_d1_chunk_0|wf04_s1_chunk_0,wf04_s5_chunk_0
42,129,"Was the temporary admin bypass override change kept, or did we revert to the ori",A-MEM (approx),1,24.1771,wf04_s3_chunk_0|wf19_s5_chunk_0|wf04_s5_chunk_0|wf04_s4_chunk_0|wf16_s3_chunk_0,wf04_s3_chunk_0|wf04_s5_chunk_0
42,130,Which document defines require 2 PR approvals as the approved PR approvals setti,A-MEM (approx),1,27.1994,wf04_d2_chunk_0|wf04_d1_chunk_0|wf04_s5_chunk_0|wf04_s1_chunk_0|wf16_d1_chunk_0,wf04_s1_chunk_0
42,131,Confirm the architecture decision that adopted require 2 PR approvals for CI/CD ,A-MEM (approx),1,32.4558,wf04_s1_chunk_0|wf04_d2_chunk_0|wf04_s5_chunk_0|wf04_d1_chunk_0|wf04_d3_chunk_0,wf04_s1_chunk_0
42,132,What is the trace sampling policy for Observability Stack?,A-MEM (approx),1,22.5448,wf05_d2_chunk_0|wf05_s5_chunk_0|wf05_s1_chunk_0|wf05_d1_chunk_0|wf05_d3_chunk_0,wf05_s1_chunk_0
42,133,How is trace sampling implemented using OpenTelemetry?,A-MEM (approx),1,20.6366,wf05_s1_chunk_0|wf05_d2_chunk_0|wf05_s3_chunk_0|wf05_d3_chunk_0|wf05_d1_chunk_0,wf05_s1_chunk_0
42,134,Find the devops standard for telemetry capture rate.,A-MEM (approx),1,22.1953,wf05_s4_chunk_0|ng_2127|wf05_s1_chunk_0|wf05_d2_chunk_0|wf05_d1_chunk_0,wf05_s1_chunk_0|wf05_s4_chunk_0
42,135,Summarise the technical decision on telemetry capture rate during Observability ,A-MEM (approx),1,23.192,wf05_s1_chunk_0|wf05_s4_chunk_0|wf05_d1_chunk_0|wf05_d3_chunk_0|wf05_d2_chunk_0,wf05_s4_chunk_0
42,136,What is the final trace sampling rule deployed to production after the sprint ov,A-MEM (approx),1,20.8053,wf05_s3_chunk_0|wf05_s5_chunk_0|wf05_d2_chunk_0|wf05_d1_chunk_0|wf05_d3_chunk_0,wf05_s5_chunk_0
42,137,"Was the temporary 100% full trace sampling change kept, or did we revert to the ",A-MEM (approx),1,25.1709,wf05_d2_chunk_0|wf05_s3_chunk_0|wf05_s1_chunk_0|wf05_d1_chunk_0|wf05_s5_chunk_0,wf05_s3_chunk_0|wf05_s5_chunk_0
42,138,Which document defines 10% trace sampling as the approved trace sampling setting,A-MEM (approx),1,20.5011,wf05_d2_chunk_0|wf05_d1_chunk_0|wf05_s5_chunk_0|wf05_s1_chunk_0|wf05_d3_chunk_0,wf05_s1_chunk_0
42,139,Confirm the architecture decision that adopted 10% trace sampling for Observabil,A-MEM (approx),1,22.3352,wf05_s1_chunk_0|wf05_d2_chunk_0|wf05_d1_chunk_0|wf05_s5_chunk_0|wf05_d3_chunk_0,wf05_s1_chunk_0
42,140,What is the rate limit policy for API Gateway Rate Limiting?,A-MEM (approx),1,20.0446,wf06_d2_chunk_0|wf06_s5_chunk_0|wf06_d3_chunk_0|wf06_d1_chunk_0|wf06_s1_chunk_0,wf06_s1_chunk_0
42,141,How is rate limit implemented using nginx+Lua?,A-MEM (approx),1,20.018,wf06_s1_chunk_0|wf06_s3_chunk_0|wf06_s4_chunk_0|wf06_d2_chunk_0|wf06_d1_chunk_0,wf06_s1_chunk_0
42,142,Find the backend standard for inbound request throttle.,A-MEM (approx),1,20.1981,wf06_s4_chunk_0|wf06_s5_chunk_0|wf06_s1_chunk_0|wf06_d3_chunk_0|wf06_d2_chunk_0,wf06_s1_chunk_0|wf06_s4_chunk_0
42,143,Summarise the technical decision on inbound request throttle during API Gateway ,A-MEM (approx),1,23.1707,wf06_s4_chunk_0|wf06_d3_chunk_0|wf06_d1_chunk_0|wf06_s5_chunk_0|wf06_d2_chunk_0,wf06_s4_chunk_0
42,144,What is the final rate limit rule deployed to production after the sprint overri,A-MEM (approx),1,22.1988,wf06_s3_chunk_0|wf06_s5_chunk_0|wf06_d1_chunk_0|wf06_d2_chunk_0|wf06_s1_chunk_0,wf06_s5_chunk_0
42,145,"Was the temporary unlimited bursting change kept, or did we revert to the origin",A-MEM (approx),1,23.6098,wf06_s3_chunk_0|wf06_s5_chunk_0|wf06_d3_chunk_0|wf06_d1_chunk_0|wf06_s4_chunk_0,wf06_s3_chunk_0|wf06_s5_chunk_0
42,146,Which document defines 100 RPM rate limit as the approved rate limit setting?,A-MEM (approx),1,20.9258,wf06_d2_chunk_0|wf06_d1_chunk_0|wf06_d3_chunk_0|wf06_s5_chunk_0|wf06_s1_chunk_0,wf06_s1_chunk_0
42,147,Confirm the architecture decision that adopted 100 RPM rate limit for API Gatewa,A-MEM (approx),1,21.807,wf06_d3_chunk_0|wf06_s5_chunk_0|wf06_d1_chunk_0|wf06_d2_chunk_0|wf06_s1_chunk_0,wf06_s1_chunk_0
42,148,What is the cache TTL policy for Distributed Caching?,A-MEM (approx),1,20.9534,wf07_d2_chunk_0|wf07_s5_chunk_0|wf07_d3_chunk_0|wf07_d1_chunk_0|wf07_s1_chunk_0,wf07_s1_chunk_0
42,149,How is cache TTL implemented using redis-py?,A-MEM (approx),1,21.1576,wf07_s1_chunk_0|wf07_d2_chunk_0|wf07_d3_chunk_0|wf07_d1_chunk_0|wf07_s5_chunk_0,wf07_s1_chunk_0
42,0,Passwords From: pgut1@cs.aukuni.ac.nz (Peter Gutmann) Organization: Computer Sci,LangChain MMR,1,44.7177,wf20_s4_chunk_0|ng_474|ng_1073|ng_1911|ng_1287,ng_1287
42,1,"Problems with A/ROSE Organization: CS Department, Dortmund University, Germany L",LangChain MMR,1,34.9945,ng_1971|ng_1379|ng_823|ng_1473|ng_242,ng_1971
42,2,mark@trident.datasys.swri.edu (Mark D. Collier) Organization: Southwest Research,LangChain MMR,0,42.8457,ng_1767|wf02_d3_chunk_0|ng_1880|ng_1435|ng_141,ng_933
42,3,Re: Do we need the clipper for cheap security? Organization:,LangChain MMR,0,32.2441,ng_1355|ng_1331|ng_209|ng_1327|ng_893,ng_2276
42,4,"Subject: driver ?? Organization: Sophomore, Mechanical Engineering, Carnegie Mel",LangChain MMR,0,34.1689,ng_823|ng_801|ng_1644|ng_465|ng_1267,ng_1178
42,5,"Re: Once tapped, your code is no good any more.",LangChain MMR,0,30.6767,ng_691|ng_1290|ng_2254|ng_2266|ng_1295,ng_861
42,6,C++ and C for OS/2 Organization: The Internet Lines: 9,LangChain MMR,1,32.0027,ng_1047|ng_2027|ng_404|ng_2097|ng_1969,ng_1047
42,7,"Pioneer Laser player Organization: Univ of Rochester, College of Engineering",LangChain MMR,1,31.6611,ng_542|ng_2205|ng_1033|ng_1743|ng_1201,ng_542
42,8,Subject: Re: Adding VRAM to Quadra 800 ? Keywords: VRAM,LangChain MMR,1,33.0829,ng_2049|ng_1980|ng_203|ng_149|ng_1344,ng_2049
42,9,Re: opinions of RC2 alg. Reply-To: bontchev@fbihh.informatik.uni-hamburg.de Orga,LangChain MMR,0,44.1294,ng_942|ng_1736|ng_1827|ng_229|ng_989,ng_784
42,10,Re: 24-bit Static color: will clients like it? Organization: Dept.,LangChain MMR,0,32.9952,ng_1916|ng_2027|wf16_d3_chunk_0|ng_2179|ng_439,ng_256
42,11,Re: Clipper Chip and crypto key-escrow Organization: Memex Information Systems,LangChain MMR,1,35.0009,ng_1021|ng_68|ng_308|ng_865|ng_1565,ng_865
42,12,FOR SALE - MACINTOSH SE/30 Organization: SRL Data Lines: 26,LangChain MMR,1,30.3475,ng_667|ng_405|ng_1480|ng_1111|ng_296,ng_667
42,13,Subject: Sound Recording for Mac Portable? Reply-To: aa341@Freenet.carleton.ca (,LangChain MMR,1,38.2021,ng_296|ng_2211|ng_1792|ng_159|ng_218,ng_296
42,14,"font problem.... Organization: Department of Mathematics, Queen's University at ",LangChain MMR,0,34.7359,ng_1064|ng_1379|ng_586|ng_279|ng_1261,ng_241
42,15,Re: text of White House announcement and Q&As on clipper,LangChain MMR,0,35.4592,ng_1331|ng_1724|ng_1371|ng_849|ng_820,ng_161
42,16,- Asleep by Night) Subject: Re: Los Angeles Freeway traffic,LangChain MMR,0,31.3846,ng_1005|ng_2074|ng_1272|ng_1549|ng_1282,ng_453
42,17,"Subject: Re: Radar detector DETECTORS? Organization: Iowa State University, Ames",LangChain MMR,0,32.8525,ng_2153|ng_2110|ng_1998|ng_358|ng_512,ng_292
42,18,Subject: Re: electronic odometers (was: Used BMW Question ..... ???),LangChain MMR,1,38.5576,ng_1516|ng_276|ng_971|ng_1586|ng_2194,ng_1516
42,19,Re: help - how to construct home-built battery for 3rd,LangChain MMR,0,29.7965,ng_8|ng_401|ng_1085|ng_382|ng_2029,ng_995
42,20,SUMMARY xon and X11R5 Nntp-Posting-Host: bobasun Organization: TI Semiconductor ,LangChain MMR,1,38.7816,ng_78|ng_360|ng_6|ng_487|ng_1483,ng_78
42,21,Re: Radar detector DETECTORS? Nntp-Posting-Host: aisun1.ai.uga.edu Organization:,LangChain MMR,1,42.1938,ng_2153|ng_2110|ng_1767|ng_358|ng_512,ng_2153
42,22,with Rasterops TC Colorboard From: mark@comp.vuw.ac.nz (Mark Davies) Distributio,LangChain MMR,1,39.6529,ng_42|ng_1286|ng_1421|ng_384|ng_397,ng_42
42,23,Re: History question Organization: NASA Langley Research Center and Reptile,LangChain MMR,0,30.6485,ng_1968|ng_1378|ng_808|ng_1267|ng_1969,ng_1972
42,24,Subject: Re: text of White House announcement and Q&As on,LangChain MMR,0,32.5115,ng_1724|ng_1988|ng_1829|ng_1250|ng_1331,ng_953
42,25,Subject: X Graphics Accelerators Organization: The Internet Lines: 7 NNTP-Postin,LangChain MMR,0,45.091,ng_487|ng_1143|ng_1110|ng_2181|ng_78,ng_841
42,26,Radar detector DETECTORS? Organization: At UT? That's a joke. Lines:,LangChain MMR,0,39.1877,ng_2153|ng_2204|ng_2110|ng_594|ng_512,ng_2215
42,27,What is the current Rom Version shipping in Syquest drives?,LangChain MMR,1,39.2595,ng_117|ng_1548|ng_1450|ng_864|ng_1053,ng_117
42,28,"Any recent information on Frescoe? Organization: CenterLine Software, Inc. Lines",LangChain MMR,1,38.057,ng_2150|wf19_s4_chunk_0|ng_1562|ng_1333|ng_1678,ng_2150
42,29,Re: Off the shelf cheap DES keyseach machine Organization: AT&T,LangChain MMR,0,32.4036,ng_763|ng_2303|ng_220|ng_1599|ng_1617,ng_702
42,30,Re: Los Angeles Freeway traffic reports Organization: RAND Lines: 29,LangChain MMR,1,36.0892,ng_1005|ng_1379|ng_2139|ng_1251|ng_71,ng_1005
42,31,"Re: Pgp, PEM, and RFC's (Was: Cryptography Patents) Organization: Oce",LangChain MMR,0,39.5489,ng_1433|ng_849|ng_1998|ng_365|ng_660,ng_707
42,32,"Re: Conductive Plastic, what happened? Organization: Litton Systems, Toronto ONT",LangChain MMR,1,34.9834,ng_1496|ng_1644|ng_1425|ng_690|ng_2166,ng_1496
42,33,Subscription Organization: The Internet Lines: 7 To: xpert@expo.lcs.mit.edu Plea,LangChain MMR,0,38.9717,ng_1379|ng_2094|ng_2284|ng_1302|ng_1491,ng_368
42,34,"do Nuclear Site's Cooling Towers do? Organization: University of Technology,",LangChain MMR,0,32.1706,ng_2032|ng_2080|ng_2153|wf20_s1_chunk_0|ng_1896,ng_1921
42,35,Subject: Re: Centris Cache & Bernoulli Box Article-I.D.: snll-arp.519 Distributi,LangChain MMR,1,42.0175,ng_2250|ng_235|ng_702|ng_789|wf07_d3_chunk_0,ng_2250
42,36,Subject: 40MHZ Oscilloscope FOR SALE Organization: NETCOM On-line Communication ,LangChain MMR,1,37.3909,ng_757|ng_2027|ng_2179|ng_2071|ng_979,ng_757
42,37,Re: Do we need the clipper for cheap security? Organization:,LangChain MMR,0,34.8192,ng_1355|ng_1331|ng_209|ng_1327|ng_893,ng_895
42,38,XWindows always opaque Summary: is there a way for a,LangChain MMR,1,34.312,ng_1779|ng_249|ng_85|ng_1628|ng_818,ng_1779
42,39,"Re: The battle is joined Organization: Harvey Mudd College, Claremont,",LangChain MMR,0,34.242,ng_1267|ng_2315|ng_823|ng_596|ng_368,ng_470
42,40,Re: The [secret] source of that announcement Lines: 19 Even,LangChain MMR,0,34.8894,ng_1565|wf20_d2_chunk_0|ng_1968|ng_14|ng_1489,ng_2083
42,41,"Re: Once tapped, your code is no good any more.",LangChain MMR,0,33.2601,ng_691|ng_1290|ng_2254|ng_2266|ng_1295,ng_658
42,42,color on button on enter window. Distribution: usa Organization: UB,LangChain MMR,1,34.8403,ng_1666|ng_1198|ng_1435|ng_223|ng_1545,ng_1666
42,43,Re: Q: How to avoid XOpenDisplay hang? Keywords: Xlib Article-I.D.:,LangChain MMR,0,40.5596,ng_1374|ng_175|ng_2325|ng_887|ng_1813,ng_55
42,44,Re: Radar detector DETECTORS? Organization: U of Toronto Zoology Lines:,LangChain MMR,0,32.3467,ng_1945|wf05_s1_chunk_0|ng_0|ng_358|ng_986,ng_2257
42,45,"Subject: Re: Facinating facts: 30 bit serial number, possibly fixed",LangChain MMR,0,37.4147,ng_1970|ng_1884|ng_197|ng_92|ng_2258,ng_56
42,46,CSC) Subject: Re: Monthly Question about XCopyArea() and Expose Events,LangChain MMR,1,37.6941,ng_970|ng_933|ng_1100|ng_802|ng_2190,ng_970
42,47,"Xarchie-2.0 available on export Organization: Department of Computer Science, Un",LangChain MMR,1,37.1225,ng_6|ng_1261|ng_488|ng_784|ng_1562,ng_6
42,48,"Re: Trace size for a 15 Amp supply Organization: SSC,",LangChain MMR,0,32.5546,ng_111|ng_1846|wf05_s5_chunk_0|ng_1362|ng_2274,ng_828
42,49,Subject: Need diode model for PSpice Organization: University at Buffalo,LangChain MMR,1,33.4486,ng_541|ng_1644|ng_2274|ng_1185|ng_936,ng_541
42,50,"icon pixmap problem... Keywords: icon, motif, openlook Nntp-Posting-Host: dale.s",LangChain MMR,1,51.1677,ng_208|ng_255|ng_1268|ng_1837|ng_1968,ng_208
42,51,Need pinouts for a G8870 dtmf decoder chip Organization: NETCOM,LangChain MMR,1,37.391,ng_1451|ng_318|ng_719|ng_349|ng_673,ng_1451
42,52,Re: Help wanted Organization: Macquarie University Lines: 54 Distribution: world,LangChain MMR,0,22.811,ng_1277|ng_2160|ng_1935|ng_1829|ng_690,ng_1544
42,53,"Re: Clipper chip -- technical details Organization: Computer Science Dept,",LangChain MMR,0,21.729,ng_1674|ng_202|ng_2164|ng_1288|ng_3,ng_1397
42,54,Re: x86 ~= 680x0 ?? (How do they compare?) Distribution:,LangChain MMR,0,25.9993,ng_2299|ng_1344|ng_1519|ng_2194|ng_387,ng_2168
42,55,"Subject: Don't fight Clipper Chip, subvert or replace it !",LangChain MMR,0,22.891,ng_1288|ng_1023|ng_664|ng_1331|ng_383,ng_485
42,56,"cheap products? Organization: Stratus Computer, Marlboro Ma. Lines: 22 NNTP-Post",LangChain MMR,1,40.5334,ng_959|ng_1143|ng_487|ng_686|ng_860,ng_686
42,57,"Re: Asynchronous X Windows? Organization: CenterLine Software, Inc. Lines: 45",LangChain MMR,1,26.6101,ng_866|wf17_d3_chunk_0|ng_1476|ng_733|ng_1570,ng_866
42,58,Re: Radio Electronics Free information card Nntp-Posting-Host: bopper2.phx.mcd.m,LangChain MMR,0,30.1164,ng_65|ng_2258|ng_1958|ng_889|ng_525,ng_1879
42,59,Re: HP DeskWriter 550C...Opinions? Feedback! In-Reply-To: phil@csc.liv.ac.uk's m,LangChain MMR,0,30.4174,ng_1365|ng_1757|ng_1461|ng_1738|ng_826,ng_2275
42,60,"Re: Pgp, PEM, and RFC's (Was: Cryptography Patents) Organization: Oce",LangChain MMR,0,25.1947,ng_1433|ng_849|ng_1998|ng_365|ng_660,ng_109
42,61,up cable tv with an aerial. Lines: 37 Nntp-Posting-Host: wcsub.ctstateu.edu,LangChain MMR,0,28.4567,ng_1942|ng_1346|ng_2079|ng_87|ng_2175,ng_2009
42,62,"Subject: Athena Widgets Organization: University of North Dakota; Grand Forks,",LangChain MMR,1,22.4565,ng_328|ng_48|wf08_s4_chunk_0|ng_1144|ng_1477,ng_328
42,63,Re: Laser vs Bubblejet? Organization: Northeastern Ohio Universities College of,LangChain MMR,0,21.1715,ng_1293|ng_744|ng_342|ng_1201|ng_607,ng_2263
42,64,Subject: 10th International Obfuscated C Code Contest Opening (part 2,LangChain MMR,1,22.0113,ng_14|ng_447|ng_851|ng_1590|ng_1998,ng_14
42,65,Subject: Re: Stereo sound problem (?) on mac games Organization:,LangChain MMR,1,22.2293,ng_1414|ng_1853|ng_1753|ng_813|ng_1354,ng_1414
42,66,Re: Honors Degrees: Do they mean anything? Organization: Ford Motor,LangChain MMR,1,22.2036,ng_823|ng_976|ng_1735|ng_2120|ng_517,ng_823
42,67,Radar detector DETECTORS? Organization: TRIUMF: Tri-University Meson Facility Li,LangChain MMR,0,23.4244,ng_2153|ng_610|ng_2110|ng_358|ng_1245,ng_1688
42,68,Subject: X Error of failed request: BadPixmap (invalid Pixmap parameter),LangChain MMR,1,24.2055,ng_649|ng_1837|ng_1813|ng_519|ng_850,ng_649
42,69,"Re: Once tapped, your code is no good any more.",LangChain MMR,0,21.0227,ng_691|ng_1290|ng_2254|ng_2266|ng_1295,ng_1035
42,70,Re: Clipper chip -- technical details Organization: AT&T Bell Laboratories,LangChain MMR,0,21.7631,ng_1448|ng_1023|ng_1407|ng_1802|ng_1378,ng_253
42,71,Re: Clipper considered harmful Organization: Express Access Online Communication,LangChain MMR,0,22.036,ng_726|ng_1091|ng_2052|ng_376|ng_820,ng_411
42,72,Subject: Re: Off the shelf cheap DES keyseach machine (Was:,LangChain MMR,0,21.3268,ng_763|ng_1365|ng_1773|ng_2144|ng_639,ng_344
42,73,Subject: Re: Forcing a window manager to accept specific coordinates,LangChain MMR,0,21.0573,ng_1099|ng_1428|ng_722|ng_1039|ng_996,ng_1090
42,74,parking HD heads when iddle Nntp-Posting-Host: mvs.oac.ucla.edu Lines: 8 The,LangChain MMR,1,26.6232,ng_1272|ng_234|ng_846|ng_875|ng_551,ng_1272
42,75,"Subject: Re: Motif vs. [Athena, etc.] Organization: Bond University, AUSTRALIA",LangChain MMR,1,23.1793,ng_2013|ng_1379|ng_1543|ng_1477|ng_2150,ng_2013
42,76,Subject: xcursor4.1 Organization: National Center for Atmospheric Research Lines,LangChain MMR,1,23.425,ng_843|ng_2262|ng_1824|ng_1767|ng_484,ng_843
42,77,"Re: subliminal message flashing on TV Organization: Hewlett-Packard, Fort Collin",LangChain MMR,0,23.4634,ng_2327|ng_450|ng_178|ng_1829|ng_2239,ng_1318
42,78,Quadras VRAM Question X-Xxmessage-Id: <A7F4F033E3012026@planet.imag.fr> X-Xxdate,LangChain MMR,1,39.4713,ng_458|ng_356|ng_860|ng_1799|ng_2102,ng_458
42,79,Re: How to the disks copy protected. Originator: sehari@du139-213.cc.iastate.edu,LangChain MMR,0,27.9913,ng_2206|ng_221|ng_2053|ng_2101|ng_1091,ng_2207
42,80,Re: Secret algorithm [Re: Clipper Chip and crypto key-escrow] Organization:,LangChain MMR,1,23.2722,ng_509|ng_1175|ng_1771|ng_21|ng_495,ng_21
42,81,Subject: Real-Time Data Display Tool Organization: University of Michigan Engine,LangChain MMR,1,20.9775,ng_1901|ng_1419|ng_842|ng_191|ng_578,ng_1901
42,82,R4 Version of xrecplay Reply-To: mccoy@gothamcity.jsc.nasa.gov Organization: I-N,LangChain MMR,1,30.3228,ng_378|ng_371|ng_1655|ng_2111|ng_986,ng_378
42,83,Re: Analog switches/Balanced Demodulators Distribution: na Organization: Univers,LangChain MMR,0,23.0251,ng_984|ng_682|ng_512|ng_1444|ng_396,ng_934
42,84,"Salomon Brothers Inc., NY ) Subject: Re: Source of random",LangChain MMR,0,21.8391,ng_1829|ng_1681|ng_789|ng_1736|ng_594,ng_1634
42,85,"PSI Comstation 5 Organization: the ModemLink Network, Long Island, New",LangChain MMR,1,22.1305,ng_1004|ng_610|ng_2270|ng_1126|ng_2233,ng_1004
42,86,how to boot from ext HD on power on ?,LangChain MMR,1,20.7062,ng_1533|ng_310|ng_522|ng_1900|ng_2057,ng_1533
42,87,Subject: [EFF] Initial EFF Analysis of Clinton Privacy and Security,LangChain MMR,0,21.2159,ng_949|ng_2058|ng_940|ng_213|ng_501,ng_1389
42,88,Re: How does it really work? (was Re: text of,LangChain MMR,0,20.3793,ng_611|ng_1807|ng_1425|ng_1416|ng_1026,ng_377
42,89,re: WH announcement Reply-To: tuinstra@sunspot.ece.clarkson.edu.soe Organization,LangChain MMR,1,29.5297,ng_1765|wf03_d3_chunk_0|ng_1123|ng_690|ng_1767,ng_1123
42,90,player going wonky - advise needed ! Lines: 18 Organization:,LangChain MMR,0,20.9018,ng_596|ng_230|ng_1290|ng_83|ng_1156,ng_593
42,91,"Racet Optical Organization: Computer Science Department, Boston University, Bost",LangChain MMR,1,21.8099,ng_1803|ng_202|ng_2027|ng_1656|ng_539,ng_1656
42,92,Video cable options X-Xxmessage-Id: <A7F4A7E9FF0200ED@kimball-pc-316.stanford.ed,LangChain MMR,1,35.5933,ng_1148|ng_1029|ng_1794|ng_346|ng_1828,ng_1148
42,93,Re: DESQview/X on a PC? Organization: AOTC - CSSC Lines:,LangChain MMR,1,23.5209,ng_1790|ng_2279|ng_1675|ng_1148|ng_1828,ng_1790
42,94,"german keyboard, X11R5 and Sparc Nntp-Posting-Host: polaris.informatik.uni-essen",LangChain MMR,1,34.3785,ng_106|ng_1144|ng_841|ng_289|ng_2323,ng_106
42,95,Re: chip / chipset for code 39 barcode? Organization: Brock,LangChain MMR,1,21.5958,ng_142|ng_403|ng_2141|ng_839|ng_683,ng_142
42,96,"Subject: Re: Once tapped, your code is no good any",LangChain MMR,0,20.7679,ng_2254|wf17_d1_chunk_0|ng_323|ng_2148|ng_1858,ng_1051
42,97,Subject: Re: Off the shelf cheap DES keyseach machine (Was:,LangChain MMR,0,23.0543,ng_763|ng_1365|ng_1773|ng_2144|ng_639,ng_1377
42,98,Re: text of White House announcement and Q&As on clipper,LangChain MMR,0,33.1141,ng_1331|ng_1724|ng_1371|ng_849|ng_820,ng_110
42,99,Re: How do they know what keys to ask for?,LangChain MMR,1,23.3275,ng_699|wf02_d1_chunk_0|ng_1584|ng_2294|ng_1420,ng_699
42,100,What is the JWT expiry policy for JWT Authentication?,LangChain MMR,0,20.9662,wf01_s5_chunk_0|ng_53|ng_500|wf06_d1_chunk_0|ng_373,wf01_s1_chunk_0
42,101,How is JWT expiry implemented using PyJWT+Redis?,LangChain MMR,1,22.1912,wf01_s1_chunk_0|ng_1604|ng_2073|ng_994|wf06_s5_chunk_0,wf01_s1_chunk_0
42,102,Find the backend standard for session token lifetime.,LangChain MMR,0,19.8556,wf01_d3_chunk_0|ng_1356|wf06_s3_chunk_0|wf18_s5_chunk_0|wf07_s4_chunk_0,wf01_s1_chunk_0|wf01_s4_chunk_0
42,103,Summarise the technical decision on session token lifetime during JWT Authentica,LangChain MMR,0,22.3301,wf01_d3_chunk_0|ng_1356|wf06_s3_chunk_0|ng_781|ng_2222,wf01_s4_chunk_0
42,104,What is the final JWT expiry rule deployed to production after the sprint overri,LangChain MMR,1,23.1136,wf01_s5_chunk_0|wf09_s3_chunk_0|ng_638|wf15_s5_chunk_0|wf07_s3_chunk_0,wf01_s5_chunk_0
42,105,"Was the temporary 60-minute expiry change kept, or did we revert to the original",LangChain MMR,0,25.9766,wf01_d2_chunk_0|ng_1244|wf16_s2_chunk_0|wf07_d3_chunk_0|wf11_s2_chunk_0,wf01_s3_chunk_0|wf01_s5_chunk_0
42,106,Which document defines 15-minute expiry as the approved JWT expiry setting?,LangChain MMR,0,24.7891,wf01_d1_chunk_0|wf06_d2_chunk_0|ng_1037|wf07_s1_chunk_0|ng_196,wf01_s1_chunk_0
42,107,Confirm the architecture decision that adopted 15-minute expiry for JWT Authenti,LangChain MMR,0,24.0728,wf01_s5_chunk_0|wf07_d3_chunk_0|wf20_s1_chunk_0|ng_373|ng_731,wf01_s1_chunk_0
42,108,What is the primary keys policy for Database Schema?,LangChain MMR,0,21.9947,wf02_d1_chunk_0|ng_678|wf15_d2_chunk_0|ng_1329|wf03_s3_chunk_0,wf02_s1_chunk_0
42,109,How is primary keys implemented using Alembic+PostgreSQL?,LangChain MMR,1,23.4231,wf02_s1_chunk_0|ng_1023|ng_795|ng_1590|ng_946,wf02_s1_chunk_0
42,110,Find the backend standard for row identifier scheme.,LangChain MMR,1,22.5454,wf02_s4_chunk_0|ng_1535|ng_1961|ng_2308|ng_2059,wf02_s1_chunk_0|wf02_s4_chunk_0
42,111,Summarise the technical decision on row identifier scheme during Database Schema,LangChain MMR,1,22.9421,wf02_s4_chunk_0|ng_2275|ng_798|wf19_d2_chunk_0|wf15_d1_chunk_0,wf02_s4_chunk_0
42,112,What is the final primary keys rule deployed to production after the sprint over,LangChain MMR,1,21.6758,wf02_s5_chunk_0|ng_1101|wf18_s3_chunk_0|wf12_s3_chunk_0|ng_637,wf02_s5_chunk_0
42,113,"Was the temporary auto-incrementing integer PKs change kept, or did we revert to",LangChain MMR,1,26.2232,wf02_s3_chunk_0|ng_1221|ng_56|ng_1422|ng_347,wf02_s3_chunk_0|wf02_s5_chunk_0
42,114,Which document defines UUID primary keys as the approved primary keys setting?,LangChain MMR,1,21.5395,wf02_s1_chunk_0|ng_314|wf11_d3_chunk_0|ng_364|ng_1420,wf02_s1_chunk_0
42,115,Confirm the architecture decision that adopted UUID primary keys for Database Sc,LangChain MMR,0,21.5307,wf02_s5_chunk_0|ng_913|wf12_s1_chunk_0|ng_2341|wf15_s2_chunk_0,wf02_s1_chunk_0
42,116,What is the domain boundary policy for Microservice Context?,LangChain MMR,0,20.5387,wf03_d1_chunk_0|wf16_d2_chunk_0|ng_424|ng_912|ng_1624,wf03_s1_chunk_0
42,117,How is domain boundary implemented using gRPC+Protobuf?,LangChain MMR,1,20.9461,wf03_s1_chunk_0|ng_1442|ng_172|ng_1275|ng_2190,wf03_s1_chunk_0
42,118,Find the architecture standard for inter-service coupling.,LangChain MMR,0,19.8004,wf03_d3_chunk_0|ng_1395|ng_781|wf12_s1_chunk_0|ng_669,wf03_s1_chunk_0|wf03_s4_chunk_0
42,119,Summarise the technical decision on inter-service coupling during Microservice C,LangChain MMR,0,24.8197,wf03_d3_chunk_0|ng_1168|ng_1837|ng_669|ng_2172,wf03_s4_chunk_0
42,120,What is the final domain boundary rule deployed to production after the sprint o,LangChain MMR,1,26.8429,wf03_s5_chunk_0|wf16_s3_chunk_0|wf09_s3_chunk_0|wf15_d1_chunk_0|wf17_s3_chunk_0,wf03_s5_chunk_0
42,121,"Was the temporary shared database schema change kept, or did we revert to the or",LangChain MMR,1,25.5977,wf03_s3_chunk_0|ng_1213|wf19_s1_chunk_0|wf15_d2_chunk_0|wf07_s5_chunk_0,wf03_s3_chunk_0|wf03_s5_chunk_0
42,122,Which document defines strict domain boundary as the approved domain boundary se,LangChain MMR,0,20.9862,wf03_s5_chunk_0|ng_1073|ng_24|wf16_d2_chunk_0|wf11_d1_chunk_0,wf03_s1_chunk_0
42,123,Confirm the architecture decision that adopted strict domain boundary for Micros,LangChain MMR,0,22.0627,wf03_s5_chunk_0|wf08_s1_chunk_0|ng_882|ng_2296|wf15_d1_chunk_0,wf03_s1_chunk_0
42,124,What is the PR approvals policy for CI/CD Pipeline?,LangChain MMR,0,20.7955,wf04_d2_chunk_0|ng_101|ng_52|wf16_s5_chunk_0|ng_1969,wf04_s1_chunk_0
42,125,How is PR approvals implemented using GitHub Actions?,LangChain MMR,1,23.4351,wf04_s1_chunk_0|ng_532|ng_97|ng_1339|ng_628,wf04_s1_chunk_0
42,126,Find the devops standard for merge gate policy.,LangChain MMR,1,19.9991,wf04_s4_chunk_0|wf16_d2_chunk_0|ng_2341|wf03_s5_chunk_0|ng_2336,wf04_s1_chunk_0|wf04_s4_chunk_0
42,127,Summarise the technical decision on merge gate policy during CI/CD Pipeline desi,LangChain MMR,0,23.0823,wf04_d3_chunk_0|ng_1846|ng_722|ng_122|ng_1659,wf04_s4_chunk_0
42,128,What is the final PR approvals rule deployed to production after the sprint over,LangChain MMR,1,22.857,wf04_s5_chunk_0|wf05_s3_chunk_0|wf16_d2_chunk_0|wf08_s5_chunk_0|wf06_s5_chunk_0,wf04_s5_chunk_0
42,129,"Was the temporary admin bypass override change kept, or did we revert to the ori",LangChain MMR,1,25.1359,wf04_s3_chunk_0|ng_1213|wf01_s2_chunk_0|ng_1193|wf15_s4_chunk_0,wf04_s3_chunk_0|wf04_s5_chunk_0
42,130,Which document defines require 2 PR approvals as the approved PR approvals setti,LangChain MMR,0,22.1361,wf04_d2_chunk_0|ng_1034|wf02_d1_chunk_0|ng_1595|wf11_d3_chunk_0,wf04_s1_chunk_0
42,131,Confirm the architecture decision that adopted require 2 PR approvals for CI/CD ,LangChain MMR,1,22.2115,wf04_s1_chunk_0|wf17_s5_chunk_0|ng_871|wf09_s2_chunk_0|wf19_d3_chunk_0,wf04_s1_chunk_0
42,132,What is the trace sampling policy for Observability Stack?,LangChain MMR,0,20.7762,wf05_d2_chunk_0|wf16_d1_chunk_0|ng_1861|wf17_s5_chunk_0|wf12_s1_chunk_0,wf05_s1_chunk_0
42,133,How is trace sampling implemented using OpenTelemetry?,LangChain MMR,1,20.7,wf05_s1_chunk_0|ng_261|ng_2332|ng_1879|ng_1941,wf05_s1_chunk_0
42,134,Find the devops standard for telemetry capture rate.,LangChain MMR,1,21.408,wf05_s4_chunk_0|ng_300|ng_757|wf06_s1_chunk_0|ng_469,wf05_s1_chunk_0|wf05_s4_chunk_0
42,135,Summarise the technical decision on telemetry capture rate during Observability ,LangChain MMR,0,23.8899,wf05_s1_chunk_0|ng_191|ng_1984|ng_1020|ng_2040,wf05_s4_chunk_0
42,136,What is the final trace sampling rule deployed to production after the sprint ov,LangChain MMR,0,22.8724,wf05_s3_chunk_0|wf04_s5_chunk_0|wf09_d2_chunk_0|ng_1861|wf06_d1_chunk_0,wf05_s5_chunk_0
42,137,"Was the temporary 100% full trace sampling change kept, or did we revert to the ",LangChain MMR,0,26.8323,wf05_d2_chunk_0|ng_1070|ng_1599|ng_728|ng_1861,wf05_s3_chunk_0|wf05_s5_chunk_0
42,138,Which document defines 10% trace sampling as the approved trace sampling setting,LangChain MMR,0,23.1192,wf05_d2_chunk_0|wf04_d1_chunk_0|ng_111|ng_1480|ng_1060,wf05_s1_chunk_0
42,139,Confirm the architecture decision that adopted 10% trace sampling for Observabil,LangChain MMR,1,22.8274,wf05_s1_chunk_0|wf17_s5_chunk_0|ng_1848|ng_257|wf20_s2_chunk_0,wf05_s1_chunk_0
42,140,What is the rate limit policy for API Gateway Rate Limiting?,LangChain MMR,0,21.8159,wf06_d2_chunk_0|wf16_d1_chunk_0|ng_2087|wf01_s5_chunk_0|ng_1420,wf06_s1_chunk_0
42,141,How is rate limit implemented using nginx+Lua?,LangChain MMR,1,21.1903,wf06_s1_chunk_0|ng_1056|ng_570|ng_2087|wf16_d1_chunk_0,wf06_s1_chunk_0
42,142,Find the backend standard for inbound request throttle.,LangChain MMR,1,21.2345,wf06_s4_chunk_0|wf17_s5_chunk_0|ng_235|ng_321|ng_143,wf06_s1_chunk_0|wf06_s4_chunk_0
42,143,Summarise the technical decision on inbound request throttle during API Gateway ,LangChain MMR,1,33.6511,wf06_s4_chunk_0|ng_781|ng_321|ng_1290|wf05_s5_chunk_0,wf06_s4_chunk_0
42,144,What is the final rate limit rule deployed to production after the sprint overri,LangChain MMR,0,28.2961,wf06_s3_chunk_0|wf09_s5_chunk_0|ng_534|wf16_d1_chunk_0|wf12_s3_chunk_0,wf06_s5_chunk_0
42,145,"Was the temporary unlimited bursting change kept, or did we revert to the origin",LangChain MMR,1,24.4574,wf06_s3_chunk_0|ng_1806|ng_321|wf17_s5_chunk_0|wf18_d1_chunk_0,wf06_s3_chunk_0|wf06_s5_chunk_0
42,146,Which document defines 100 RPM rate limit as the approved rate limit setting?,LangChain MMR,0,21.1431,wf06_d2_chunk_0|wf04_d1_chunk_0|ng_1081|ng_324|ng_22,wf06_s1_chunk_0
42,147,Confirm the architecture decision that adopted 100 RPM rate limit for API Gatewa,LangChain MMR,0,22.7667,wf06_d3_chunk_0|wf17_d2_chunk_0|ng_1483|wf11_s3_chunk_0|wf05_s1_chunk_0,wf06_s1_chunk_0
42,148,What is the cache TTL policy for Distributed Caching?,LangChain MMR,0,21.02,wf07_d2_chunk_0|ng_155|wf17_s1_chunk_0|ng_1138|wf18_s4_chunk_0,wf07_s1_chunk_0
42,149,How is cache TTL implemented using redis-py?,LangChain MMR,1,21.4245,wf07_s1_chunk_0|ng_1937|ng_112|ng_2250|wf12_s3_chunk_0,wf07_s1_chunk_0
42,0,Passwords From: pgut1@cs.aukuni.ac.nz (Peter Gutmann) Organization: Computer Sci,LlamaIndex,1,27.0501,wf20_s4_chunk_0|ng_1471|ng_2342|wf20_d3_chunk_0|ng_1287,ng_1287
42,1,"Problems with A/ROSE Organization: CS Department, Dortmund University, Germany L",LlamaIndex,0,21.0258,,ng_1971
42,2,mark@trident.datasys.swri.edu (Mark D. Collier) Organization: Southwest Research,LlamaIndex,0,25.9435,,ng_933
42,3,Re: Do we need the clipper for cheap security? Organization:,LlamaIndex,0,20.3796,ng_1355|ng_209|ng_1808|ng_40|ng_1784,ng_2276
42,4,"Subject: driver ?? Organization: Sophomore, Mechanical Engineering, Carnegie Mel",LlamaIndex,0,22.7211,,ng_1178
42,5,"Re: Once tapped, your code is no good any more.",LlamaIndex,0,20.1484,,ng_861
42,6,C++ and C for OS/2 Organization: The Internet Lines: 9,LlamaIndex,1,21.3987,ng_1047,ng_1047
42,7,"Pioneer Laser player Organization: Univ of Rochester, College of Engineering",LlamaIndex,1,20.4217,ng_542,ng_542
42,8,Subject: Re: Adding VRAM to Quadra 800 ? Keywords: VRAM,LlamaIndex,1,22.2196,ng_2049|ng_436|ng_458|ng_438|ng_1939,ng_2049
42,9,Re: opinions of RC2 alg. Reply-To: bontchev@fbihh.informatik.uni-hamburg.de Orga,LlamaIndex,1,29.3205,ng_942|ng_257|ng_1660|ng_784,ng_784
42,10,Re: 24-bit Static color: will clients like it? Organization: Dept.,LlamaIndex,1,21.4665,ng_1916|ng_2072|ng_256|ng_1441|ng_1229,ng_256
42,11,Re: Clipper Chip and crypto key-escrow Organization: Memex Information Systems,LlamaIndex,0,21.7322,ng_1021|ng_21|ng_122|ng_1771|ng_509,ng_865
42,12,FOR SALE - MACINTOSH SE/30 Organization: SRL Data Lines: 26,LlamaIndex,1,20.536,ng_667|ng_1685,ng_667
42,13,Subject: Sound Recording for Mac Portable? Reply-To: aa341@Freenet.carleton.ca (,LlamaIndex,1,27.9874,ng_296|ng_1414|ng_1892|ng_1437|ng_159,ng_296
42,14,"font problem.... Organization: Department of Mathematics, Queen's University at ",LlamaIndex,0,27.9698,,ng_241
42,15,Re: text of White House announcement and Q&As on clipper,LlamaIndex,0,20.3638,ng_1331|ng_277|ng_1449|ng_1347|ng_820,ng_161
42,16,- Asleep by Night) Subject: Re: Los Angeles Freeway traffic,LlamaIndex,0,20.6369,ng_1005|ng_2179|ng_551,ng_453
42,17,"Subject: Re: Radar detector DETECTORS? Organization: Iowa State University, Ames",LlamaIndex,1,20.3971,ng_2153|ng_292|ng_2273|ng_1688|ng_1945,ng_292
42,18,Subject: Re: electronic odometers (was: Used BMW Question ..... ???),LlamaIndex,1,23.335,ng_1516|ng_1292|ng_324|ng_71|ng_694,ng_1516
42,19,Re: help - how to construct home-built battery for 3rd,LlamaIndex,1,19.6053,ng_8|ng_156|ng_870|ng_751|ng_995,ng_995
42,20,SUMMARY xon and X11R5 Nntp-Posting-Host: bobasun Organization: TI Semiconductor ,LlamaIndex,1,24.1818,ng_78|ng_524|ng_2156|ng_1573|ng_841,ng_78
42,21,Re: Radar detector DETECTORS? Nntp-Posting-Host: aisun1.ai.uga.edu Organization:,LlamaIndex,1,26.5998,ng_2153|ng_1688|ng_2273|ng_406|ng_292,ng_2153
42,22,with Rasterops TC Colorboard From: mark@comp.vuw.ac.nz (Mark Davies) Distributio,LlamaIndex,1,24.7587,ng_42|ng_439,ng_42
42,23,Re: History question Organization: NASA Langley Research Center and Reptile,LlamaIndex,0,19.7919,,ng_1972
42,24,Subject: Re: text of White House announcement and Q&As on,LlamaIndex,0,19.6628,ng_1724|ng_1449|ng_1124,ng_953
42,25,Subject: X Graphics Accelerators Organization: The Internet Lines: 7 NNTP-Postin,LlamaIndex,1,22.9222,ng_487|ng_841|ng_1969|ng_556|ng_285,ng_841
42,26,Radar detector DETECTORS? Organization: At UT? That's a joke. Lines:,LlamaIndex,1,21.0292,ng_2153|ng_2215|ng_1688|ng_406|ng_2273,ng_2215
42,27,What is the current Rom Version shipping in Syquest drives?,LlamaIndex,1,19.3454,ng_117|ng_1053|ng_1952|ng_1274|ng_1314,ng_117
42,28,"Any recent information on Frescoe? Organization: CenterLine Software, Inc. Lines",LlamaIndex,1,21.1741,ng_2150|ng_819,ng_2150
42,29,Re: Off the shelf cheap DES keyseach machine Organization: AT&T,LlamaIndex,0,20.4876,ng_763|ng_2091|ng_2341|ng_317|ng_399,ng_702
42,30,Re: Los Angeles Freeway traffic reports Organization: RAND Lines: 29,LlamaIndex,1,19.6063,ng_1005|ng_2179|ng_551,ng_1005
42,31,"Re: Pgp, PEM, and RFC's (Was: Cryptography Patents) Organization: Oce",LlamaIndex,0,22.9828,ng_1433|ng_1998|ng_38|ng_109|ng_736,ng_707
42,32,"Re: Conductive Plastic, what happened? Organization: Litton Systems, Toronto ONT",LlamaIndex,1,21.3429,ng_1496,ng_1496
42,33,Subscription Organization: The Internet Lines: 7 To: xpert@expo.lcs.mit.edu Plea,LlamaIndex,0,27.3293,ng_1379|ng_1476|ng_255|ng_744|ng_2284,ng_368
42,34,"do Nuclear Site's Cooling Towers do? Organization: University of Technology,",LlamaIndex,1,32.6852,ng_2032|ng_1767|ng_1728|ng_12|ng_1921,ng_1921
42,35,Subject: Re: Centris Cache & Bernoulli Box Article-I.D.: snll-arp.519 Distributi,LlamaIndex,1,28.1506,ng_2250,ng_2250
42,36,Subject: 40MHZ Oscilloscope FOR SALE Organization: NETCOM On-line Communication ,LlamaIndex,1,25.6124,ng_757|ng_2110|ng_728|ng_2127|ng_1113,ng_757
42,37,Re: Do we need the clipper for cheap security? Organization:,LlamaIndex,0,20.5841,ng_1355|ng_209|ng_1808|ng_40|ng_1784,ng_895
42,38,XWindows always opaque Summary: is there a way for a,LlamaIndex,1,20.8357,ng_1779|ng_1466|ng_430|ng_2319|ng_264,ng_1779
42,39,"Re: The battle is joined Organization: Harvey Mudd College, Claremont,",LlamaIndex,0,20.4049,ng_1267,ng_470
42,40,Re: The [secret] source of that announcement Lines: 19 Even,LlamaIndex,0,20.2089,ng_1565,ng_2083
42,41,"Re: Once tapped, your code is no good any more.",LlamaIndex,0,20.1804,,ng_658
42,42,color on button on enter window. Distribution: usa Organization: UB,LlamaIndex,1,20.2094,ng_1666,ng_1666
42,43,Re: Q: How to avoid XOpenDisplay hang? Keywords: Xlib Article-I.D.:,LlamaIndex,1,24.1943,ng_1374|ng_55|ng_1915|ng_1093|ng_1655,ng_55
42,44,Re: Radar detector DETECTORS? Organization: U of Toronto Zoology Lines:,LlamaIndex,1,19.2245,ng_1945|ng_2257|ng_1688|ng_2273|ng_1676,ng_2257
42,45,"Subject: Re: Facinating facts: 30 bit serial number, possibly fixed",LlamaIndex,0,20.2277,ng_1970,ng_56
42,46,CSC) Subject: Re: Monthly Question about XCopyArea() and Expose Events,LlamaIndex,1,22.6532,ng_970|ng_1367|ng_578|ng_1713|ng_163,ng_970
42,47,"Xarchie-2.0 available on export Organization: Department of Computer Science, Un",LlamaIndex,1,21.8288,ng_6|ng_1076|ng_2125,ng_6
42,48,"Re: Trace size for a 15 Amp supply Organization: SSC,",LlamaIndex,1,19.9004,ng_111|ng_828,ng_828
42,49,Subject: Need diode model for PSpice Organization: University at Buffalo,LlamaIndex,1,20.5415,ng_541,ng_541
42,50,"icon pixmap problem... Keywords: icon, motif, openlook Nntp-Posting-Host: dale.s",LlamaIndex,1,28.5589,ng_208|ng_891|ng_1936|ng_649|ng_2148,ng_208
42,51,Need pinouts for a G8870 dtmf decoder chip Organization: NETCOM,LlamaIndex,1,21.8411,ng_1451|ng_1373,ng_1451
42,52,Re: Help wanted Organization: Macquarie University Lines: 54 Distribution: world,LlamaIndex,0,20.8791,ng_1277,ng_1544
42,53,"Re: Clipper chip -- technical details Organization: Computer Science Dept,",LlamaIndex,0,20.7143,ng_1674|ng_410|ng_383|ng_2067|ng_953,ng_1397
42,54,Re: x86 ~= 680x0 ?? (How do they compare?) Distribution:,LlamaIndex,0,23.1463,ng_2299|ng_173|ng_1081|ng_685|ng_1645,ng_2168
42,55,"Subject: Don't fight Clipper Chip, subvert or replace it !",LlamaIndex,0,21.0235,ng_1288|ng_1378|ng_1674|ng_953|ng_1874,ng_485
42,56,"cheap products? Organization: Stratus Computer, Marlboro Ma. Lines: 22 NNTP-Post",LlamaIndex,0,25.2752,ng_959|ng_1953|ng_1427,ng_686
42,57,"Re: Asynchronous X Windows? Organization: CenterLine Software, Inc. Lines: 45",LlamaIndex,1,24.6344,ng_866|ng_1116|ng_1171|ng_116|ng_894,ng_866
42,58,Re: Radio Electronics Free information card Nntp-Posting-Host: bopper2.phx.mcd.m,LlamaIndex,1,35.9989,ng_65|ng_1879|ng_2279|ng_2286,ng_1879
42,59,Re: HP DeskWriter 550C...Opinions? Feedback! In-Reply-To: phil@csc.liv.ac.uk's m,LlamaIndex,1,30.4288,ng_1365|ng_2275|ng_1804|ng_842|ng_1910,ng_2275
42,60,"Re: Pgp, PEM, and RFC's (Was: Cryptography Patents) Organization: Oce",LlamaIndex,1,24.3475,ng_1433|ng_1998|ng_38|ng_109|ng_736,ng_109
42,61,up cable tv with an aerial. Lines: 37 Nntp-Posting-Host: wcsub.ctstateu.edu,LlamaIndex,1,26.6122,ng_1942|ng_2009|ng_2078|ng_2159|ng_1301,ng_2009
42,62,"Subject: Athena Widgets Organization: University of North Dakota; Grand Forks,",LlamaIndex,1,20.5823,ng_328,ng_328
42,63,Re: Laser vs Bubblejet? Organization: Northeastern Ohio Universities College of,LlamaIndex,0,21.0211,ng_1293|ng_1033|ng_52|ng_219,ng_2263
42,64,Subject: 10th International Obfuscated C Code Contest Opening (part 2,LlamaIndex,1,20.6308,ng_14|ng_1157|ng_187,ng_14
42,65,Subject: Re: Stereo sound problem (?) on mac games Organization:,LlamaIndex,1,20.5499,ng_1414|ng_1437|ng_355|ng_1607|ng_2044,ng_1414
42,66,Re: Honors Degrees: Do they mean anything? Organization: Ford Motor,LlamaIndex,1,20.8737,ng_823,ng_823
42,67,Radar detector DETECTORS? Organization: TRIUMF: Tri-University Meson Facility Li,LlamaIndex,1,23.128,ng_2153|ng_1688|ng_2273|ng_292|ng_1676,ng_1688
42,68,Subject: X Error of failed request: BadPixmap (invalid Pixmap parameter),LlamaIndex,1,23.5092,ng_649|ng_1732|ng_1554|ng_1304,ng_649
42,69,"Re: Once tapped, your code is no good any more.",LlamaIndex,0,21.0229,,ng_1035
42,70,Re: Clipper chip -- technical details Organization: AT&T Bell Laboratories,LlamaIndex,0,21.2993,ng_1448|ng_1674|ng_383|ng_2061|ng_849,ng_253
42,71,Re: Clipper considered harmful Organization: Express Access Online Communication,LlamaIndex,0,21.0055,ng_726|ng_339|ng_1599|ng_1192|ng_772,ng_411
42,72,Subject: Re: Off the shelf cheap DES keyseach machine (Was:,LlamaIndex,0,21.4301,ng_763|ng_466|ng_1439|ng_2294|ng_139,ng_344
42,73,Subject: Re: Forcing a window manager to accept specific coordinates,LlamaIndex,0,20.6007,ng_1099|ng_1538|ng_847|ng_1197|ng_704,ng_1090
42,74,parking HD heads when iddle Nntp-Posting-Host: mvs.oac.ucla.edu Lines: 8 The,LlamaIndex,1,25.933,ng_1272,ng_1272
42,75,"Subject: Re: Motif vs. [Athena, etc.] Organization: Bond University, AUSTRALIA",LlamaIndex,1,22.6855,ng_2013|ng_859|ng_5,ng_2013
42,76,Subject: xcursor4.1 Organization: National Center for Atmospheric Research Lines,LlamaIndex,1,22.5986,ng_843,ng_843
42,77,"Re: subliminal message flashing on TV Organization: Hewlett-Packard, Fort Collin",LlamaIndex,1,23.7881,ng_2327|ng_1432|ng_1046|ng_1318,ng_1318
42,78,Quadras VRAM Question X-Xxmessage-Id: <A7F4F033E3012026@planet.imag.fr> X-Xxdate,LlamaIndex,1,44.1257,ng_458|ng_978|ng_436|ng_1344|ng_2049,ng_458
42,79,Re: How to the disks copy protected. Originator: sehari@du139-213.cc.iastate.edu,LlamaIndex,1,35.9048,ng_2206|ng_2207|ng_2192|ng_775|ng_848,ng_2207
42,80,Re: Secret algorithm [Re: Clipper Chip and crypto key-escrow] Organization:,LlamaIndex,1,23.9677,ng_509|ng_21|ng_1382|ng_1021|ng_122,ng_21
42,81,Subject: Real-Time Data Display Tool Organization: University of Michigan Engine,LlamaIndex,1,21.6881,ng_1901|ng_894|ng_634,ng_1901
42,82,R4 Version of xrecplay Reply-To: mccoy@gothamcity.jsc.nasa.gov Organization: I-N,LlamaIndex,1,28.4481,ng_378|ng_1573|ng_1266|ng_2140|ng_2156,ng_378
42,83,Re: Analog switches/Balanced Demodulators Distribution: na Organization: Univers,LlamaIndex,1,23.4296,ng_984|ng_934|ng_1362|ng_1818,ng_934
42,84,"Salomon Brothers Inc., NY ) Subject: Re: Source of random",LlamaIndex,0,21.8661,,ng_1634
42,85,"PSI Comstation 5 Organization: the ModemLink Network, Long Island, New",LlamaIndex,1,21.5032,ng_1004|ng_2027|ng_483|ng_490,ng_1004
42,86,how to boot from ext HD on power on ?,LlamaIndex,1,20.3364,ng_1533,ng_1533
42,87,Subject: [EFF] Initial EFF Analysis of Clinton Privacy and Security,LlamaIndex,1,21.1279,ng_949|ng_1389|ng_1944|ng_1560|ng_213,ng_1389
42,88,Re: How does it really work? (was Re: text of,LlamaIndex,0,21.1493,,ng_377
42,89,re: WH announcement Reply-To: tuinstra@sunspot.ece.clarkson.edu.soe Organization,LlamaIndex,0,31.0926,ng_1765|ng_1084|ng_2018|ng_2336,ng_1123
42,90,player going wonky - advise needed ! Lines: 18 Organization:,LlamaIndex,0,21.9057,,ng_593
42,91,"Racet Optical Organization: Computer Science Department, Boston University, Bost",LlamaIndex,0,23.0676,,ng_1656
42,92,Video cable options X-Xxmessage-Id: <A7F4A7E9FF0200ED@kimball-pc-316.stanford.ed,LlamaIndex,1,35.2087,ng_1148|ng_87|ng_1161|ng_818|ng_25,ng_1148
42,93,Re: DESQview/X on a PC? Organization: AOTC - CSSC Lines:,LlamaIndex,1,23.1621,ng_1790|ng_1608|ng_818,ng_1790
42,94,"german keyboard, X11R5 and Sparc Nntp-Posting-Host: polaris.informatik.uni-essen",LlamaIndex,1,32.8811,ng_106|ng_1576|ng_1826|ng_2156|ng_289,ng_106
42,95,Re: chip / chipset for code 39 barcode? Organization: Brock,LlamaIndex,1,20.651,ng_142|ng_190|ng_489,ng_142
42,96,"Subject: Re: Once tapped, your code is no good any",LlamaIndex,0,19.8799,,ng_1051
42,97,Subject: Re: Off the shelf cheap DES keyseach machine (Was:,LlamaIndex,0,20.1167,ng_763|ng_466|ng_1439|ng_2294|ng_139,ng_1377
42,98,Re: text of White House announcement and Q&As on clipper,LlamaIndex,0,20.4025,ng_1331|ng_277|ng_1449|ng_1347|ng_820,ng_110
42,99,Re: How do they know what keys to ask for?,LlamaIndex,1,24.0853,ng_699|ng_381,ng_699
42,100,What is the JWT expiry policy for JWT Authentication?,LlamaIndex,1,24.6862,wf01_s5_chunk_0|wf01_s1_chunk_0|wf01_d1_chunk_0|wf01_d2_chunk_0|wf01_d3_chunk_0,wf01_s1_chunk_0
42,101,How is JWT expiry implemented using PyJWT+Redis?,LlamaIndex,1,22.3577,wf01_s1_chunk_0|wf01_s3_chunk_0|wf01_s4_chunk_0|wf01_d2_chunk_0|wf01_s5_chunk_0,wf01_s1_chunk_0
42,102,Find the backend standard for session token lifetime.,LlamaIndex,1,18.2505,wf01_d3_chunk_0|wf01_d2_chunk_0|wf01_s1_chunk_0|wf01_s5_chunk_0,wf01_s1_chunk_0|wf01_s4_chunk_0
42,103,Summarise the technical decision on session token lifetime during JWT Authentica,LlamaIndex,0,21.3039,wf01_d3_chunk_0|wf01_d2_chunk_0|wf01_s5_chunk_0|wf01_d1_chunk_0|wf01_s1_chunk_0,wf01_s4_chunk_0
42,104,What is the final JWT expiry rule deployed to production after the sprint overri,LlamaIndex,1,21.8094,wf01_s5_chunk_0|wf01_s3_chunk_0|wf01_s1_chunk_0|wf01_d1_chunk_0|wf01_d2_chunk_0,wf01_s5_chunk_0
42,105,"Was the temporary 60-minute expiry change kept, or did we revert to the original",LlamaIndex,1,23.9764,wf01_d2_chunk_0|wf01_d3_chunk_0|wf01_d1_chunk_0|wf01_s5_chunk_0|wf01_s3_chunk_0,wf01_s3_chunk_0|wf01_s5_chunk_0
42,106,Which document defines 15-minute expiry as the approved JWT expiry setting?,LlamaIndex,1,21.5284,wf01_d1_chunk_0|wf01_s5_chunk_0|wf01_d2_chunk_0|wf01_s1_chunk_0|wf01_s3_chunk_0,wf01_s1_chunk_0
42,107,Confirm the architecture decision that adopted 15-minute expiry for JWT Authenti,LlamaIndex,1,22.0164,wf01_s5_chunk_0|wf01_d1_chunk_0|wf01_s1_chunk_0|wf01_d2_chunk_0|wf01_d3_chunk_0,wf01_s1_chunk_0
42,108,What is the primary keys policy for Database Schema?,LlamaIndex,1,19.7194,wf02_d1_chunk_0|wf02_d2_chunk_0|wf02_s5_chunk_0|wf02_s1_chunk_0|wf02_d3_chunk_0,wf02_s1_chunk_0
42,109,How is primary keys implemented using Alembic+PostgreSQL?,LlamaIndex,1,22.6361,wf02_s1_chunk_0|wf02_d2_chunk_0|wf02_d1_chunk_0|wf02_s3_chunk_0|wf02_s4_chunk_0,wf02_s1_chunk_0
42,110,Find the backend standard for row identifier scheme.,LlamaIndex,1,20.9902,wf02_s4_chunk_0,wf02_s1_chunk_0|wf02_s4_chunk_0
42,111,Summarise the technical decision on row identifier scheme during Database Schema,LlamaIndex,1,22.4322,wf02_s4_chunk_0|wf02_d3_chunk_0|wf02_d1_chunk_0|wf02_s1_chunk_0,wf02_s4_chunk_0
42,112,What is the final primary keys rule deployed to production after the sprint over,LlamaIndex,1,21.0511,wf02_s5_chunk_0|wf02_d1_chunk_0|wf02_d2_chunk_0,wf02_s5_chunk_0
42,113,"Was the temporary auto-incrementing integer PKs change kept, or did we revert to",LlamaIndex,1,25.6607,wf02_s3_chunk_0,wf02_s3_chunk_0|wf02_s5_chunk_0
42,114,Which document defines UUID primary keys as the approved primary keys setting?,LlamaIndex,1,19.851,wf02_s1_chunk_0|wf02_s5_chunk_0|wf02_d2_chunk_0|wf02_d1_chunk_0|wf02_d3_chunk_0,wf02_s1_chunk_0
42,115,Confirm the architecture decision that adopted UUID primary keys for Database Sc,LlamaIndex,1,20.3712,wf02_s5_chunk_0|wf02_s1_chunk_0|wf02_d3_chunk_0|wf02_d2_chunk_0|wf02_d1_chunk_0,wf02_s1_chunk_0
42,116,What is the domain boundary policy for Microservice Context?,LlamaIndex,1,19.7058,wf03_d1_chunk_0|wf03_s5_chunk_0|wf03_s1_chunk_0|wf03_d2_chunk_0|wf03_d3_chunk_0,wf03_s1_chunk_0
42,117,How is domain boundary implemented using gRPC+Protobuf?,LlamaIndex,1,19.963,wf03_s1_chunk_0|wf14_s1_chunk_0|wf14_d2_chunk_0|wf14_d3_chunk_0|wf14_d1_chunk_0,wf03_s1_chunk_0
42,118,Find the architecture standard for inter-service coupling.,LlamaIndex,1,18.3162,wf03_d3_chunk_0|wf03_s1_chunk_0|wf03_s4_chunk_0|wf03_d2_chunk_0,wf03_s1_chunk_0|wf03_s4_chunk_0
42,119,Summarise the technical decision on inter-service coupling during Microservice C,LlamaIndex,1,22.2147,wf03_d3_chunk_0|wf03_d2_chunk_0|wf03_d1_chunk_0|wf03_s1_chunk_0|wf03_s4_chunk_0,wf03_s4_chunk_0
42,120,What is the final domain boundary rule deployed to production after the sprint o,LlamaIndex,1,21.2588,wf03_s5_chunk_0,wf03_s5_chunk_0
42,121,"Was the temporary shared database schema change kept, or did we revert to the or",LlamaIndex,1,24.8505,wf03_s3_chunk_0|wf15_s4_chunk_0|wf03_d3_chunk_0,wf03_s3_chunk_0|wf03_s5_chunk_0
42,122,Which document defines strict domain boundary as the approved domain boundary se,LlamaIndex,0,21.3061,wf03_s5_chunk_0,wf03_s1_chunk_0
42,123,Confirm the architecture decision that adopted strict domain boundary for Micros,LlamaIndex,1,30.8431,wf03_s5_chunk_0|wf03_d1_chunk_0|wf03_s1_chunk_0|wf03_d3_chunk_0|wf03_d2_chunk_0,wf03_s1_chunk_0
42,124,What is the PR approvals policy for CI/CD Pipeline?,LlamaIndex,1,27.4331,wf04_d2_chunk_0|wf04_s5_chunk_0|wf04_d1_chunk_0|wf04_s1_chunk_0|wf04_d3_chunk_0,wf04_s1_chunk_0
42,125,How is PR approvals implemented using GitHub Actions?,LlamaIndex,1,19.99,wf04_s1_chunk_0|wf04_d2_chunk_0,wf04_s1_chunk_0
42,126,Find the devops standard for merge gate policy.,LlamaIndex,1,20.0875,wf04_s4_chunk_0|wf04_d3_chunk_0,wf04_s1_chunk_0|wf04_s4_chunk_0
42,127,Summarise the technical decision on merge gate policy during CI/CD Pipeline desi,LlamaIndex,1,22.4393,wf04_d3_chunk_0|wf04_s4_chunk_0|wf04_s1_chunk_0|wf04_s5_chunk_0|wf04_d2_chunk_0,wf04_s4_chunk_0
42,128,What is the final PR approvals rule deployed to production after the sprint over,LlamaIndex,1,21.7298,wf04_s5_chunk_0,wf04_s5_chunk_0
42,129,"Was the temporary admin bypass override change kept, or did we revert to the ori",LlamaIndex,0,24.0846,,wf04_s3_chunk_0|wf04_s5_chunk_0
42,130,Which document defines require 2 PR approvals as the approved PR approvals setti,LlamaIndex,1,21.402,wf04_d2_chunk_0|wf04_d1_chunk_0|wf04_s5_chunk_0|wf04_s1_chunk_0,wf04_s1_chunk_0
42,131,Confirm the architecture decision that adopted require 2 PR approvals for CI/CD ,LlamaIndex,1,21.2168,wf04_s1_chunk_0|wf04_d2_chunk_0|wf04_s5_chunk_0|wf04_d1_chunk_0|wf04_d3_chunk_0,wf04_s1_chunk_0
42,132,What is the trace sampling policy for Observability Stack?,LlamaIndex,1,19.7915,wf05_d2_chunk_0|wf05_s5_chunk_0|wf05_d1_chunk_0|wf05_s1_chunk_0|wf05_d3_chunk_0,wf05_s1_chunk_0
42,133,How is trace sampling implemented using OpenTelemetry?,LlamaIndex,1,19.176,wf05_s1_chunk_0|wf05_d2_chunk_0|wf05_s3_chunk_0|wf05_d3_chunk_0|wf05_d1_chunk_0,wf05_s1_chunk_0
42,134,Find the devops standard for telemetry capture rate.,LlamaIndex,1,19.8729,wf05_s4_chunk_0|ng_2127,wf05_s1_chunk_0|wf05_s4_chunk_0
42,135,Summarise the technical decision on telemetry capture rate during Observability ,LlamaIndex,1,23.895,wf05_s1_chunk_0|wf05_s4_chunk_0|wf05_d1_chunk_0|wf05_d3_chunk_0|wf05_s3_chunk_0,wf05_s4_chunk_0
42,136,What is the final trace sampling rule deployed to production after the sprint ov,LlamaIndex,1,22.1213,wf05_s3_chunk_0|wf05_s5_chunk_0|wf05_d2_chunk_0|wf05_d1_chunk_0|wf05_d3_chunk_0,wf05_s5_chunk_0
42,137,"Was the temporary 100% full trace sampling change kept, or did we revert to the ",LlamaIndex,1,26.2036,wf05_d2_chunk_0|wf05_s3_chunk_0|wf05_d1_chunk_0|wf05_s1_chunk_0|wf05_s5_chunk_0,wf05_s3_chunk_0|wf05_s5_chunk_0
42,138,Which document defines 10% trace sampling as the approved trace sampling setting,LlamaIndex,1,21.1143,wf05_d2_chunk_0|wf05_d1_chunk_0|wf05_s5_chunk_0|wf05_s1_chunk_0|wf05_d3_chunk_0,wf05_s1_chunk_0
42,139,Confirm the architecture decision that adopted 10% trace sampling for Observabil,LlamaIndex,1,22.8749,wf05_s1_chunk_0|wf05_d2_chunk_0|wf05_s5_chunk_0|wf05_d1_chunk_0|wf05_d3_chunk_0,wf05_s1_chunk_0
42,140,What is the rate limit policy for API Gateway Rate Limiting?,LlamaIndex,0,21.15,wf06_d2_chunk_0|wf06_s5_chunk_0|wf06_d1_chunk_0|wf06_d3_chunk_0|wf06_s4_chunk_0,wf06_s1_chunk_0
42,141,How is rate limit implemented using nginx+Lua?,LlamaIndex,1,21.3687,wf06_s1_chunk_0|wf06_s3_chunk_0|wf06_s4_chunk_0|wf06_d2_chunk_0,wf06_s1_chunk_0
42,142,Find the backend standard for inbound request throttle.,LlamaIndex,1,20.3929,wf06_s4_chunk_0|wf06_s5_chunk_0|wf06_d3_chunk_0|wf06_s1_chunk_0|wf06_d1_chunk_0,wf06_s1_chunk_0|wf06_s4_chunk_0
42,143,Summarise the technical decision on inbound request throttle during API Gateway ,LlamaIndex,1,23.5339,wf06_s4_chunk_0|wf06_d3_chunk_0|wf06_d1_chunk_0|wf06_s5_chunk_0|wf06_d2_chunk_0,wf06_s4_chunk_0
42,144,What is the final rate limit rule deployed to production after the sprint overri,LlamaIndex,1,25.2522,wf06_s3_chunk_0|wf06_s5_chunk_0,wf06_s5_chunk_0
42,145,"Was the temporary unlimited bursting change kept, or did we revert to the origin",LlamaIndex,1,30.3841,wf06_s3_chunk_0|wf06_s5_chunk_0|wf06_d3_chunk_0|wf06_d1_chunk_0,wf06_s3_chunk_0|wf06_s5_chunk_0
42,146,Which document defines 100 RPM rate limit as the approved rate limit setting?,LlamaIndex,1,21.7526,wf06_d2_chunk_0|wf06_d1_chunk_0|wf06_s1_chunk_0|wf06_d3_chunk_0|wf06_s5_chunk_0,wf06_s1_chunk_0
42,147,Confirm the architecture decision that adopted 100 RPM rate limit for API Gatewa,LlamaIndex,1,22.4132,wf06_d3_chunk_0|wf06_s5_chunk_0|wf06_d2_chunk_0|wf06_d1_chunk_0|wf06_s1_chunk_0,wf06_s1_chunk_0
42,148,What is the cache TTL policy for Distributed Caching?,LlamaIndex,1,21.3888,wf07_d2_chunk_0|wf07_s5_chunk_0|wf07_d1_chunk_0|wf07_d3_chunk_0|wf07_s1_chunk_0,wf07_s1_chunk_0
42,149,How is cache TTL implemented using redis-py?,LlamaIndex,1,20.7044,wf07_s1_chunk_0|wf07_d2_chunk_0|wf07_d3_chunk_0|wf07_s3_chunk_0|wf07_s5_chunk_0,wf07_s1_chunk_0
42,0,Passwords From: pgut1@cs.aukuni.ac.nz (Peter Gutmann) Organization: Computer Sci,Pinecone (sim),1,236.5804,wf20_s4_chunk_0|ng_1471|ng_2342|wf20_d3_chunk_0|ng_1287,ng_1287
42,1,"Problems with A/ROSE Organization: CS Department, Dortmund University, Germany L",Pinecone (sim),1,189.7934,ng_1971|ng_86|ng_976|ng_2069|ng_2115,ng_1971
42,2,mark@trident.datasys.swri.edu (Mark D. Collier) Organization: Southwest Research,Pinecone (sim),0,248.4474,ng_1767|ng_1379|ng_271|wf02_d3_chunk_0|ng_1309,ng_933
42,3,Re: Do we need the clipper for cheap security? Organization:,Pinecone (sim),0,248.1312,ng_1355|ng_209|ng_1808|ng_40|ng_1784,ng_2276
42,4,"Subject: driver ?? Organization: Sophomore, Mechanical Engineering, Carnegie Mel",Pinecone (sim),0,163.3516,ng_823|ng_2284|ng_1829|ng_2225|ng_1904,ng_1178
42,5,"Re: Once tapped, your code is no good any more.",Pinecone (sim),0,180.762,ng_691|ng_1507|ng_2254|ng_1137|ng_1700,ng_861
42,6,C++ and C for OS/2 Organization: The Internet Lines: 9,Pinecone (sim),1,225.4608,ng_1047|ng_447|ng_1684|ng_1752|ng_1020,ng_1047
42,7,"Pioneer Laser player Organization: Univ of Rochester, College of Engineering",Pinecone (sim),1,210.5283,ng_542|ng_52|ng_1088|ng_908|ng_1910,ng_542
42,8,Subject: Re: Adding VRAM to Quadra 800 ? Keywords: VRAM,Pinecone (sim),1,221.7496,ng_2049|ng_436|ng_458|ng_438|ng_1939,ng_2049
42,9,Re: opinions of RC2 alg. Reply-To: bontchev@fbihh.informatik.uni-hamburg.de Orga,Pinecone (sim),1,202.8012,ng_942|ng_257|ng_1660|ng_784|ng_1322,ng_784
42,10,Re: 24-bit Static color: will clients like it? Organization: Dept.,Pinecone (sim),1,248.127,ng_1916|ng_2072|ng_256|ng_1441|ng_1229,ng_256
42,11,Re: Clipper Chip and crypto key-escrow Organization: Memex Information Systems,Pinecone (sim),0,245.2784,ng_1021|ng_21|ng_122|ng_1771|ng_509,ng_865
42,12,FOR SALE - MACINTOSH SE/30 Organization: SRL Data Lines: 26,Pinecone (sim),1,222.5898,ng_667|ng_1685|ng_860|ng_93|ng_2302,ng_667
42,13,Subject: Sound Recording for Mac Portable? Reply-To: aa341@Freenet.carleton.ca (,Pinecone (sim),1,258.0106,ng_296|ng_1414|ng_1892|ng_1437|ng_159,ng_296
42,14,"font problem.... Organization: Department of Mathematics, Queen's University at ",Pinecone (sim),1,236.1074,ng_1064|ng_2084|ng_1252|ng_241|ng_77,ng_241
42,15,Re: text of White House announcement and Q&As on clipper,Pinecone (sim),0,194.561,ng_1331|ng_277|ng_1449|ng_1347|ng_820,ng_161
42,16,- Asleep by Night) Subject: Re: Los Angeles Freeway traffic,Pinecone (sim),1,230.3922,ng_1005|ng_2179|ng_551|ng_453|ng_2079,ng_453
42,17,"Subject: Re: Radar detector DETECTORS? Organization: Iowa State University, Ames",Pinecone (sim),1,191.4929,ng_2153|ng_292|ng_2273|ng_1688|ng_1945,ng_292
42,18,Subject: Re: electronic odometers (was: Used BMW Question ..... ???),Pinecone (sim),1,249.2469,ng_1516|ng_1292|ng_324|ng_71|ng_694,ng_1516
42,19,Re: help - how to construct home-built battery for 3rd,Pinecone (sim),1,217.6527,ng_8|ng_156|ng_870|ng_751|ng_995,ng_995
42,20,SUMMARY xon and X11R5 Nntp-Posting-Host: bobasun Organization: TI Semiconductor ,Pinecone (sim),1,218.389,ng_78|ng_524|ng_2156|ng_1573|ng_841,ng_78
42,21,Re: Radar detector DETECTORS? Nntp-Posting-Host: aisun1.ai.uga.edu Organization:,Pinecone (sim),1,206.3299,ng_2153|ng_1688|ng_2273|ng_406|ng_292,ng_2153
42,22,with Rasterops TC Colorboard From: mark@comp.vuw.ac.nz (Mark Davies) Distributio,Pinecone (sim),1,261.4234,ng_42|ng_439|ng_2251|ng_912|ng_1229,ng_42
42,23,Re: History question Organization: NASA Langley Research Center and Reptile,Pinecone (sim),0,216.6701,ng_1968|ng_1212|ng_1489|ng_1829|ng_1267,ng_1972
42,24,Subject: Re: text of White House announcement and Q&As on,Pinecone (sim),0,211.0572,ng_1724|ng_1449|ng_1124|ng_277|ng_949,ng_953
42,25,Subject: X Graphics Accelerators Organization: The Internet Lines: 7 NNTP-Postin,Pinecone (sim),1,227.0036,ng_487|ng_841|ng_1969|ng_556|ng_285,ng_841
42,26,Radar detector DETECTORS? Organization: At UT? That's a joke. Lines:,Pinecone (sim),1,241.624,ng_2153|ng_2215|ng_1688|ng_406|ng_2273,ng_2215
42,27,What is the current Rom Version shipping in Syquest drives?,Pinecone (sim),1,231.0628,ng_117|ng_1053|ng_1952|ng_1274|ng_1314,ng_117
42,28,"Any recent information on Frescoe? Organization: CenterLine Software, Inc. Lines",Pinecone (sim),1,233.7878,ng_2150|ng_819|ng_1261|ng_1333|ng_74,ng_2150
42,29,Re: Off the shelf cheap DES keyseach machine Organization: AT&T,Pinecone (sim),0,239.519,ng_763|ng_2091|ng_2341|ng_317|ng_399,ng_702
42,30,Re: Los Angeles Freeway traffic reports Organization: RAND Lines: 29,Pinecone (sim),1,286.0549,ng_1005|ng_2179|ng_551|ng_453|ng_1918,ng_1005
42,31,"Re: Pgp, PEM, and RFC's (Was: Cryptography Patents) Organization: Oce",Pinecone (sim),0,214.4722,ng_1433|ng_1998|ng_38|ng_109|ng_736,ng_707
42,32,"Re: Conductive Plastic, what happened? Organization: Litton Systems, Toronto ONT",Pinecone (sim),1,209.6884,ng_1496|ng_697|ng_400|ng_1644|ng_1904,ng_1496
42,33,Subscription Organization: The Internet Lines: 7 To: xpert@expo.lcs.mit.edu Plea,Pinecone (sim),0,200.9527,ng_1379|ng_1476|ng_255|ng_744|ng_2284,ng_368
42,34,"do Nuclear Site's Cooling Towers do? Organization: University of Technology,",Pinecone (sim),1,238.8771,ng_2032|ng_1767|ng_1728|ng_12|ng_1921,ng_1921
42,35,Subject: Re: Centris Cache & Bernoulli Box Article-I.D.: snll-arp.519 Distributi,Pinecone (sim),1,261.1619,ng_2250|ng_690|wf07_d2_chunk_0|ng_603|wf07_s1_chunk_0,ng_2250
42,36,Subject: 40MHZ Oscilloscope FOR SALE Organization: NETCOM On-line Communication ,Pinecone (sim),1,220.2289,ng_757|ng_2110|ng_728|ng_2127|ng_1113,ng_757
42,37,Re: Do we need the clipper for cheap security? Organization:,Pinecone (sim),0,195.1664,ng_1355|ng_209|ng_1808|ng_40|ng_1784,ng_895
42,38,XWindows always opaque Summary: is there a way for a,Pinecone (sim),1,195.2493,ng_1779|ng_1466|ng_430|ng_2319|ng_264,ng_1779
42,39,"Re: The battle is joined Organization: Harvey Mudd College, Claremont,",Pinecone (sim),1,239.9821,ng_1267|ng_2205|ng_470|ng_744|ng_976,ng_470
42,40,Re: The [secret] source of that announcement Lines: 19 Even,Pinecone (sim),0,242.0008,ng_1565|ng_1829|ng_1332|ng_1489|ng_2131,ng_2083
42,41,"Re: Once tapped, your code is no good any more.",Pinecone (sim),0,236.2031,ng_691|ng_1507|ng_2254|ng_1137|ng_1700,ng_658
42,42,color on button on enter window. Distribution: usa Organization: UB,Pinecone (sim),1,200.5002,ng_1666|ng_1545|ng_745|ng_210|ng_320,ng_1666
42,43,Re: Q: How to avoid XOpenDisplay hang? Keywords: Xlib Article-I.D.:,Pinecone (sim),1,231.575,ng_1374|ng_55|ng_1915|ng_1093|ng_1655,ng_55
42,44,Re: Radar detector DETECTORS? Organization: U of Toronto Zoology Lines:,Pinecone (sim),1,223.4263,ng_1945|ng_2257|ng_1688|ng_2273|ng_1676,ng_2257
42,45,"Subject: Re: Facinating facts: 30 bit serial number, possibly fixed",Pinecone (sim),0,227.063,ng_1970|ng_867|ng_913|ng_732|ng_1909,ng_56
42,46,CSC) Subject: Re: Monthly Question about XCopyArea() and Expose Events,Pinecone (sim),1,248.5617,ng_970|ng_1367|ng_578|ng_1713|ng_163,ng_970
42,47,"Xarchie-2.0 available on export Organization: Department of Computer Science, Un",Pinecone (sim),1,228.7979,ng_6|ng_1076|ng_2125|ng_655|ng_771,ng_6
42,48,"Re: Trace size for a 15 Amp supply Organization: SSC,",Pinecone (sim),1,240.0912,ng_111|ng_828|ng_1405|wf05_d2_chunk_0|wf05_d1_chunk_0,ng_828
42,49,Subject: Need diode model for PSpice Organization: University at Buffalo,Pinecone (sim),1,222.936,ng_541|ng_400|ng_1767|ng_1904|ng_1644,ng_541
42,50,"icon pixmap problem... Keywords: icon, motif, openlook Nntp-Posting-Host: dale.s",Pinecone (sim),1,238.0423,ng_208|ng_891|ng_1936|ng_649|ng_2148,ng_208
42,51,Need pinouts for a G8870 dtmf decoder chip Organization: NETCOM,Pinecone (sim),1,241.1454,ng_1451|ng_1373|ng_1514|ng_1844|ng_666,ng_1451
42,52,Re: Help wanted Organization: Macquarie University Lines: 54 Distribution: world,Pinecone (sim),0,176.0811,ng_1277|ng_1252|ng_976|ng_744|ng_98,ng_1544
42,53,"Re: Clipper chip -- technical details Organization: Computer Science Dept,",Pinecone (sim),0,210.6097,ng_1674|ng_410|ng_383|ng_2067|ng_953,ng_1397
42,54,Re: x86 ~= 680x0 ?? (How do they compare?) Distribution:,Pinecone (sim),0,208.8201,ng_2299|ng_173|ng_1081|ng_685|ng_1645,ng_2168
42,55,"Subject: Don't fight Clipper Chip, subvert or replace it !",Pinecone (sim),0,202.1263,ng_1288|ng_1378|ng_1674|ng_953|ng_1874,ng_485
42,56,"cheap products? Organization: Stratus Computer, Marlboro Ma. Lines: 22 NNTP-Post",Pinecone (sim),0,217.4666,ng_959|ng_1953|ng_1427|ng_387|ng_1612,ng_686
42,57,"Re: Asynchronous X Windows? Organization: CenterLine Software, Inc. Lines: 45",Pinecone (sim),1,268.5226,ng_866|ng_1116|ng_1171|ng_116|ng_894,ng_866
42,58,Re: Radio Electronics Free information card Nntp-Posting-Host: bopper2.phx.mcd.m,Pinecone (sim),1,203.6982,ng_65|ng_1879|ng_2279|ng_2286|ng_1140,ng_1879
42,59,Re: HP DeskWriter 550C...Opinions? Feedback! In-Reply-To: phil@csc.liv.ac.uk's m,Pinecone (sim),1,258.5485,ng_1365|ng_2275|ng_1804|ng_842|ng_1910,ng_2275
42,60,"Re: Pgp, PEM, and RFC's (Was: Cryptography Patents) Organization: Oce",Pinecone (sim),1,173.1268,ng_1433|ng_1998|ng_38|ng_109|ng_736,ng_109
42,61,up cable tv with an aerial. Lines: 37 Nntp-Posting-Host: wcsub.ctstateu.edu,Pinecone (sim),1,216.781,ng_1942|ng_2009|ng_2078|ng_2159|ng_1301,ng_2009
42,62,"Subject: Athena Widgets Organization: University of North Dakota; Grand Forks,",Pinecone (sim),1,225.4982,ng_328|ng_351|ng_1379|ng_1276|ng_1829,ng_328
42,63,Re: Laser vs Bubblejet? Organization: Northeastern Ohio Universities College of,Pinecone (sim),0,237.4647,ng_1293|ng_1033|ng_52|ng_219|ng_908,ng_2263
42,64,Subject: 10th International Obfuscated C Code Contest Opening (part 2,Pinecone (sim),1,241.2958,ng_14|ng_1157|ng_187|ng_447|ng_1577,ng_14
42,65,Subject: Re: Stereo sound problem (?) on mac games Organization:,Pinecone (sim),1,244.101,ng_1414|ng_1437|ng_355|ng_1607|ng_2044,ng_1414
42,66,Re: Honors Degrees: Do they mean anything? Organization: Ford Motor,Pinecone (sim),1,209.2879,ng_823|ng_1735|ng_474|ng_744|ng_2308,ng_823
42,67,Radar detector DETECTORS? Organization: TRIUMF: Tri-University Meson Facility Li,Pinecone (sim),1,208.3073,ng_2153|ng_1688|ng_2273|ng_292|ng_1676,ng_1688
42,68,Subject: X Error of failed request: BadPixmap (invalid Pixmap parameter),Pinecone (sim),1,248.5828,ng_649|ng_1732|ng_1554|ng_1304|ng_1837,ng_649
42,69,"Re: Once tapped, your code is no good any more.",Pinecone (sim),0,213.5736,ng_691|ng_1507|ng_2254|ng_1137|ng_1700,ng_1035
42,70,Re: Clipper chip -- technical details Organization: AT&T Bell Laboratories,Pinecone (sim),0,194.3938,ng_1448|ng_1674|ng_383|ng_2061|ng_849,ng_253
42,71,Re: Clipper considered harmful Organization: Express Access Online Communication,Pinecone (sim),0,191.9327,ng_726|ng_339|ng_1599|ng_1192|ng_772,ng_411
42,72,Subject: Re: Off the shelf cheap DES keyseach machine (Was:,Pinecone (sim),0,195.6037,ng_763|ng_466|ng_1439|ng_2294|ng_139,ng_344
42,73,Subject: Re: Forcing a window manager to accept specific coordinates,Pinecone (sim),0,239.5065,ng_1099|ng_1538|ng_847|ng_1197|ng_704,ng_1090
42,74,parking HD heads when iddle Nntp-Posting-Host: mvs.oac.ucla.edu Lines: 8 The,Pinecone (sim),1,231.0082,ng_1272|ng_2079|ng_235|ng_676|ng_1374,ng_1272
42,75,"Subject: Re: Motif vs. [Athena, etc.] Organization: Bond University, AUSTRALIA",Pinecone (sim),1,243.1533,ng_2013|ng_859|ng_5|ng_158|ng_2304,ng_2013
42,76,Subject: xcursor4.1 Organization: National Center for Atmospheric Research Lines,Pinecone (sim),1,209.3628,ng_843|ng_378|ng_1000|ng_1968|ng_767,ng_843
42,77,"Re: subliminal message flashing on TV Organization: Hewlett-Packard, Fort Collin",Pinecone (sim),1,227.4519,ng_2327|ng_1432|ng_1046|ng_1318|ng_205,ng_1318
42,78,Quadras VRAM Question X-Xxmessage-Id: <A7F4F033E3012026@planet.imag.fr> X-Xxdate,Pinecone (sim),1,250.8686,ng_458|ng_978|ng_436|ng_1344|ng_2049,ng_458
42,79,Re: How to the disks copy protected. Originator: sehari@du139-213.cc.iastate.edu,Pinecone (sim),1,217.3497,ng_2206|ng_2207|ng_2192|ng_775|ng_848,ng_2207
42,80,Re: Secret algorithm [Re: Clipper Chip and crypto key-escrow] Organization:,Pinecone (sim),1,237.0428,ng_509|ng_21|ng_1382|ng_1021|ng_122,ng_21
42,81,Subject: Real-Time Data Display Tool Organization: University of Michigan Engine,Pinecone (sim),1,200.2332,ng_1901|ng_894|ng_634|ng_1333|ng_461,ng_1901
42,82,R4 Version of xrecplay Reply-To: mccoy@gothamcity.jsc.nasa.gov Organization: I-N,Pinecone (sim),1,216.9136,ng_378|ng_1573|ng_1266|ng_2140|ng_2156,ng_378
42,83,Re: Analog switches/Balanced Demodulators Distribution: na Organization: Univers,Pinecone (sim),1,210.477,ng_984|ng_934|ng_1362|ng_1818|ng_665,ng_934
42,84,"Salomon Brothers Inc., NY ) Subject: Re: Source of random",Pinecone (sim),0,184.9598,ng_1829|ng_1489|ng_976|ng_1415|ng_147,ng_1634
42,85,"PSI Comstation 5 Organization: the ModemLink Network, Long Island, New",Pinecone (sim),1,235.9166,ng_1004|ng_2027|ng_483|ng_490|ng_444,ng_1004
42,86,how to boot from ext HD on power on ?,Pinecone (sim),1,205.8136,ng_1533|ng_2316|ng_1396|ng_2149|ng_1821,ng_1533
42,87,Subject: [EFF] Initial EFF Analysis of Clinton Privacy and Security,Pinecone (sim),1,220.7605,ng_949|ng_1389|ng_1944|ng_1560|ng_213,ng_1389
42,88,Re: How does it really work? (was Re: text of,Pinecone (sim),0,233.945,ng_611|ng_1332|ng_2253|ng_1212|ng_1194,ng_377
42,89,re: WH announcement Reply-To: tuinstra@sunspot.ece.clarkson.edu.soe Organization,Pinecone (sim),0,243.3473,ng_1765|ng_1084|ng_2018|ng_2336|ng_1143,ng_1123
42,90,player going wonky - advise needed ! Lines: 18 Organization:,Pinecone (sim),0,240.0567,ng_596|ng_1829|ng_1086|ng_83|ng_86,ng_593
42,91,"Racet Optical Organization: Computer Science Department, Boston University, Bost",Pinecone (sim),0,218.7967,ng_1803|ng_2251|ng_1052|ng_151|ng_1862,ng_1656
42,92,Video cable options X-Xxmessage-Id: <A7F4A7E9FF0200ED@kimball-pc-316.stanford.ed,Pinecone (sim),1,222.8664,ng_1148|ng_87|ng_1161|ng_818|ng_25,ng_1148
42,93,Re: DESQview/X on a PC? Organization: AOTC - CSSC Lines:,Pinecone (sim),1,221.0919,ng_1790|ng_1608|ng_818|ng_116|ng_1283,ng_1790
42,94,"german keyboard, X11R5 and Sparc Nntp-Posting-Host: polaris.informatik.uni-essen",Pinecone (sim),1,182.7014,ng_106|ng_1576|ng_1826|ng_2156|ng_289,ng_106
42,95,Re: chip / chipset for code 39 barcode? Organization: Brock,Pinecone (sim),1,178.1068,ng_142|ng_190|ng_489|ng_1085|ng_913,ng_142
42,96,"Subject: Re: Once tapped, your code is no good any",Pinecone (sim),0,181.7093,ng_2254|ng_691|ng_1700|ng_1385|ng_2131,ng_1051
42,97,Subject: Re: Off the shelf cheap DES keyseach machine (Was:,Pinecone (sim),0,191.5365,ng_763|ng_466|ng_1439|ng_2294|ng_139,ng_1377
42,98,Re: text of White House announcement and Q&As on clipper,Pinecone (sim),0,232.2671,ng_1331|ng_277|ng_1449|ng_1347|ng_820,ng_110
42,99,Re: How do they know what keys to ask for?,Pinecone (sim),1,192.8225,ng_699|ng_381|ng_1101|ng_1584|ng_617,ng_699
42,100,What is the JWT expiry policy for JWT Authentication?,Pinecone (sim),1,208.3255,wf01_s5_chunk_0|wf01_s1_chunk_0|wf01_d1_chunk_0|wf01_d2_chunk_0|wf01_d3_chunk_0,wf01_s1_chunk_0
42,101,How is JWT expiry implemented using PyJWT+Redis?,Pinecone (sim),1,262.2136,wf01_s1_chunk_0|wf01_s3_chunk_0|wf01_s4_chunk_0|wf01_d2_chunk_0|wf01_s5_chunk_0,wf01_s1_chunk_0
42,102,Find the backend standard for session token lifetime.,Pinecone (sim),1,208.159,wf01_d3_chunk_0|wf01_d2_chunk_0|wf01_s1_chunk_0|wf01_s5_chunk_0|wf01_s3_chunk_0,wf01_s1_chunk_0|wf01_s4_chunk_0
42,103,Summarise the technical decision on session token lifetime during JWT Authentica,Pinecone (sim),0,242.8521,wf01_d3_chunk_0|wf01_d2_chunk_0|wf01_s5_chunk_0|wf01_d1_chunk_0|wf01_s1_chunk_0,wf01_s4_chunk_0
42,104,What is the final JWT expiry rule deployed to production after the sprint overri,Pinecone (sim),1,194.7104,wf01_s5_chunk_0|wf01_s3_chunk_0|wf01_s1_chunk_0|wf01_d1_chunk_0|wf01_d2_chunk_0,wf01_s5_chunk_0
42,105,"Was the temporary 60-minute expiry change kept, or did we revert to the original",Pinecone (sim),1,218.6685,wf01_d2_chunk_0|wf01_d3_chunk_0|wf01_d1_chunk_0|wf01_s5_chunk_0|wf01_s3_chunk_0,wf01_s3_chunk_0|wf01_s5_chunk_0
42,106,Which document defines 15-minute expiry as the approved JWT expiry setting?,Pinecone (sim),1,194.389,wf01_d1_chunk_0|wf01_s5_chunk_0|wf01_d2_chunk_0|wf01_s1_chunk_0|wf01_s3_chunk_0,wf01_s1_chunk_0
42,107,Confirm the architecture decision that adopted 15-minute expiry for JWT Authenti,Pinecone (sim),1,212.0732,wf01_s5_chunk_0|wf01_d1_chunk_0|wf01_s1_chunk_0|wf01_d2_chunk_0|wf01_d3_chunk_0,wf01_s1_chunk_0
42,108,What is the primary keys policy for Database Schema?,Pinecone (sim),1,244.9467,wf02_d1_chunk_0|wf02_d2_chunk_0|wf02_s5_chunk_0|wf02_s1_chunk_0|wf02_d3_chunk_0,wf02_s1_chunk_0
42,109,How is primary keys implemented using Alembic+PostgreSQL?,Pinecone (sim),1,168.6981,wf02_s1_chunk_0|wf02_d2_chunk_0|wf02_d1_chunk_0|wf02_s3_chunk_0|wf02_s4_chunk_0,wf02_s1_chunk_0
42,110,Find the backend standard for row identifier scheme.,Pinecone (sim),1,232.6138,wf02_s4_chunk_0|wf02_s1_chunk_0|wf02_d3_chunk_0|wf02_d2_chunk_0|ng_1395,wf02_s1_chunk_0|wf02_s4_chunk_0
42,111,Summarise the technical decision on row identifier scheme during Database Schema,Pinecone (sim),1,228.7698,wf02_s4_chunk_0|wf02_d3_chunk_0|wf02_d1_chunk_0|wf02_s1_chunk_0|wf02_d2_chunk_0,wf02_s4_chunk_0
42,112,What is the final primary keys rule deployed to production after the sprint over,Pinecone (sim),1,202.733,wf02_s5_chunk_0|wf02_d1_chunk_0|wf02_d2_chunk_0|wf02_s1_chunk_0|wf02_s3_chunk_0,wf02_s5_chunk_0
42,113,"Was the temporary auto-incrementing integer PKs change kept, or did we revert to",Pinecone (sim),1,184.1957,wf02_s3_chunk_0|wf02_s5_chunk_0|wf02_s1_chunk_0|wf02_d3_chunk_0|ng_637,wf02_s3_chunk_0|wf02_s5_chunk_0
42,114,Which document defines UUID primary keys as the approved primary keys setting?,Pinecone (sim),1,227.5388,wf02_s1_chunk_0|wf02_s5_chunk_0|wf02_d2_chunk_0|wf02_d1_chunk_0|wf02_d3_chunk_0,wf02_s1_chunk_0
42,115,Confirm the architecture decision that adopted UUID primary keys for Database Sc,Pinecone (sim),1,215.4076,wf02_s5_chunk_0|wf02_s1_chunk_0|wf02_d3_chunk_0|wf02_d2_chunk_0|wf02_d1_chunk_0,wf02_s1_chunk_0
42,116,What is the domain boundary policy for Microservice Context?,Pinecone (sim),1,231.3211,wf03_d1_chunk_0|wf03_s5_chunk_0|wf03_s1_chunk_0|wf03_d2_chunk_0|wf03_d3_chunk_0,wf03_s1_chunk_0
42,117,How is domain boundary implemented using gRPC+Protobuf?,Pinecone (sim),1,221.2087,wf03_s1_chunk_0|wf14_s1_chunk_0|wf14_d2_chunk_0|wf14_d3_chunk_0|wf14_d1_chunk_0,wf03_s1_chunk_0
42,118,Find the architecture standard for inter-service coupling.,Pinecone (sim),1,267.1934,wf03_d3_chunk_0|wf03_s1_chunk_0|wf03_s4_chunk_0|wf03_d2_chunk_0|wf19_s4_chunk_0,wf03_s1_chunk_0|wf03_s4_chunk_0
42,119,Summarise the technical decision on inter-service coupling during Microservice C,Pinecone (sim),1,214.2868,wf03_d3_chunk_0|wf03_d2_chunk_0|wf03_d1_chunk_0|wf03_s1_chunk_0|wf03_s4_chunk_0,wf03_s4_chunk_0
42,120,What is the final domain boundary rule deployed to production after the sprint o,Pinecone (sim),1,189.9009,wf03_s5_chunk_0|wf03_d1_chunk_0|wf04_s3_chunk_0|wf15_s3_chunk_0|wf18_s3_chunk_0,wf03_s5_chunk_0
42,121,"Was the temporary shared database schema change kept, or did we revert to the or",Pinecone (sim),1,228.5339,wf03_s3_chunk_0|wf15_s4_chunk_0|wf03_d3_chunk_0|wf15_d3_chunk_0|wf15_s3_chunk_0,wf03_s3_chunk_0|wf03_s5_chunk_0
42,122,Which document defines strict domain boundary as the approved domain boundary se,Pinecone (sim),1,226.2745,wf03_s5_chunk_0|wf03_s1_chunk_0|wf03_d1_chunk_0|wf16_d1_chunk_0|wf04_s5_chunk_0,wf03_s1_chunk_0
42,123,Confirm the architecture decision that adopted strict domain boundary for Micros,Pinecone (sim),1,261.8525,wf03_s5_chunk_0|wf03_d1_chunk_0|wf03_s1_chunk_0|wf03_d3_chunk_0|wf03_d2_chunk_0,wf03_s1_chunk_0
42,124,What is the PR approvals policy for CI/CD Pipeline?,Pinecone (sim),1,244.5592,wf04_d2_chunk_0|wf04_s5_chunk_0|wf04_d1_chunk_0|wf04_s1_chunk_0|wf04_d3_chunk_0,wf04_s1_chunk_0
42,125,How is PR approvals implemented using GitHub Actions?,Pinecone (sim),1,230.2791,wf04_s1_chunk_0|wf04_d2_chunk_0|wf04_s5_chunk_0|wf04_d1_chunk_0|ng_628,wf04_s1_chunk_0
42,126,Find the devops standard for merge gate policy.,Pinecone (sim),1,262.2008,wf04_s4_chunk_0|wf04_d3_chunk_0|wf04_s1_chunk_0|wf04_s5_chunk_0|wf19_s5_chunk_0,wf04_s1_chunk_0|wf04_s4_chunk_0
42,127,Summarise the technical decision on merge gate policy during CI/CD Pipeline desi,Pinecone (sim),1,186.2096,wf04_d3_chunk_0|wf04_s4_chunk_0|wf04_s1_chunk_0|wf04_s5_chunk_0|wf04_d2_chunk_0,wf04_s4_chunk_0
42,128,What is the final PR approvals rule deployed to production after the sprint over,Pinecone (sim),1,202.3021,wf04_s5_chunk_0|wf04_s3_chunk_0|wf04_d1_chunk_0|wf05_s3_chunk_0|wf04_d2_chunk_0,wf04_s5_chunk_0
42,129,"Was the temporary admin bypass override change kept, or did we revert to the ori",Pinecone (sim),1,197.3151,wf04_s3_chunk_0|wf19_s5_chunk_0|wf15_s5_chunk_0|wf16_s3_chunk_0|wf01_s5_chunk_0,wf04_s3_chunk_0|wf04_s5_chunk_0
42,130,Which document defines require 2 PR approvals as the approved PR approvals setti,Pinecone (sim),1,209.8468,wf04_d2_chunk_0|wf04_d1_chunk_0|wf04_s5_chunk_0|wf04_s1_chunk_0|wf16_d1_chunk_0,wf04_s1_chunk_0
42,131,Confirm the architecture decision that adopted require 2 PR approvals for CI/CD ,Pinecone (sim),1,180.3749,wf04_s1_chunk_0|wf04_d2_chunk_0|wf04_s5_chunk_0|wf04_d1_chunk_0|wf04_d3_chunk_0,wf04_s1_chunk_0
42,132,What is the trace sampling policy for Observability Stack?,Pinecone (sim),1,239.0826,wf05_d2_chunk_0|wf05_s5_chunk_0|wf05_d1_chunk_0|wf05_s1_chunk_0|wf05_d3_chunk_0,wf05_s1_chunk_0
42,133,How is trace sampling implemented using OpenTelemetry?,Pinecone (sim),1,212.9765,wf05_s1_chunk_0|wf05_d2_chunk_0|wf05_s3_chunk_0|wf05_d3_chunk_0|wf05_d1_chunk_0,wf05_s1_chunk_0
42,134,Find the devops standard for telemetry capture rate.,Pinecone (sim),1,176.1448,wf05_s4_chunk_0|ng_2127|wf05_s1_chunk_0|wf05_d2_chunk_0|wf05_d1_chunk_0,wf05_s1_chunk_0|wf05_s4_chunk_0
42,135,Summarise the technical decision on telemetry capture rate during Observability ,Pinecone (sim),1,193.0271,wf05_s1_chunk_0|wf05_s4_chunk_0|wf05_d1_chunk_0|wf05_d3_chunk_0|wf05_s3_chunk_0,wf05_s4_chunk_0
42,136,What is the final trace sampling rule deployed to production after the sprint ov,Pinecone (sim),1,230.7265,wf05_s3_chunk_0|wf05_s5_chunk_0|wf05_d2_chunk_0|wf05_d1_chunk_0|wf05_d3_chunk_0,wf05_s5_chunk_0
42,137,"Was the temporary 100% full trace sampling change kept, or did we revert to the ",Pinecone (sim),1,250.5293,wf05_d2_chunk_0|wf05_s3_chunk_0|wf05_d1_chunk_0|wf05_s1_chunk_0|wf05_s5_chunk_0,wf05_s3_chunk_0|wf05_s5_chunk_0
42,138,Which document defines 10% trace sampling as the approved trace sampling setting,Pinecone (sim),1,280.3501,wf05_d2_chunk_0|wf05_d1_chunk_0|wf05_s5_chunk_0|wf05_s1_chunk_0|wf05_d3_chunk_0,wf05_s1_chunk_0
42,139,Confirm the architecture decision that adopted 10% trace sampling for Observabil,Pinecone (sim),1,309.4438,wf05_s1_chunk_0|wf05_d2_chunk_0|wf05_s5_chunk_0|wf05_d1_chunk_0|wf05_d3_chunk_0,wf05_s1_chunk_0
42,140,What is the rate limit policy for API Gateway Rate Limiting?,Pinecone (sim),0,232.4894,wf06_d2_chunk_0|wf06_s5_chunk_0|wf06_d1_chunk_0|wf06_d3_chunk_0|wf06_s4_chunk_0,wf06_s1_chunk_0
42,141,How is rate limit implemented using nginx+Lua?,Pinecone (sim),1,190.3274,wf06_s1_chunk_0|wf06_s3_chunk_0|wf06_s4_chunk_0|wf06_d2_chunk_0|wf06_d1_chunk_0,wf06_s1_chunk_0
42,142,Find the backend standard for inbound request throttle.,Pinecone (sim),1,155.6556,wf06_s4_chunk_0|wf06_s5_chunk_0|wf06_d3_chunk_0|wf06_s1_chunk_0|wf06_d1_chunk_0,wf06_s1_chunk_0|wf06_s4_chunk_0
42,143,Summarise the technical decision on inbound request throttle during API Gateway ,Pinecone (sim),1,230.5378,wf06_s4_chunk_0|wf06_d3_chunk_0|wf06_d1_chunk_0|wf06_s5_chunk_0|wf06_d2_chunk_0,wf06_s4_chunk_0
42,144,What is the final rate limit rule deployed to production after the sprint overri,Pinecone (sim),1,198.1393,wf06_s3_chunk_0|wf06_s5_chunk_0|wf06_d1_chunk_0|wf06_d2_chunk_0|wf06_s1_chunk_0,wf06_s5_chunk_0
42,145,"Was the temporary unlimited bursting change kept, or did we revert to the origin",Pinecone (sim),1,210.7558,wf06_s3_chunk_0|wf06_s5_chunk_0|wf06_d3_chunk_0|wf06_d1_chunk_0|wf06_s4_chunk_0,wf06_s3_chunk_0|wf06_s5_chunk_0
42,146,Which document defines 100 RPM rate limit as the approved rate limit setting?,Pinecone (sim),1,202.3537,wf06_d2_chunk_0|wf06_d1_chunk_0|wf06_s1_chunk_0|wf06_d3_chunk_0|wf06_s5_chunk_0,wf06_s1_chunk_0
42,147,Confirm the architecture decision that adopted 100 RPM rate limit for API Gatewa,Pinecone (sim),1,218.8415,wf06_d3_chunk_0|wf06_s5_chunk_0|wf06_d2_chunk_0|wf06_d1_chunk_0|wf06_s1_chunk_0,wf06_s1_chunk_0
42,148,What is the cache TTL policy for Distributed Caching?,Pinecone (sim),1,252.1613,wf07_d2_chunk_0|wf07_s5_chunk_0|wf07_d1_chunk_0|wf07_d3_chunk_0|wf07_s1_chunk_0,wf07_s1_chunk_0
42,149,How is cache TTL implemented using redis-py?,Pinecone (sim),1,224.2337,wf07_s1_chunk_0|wf07_d2_chunk_0|wf07_d3_chunk_0|wf07_s3_chunk_0|wf07_s5_chunk_0,wf07_s1_chunk_0
42,0,Passwords From: pgut1@cs.aukuni.ac.nz (Peter Gutmann) Organization: Computer Sci,CogniSync (Hybrid),1,33.4903,wf20_s4_chunk_0|ng_1471|ng_2342|wf20_d3_chunk_0|ng_1287,ng_1287
42,1,"Problems with A/ROSE Organization: CS Department, Dortmund University, Germany L",CogniSync (Hybrid),1,25.1144,ng_1971|ng_2069|ng_86|ng_976|ng_2115,ng_1971
42,2,mark@trident.datasys.swri.edu (Mark D. Collier) Organization: Southwest Research,CogniSync (Hybrid),0,30.5753,ng_1767|ng_1379|ng_271|wf02_d3_chunk_0|ng_1935,ng_933
42,3,Re: Do we need the clipper for cheap security? Organization:,CogniSync (Hybrid),0,26.7691,ng_1355|ng_209|ng_1808|ng_40|ng_1784,ng_2276
42,4,"Subject: driver ?? Organization: Sophomore, Mechanical Engineering, Carnegie Mel",CogniSync (Hybrid),0,24.3622,ng_823|ng_2284|ng_1829|ng_2225|ng_1904,ng_1178
42,5,"Re: Once tapped, your code is no good any more.",CogniSync (Hybrid),0,25.4749,ng_691|ng_1507|ng_1137|ng_1700|ng_2254,ng_861
42,6,C++ and C for OS/2 Organization: The Internet Lines: 9,CogniSync (Hybrid),1,24.7696,ng_1047|ng_447|ng_1684|ng_1752|ng_1020,ng_1047
42,7,"Pioneer Laser player Organization: Univ of Rochester, College of Engineering",CogniSync (Hybrid),1,27.3653,ng_542|ng_52|ng_908|ng_1201|ng_1910,ng_542
42,8,Subject: Re: Adding VRAM to Quadra 800 ? Keywords: VRAM,CogniSync (Hybrid),1,24.765,ng_2049|ng_436|ng_458|ng_438|ng_988,ng_2049
42,9,Re: opinions of RC2 alg. Reply-To: bontchev@fbihh.informatik.uni-hamburg.de Orga,CogniSync (Hybrid),1,35.1207,ng_942|ng_784|ng_1660|ng_257|ng_1322,ng_784
42,10,Re: 24-bit Static color: will clients like it? Organization: Dept.,CogniSync (Hybrid),1,30.7167,ng_1916|ng_256|ng_2072|ng_1441|ng_1229,ng_256
42,11,Re: Clipper Chip and crypto key-escrow Organization: Memex Information Systems,CogniSync (Hybrid),0,27.7551,ng_122|ng_1021|ng_21|ng_1771|ng_509,ng_865
42,12,FOR SALE - MACINTOSH SE/30 Organization: SRL Data Lines: 26,CogniSync (Hybrid),1,23.9547,ng_667|ng_1685|ng_860|ng_93|ng_757,ng_667
42,13,Subject: Sound Recording for Mac Portable? Reply-To: aa341@Freenet.carleton.ca (,CogniSync (Hybrid),1,29.3226,ng_296|ng_1414|ng_1892|ng_1437|ng_1965,ng_296
42,14,"font problem.... Organization: Department of Mathematics, Queen's University at ",CogniSync (Hybrid),1,28.1129,ng_1064|ng_2084|ng_1252|ng_241|ng_586,ng_241
42,15,Re: text of White House announcement and Q&As on clipper,CogniSync (Hybrid),0,25.7832,ng_1331|ng_277|ng_1449|ng_849|ng_1347,ng_161
42,16,- Asleep by Night) Subject: Re: Los Angeles Freeway traffic,CogniSync (Hybrid),1,24.0204,ng_1005|ng_2179|ng_551|ng_453|ng_2079,ng_453
42,17,"Subject: Re: Radar detector DETECTORS? Organization: Iowa State University, Ames",CogniSync (Hybrid),1,24.9444,ng_2153|ng_292|ng_2273|ng_1688|ng_1945,ng_292
42,18,Subject: Re: electronic odometers (was: Used BMW Question ..... ???),CogniSync (Hybrid),1,29.521,ng_1516|ng_324|ng_1292|ng_71|ng_694,ng_1516
42,19,Re: help - how to construct home-built battery for 3rd,CogniSync (Hybrid),0,23.2113,ng_8|ng_156|ng_870|ng_751|ng_419,ng_995
42,20,SUMMARY xon and X11R5 Nntp-Posting-Host: bobasun Organization: TI Semiconductor ,CogniSync (Hybrid),1,29.7976,ng_78|ng_524|ng_2156|ng_1573|ng_841,ng_78
42,21,Re: Radar detector DETECTORS? Nntp-Posting-Host: aisun1.ai.uga.edu Organization:,CogniSync (Hybrid),1,30.0063,ng_2153|ng_1688|ng_2273|ng_406|ng_292,ng_2153
42,22,with Rasterops TC Colorboard From: mark@comp.vuw.ac.nz (Mark Davies) Distributio,CogniSync (Hybrid),1,28.4945,ng_42|ng_439|ng_2251|ng_912|ng_1229,ng_42
42,23,Re: History question Organization: NASA Langley Research Center and Reptile,CogniSync (Hybrid),0,30.9563,ng_1968|ng_1212|ng_1489|ng_48|ng_1829,ng_1972
42,24,Subject: Re: text of White House announcement and Q&As on,CogniSync (Hybrid),0,28.1288,ng_1724|ng_1449|ng_1124|ng_277|ng_1504,ng_953
42,25,Subject: X Graphics Accelerators Organization: The Internet Lines: 7 NNTP-Postin,CogniSync (Hybrid),1,28.6665,ng_487|ng_841|ng_1969|ng_556|ng_285,ng_841
42,26,Radar detector DETECTORS? Organization: At UT? That's a joke. Lines:,CogniSync (Hybrid),1,28.5431,ng_2153|ng_2215|ng_1688|ng_406|ng_2273,ng_2215
42,27,What is the current Rom Version shipping in Syquest drives?,CogniSync (Hybrid),1,35.7194,ng_117|ng_1053|ng_1952|ng_1274|ng_1314,ng_117
42,28,"Any recent information on Frescoe? Organization: CenterLine Software, Inc. Lines",CogniSync (Hybrid),1,26.0025,ng_2150|ng_819|ng_1261|ng_1839|ng_1333,ng_2150
42,29,Re: Off the shelf cheap DES keyseach machine Organization: AT&T,CogniSync (Hybrid),0,25.9164,ng_763|ng_2091|ng_2341|ng_399|ng_317,ng_702
42,30,Re: Los Angeles Freeway traffic reports Organization: RAND Lines: 29,CogniSync (Hybrid),1,24.1439,ng_1005|ng_2179|ng_551|ng_453|ng_2079,ng_1005
42,31,"Re: Pgp, PEM, and RFC's (Was: Cryptography Patents) Organization: Oce",CogniSync (Hybrid),0,29.8625,ng_1433|ng_109|ng_38|ng_736|ng_1998,ng_707
42,32,"Re: Conductive Plastic, what happened? Organization: Litton Systems, Toronto ONT",CogniSync (Hybrid),1,28.7158,ng_1496|ng_697|ng_400|ng_995|ng_1644,ng_1496
42,33,Subscription Organization: The Internet Lines: 7 To: xpert@expo.lcs.mit.edu Plea,CogniSync (Hybrid),0,28.0989,ng_1379|ng_1476|ng_255|ng_744|ng_2284,ng_368
42,34,"do Nuclear Site's Cooling Towers do? Organization: University of Technology,",CogniSync (Hybrid),1,23.612,ng_1728|ng_2032|ng_1767|ng_12|ng_1921,ng_1921
42,35,Subject: Re: Centris Cache & Bernoulli Box Article-I.D.: snll-arp.519 Distributi,CogniSync (Hybrid),1,30.5166,ng_2250|ng_690|wf07_d2_chunk_0|ng_603|wf07_s1_chunk_0,ng_2250
42,36,Subject: 40MHZ Oscilloscope FOR SALE Organization: NETCOM On-line Communication ,CogniSync (Hybrid),1,25.7442,ng_757|ng_2110|ng_2127|ng_728|ng_1113,ng_757
42,37,Re: Do we need the clipper for cheap security? Organization:,CogniSync (Hybrid),0,25.436,ng_1355|ng_209|ng_1808|ng_40|ng_1784,ng_895
42,38,XWindows always opaque Summary: is there a way for a,CogniSync (Hybrid),1,27.4727,ng_1779|ng_1466|ng_430|ng_2319|ng_264,ng_1779
42,39,"Re: The battle is joined Organization: Harvey Mudd College, Claremont,",CogniSync (Hybrid),1,28.1224,ng_1267|ng_2205|ng_470|ng_744|ng_976,ng_470
42,40,Re: The [secret] source of that announcement Lines: 19 Even,CogniSync (Hybrid),0,28.2102,ng_1565|ng_1332|ng_1829|ng_1489|ng_1242,ng_2083
42,41,"Re: Once tapped, your code is no good any more.",CogniSync (Hybrid),0,25.7322,ng_691|ng_1507|ng_1137|ng_1700|ng_2254,ng_658
42,42,color on button on enter window. Distribution: usa Organization: UB,CogniSync (Hybrid),1,25.3327,ng_1666|ng_1545|ng_745|ng_210|ng_973,ng_1666
42,43,Re: Q: How to avoid XOpenDisplay hang? Keywords: Xlib Article-I.D.:,CogniSync (Hybrid),1,30.8344,ng_1374|ng_55|ng_1093|ng_1915|ng_2325,ng_55
42,44,Re: Radar detector DETECTORS? Organization: U of Toronto Zoology Lines:,CogniSync (Hybrid),1,23.4257,ng_2257|ng_1945|ng_1688|ng_2273|ng_2153,ng_2257
42,45,"Subject: Re: Facinating facts: 30 bit serial number, possibly fixed",CogniSync (Hybrid),0,28.1682,ng_1970|ng_913|ng_732|ng_867|ng_1956,ng_56
42,46,CSC) Subject: Re: Monthly Question about XCopyArea() and Expose Events,CogniSync (Hybrid),1,34.6973,ng_970|ng_1367|ng_1713|ng_578|ng_1353,ng_970
42,47,"Xarchie-2.0 available on export Organization: Department of Computer Science, Un",CogniSync (Hybrid),1,27.9108,ng_6|ng_1076|ng_2125|ng_655|ng_784,ng_6
42,48,"Re: Trace size for a 15 Amp supply Organization: SSC,",CogniSync (Hybrid),1,23.53,ng_111|ng_828|ng_1405|ng_571|wf05_d2_chunk_0,ng_828
42,49,Subject: Need diode model for PSpice Organization: University at Buffalo,CogniSync (Hybrid),1,24.3202,ng_541|ng_400|ng_1767|ng_1904|ng_2265,ng_541
42,50,"icon pixmap problem... Keywords: icon, motif, openlook Nntp-Posting-Host: dale.s",CogniSync (Hybrid),1,32.999,ng_208|ng_891|ng_1936|ng_649|ng_2148,ng_208
42,51,Need pinouts for a G8870 dtmf decoder chip Organization: NETCOM,CogniSync (Hybrid),1,24.3648,ng_1451|ng_1373|ng_1514|ng_1579|ng_1844,ng_1451
42,52,Re: Help wanted Organization: Macquarie University Lines: 54 Distribution: world,CogniSync (Hybrid),0,23.1201,ng_1277|ng_1252|ng_976|ng_98|ng_744,ng_1544
42,53,"Re: Clipper chip -- technical details Organization: Computer Science Dept,",CogniSync (Hybrid),0,25.3603,ng_383|ng_1674|ng_410|ng_2067|ng_1378,ng_1397
42,54,Re: x86 ~= 680x0 ?? (How do they compare?) Distribution:,CogniSync (Hybrid),0,28.2511,ng_2299|ng_1081|ng_173|ng_685|ng_1645,ng_2168
42,55,"Subject: Don't fight Clipper Chip, subvert or replace it !",CogniSync (Hybrid),0,25.096,ng_1288|ng_1378|ng_1674|ng_953|ng_1874,ng_485
42,56,"cheap products? Organization: Stratus Computer, Marlboro Ma. Lines: 22 NNTP-Post",CogniSync (Hybrid),0,27.9409,ng_959|ng_1953|ng_1427|ng_387|ng_1612,ng_686
42,57,"Re: Asynchronous X Windows? Organization: CenterLine Software, Inc. Lines: 45",CogniSync (Hybrid),1,31.2958,ng_866|ng_1116|ng_1171|ng_894|ng_116,ng_866
42,58,Re: Radio Electronics Free information card Nntp-Posting-Host: bopper2.phx.mcd.m,CogniSync (Hybrid),1,31.1987,ng_65|ng_1879|ng_2279|ng_2286|ng_1143,ng_1879
42,59,Re: HP DeskWriter 550C...Opinions? Feedback! In-Reply-To: phil@csc.liv.ac.uk's m,CogniSync (Hybrid),1,32.5387,ng_2275|ng_1365|ng_1804|ng_842|ng_1910,ng_2275
42,60,"Re: Pgp, PEM, and RFC's (Was: Cryptography Patents) Organization: Oce",CogniSync (Hybrid),1,28.5933,ng_1433|ng_109|ng_38|ng_736|ng_1998,ng_109
42,61,up cable tv with an aerial. Lines: 37 Nntp-Posting-Host: wcsub.ctstateu.edu,CogniSync (Hybrid),1,28.4138,ng_1942|ng_2009|ng_2078|ng_1301|ng_2159,ng_2009
42,62,"Subject: Athena Widgets Organization: University of North Dakota; Grand Forks,",CogniSync (Hybrid),1,26.7629,ng_328|ng_351|ng_1276|ng_1379|ng_2094,ng_328
42,63,Re: Laser vs Bubblejet? Organization: Northeastern Ohio Universities College of,CogniSync (Hybrid),0,22.9465,ng_1293|ng_1033|ng_52|ng_219|ng_908,ng_2263
42,64,Subject: 10th International Obfuscated C Code Contest Opening (part 2,CogniSync (Hybrid),1,39.1343,ng_14|ng_1157|ng_187|ng_447|ng_1577,ng_14
42,65,Subject: Re: Stereo sound problem (?) on mac games Organization:,CogniSync (Hybrid),1,28.2392,ng_1414|ng_1437|ng_355|ng_1607|ng_2044,ng_1414
42,66,Re: Honors Degrees: Do they mean anything? Organization: Ford Motor,CogniSync (Hybrid),1,23.0968,ng_823|ng_1735|ng_474|ng_744|ng_2308,ng_823
42,67,Radar detector DETECTORS? Organization: TRIUMF: Tri-University Meson Facility Li,CogniSync (Hybrid),1,26.5909,ng_1688|ng_2153|ng_2273|ng_292|ng_96,ng_1688
42,68,Subject: X Error of failed request: BadPixmap (invalid Pixmap parameter),CogniSync (Hybrid),1,27.1889,ng_649|ng_1732|ng_1554|ng_1304|ng_1837,ng_649
42,69,"Re: Once tapped, your code is no good any more.",CogniSync (Hybrid),0,25.7366,ng_691|ng_1507|ng_1137|ng_1700|ng_2254,ng_1035
42,70,Re: Clipper chip -- technical details Organization: AT&T Bell Laboratories,CogniSync (Hybrid),0,25.7261,ng_1448|ng_1674|ng_383|ng_2061|ng_849,ng_253
42,71,Re: Clipper considered harmful Organization: Express Access Online Communication,CogniSync (Hybrid),0,25.5292,ng_726|ng_339|ng_1599|ng_1192|ng_2212,ng_411
42,72,Subject: Re: Off the shelf cheap DES keyseach machine (Was:,CogniSync (Hybrid),0,24.449,ng_763|ng_466|ng_139|ng_1439|ng_2091,ng_344
42,73,Subject: Re: Forcing a window manager to accept specific coordinates,CogniSync (Hybrid),0,26.0107,ng_1099|ng_1538|ng_847|ng_1197|ng_704,ng_1090
42,74,parking HD heads when iddle Nntp-Posting-Host: mvs.oac.ucla.edu Lines: 8 The,CogniSync (Hybrid),1,29.4984,ng_1272|ng_235|ng_2079|ng_676|ng_1374,ng_1272
42,75,"Subject: Re: Motif vs. [Athena, etc.] Organization: Bond University, AUSTRALIA",CogniSync (Hybrid),1,28.0278,ng_2013|ng_859|ng_5|ng_1839|ng_158,ng_2013
42,76,Subject: xcursor4.1 Organization: National Center for Atmospheric Research Lines,CogniSync (Hybrid),1,27.7949,ng_843|ng_378|ng_1000|ng_778|ng_1968,ng_843
42,77,"Re: subliminal message flashing on TV Organization: Hewlett-Packard, Fort Collin",CogniSync (Hybrid),1,26.752,ng_2327|ng_1432|ng_1046|ng_1318|ng_205,ng_1318
42,78,Quadras VRAM Question X-Xxmessage-Id: <A7F4F033E3012026@planet.imag.fr> X-Xxdate,CogniSync (Hybrid),1,35.6224,ng_458|ng_978|ng_436|ng_1344|ng_2049,ng_458
42,79,Re: How to the disks copy protected. Originator: sehari@du139-213.cc.iastate.edu,CogniSync (Hybrid),1,33.2322,ng_2206|ng_2207|ng_2192|ng_775|ng_848,ng_2207
42,80,Re: Secret algorithm [Re: Clipper Chip and crypto key-escrow] Organization:,CogniSync (Hybrid),1,27.4218,ng_509|ng_122|ng_21|ng_1382|ng_1021,ng_21
42,81,Subject: Real-Time Data Display Tool Organization: University of Michigan Engine,CogniSync (Hybrid),1,27.9048,ng_1901|ng_894|ng_634|ng_1333|ng_461,ng_1901
42,82,R4 Version of xrecplay Reply-To: mccoy@gothamcity.jsc.nasa.gov Organization: I-N,CogniSync (Hybrid),1,37.6297,ng_378|ng_1573|ng_1266|ng_2140|ng_2156,ng_378
42,83,Re: Analog switches/Balanced Demodulators Distribution: na Organization: Univers,CogniSync (Hybrid),1,26.3963,ng_984|ng_934|ng_1362|ng_1818|ng_665,ng_934
42,84,"Salomon Brothers Inc., NY ) Subject: Re: Source of random",CogniSync (Hybrid),0,25.6702,ng_1829|ng_1489|ng_976|ng_1415|ng_147,ng_1634
42,85,"PSI Comstation 5 Organization: the ModemLink Network, Long Island, New",CogniSync (Hybrid),1,26.1885,ng_1004|ng_2027|ng_483|ng_490|ng_444,ng_1004
42,86,how to boot from ext HD on power on ?,CogniSync (Hybrid),1,23.7721,ng_1533|ng_2316|ng_1396|ng_2149|ng_81,ng_1533
42,87,Subject: [EFF] Initial EFF Analysis of Clinton Privacy and Security,CogniSync (Hybrid),1,28.4772,ng_949|ng_1389|ng_1944|ng_1560|ng_213,ng_1389
42,88,Re: How does it really work? (was Re: text of,CogniSync (Hybrid),0,26.3737,ng_611|ng_1332|ng_2253|ng_1212|ng_1194,ng_377
42,89,re: WH announcement Reply-To: tuinstra@sunspot.ece.clarkson.edu.soe Organization,CogniSync (Hybrid),0,33.0738,ng_1765|ng_1084|ng_2336|ng_2018|ng_1143,ng_1123
42,90,player going wonky - advise needed ! Lines: 18 Organization:,CogniSync (Hybrid),0,23.0966,ng_596|ng_1829|ng_83|ng_1086|ng_86,ng_593
42,91,"Racet Optical Organization: Computer Science Department, Boston University, Bost",CogniSync (Hybrid),0,24.3019,ng_1803|ng_2251|ng_1052|ng_151|ng_1862,ng_1656
42,92,Video cable options X-Xxmessage-Id: <A7F4A7E9FF0200ED@kimball-pc-316.stanford.ed,CogniSync (Hybrid),1,37.8453,ng_1148|ng_87|ng_1161|ng_818|ng_25,ng_1148
42,93,Re: DESQview/X on a PC? Organization: AOTC - CSSC Lines:,CogniSync (Hybrid),1,32.3004,ng_1790|ng_1608|ng_818|ng_116|ng_1283,ng_1790
42,94,"german keyboard, X11R5 and Sparc Nntp-Posting-Host: polaris.informatik.uni-essen",CogniSync (Hybrid),1,35.4089,ng_106|ng_1576|ng_1826|ng_2156|ng_289,ng_106
42,95,Re: chip / chipset for code 39 barcode? Organization: Brock,CogniSync (Hybrid),1,24.4989,ng_142|ng_190|ng_489|ng_1085|ng_913,ng_142
42,96,"Subject: Re: Once tapped, your code is no good any",CogniSync (Hybrid),0,25.3911,ng_2254|ng_691|ng_1700|ng_2131|ng_1385,ng_1051
42,97,Subject: Re: Off the shelf cheap DES keyseach machine (Was:,CogniSync (Hybrid),0,24.8204,ng_763|ng_466|ng_139|ng_1439|ng_2091,ng_1377
42,98,Re: text of White House announcement and Q&As on clipper,CogniSync (Hybrid),0,25.2898,ng_1331|ng_277|ng_1449|ng_849|ng_1347,ng_110
42,99,Re: How do they know what keys to ask for?,CogniSync (Hybrid),1,24.5798,ng_699|ng_381|ng_1101|ng_1584|ng_1993,ng_699
42,100,What is the JWT expiry policy for JWT Authentication?,CogniSync (Hybrid),1,24.1689,wf01_s5_chunk_0|wf01_s1_chunk_0|wf01_d1_chunk_0|wf01_d2_chunk_0|wf01_d3_chunk_0,wf01_s1_chunk_0
42,101,How is JWT expiry implemented using PyJWT+Redis?,CogniSync (Hybrid),1,33.131,wf01_s1_chunk_0|wf01_s3_chunk_0|wf01_s4_chunk_0|wf01_d2_chunk_0|wf01_s5_chunk_0,wf01_s1_chunk_0
42,102,Find the backend standard for session token lifetime.,CogniSync (Hybrid),1,27.4783,wf01_d3_chunk_0|wf01_d2_chunk_0|wf01_s1_chunk_0|wf01_s5_chunk_0|wf01_s3_chunk_0,wf01_s1_chunk_0|wf01_s4_chunk_0
42,103,Summarise the technical decision on session token lifetime during JWT Authentica,CogniSync (Hybrid),0,24.6334,wf01_d3_chunk_0|wf01_d2_chunk_0|wf01_s5_chunk_0|wf01_d1_chunk_0|wf01_s1_chunk_0,wf01_s4_chunk_0
42,104,What is the final JWT expiry rule deployed to production after the sprint overri,CogniSync (Hybrid),1,25.5118,wf01_s5_chunk_0|wf01_s3_chunk_0|wf01_s1_chunk_0|wf01_d1_chunk_0|wf01_d2_chunk_0,wf01_s5_chunk_0
42,105,"Was the temporary 60-minute expiry change kept, or did we revert to the original",CogniSync (Hybrid),1,29.2533,wf01_d2_chunk_0|wf01_d3_chunk_0|wf01_d1_chunk_0|wf01_s5_chunk_0|wf01_s3_chunk_0,wf01_s3_chunk_0|wf01_s5_chunk_0
42,106,Which document defines 15-minute expiry as the approved JWT expiry setting?,CogniSync (Hybrid),1,27.843,wf01_d1_chunk_0|wf01_s5_chunk_0|wf01_d2_chunk_0|wf01_s1_chunk_0|wf01_s3_chunk_0,wf01_s1_chunk_0
42,107,Confirm the architecture decision that adopted 15-minute expiry for JWT Authenti,CogniSync (Hybrid),1,23.4702,wf01_s5_chunk_0|wf01_d1_chunk_0|wf01_s1_chunk_0|wf01_d2_chunk_0|wf01_d3_chunk_0,wf01_s1_chunk_0
42,108,What is the primary keys policy for Database Schema?,CogniSync (Hybrid),1,21.9325,wf02_d1_chunk_0|wf02_d2_chunk_0|wf02_s5_chunk_0|wf02_s1_chunk_0|wf02_d3_chunk_0,wf02_s1_chunk_0
42,109,How is primary keys implemented using Alembic+PostgreSQL?,CogniSync (Hybrid),1,24.5273,wf02_s1_chunk_0|wf02_d2_chunk_0|wf02_d1_chunk_0|wf02_s3_chunk_0|wf02_s4_chunk_0,wf02_s1_chunk_0
42,110,Find the backend standard for row identifier scheme.,CogniSync (Hybrid),1,22.7214,wf02_s4_chunk_0|wf02_s1_chunk_0|wf02_d3_chunk_0|wf02_d2_chunk_0|ng_1395,wf02_s1_chunk_0|wf02_s4_chunk_0
42,111,Summarise the technical decision on row identifier scheme during Database Schema,CogniSync (Hybrid),1,25.6497,wf02_s4_chunk_0|wf02_d3_chunk_0|wf02_d1_chunk_0|wf02_s1_chunk_0|wf02_d2_chunk_0,wf02_s4_chunk_0
42,112,What is the final primary keys rule deployed to production after the sprint over,CogniSync (Hybrid),1,26.5147,wf02_s5_chunk_0|wf02_d1_chunk_0|wf02_d2_chunk_0|wf02_s3_chunk_0|wf02_s1_chunk_0,wf02_s5_chunk_0
42,113,"Was the temporary auto-incrementing integer PKs change kept, or did we revert to",CogniSync (Hybrid),1,29.5584,wf02_s3_chunk_0|wf02_s5_chunk_0|wf02_s1_chunk_0|wf02_d3_chunk_0|ng_637,wf02_s3_chunk_0|wf02_s5_chunk_0
42,114,Which document defines UUID primary keys as the approved primary keys setting?,CogniSync (Hybrid),1,23.4549,wf02_s1_chunk_0|wf02_s5_chunk_0|wf02_d2_chunk_0|wf02_d1_chunk_0|wf02_d3_chunk_0,wf02_s1_chunk_0
42,115,Confirm the architecture decision that adopted UUID primary keys for Database Sc,CogniSync (Hybrid),1,23.3253,wf02_s5_chunk_0|wf02_s1_chunk_0|wf02_d3_chunk_0|wf02_d2_chunk_0|wf02_d1_chunk_0,wf02_s1_chunk_0
42,116,What is the domain boundary policy for Microservice Context?,CogniSync (Hybrid),1,23.0791,wf03_d1_chunk_0|wf03_s5_chunk_0|wf03_s1_chunk_0|wf03_d2_chunk_0|wf03_d3_chunk_0,wf03_s1_chunk_0
42,117,How is domain boundary implemented using gRPC+Protobuf?,CogniSync (Hybrid),1,23.018,wf03_s1_chunk_0|wf14_s1_chunk_0|wf14_d2_chunk_0|wf14_d3_chunk_0|wf14_d1_chunk_0,wf03_s1_chunk_0
42,118,Find the architecture standard for inter-service coupling.,CogniSync (Hybrid),1,20.5387,wf03_d3_chunk_0|wf03_s1_chunk_0|wf03_s4_chunk_0|wf03_d2_chunk_0|ng_2165,wf03_s1_chunk_0|wf03_s4_chunk_0
42,119,Summarise the technical decision on inter-service coupling during Microservice C,CogniSync (Hybrid),1,25.8699,wf03_d3_chunk_0|wf03_d2_chunk_0|wf03_d1_chunk_0|wf03_s1_chunk_0|wf03_s4_chunk_0,wf03_s4_chunk_0
42,120,What is the final domain boundary rule deployed to production after the sprint o,CogniSync (Hybrid),1,27.7811,wf03_s5_chunk_0|wf03_d1_chunk_0|wf04_s3_chunk_0|wf15_s3_chunk_0|wf18_s3_chunk_0,wf03_s5_chunk_0
42,121,"Was the temporary shared database schema change kept, or did we revert to the or",CogniSync (Hybrid),1,26.8036,wf03_s3_chunk_0|wf15_s4_chunk_0|wf03_d3_chunk_0|wf15_s3_chunk_0|wf15_d3_chunk_0,wf03_s3_chunk_0|wf03_s5_chunk_0
42,122,Which document defines strict domain boundary as the approved domain boundary se,CogniSync (Hybrid),1,24.8628,wf03_s5_chunk_0|wf03_s1_chunk_0|wf03_d1_chunk_0|wf16_d1_chunk_0|wf04_s5_chunk_0,wf03_s1_chunk_0
42,123,Confirm the architecture decision that adopted strict domain boundary for Micros,CogniSync (Hybrid),1,23.062,wf03_s5_chunk_0|wf03_s1_chunk_0|wf03_d1_chunk_0|wf03_d3_chunk_0|wf03_d2_chunk_0,wf03_s1_chunk_0
42,124,What is the PR approvals policy for CI/CD Pipeline?,CogniSync (Hybrid),1,22.6716,wf04_d2_chunk_0|wf04_s5_chunk_0|wf04_s1_chunk_0|wf04_d1_chunk_0|wf04_d3_chunk_0,wf04_s1_chunk_0
42,125,How is PR approvals implemented using GitHub Actions?,CogniSync (Hybrid),1,21.7541,wf04_s1_chunk_0|wf04_d2_chunk_0|wf04_s5_chunk_0|wf04_d1_chunk_0|ng_628,wf04_s1_chunk_0
42,126,Find the devops standard for merge gate policy.,CogniSync (Hybrid),1,20.3566,wf04_s4_chunk_0|wf04_d3_chunk_0|wf04_s1_chunk_0|wf04_s5_chunk_0|wf19_s5_chunk_0,wf04_s1_chunk_0|wf04_s4_chunk_0
42,127,Summarise the technical decision on merge gate policy during CI/CD Pipeline desi,CogniSync (Hybrid),1,24.4481,wf04_d3_chunk_0|wf04_s4_chunk_0|wf04_s1_chunk_0|wf04_s5_chunk_0|wf04_d2_chunk_0,wf04_s4_chunk_0
42,128,What is the final PR approvals rule deployed to production after the sprint over,CogniSync (Hybrid),1,24.4547,wf04_s5_chunk_0|wf04_s3_chunk_0|wf05_s3_chunk_0|wf04_d1_chunk_0|wf04_d2_chunk_0,wf04_s5_chunk_0
42,129,"Was the temporary admin bypass override change kept, or did we revert to the ori",CogniSync (Hybrid),1,26.3563,wf04_s3_chunk_0|wf19_s5_chunk_0|wf16_s3_chunk_0|wf15_s5_chunk_0|wf01_s5_chunk_0,wf04_s3_chunk_0|wf04_s5_chunk_0
42,130,Which document defines require 2 PR approvals as the approved PR approvals setti,CogniSync (Hybrid),1,23.2836,wf04_d2_chunk_0|wf04_d1_chunk_0|wf04_s5_chunk_0|wf04_s1_chunk_0|wf16_d1_chunk_0,wf04_s1_chunk_0
42,131,Confirm the architecture decision that adopted require 2 PR approvals for CI/CD ,CogniSync (Hybrid),1,24.2113,wf04_s1_chunk_0|wf04_d2_chunk_0|wf04_s5_chunk_0|wf04_d1_chunk_0|wf04_d3_chunk_0,wf04_s1_chunk_0
42,132,What is the trace sampling policy for Observability Stack?,CogniSync (Hybrid),1,23.3042,wf05_d2_chunk_0|wf05_s5_chunk_0|wf05_d1_chunk_0|wf05_s1_chunk_0|wf05_d3_chunk_0,wf05_s1_chunk_0
42,133,How is trace sampling implemented using OpenTelemetry?,CogniSync (Hybrid),1,22.3686,wf05_s1_chunk_0|wf05_d2_chunk_0|wf05_s3_chunk_0|wf05_d3_chunk_0|wf05_d1_chunk_0,wf05_s1_chunk_0
42,134,Find the devops standard for telemetry capture rate.,CogniSync (Hybrid),1,22.3242,wf05_s4_chunk_0|ng_2127|wf05_s1_chunk_0|wf05_d2_chunk_0|wf05_d1_chunk_0,wf05_s1_chunk_0|wf05_s4_chunk_0
42,135,Summarise the technical decision on telemetry capture rate during Observability ,CogniSync (Hybrid),1,25.5972,wf05_s1_chunk_0|wf05_s4_chunk_0|wf05_d1_chunk_0|wf05_d3_chunk_0|wf05_s3_chunk_0,wf05_s4_chunk_0
42,136,What is the final trace sampling rule deployed to production after the sprint ov,CogniSync (Hybrid),1,24.1279,wf05_s3_chunk_0|wf05_s5_chunk_0|wf05_d2_chunk_0|wf05_d1_chunk_0|wf05_d3_chunk_0,wf05_s5_chunk_0
42,137,"Was the temporary 100% full trace sampling change kept, or did we revert to the ",CogniSync (Hybrid),1,29.0524,wf05_d2_chunk_0|wf05_s3_chunk_0|wf05_d1_chunk_0|wf05_s1_chunk_0|wf05_s5_chunk_0,wf05_s3_chunk_0|wf05_s5_chunk_0
42,138,Which document defines 10% trace sampling as the approved trace sampling setting,CogniSync (Hybrid),1,23.7478,wf05_d2_chunk_0|wf05_d1_chunk_0|wf05_s5_chunk_0|wf05_s1_chunk_0|wf05_d3_chunk_0,wf05_s1_chunk_0
42,139,Confirm the architecture decision that adopted 10% trace sampling for Observabil,CogniSync (Hybrid),1,24.7778,wf05_s1_chunk_0|wf05_s5_chunk_0|wf05_d2_chunk_0|wf05_d1_chunk_0|wf05_d3_chunk_0,wf05_s1_chunk_0
42,140,What is the rate limit policy for API Gateway Rate Limiting?,CogniSync (Hybrid),1,22.7838,wf06_d2_chunk_0|wf06_s5_chunk_0|wf06_d1_chunk_0|wf06_d3_chunk_0|wf06_s1_chunk_0,wf06_s1_chunk_0
42,141,How is rate limit implemented using nginx+Lua?,CogniSync (Hybrid),1,24.4114,wf06_s1_chunk_0|wf06_s3_chunk_0|wf06_s4_chunk_0|wf06_d2_chunk_0|wf06_d1_chunk_0,wf06_s1_chunk_0
42,142,Find the backend standard for inbound request throttle.,CogniSync (Hybrid),1,22.6633,wf06_s4_chunk_0|wf06_s5_chunk_0|wf06_d3_chunk_0|ng_418|wf06_s1_chunk_0,wf06_s1_chunk_0|wf06_s4_chunk_0
42,143,Summarise the technical decision on inbound request throttle during API Gateway ,CogniSync (Hybrid),1,35.5471,wf06_s4_chunk_0|wf06_d3_chunk_0|wf06_d1_chunk_0|wf06_s5_chunk_0|wf06_d2_chunk_0,wf06_s4_chunk_0
42,144,What is the final rate limit rule deployed to production after the sprint overri,CogniSync (Hybrid),1,30.3918,wf06_s3_chunk_0|wf06_s5_chunk_0|wf06_d1_chunk_0|wf06_d2_chunk_0|wf06_s1_chunk_0,wf06_s5_chunk_0
42,145,"Was the temporary unlimited bursting change kept, or did we revert to the origin",CogniSync (Hybrid),1,26.6293,wf06_s3_chunk_0|wf06_s5_chunk_0|wf06_d3_chunk_0|wf06_d1_chunk_0|wf06_s4_chunk_0,wf06_s3_chunk_0|wf06_s5_chunk_0
42,146,Which document defines 100 RPM rate limit as the approved rate limit setting?,CogniSync (Hybrid),1,23.387,wf06_d2_chunk_0|wf06_d1_chunk_0|wf06_s1_chunk_0|wf06_d3_chunk_0|wf06_s5_chunk_0,wf06_s1_chunk_0
42,147,Confirm the architecture decision that adopted 100 RPM rate limit for API Gatewa,CogniSync (Hybrid),1,23.9596,wf06_d3_chunk_0|wf06_s5_chunk_0|wf06_d2_chunk_0|wf06_d1_chunk_0|wf06_s1_chunk_0,wf06_s1_chunk_0
42,148,What is the cache TTL policy for Distributed Caching?,CogniSync (Hybrid),1,23.0809,wf07_d2_chunk_0|wf07_s5_chunk_0|wf07_d1_chunk_0|wf07_d3_chunk_0|wf07_s1_chunk_0,wf07_s1_chunk_0
42,149,How is cache TTL implemented using redis-py?,CogniSync (Hybrid),1,23.0239,wf07_s1_chunk_0|wf07_d2_chunk_0|wf07_d3_chunk_0|wf07_s3_chunk_0|wf07_s5_chunk_0,wf07_s1_chunk_0
123,0,for ASCII terminals Organization: SmartStar Corporation / Signal Technology Line,Vanilla RAG,1,21.4783,ng_1729|ng_2027|ng_943|ng_952|ng_665,ng_1729
123,1,"Re: NumLock masking? interference with Meta/Compose/ExtendChar, ... Nntp-Posting",Vanilla RAG,1,32.26,ng_460|ng_2114|ng_1422|ng_2239|ng_1723,ng_460
123,2,"font problem.... Organization: Department of Mathematics, Queen's University at ",Vanilla RAG,1,22.2512,ng_1064|ng_2084|ng_1252|ng_241|ng_77,ng_241
123,3,Peltier Effect Heat Pumps Reply-To: paj@uk.co.gec-mrc (Paul Johnson) Organizatio,Vanilla RAG,1,28.1654,ng_1866|ng_1013|ng_1185|ng_1097|ng_2032,ng_1866
123,4,"WANTED: X & security posting Organization: TRW Systems Division, Fairfax",Vanilla RAG,1,20.6157,ng_1648|ng_1143|ng_1795|ng_976|ng_384,ng_1648
123,5,rom Organization: Defence Science and Technology Organisation Lines: 45 NNTP-Pos,Vanilla RAG,0,22.308,ng_676|ng_744|ng_1143|ng_1969|ng_1767,ng_481
123,6,Re: A question about 120VAC outlet wiring.. Organization: HP Lake,Vanilla RAG,1,20.8641,ng_1750|ng_536|ng_263|ng_749|ng_401,ng_401
123,7,code is no good any more. From: a_rubin@dsg4.dse.beckman.com (Arthur Rubin),Vanilla RAG,1,25.1344,ng_2279|ng_1212|ng_1922|ng_190|ng_86,ng_1922
123,8,-- Personal Account) Subject: Disappearing hard drive in LC? Organization:,Vanilla RAG,1,20.5253,ng_2316|ng_1821|ng_81|ng_1712|ng_1757,ng_2316
123,9,RFC's (Was: Cryptography Patents) From: a_rubin@dsg4.dse.beckman.com (Arthur Rub,Vanilla RAG,0,29.6255,ng_1073|ng_1296|ng_1998|ng_1433|ng_2200,ng_736
123,10,Memory in Plus&SE Organization: Temple University Lines: 8 Nntp-Posting-Host: vm,Vanilla RAG,1,25.9368,ng_131|ng_676|ng_255|ng_1969|ng_1143,ng_131
123,11,"Re: Xsun not running on SPARCclassic Organization: Rutgers Univ., New",Vanilla RAG,1,22.6408,ng_2016|ng_2109|ng_1765|ng_857|ng_2156,ng_2109
123,12,up cable tv with an aerial. Lines: 37 Nntp-Posting-Host: wcsub.ctstateu.edu,Vanilla RAG,1,26.4281,ng_1942|ng_2009|ng_2078|ng_2159|ng_1301,ng_2009
123,13,Re: HeathKit/Zenith Nntp-Posting-Host: huey.udel.edu Organization: University of,Vanilla RAG,1,28.0149,ng_651|ng_1969|ng_1143|ng_676|ng_235,ng_651
123,14,Fluke For Sale (was DMM Advice Needed) Keywords: Fluke 8062A,Vanilla RAG,1,22.1649,ng_558|ng_338|ng_1244|ng_1165|ng_971,ng_558
123,15,Re: Keeping Your Mouth Shut (was: Hard drive security) Nntp-Posting-Host:,Vanilla RAG,0,23.3377,ng_676|ng_775|ng_1911|ng_1143|ng_1812,ng_806
123,16,Changing colors on a label - HELP Organization: Ford Motor,Vanilla RAG,1,19.1487,ng_2240|ng_1191|ng_2129|ng_439|ng_1545,ng_2240
123,17,** Xpm 3.2g is available ** Keywords: XPM Organization: Koala,Vanilla RAG,1,22.7232,ng_655|ng_1379|ng_2027|ng_1476|ng_1012,ng_655
123,18,Re: The [secret] source of that announcement Lines: 19 Even,Vanilla RAG,0,19.9124,ng_1565|ng_1829|ng_1332|ng_1489|ng_2131,ng_2083
123,19,RE-Re: Quadra SCSI Problems??? X-Mailer: TeleFinder (version 3.0) Organization: ,Vanilla RAG,1,26.6713,ng_2090|ng_435|ng_923|ng_1546|ng_1537,ng_2090
123,20,Re: Thanks Apple: Free Ethernet on my C610! Organization: Case,Vanilla RAG,1,21.055,ng_1596|ng_1483|ng_2302|ng_2069|ng_673,ng_1483
123,21,"Cursors Organization: The Internet Lines: 19 To: motif@alfalfa.com, xpert@expo.l",Vanilla RAG,1,27.2612,ng_1364|ng_2244|ng_843|ng_1839|ng_1261,ng_1364
123,22,"Re: Would ""clipper"" make a good cover for other encryption",Vanilla RAG,0,22.6524,ng_900|ng_1808|ng_19|ng_329|ng_102,ng_59
123,23,Re: text of White House announcement and Q&As on clipper,Vanilla RAG,0,19.7296,ng_1331|ng_277|ng_1449|ng_1347|ng_820,ng_110
123,24,"Re: What is going on?... Organization: Simon Fraser University, Burnaby,",Vanilla RAG,0,23.6688,ng_2205|ng_1267|ng_98|ng_474|ng_147,ng_1361
123,25,Re: Where do U look?? Reply-To: dtmedin@catbyte.b30.ingr.com Organization: Inter,Vanilla RAG,0,27.229,ng_1802|ng_990|ng_1379|ng_1031|ng_104,ng_2280
123,26,"Subject: Re: Don't fight Clipper Chip, subvert or replace it",Vanilla RAG,0,21.847,ng_1288|ng_1674|ng_1378|ng_1091|ng_410,ng_1003
123,27,Re: disk safety measure? Organization: Massachusetts Institute of Technology Lin,Vanilla RAG,0,24.8824,ng_848|ng_1219|ng_1509|ng_1328|ng_2206,ng_364
123,28,Subject: Installation problem with X11R5 Organization: Rice University Lines: 32,Vanilla RAG,1,21.0228,ng_1856|ng_25|ng_216|ng_1102|ng_1368,ng_1856
123,29,Re: MacX 1.2 color problem Reply-To: dshaker@qualix.com Organization: QUALiX Gro,Vanilla RAG,1,26.2467,ng_830|ng_20|ng_745|ng_222|ng_1486,ng_830
123,30,"Re: DSP or other cards for FFT's, anyone? Nntp-Posting-Host: elvex33.acns.nwu.ed",Vanilla RAG,1,30.7065,ng_937|ng_1828|ng_834|ng_1969|ng_929,ng_937
123,31,Re: How do I find my AppContext? Reply-To: lanzo@tekelec.com (Mark,Vanilla RAG,1,24.2678,ng_1699|ng_972|ng_319|ng_98|ng_1858,ng_1699
123,32,"Re: Once tapped, your code is no good any more.",Vanilla RAG,0,19.2702,ng_691|ng_1507|ng_2254|ng_1137|ng_1700,ng_323
123,33,Re: Tektronix Organization: ITC/UVA Community Access UNIX/Internet Project Lines,Vanilla RAG,1,23.374,ng_1737|ng_2335|ng_155|ng_1829|ng_1236,ng_155
123,34,Re: XAllocColor fails to return nearest match Reply-To: klee@synoptics.com Organ,Vanilla RAG,1,27.1349,ng_1486|ng_105|ng_830|ng_20|ng_745,ng_1486
123,35,Re: Do we need the clipper for cheap security? Organization:,Vanilla RAG,0,20.9261,ng_1355|ng_209|ng_1808|ng_40|ng_1784,ng_895
123,36,"& IBM Info-Version 1.7.7 Organization: New Mexico State University, Las",Vanilla RAG,1,22.1616,ng_2278|ng_1491|ng_976|ng_651|ng_744,ng_2278
123,37,Subject: Re: Clipper chip -- technical details Organization: IR Lines:,Vanilla RAG,0,21.4925,ng_1674|ng_383|ng_2067|ng_410|ng_849,ng_442
123,38,Powerbook 170 freezes after 18 seconds; Help! Nntp-Posting-Host: ntrc25.ntrc.ntu,Vanilla RAG,1,27.8117,ng_1306|ng_2054|ng_644|ng_77|ng_671,ng_1306
123,39,Help: SunView on olwm/xview3/X11R5 Article-I.D.: haji.9304051753.AA05339 Organiz,Vanilla RAG,1,32.6233,ng_1018|ng_2148|ng_2058|ng_255|ng_1090,ng_1018
123,40,"Re: arcade style buttons and joysticks Organization: University of Stellenbosch,",Vanilla RAG,1,22.6074,ng_2230|ng_1926|ng_1639|ng_535|ng_1470,ng_2230
123,41,Re: Converting contents of X-window to color postscript Organization: Dept.,Vanilla RAG,1,31.7467,ng_51|ng_585|ng_1191|ng_192|ng_2251,ng_585
123,42,Subject: Need diode model for PSpice Organization: University at Buffalo,Vanilla RAG,1,24.4792,ng_541|ng_400|ng_1767|ng_1904|ng_1644,ng_541
123,43,Subject: Re: Honors Degrees: Do they mean anything? Organization: Purdue,Vanilla RAG,1,21.2297,ng_1735|ng_474|ng_744|ng_1379|ng_2094,ng_1735
123,44,"Re: Identifying / Securing Files Organization: Private Computer, Totowa, NJ",Vanilla RAG,1,21.9714,ng_646|ng_1899|ng_280|ng_1073|ng_38,ng_646
123,45,"Exploding TV! Organization: Virginia Tech, Blacksburg, VA Lines: 19 Distribution",Vanilla RAG,1,22.4196,ng_278|ng_2159|ng_1942|ng_1481|ng_846,ng_278
123,46,Subject: Re: text of White House announcement and Q&As on,Vanilla RAG,0,21.1655,ng_1724|ng_1449|ng_1124|ng_277|ng_949,ng_1250
123,47,Re: Hard drive security for FBI targets Keywords: cooperation Reply-To:,Vanilla RAG,1,22.0742,ng_471|ng_1691|ng_1313|ng_598|ng_1263,ng_1263
123,48,Home brew Acceler question?? Nntp-Posting-Host: vaxb.isc.rit.edu Reply-To: arp01,Vanilla RAG,0,36.8354,ng_384|ng_255|ng_2040|ng_1491|ng_651,ng_1550
123,49,Re: x86 ~= 680x0 ?? (How do they compare?) Nntp-Posting-Host:,Vanilla RAG,0,25.7469,ng_2299|ng_1081|ng_173|ng_685|ng_1645,ng_2085
123,50,From: yuan1@scws7.harvard.edu (Nina Yuan) Distribution: inet Nntp-Posting-Host: ,Vanilla RAG,0,32.0073,ng_235|ng_1969|ng_1489|ng_690|ng_651,ng_695
123,51,Info on DSP project Nf-ID: #R:ee.ualberta.ca:735344986:trsvax:288200082:000:164 ,Vanilla RAG,1,41.704,ng_929|ng_690|ng_1904|ng_235|ng_1143,ng_929
123,52,"Re: compiling on sun4_411 Organization: Department of Scientific Computing, Upps",Vanilla RAG,0,21.5102,ng_1368|ng_437|ng_1868|ng_484|ng_1102,ng_2224
123,53,EEG Kit? Nntp-Posting-Host: sauron.msfc.nasa.gov Organization: NASA/MSFC X-Newsr,Vanilla RAG,1,32.6911,ng_1130|ng_84|ng_1140|ng_1399|ng_676,ng_1130
123,54,DETECTORS? Article-I.D.: almaden.19930406.131941.134 Lines: 3 They detect the os,Vanilla RAG,1,28.4716,ng_1676|ng_739|ng_1688|ng_2153|ng_453,ng_1676
123,55,Re: Dumb Question: Function Generator Organization: Northeastern Ohio Universiti,Vanilla RAG,0,20.8288,ng_2205|ng_2094|ng_976|ng_1767|ng_1499,ng_1940
123,56,Subject: RE: Exploding TV Nntp-Posting-Host: engr.engr.uark.edu Organization: Un,Vanilla RAG,0,26.708,ng_846|ng_1942|ng_278|ng_1481|ng_676,ng_450
123,57,Re: LCIII problems (sideways HD's) Organization: Case School of Engineering,Vanilla RAG,1,21.8484,ng_1328|ng_1757|ng_1622|ng_607|ng_232,ng_1328
123,58,Re: Interesting ADB behaviour on C650 Organization: Case School of,Vanilla RAG,1,21.4295,ng_2145|ng_991|ng_1527|ng_992|ng_686,ng_992
123,59,DeskWriter Drivers 3.1 -- How to install ? Organization: Eindhoven,Vanilla RAG,1,22.2127,ng_1316|ng_1365|ng_787|ng_842|ng_1461,ng_1316
123,60,Re: Hard drive security for FBI targets Reply-To: pdc@dcs.ed.ac.uk (Paul,Vanilla RAG,0,24.5772,ng_687|ng_471|ng_598|ng_1524|ng_1313,ng_2210
123,61,Subject: Re: Long distance IR detection Organization: Purdue University Engineer,Vanilla RAG,1,20.1896,ng_1125|ng_1271|ng_924|ng_2063|ng_2265,ng_1125
123,62,question about 120VAC outlet wiring. Distribution: world Organization: Kernel Mo,Vanilla RAG,0,22.7192,ng_1750|ng_749|ng_263|ng_659|ng_536,ng_1959
123,63,"Xterm Cursor X-Received: by usenet.pa.dec.com; id AA19241; Sun, 18 Apr",Vanilla RAG,1,27.017,ng_1351|ng_890|ng_2244|ng_320|ng_843,ng_1351
123,64,Re: Building a UV flashlight Nntp-Posting-Host: aisun3.ai.uga.edu Organization: ,Vanilla RAG,1,28.4489,ng_997|ng_420|ng_754|ng_1969|ng_698,ng_997
123,65,Re: How 2 Get Fontname from Fonstruct ??? Organization: University,Vanilla RAG,1,21.8103,ng_721|ng_586|ng_2094|ng_98|ng_744,ng_586
123,66,)) Subject: Re: Need to find out number to a,Vanilla RAG,1,22.7972,ng_2094|ng_1277|ng_1379|ng_1591|ng_577,ng_2094
123,67,Re: NUTEK FACES APPLE'S WRATH (article!!!!!!) READ Article-I.D.: rpi.j3g5bwq Org,Vanilla RAG,0,33.6012,ng_2323|ng_1649|ng_1375|ng_811|ng_1206,ng_1275
123,68,"Re: Once tapped, your code is no good any more.",Vanilla RAG,0,20.0537,ng_691|ng_1507|ng_2254|ng_1137|ng_1700,ng_1297
123,69,Subject: Re: Centris Cache & Bernoulli Box Article-I.D.: snll-arp.519 Distributi,Vanilla RAG,1,27.7415,ng_2250|ng_690|wf07_d2_chunk_0|ng_603|wf07_s1_chunk_0,ng_2250
123,70,"Installing MIT X11R5 on Apollo Organization: CATT Centre at CITRI,",Vanilla RAG,1,22.8818,ng_10|ng_1856|ng_1805|ng_648|ng_378,ng_10
123,71,Lines (inverse/xor) Organization: The Portal System (TM) <1993Apr21.111919.5281@,Vanilla RAG,1,39.4411,ng_2056|ng_2020|ng_2027|ng_1968|ng_943,ng_2056
123,72,"Re: Once tapped, your code is no good any more.",Vanilla RAG,0,20.2462,ng_691|ng_1507|ng_2254|ng_1137|ng_1700,ng_653
123,73,"Subject: ""Clipper Chip"" facts: a request Organization: is a nice",Vanilla RAG,1,21.0658,ng_1674|ng_1378|ng_1288|ng_383|ng_538,ng_1674
123,74,Subject: Re: Animation Organization: The Internet Lines: 81 To: xpert@expo.lcs.m,Vanilla RAG,1,26.4977,ng_2111|ng_1379|ng_1829|ng_1644|ng_1333,ng_2111
123,75,ext. 8056) Subject: Sources for Intel D87C51FB? Nntp-Posting-Host: levy.fnal.gov,Vanilla RAG,0,28.8412,ng_1514|ng_696|ng_941|ng_1896|ng_1519,ng_764
123,76,Re: An Open Letter to Mr. Clinton Organization: Beckman Software,Vanilla RAG,0,20.338,ng_1331|ng_361|ng_940|ng_902|ng_258,ng_67
123,77,"Re: RAMs &ROMs with ALE latches (for 8051's) X-Xxdate: Wed,",Vanilla RAG,1,24.5958,ng_712|ng_489|ng_1406|ng_114|ng_117,ng_712
123,78,"Re: >>>>> MOUSE BUTTONS 1,2 & 3 <<<<<<<< urgent !",Vanilla RAG,1,25.646,ng_244|ng_532|ng_1950|ng_1666|ng_1188,ng_244
123,79,"Hard Drive Component Costs Organization: E-Systems, Melpar Division Lines: 17",Vanilla RAG,1,21.1355,ng_2274|ng_743|ng_1821|ng_1509|ng_2227,ng_2274
123,80,"Re: Mysterious MOSFET Organization: Engineering Services, Clemson University Lin",Vanilla RAG,1,21.2308,ng_2057|ng_2103|ng_1586|ng_889|ng_1499,ng_2103
123,81,Re: IBM-PC XT switch settings Organization: Netcom Online Communications Service,Vanilla RAG,1,21.2924,ng_623|ng_1683|ng_619|ng_490|ng_1451,ng_623
123,82,Re: PDS vs. Nubus (was Re: LC III NuBus Capable?),Vanilla RAG,1,35.7583,ng_1776|ng_569|ng_679|ng_129|ng_1025,ng_1776
123,83,Re: LCIII problems Organization: wyvern.com Lines: 25 Ravi Konchigeri <mongoose@,Vanilla RAG,0,29.7547,ng_1477|ng_944|ng_86|ng_176|ng_1379,ng_1757
123,84,Can I remove the 68000 under my daughterboard upgrade? Organization:,Vanilla RAG,1,20.7749,ng_2137|ng_2338|ng_173|ng_2049|ng_1953,ng_2137
123,85,Subject: Re: Exploding TV! Organization: The Portal System (TM) Distribution:,Vanilla RAG,1,23.3445,ng_1186|ng_846|ng_1829|ng_2027|ng_2160,ng_1186
123,86,Re: Need to find out number to a phone line,Vanilla RAG,1,20.3598,ng_154|ng_2065|ng_1591|ng_577|ng_181,ng_577
123,87,Subject: Re: CD-ROM multisession Nntp-Posting-Host: emerald Organization: Philip,Vanilla RAG,1,25.4474,ng_1566|ng_676|ng_899|ng_1460|ng_864,ng_1566
123,88,xrolo/SPACRC/SunOS4.1.1/audio Organization: The Internet Lines: 21 NNTP-Posting-,Vanilla RAG,1,42.7578,ng_2163|ng_235|ng_255|ng_1577|ng_1372,ng_2163
123,89,Subject: How often are SIMMs bad (mail order)? Nntp-Posting-Host: aix02.ecs.rpi.,Vanilla RAG,1,30.574,ng_553|ng_1278|ng_255|ng_424|ng_633,ng_1278
123,90,Re: Los Angeles Freeway traffic reports Organization: RAND Lines: 29,Vanilla RAG,1,21.5629,ng_1005|ng_2179|ng_551|ng_453|ng_1918,ng_1005
123,91,Re: Patents (was RC2 RC4) Nntp-Posting-Host: wardibm2.med.yale.edu Organization:,Vanilla RAG,0,29.7637,ng_2048|ng_676|ng_690|ng_1969|ng_1143,ng_1693
123,92,Re: Position of 'b' on Erg. Keyboard Organization: Virginia Tech,Vanilla RAG,1,21.1912,ng_2180|ng_1198|ng_174|ng_1733|ng_1040,ng_1198
123,93,"Subject: Re: Radar detector DETECTORS? Organization: Iowa State University, Ames",Vanilla RAG,1,21.6534,ng_2153|ng_292|ng_2273|ng_1688|ng_1945,ng_292
123,94,"Re: Clipper chip -- technical details Organization: Computer Science Dept,",Vanilla RAG,0,21.6406,ng_1674|ng_410|ng_383|ng_2067|ng_953,ng_1397
123,95,Looking for updated XView textedit source (w/d-n-d support) Article-I.D.: armory,Vanilla RAG,1,30.0454,ng_1238|ng_818|ng_1018|ng_1480|ng_1828,ng_1238
123,96,4th Dimension BBS Subject: Re: A StyleWriter II question Lines:,Vanilla RAG,0,21.5079,ng_2288|ng_1176|ng_605|ng_405|ng_664,ng_1256
123,97,80-bit keyseach machine Nntp-Posting-Host: mizzou1.missouri.edu Organization: Un,Vanilla RAG,1,28.7292,ng_235|ng_1791|ng_1420|ng_2091|ng_16,ng_1791
123,98,VIdeotext/teletext descrambler Article-I.D.: hal.1psvcg$1auv Distribution: world,Vanilla RAG,1,30.8506,ng_1828|ng_818|ng_203|ng_410|ng_1530,ng_1828
123,99,"tvtwm & xsetroot, X11R5 and Sparc 10 keyboard Organization: Sheffield",Vanilla RAG,1,23.0082,ng_1430|ng_2156|ng_1576|ng_1826|ng_106,ng_1430
123,100,What is the JWT expiry policy for JWT Authentication?,Vanilla RAG,1,20.2594,wf01_s5_chunk_0|wf01_s1_chunk_0|wf01_d1_chunk_0|wf01_d2_chunk_0|wf01_d3_chunk_0,wf01_s1_chunk_0
123,101,How is JWT expiry implemented using PyJWT+Redis?,Vanilla RAG,1,22.2442,wf01_s1_chunk_0|wf01_s3_chunk_0|wf01_s4_chunk_0|wf01_d2_chunk_0|wf01_s5_chunk_0,wf01_s1_chunk_0
123,102,Find the backend standard for session token lifetime.,Vanilla RAG,1,19.5629,wf01_d3_chunk_0|wf01_d2_chunk_0|wf01_s1_chunk_0|wf01_s5_chunk_0|wf01_s3_chunk_0,wf01_s1_chunk_0|wf01_s4_chunk_0
123,103,Summarise the technical decision on session token lifetime during JWT Authentica,Vanilla RAG,0,20.1552,wf01_d3_chunk_0|wf01_d2_chunk_0|wf01_s5_chunk_0|wf01_d1_chunk_0|wf01_s1_chunk_0,wf01_s4_chunk_0
123,104,What is the final JWT expiry rule deployed to production after the sprint overri,Vanilla RAG,1,23.5023,wf01_s5_chunk_0|wf01_s3_chunk_0|wf01_s1_chunk_0|wf01_d1_chunk_0|wf01_d2_chunk_0,wf01_s5_chunk_0
123,105,"Was the temporary 60-minute expiry change kept, or did we revert to the original",Vanilla RAG,1,23.9091,wf01_d2_chunk_0|wf01_d3_chunk_0|wf01_d1_chunk_0|wf01_s5_chunk_0|wf01_s3_chunk_0,wf01_s3_chunk_0|wf01_s5_chunk_0
123,106,Which document defines 15-minute expiry as the approved JWT expiry setting?,Vanilla RAG,1,27.4979,wf01_d1_chunk_0|wf01_s5_chunk_0|wf01_d2_chunk_0|wf01_s1_chunk_0|wf01_s3_chunk_0,wf01_s1_chunk_0
123,107,Confirm the architecture decision that adopted 15-minute expiry for JWT Authenti,Vanilla RAG,1,22.9573,wf01_s5_chunk_0|wf01_d1_chunk_0|wf01_s1_chunk_0|wf01_d2_chunk_0|wf01_d3_chunk_0,wf01_s1_chunk_0
123,108,What is the primary keys policy for Database Schema?,Vanilla RAG,1,22.6574,wf02_d1_chunk_0|wf02_d2_chunk_0|wf02_s5_chunk_0|wf02_s1_chunk_0|wf02_d3_chunk_0,wf02_s1_chunk_0
123,109,How is primary keys implemented using Alembic+PostgreSQL?,Vanilla RAG,1,20.4914,wf02_s1_chunk_0|wf02_d2_chunk_0|wf02_d1_chunk_0|wf02_s3_chunk_0|wf02_s4_chunk_0,wf02_s1_chunk_0
123,110,Find the backend standard for row identifier scheme.,Vanilla RAG,1,19.9745,wf02_s4_chunk_0|wf02_s1_chunk_0|wf02_d3_chunk_0|wf02_d2_chunk_0|ng_1395,wf02_s1_chunk_0|wf02_s4_chunk_0
123,111,Summarise the technical decision on row identifier scheme during Database Schema,Vanilla RAG,1,22.4072,wf02_s4_chunk_0|wf02_d3_chunk_0|wf02_d1_chunk_0|wf02_s1_chunk_0|wf02_d2_chunk_0,wf02_s4_chunk_0
123,112,What is the final primary keys rule deployed to production after the sprint over,Vanilla RAG,1,20.6447,wf02_s5_chunk_0|wf02_d1_chunk_0|wf02_d2_chunk_0|wf02_s1_chunk_0|wf02_s3_chunk_0,wf02_s5_chunk_0
123,113,"Was the temporary auto-incrementing integer PKs change kept, or did we revert to",Vanilla RAG,1,25.7878,wf02_s3_chunk_0|wf02_s5_chunk_0|wf02_s1_chunk_0|wf02_d3_chunk_0|ng_637,wf02_s3_chunk_0|wf02_s5_chunk_0
123,114,Which document defines UUID primary keys as the approved primary keys setting?,Vanilla RAG,1,20.2383,wf02_s1_chunk_0|wf02_s5_chunk_0|wf02_d2_chunk_0|wf02_d1_chunk_0|wf02_d3_chunk_0,wf02_s1_chunk_0
123,115,Confirm the architecture decision that adopted UUID primary keys for Database Sc,Vanilla RAG,1,20.7398,wf02_s5_chunk_0|wf02_s1_chunk_0|wf02_d3_chunk_0|wf02_d2_chunk_0|wf02_d1_chunk_0,wf02_s1_chunk_0
123,116,What is the domain boundary policy for Microservice Context?,Vanilla RAG,1,19.406,wf03_d1_chunk_0|wf03_s5_chunk_0|wf03_s1_chunk_0|wf03_d2_chunk_0|wf03_d3_chunk_0,wf03_s1_chunk_0
123,117,How is domain boundary implemented using gRPC+Protobuf?,Vanilla RAG,1,19.9646,wf03_s1_chunk_0|wf14_s1_chunk_0|wf14_d2_chunk_0|wf14_d3_chunk_0|wf14_d1_chunk_0,wf03_s1_chunk_0
123,118,Find the architecture standard for inter-service coupling.,Vanilla RAG,1,17.8861,wf03_d3_chunk_0|wf03_s1_chunk_0|wf03_s4_chunk_0|wf03_d2_chunk_0|wf19_s4_chunk_0,wf03_s1_chunk_0|wf03_s4_chunk_0
123,119,Summarise the technical decision on inter-service coupling during Microservice C,Vanilla RAG,1,23.3983,wf03_d3_chunk_0|wf03_d2_chunk_0|wf03_d1_chunk_0|wf03_s1_chunk_0|wf03_s4_chunk_0,wf03_s4_chunk_0
123,120,What is the final domain boundary rule deployed to production after the sprint o,Vanilla RAG,1,20.9164,wf03_s5_chunk_0|wf03_d1_chunk_0|wf04_s3_chunk_0|wf15_s3_chunk_0|wf18_s3_chunk_0,wf03_s5_chunk_0
123,121,"Was the temporary shared database schema change kept, or did we revert to the or",Vanilla RAG,1,24.9501,wf03_s3_chunk_0|wf15_s4_chunk_0|wf03_d3_chunk_0|wf15_d3_chunk_0|wf15_s3_chunk_0,wf03_s3_chunk_0|wf03_s5_chunk_0
123,122,Which document defines strict domain boundary as the approved domain boundary se,Vanilla RAG,1,20.3994,wf03_s5_chunk_0|wf03_s1_chunk_0|wf03_d1_chunk_0|wf16_d1_chunk_0|wf04_s5_chunk_0,wf03_s1_chunk_0
123,123,Confirm the architecture decision that adopted strict domain boundary for Micros,Vanilla RAG,1,20.8719,wf03_s5_chunk_0|wf03_d1_chunk_0|wf03_s1_chunk_0|wf03_d3_chunk_0|wf03_d2_chunk_0,wf03_s1_chunk_0
123,124,What is the PR approvals policy for CI/CD Pipeline?,Vanilla RAG,1,20.0793,wf04_d2_chunk_0|wf04_s5_chunk_0|wf04_d1_chunk_0|wf04_s1_chunk_0|wf04_d3_chunk_0,wf04_s1_chunk_0
123,125,How is PR approvals implemented using GitHub Actions?,Vanilla RAG,1,19.7609,wf04_s1_chunk_0|wf04_d2_chunk_0|wf04_s5_chunk_0|wf04_d1_chunk_0|ng_628,wf04_s1_chunk_0
123,126,Find the devops standard for merge gate policy.,Vanilla RAG,1,28.0562,wf04_s4_chunk_0|wf04_d3_chunk_0|wf04_s1_chunk_0|wf04_s5_chunk_0|wf19_s5_chunk_0,wf04_s1_chunk_0|wf04_s4_chunk_0
123,127,Summarise the technical decision on merge gate policy during CI/CD Pipeline desi,Vanilla RAG,1,26.5248,wf04_d3_chunk_0|wf04_s4_chunk_0|wf04_s1_chunk_0|wf04_s5_chunk_0|wf04_d2_chunk_0,wf04_s4_chunk_0
123,128,What is the final PR approvals rule deployed to production after the sprint over,Vanilla RAG,1,21.4381,wf04_s5_chunk_0|wf04_s3_chunk_0|wf04_d1_chunk_0|wf05_s3_chunk_0|wf04_d2_chunk_0,wf04_s5_chunk_0
123,129,"Was the temporary admin bypass override change kept, or did we revert to the ori",Vanilla RAG,1,24.4631,wf04_s3_chunk_0|wf19_s5_chunk_0|wf15_s5_chunk_0|wf16_s3_chunk_0|wf01_s5_chunk_0,wf04_s3_chunk_0|wf04_s5_chunk_0
123,130,Which document defines require 2 PR approvals as the approved PR approvals setti,Vanilla RAG,1,21.4346,wf04_d2_chunk_0|wf04_d1_chunk_0|wf04_s5_chunk_0|wf04_s1_chunk_0|wf16_d1_chunk_0,wf04_s1_chunk_0
123,131,Confirm the architecture decision that adopted require 2 PR approvals for CI/CD ,Vanilla RAG,1,22.068,wf04_s1_chunk_0|wf04_d2_chunk_0|wf04_s5_chunk_0|wf04_d1_chunk_0|wf04_d3_chunk_0,wf04_s1_chunk_0
123,132,What is the trace sampling policy for Observability Stack?,Vanilla RAG,1,20.9004,wf05_d2_chunk_0|wf05_s5_chunk_0|wf05_d1_chunk_0|wf05_s1_chunk_0|wf05_d3_chunk_0,wf05_s1_chunk_0
123,133,How is trace sampling implemented using OpenTelemetry?,Vanilla RAG,1,19.5114,wf05_s1_chunk_0|wf05_d2_chunk_0|wf05_s3_chunk_0|wf05_d3_chunk_0|wf05_d1_chunk_0,wf05_s1_chunk_0
123,134,Find the devops standard for telemetry capture rate.,Vanilla RAG,1,21.0291,wf05_s4_chunk_0|ng_2127|wf05_s1_chunk_0|wf05_d2_chunk_0|wf05_d1_chunk_0,wf05_s1_chunk_0|wf05_s4_chunk_0
123,135,Summarise the technical decision on telemetry capture rate during Observability ,Vanilla RAG,1,22.5252,wf05_s1_chunk_0|wf05_s4_chunk_0|wf05_d1_chunk_0|wf05_d3_chunk_0|wf05_s3_chunk_0,wf05_s4_chunk_0
123,136,What is the final trace sampling rule deployed to production after the sprint ov,Vanilla RAG,1,20.7547,wf05_s3_chunk_0|wf05_s5_chunk_0|wf05_d2_chunk_0|wf05_d1_chunk_0|wf05_d3_chunk_0,wf05_s5_chunk_0
123,137,"Was the temporary 100% full trace sampling change kept, or did we revert to the ",Vanilla RAG,1,24.0787,wf05_d2_chunk_0|wf05_s3_chunk_0|wf05_d1_chunk_0|wf05_s1_chunk_0|wf05_s5_chunk_0,wf05_s3_chunk_0|wf05_s5_chunk_0
123,138,Which document defines 10% trace sampling as the approved trace sampling setting,Vanilla RAG,1,19.9406,wf05_d2_chunk_0|wf05_d1_chunk_0|wf05_s5_chunk_0|wf05_s1_chunk_0|wf05_d3_chunk_0,wf05_s1_chunk_0
123,139,Confirm the architecture decision that adopted 10% trace sampling for Observabil,Vanilla RAG,1,22.0014,wf05_s1_chunk_0|wf05_d2_chunk_0|wf05_s5_chunk_0|wf05_d1_chunk_0|wf05_d3_chunk_0,wf05_s1_chunk_0
123,140,What is the rate limit policy for API Gateway Rate Limiting?,Vanilla RAG,0,20.1965,wf06_d2_chunk_0|wf06_s5_chunk_0|wf06_d1_chunk_0|wf06_d3_chunk_0|wf06_s4_chunk_0,wf06_s1_chunk_0
123,141,How is rate limit implemented using nginx+Lua?,Vanilla RAG,1,21.071,wf06_s1_chunk_0|wf06_s3_chunk_0|wf06_s4_chunk_0|wf06_d2_chunk_0|wf06_d1_chunk_0,wf06_s1_chunk_0
123,142,Find the backend standard for inbound request throttle.,Vanilla RAG,1,19.6006,wf06_s4_chunk_0|wf06_s5_chunk_0|wf06_d3_chunk_0|wf06_s1_chunk_0|wf06_d1_chunk_0,wf06_s1_chunk_0|wf06_s4_chunk_0
123,143,Summarise the technical decision on inbound request throttle during API Gateway ,Vanilla RAG,1,22.3525,wf06_s4_chunk_0|wf06_d3_chunk_0|wf06_d1_chunk_0|wf06_s5_chunk_0|wf06_d2_chunk_0,wf06_s4_chunk_0
123,144,What is the final rate limit rule deployed to production after the sprint overri,Vanilla RAG,1,21.1816,wf06_s3_chunk_0|wf06_s5_chunk_0|wf06_d1_chunk_0|wf06_d2_chunk_0|wf06_s1_chunk_0,wf06_s5_chunk_0
123,145,"Was the temporary unlimited bursting change kept, or did we revert to the origin",Vanilla RAG,1,23.1946,wf06_s3_chunk_0|wf06_s5_chunk_0|wf06_d3_chunk_0|wf06_d1_chunk_0|wf06_s4_chunk_0,wf06_s3_chunk_0|wf06_s5_chunk_0
123,146,Which document defines 100 RPM rate limit as the approved rate limit setting?,Vanilla RAG,1,21.0923,wf06_d2_chunk_0|wf06_d1_chunk_0|wf06_s1_chunk_0|wf06_d3_chunk_0|wf06_s5_chunk_0,wf06_s1_chunk_0
123,147,Confirm the architecture decision that adopted 100 RPM rate limit for API Gatewa,Vanilla RAG,1,20.9985,wf06_d3_chunk_0|wf06_s5_chunk_0|wf06_d2_chunk_0|wf06_d1_chunk_0|wf06_s1_chunk_0,wf06_s1_chunk_0
123,148,What is the cache TTL policy for Distributed Caching?,Vanilla RAG,1,21.7397,wf07_d2_chunk_0|wf07_s5_chunk_0|wf07_d1_chunk_0|wf07_d3_chunk_0|wf07_s1_chunk_0,wf07_s1_chunk_0
123,149,How is cache TTL implemented using redis-py?,Vanilla RAG,1,19.5542,wf07_s1_chunk_0|wf07_d2_chunk_0|wf07_d3_chunk_0|wf07_s3_chunk_0|wf07_s5_chunk_0,wf07_s1_chunk_0
123,0,for ASCII terminals Organization: SmartStar Corporation / Signal Technology Line,MemGPT (approx),1,30.6122,ng_952|ng_1729|ng_2027|ng_943|ng_665,ng_1729
123,1,"Re: NumLock masking? interference with Meta/Compose/ExtendChar, ... Nntp-Posting",MemGPT (approx),1,45.997,ng_460|ng_2114|ng_1422|ng_2239|ng_1723,ng_460
123,2,"font problem.... Organization: Department of Mathematics, Queen's University at ",MemGPT (approx),0,33.7584,ng_1723|ng_2027|ng_1064|ng_2084|ng_1252,ng_241
123,3,Peltier Effect Heat Pumps Reply-To: paj@uk.co.gec-mrc (Paul Johnson) Organizatio,MemGPT (approx),1,46.4896,ng_1866|ng_1013|ng_1728|ng_1185|ng_1097,ng_1866
123,4,"WANTED: X & security posting Organization: TRW Systems Division, Fairfax",MemGPT (approx),1,28.9638,ng_1648|ng_1143|ng_1795|ng_976|ng_384,ng_1648
123,5,rom Organization: Defence Science and Technology Organisation Lines: 45 NNTP-Pos,MemGPT (approx),0,33.1603,ng_1143|ng_2027|ng_1795|ng_676|ng_744,ng_481
123,6,Re: A question about 120VAC outlet wiring.. Organization: HP Lake,MemGPT (approx),1,29.5139,ng_1750|ng_536|ng_263|ng_749|ng_401,ng_401
123,7,code is no good any more. From: a_rubin@dsg4.dse.beckman.com (Arthur Rubin),MemGPT (approx),1,37.6533,ng_1839|ng_2279|ng_1212|ng_1922|ng_190,ng_1922
123,8,-- Personal Account) Subject: Disappearing hard drive in LC? Organization:,MemGPT (approx),1,30.1339,ng_2316|ng_1821|ng_81|ng_1712|ng_1757,ng_2316
123,9,RFC's (Was: Cryptography Patents) From: a_rubin@dsg4.dse.beckman.com (Arthur Rub,MemGPT (approx),0,44.3504,ng_1073|ng_1296|ng_1998|ng_1433|ng_2200,ng_736
123,10,Memory in Plus&SE Organization: Temple University Lines: 8 Nntp-Posting-Host: vm,MemGPT (approx),1,37.2061,ng_676|ng_2027|ng_2279|ng_131|ng_255,ng_131
123,11,"Re: Xsun not running on SPARCclassic Organization: Rutgers Univ., New",MemGPT (approx),1,32.7573,ng_356|ng_2016|ng_2109|ng_1765|ng_857,ng_2109
123,12,up cable tv with an aerial. Lines: 37 Nntp-Posting-Host: wcsub.ctstateu.edu,MemGPT (approx),1,39.1807,ng_1942|ng_2009|ng_2078|ng_2159|ng_1301,ng_2009
123,13,Re: HeathKit/Zenith Nntp-Posting-Host: huey.udel.edu Organization: University of,MemGPT (approx),1,39.8543,ng_676|ng_255|ng_1942|ng_2027|ng_651,ng_651
123,14,Fluke For Sale (was DMM Advice Needed) Keywords: Fluke 8062A,MemGPT (approx),1,32.8008,ng_558|ng_338|ng_1244|ng_1165|ng_971,ng_558
123,15,Re: Keeping Your Mouth Shut (was: Hard drive security) Nntp-Posting-Host:,MemGPT (approx),0,34.2016,ng_676|ng_255|ng_775|ng_1911|ng_1143,ng_806
123,16,Changing colors on a label - HELP Organization: Ford Motor,MemGPT (approx),1,28.72,ng_2240|ng_1191|ng_2129|ng_439|ng_1545,ng_2240
123,17,** Xpm 3.2g is available ** Keywords: XPM Organization: Koala,MemGPT (approx),1,34.1596,ng_2027|ng_655|ng_439|ng_1379|ng_1476,ng_655
123,18,Re: The [secret] source of that announcement Lines: 19 Even,MemGPT (approx),0,30.0759,ng_1565|ng_1829|ng_1332|ng_1489|ng_2131,ng_2083
123,19,RE-Re: Quadra SCSI Problems??? X-Mailer: TeleFinder (version 3.0) Organization: ,MemGPT (approx),1,41.822,ng_914|ng_2090|ng_435|ng_923|ng_1546,ng_2090
123,20,Re: Thanks Apple: Free Ethernet on my C610! Organization: Case,MemGPT (approx),1,31.8096,ng_2069|ng_1596|ng_1483|ng_2302|ng_673,ng_1483
123,21,"Cursors Organization: The Internet Lines: 19 To: motif@alfalfa.com, xpert@expo.l",MemGPT (approx),1,46.4844,ng_1379|ng_1364|ng_1476|ng_676|ng_2279,ng_1364
123,22,"Re: Would ""clipper"" make a good cover for other encryption",MemGPT (approx),0,43.5716,ng_102|ng_900|ng_1808|ng_19|ng_329,ng_59
123,23,Re: text of White House announcement and Q&As on clipper,MemGPT (approx),0,35.2009,ng_1331|ng_277|ng_1449|ng_1347|ng_820,ng_110
123,24,"Re: What is going on?... Organization: Simon Fraser University, Burnaby,",MemGPT (approx),0,37.9668,ng_1252|ng_1379|ng_1829|ng_676|ng_2205,ng_1361
123,25,Re: Where do U look?? Reply-To: dtmedin@catbyte.b30.ingr.com Organization: Inter,MemGPT (approx),0,50.0798,ng_1379|ng_1802|ng_990|ng_1031|ng_104,ng_2280
123,26,"Subject: Re: Don't fight Clipper Chip, subvert or replace it",MemGPT (approx),0,39.0415,ng_1331|ng_1288|ng_1674|ng_1378|ng_1091,ng_1003
123,27,Re: disk safety measure? Organization: Massachusetts Institute of Technology Lin,MemGPT (approx),0,39.8337,ng_848|ng_1219|ng_1509|ng_1328|ng_2206,ng_364
123,28,Subject: Installation problem with X11R5 Organization: Rice University Lines: 32,MemGPT (approx),1,34.1851,ng_2109|ng_1856|ng_25|ng_216|ng_1102,ng_1856
123,29,Re: MacX 1.2 color problem Reply-To: dshaker@qualix.com Organization: QUALiX Gro,MemGPT (approx),1,44.9694,ng_830|ng_20|ng_745|ng_222|ng_1486,ng_830
123,30,"Re: DSP or other cards for FFT's, anyone? Nntp-Posting-Host: elvex33.acns.nwu.ed",MemGPT (approx),1,50.2915,ng_937|ng_1828|ng_834|ng_1969|ng_929,ng_937
123,31,Re: How do I find my AppContext? Reply-To: lanzo@tekelec.com (Mark,MemGPT (approx),1,36.66,ng_1699|ng_1795|ng_972|ng_319|ng_98,ng_1699
123,32,"Re: Once tapped, your code is no good any more.",MemGPT (approx),0,29.0698,ng_1922|ng_691|ng_1507|ng_2254|ng_1137,ng_323
123,33,Re: Tektronix Organization: ITC/UVA Community Access UNIX/Internet Project Lines,MemGPT (approx),1,35.4022,ng_1795|ng_1737|ng_2335|ng_155|ng_1829,ng_155
123,34,Re: XAllocColor fails to return nearest match Reply-To: klee@synoptics.com Organ,MemGPT (approx),1,41.7255,ng_830|ng_1486|ng_1191|ng_105|ng_20,ng_1486
123,35,Re: Do we need the clipper for cheap security? Organization:,MemGPT (approx),0,35.8332,ng_1808|ng_1355|ng_209|ng_40|ng_1784,ng_895
123,36,"& IBM Info-Version 1.7.7 Organization: New Mexico State University, Las",MemGPT (approx),1,38.8867,ng_2278|ng_1491|ng_976|ng_651|ng_744,ng_2278
123,37,Subject: Re: Clipper chip -- technical details Organization: IR Lines:,MemGPT (approx),0,34.6389,ng_1378|ng_1288|ng_1674|ng_383|ng_2067,ng_442
123,38,Powerbook 170 freezes after 18 seconds; Help! Nntp-Posting-Host: ntrc25.ntrc.ntu,MemGPT (approx),1,48.0374,ng_1306|ng_2054|ng_644|ng_77|ng_671,ng_1306
123,39,Help: SunView on olwm/xview3/X11R5 Article-I.D.: haji.9304051753.AA05339 Organiz,MemGPT (approx),1,51.5112,ng_2335|ng_1102|ng_1018|ng_2148|ng_2058,ng_1018
123,40,"Re: arcade style buttons and joysticks Organization: University of Stellenbosch,",MemGPT (approx),1,35.3262,ng_2230|ng_1926|ng_1639|ng_535|ng_1470,ng_2230
123,41,Re: Converting contents of X-window to color postscript Organization: Dept.,MemGPT (approx),1,37.0127,ng_1191|ng_51|ng_585|ng_192|ng_2251,ng_585
123,42,Subject: Need diode model for PSpice Organization: University at Buffalo,MemGPT (approx),1,32.7277,ng_541|ng_1185|ng_400|ng_1767|ng_1904,ng_541
123,43,Subject: Re: Honors Degrees: Do they mean anything? Organization: Purdue,MemGPT (approx),1,32.7976,ng_1735|ng_1767|ng_2205|ng_474|ng_744,ng_1735
123,44,"Re: Identifying / Securing Files Organization: Private Computer, Totowa, NJ",MemGPT (approx),1,34.1554,ng_1073|ng_646|ng_1899|ng_280|ng_38,ng_646
123,45,"Exploding TV! Organization: Virginia Tech, Blacksburg, VA Lines: 19 Distribution",MemGPT (approx),1,34.6635,ng_278|ng_2159|ng_1942|ng_1481|ng_846,ng_278
123,46,Subject: Re: text of White House announcement and Q&As on,MemGPT (approx),0,32.0346,ng_1449|ng_1724|ng_1124|ng_277|ng_949,ng_1250
123,47,Re: Hard drive security for FBI targets Keywords: cooperation Reply-To:,MemGPT (approx),1,34.5069,ng_471|ng_1691|ng_1313|ng_598|ng_1263,ng_1263
123,48,Home brew Acceler question?? Nntp-Posting-Host: vaxb.isc.rit.edu Reply-To: arp01,MemGPT (approx),0,48.5128,ng_1252|ng_384|ng_255|ng_2040|ng_1491,ng_1550
123,49,Re: x86 ~= 680x0 ?? (How do they compare?) Nntp-Posting-Host:,MemGPT (approx),0,25.8968,ng_676|ng_2299|ng_1081|ng_173|ng_685,ng_2085
123,50,From: yuan1@scws7.harvard.edu (Nina Yuan) Distribution: inet Nntp-Posting-Host: ,MemGPT (approx),0,30.8194,ng_676|ng_1252|ng_235|ng_1969|ng_1489,ng_695
123,51,Info on DSP project Nf-ID: #R:ee.ualberta.ca:735344986:trsvax:288200082:000:164 ,MemGPT (approx),1,38.6462,ng_235|ng_1969|ng_929|ng_690|ng_1904,ng_929
123,52,"Re: compiling on sun4_411 Organization: Department of Scientific Computing, Upps",MemGPT (approx),0,20.5144,ng_1102|ng_1368|ng_437|ng_1868|ng_484,ng_2224
123,53,EEG Kit? Nntp-Posting-Host: sauron.msfc.nasa.gov Organization: NASA/MSFC X-Newsr,MemGPT (approx),1,31.3142,ng_1130|ng_676|ng_1969|ng_84|ng_1140,ng_1130
123,54,DETECTORS? Article-I.D.: almaden.19930406.131941.134 Lines: 3 They detect the os,MemGPT (approx),1,27.8009,ng_1676|ng_739|ng_1688|ng_2153|ng_453,ng_1676
123,55,Re: Dumb Question: Function Generator Organization: Northeastern Ohio Universiti,MemGPT (approx),0,24.7324,ng_2205|ng_1969|ng_1252|ng_1489|ng_2094,ng_1940
123,56,Subject: RE: Exploding TV Nntp-Posting-Host: engr.engr.uark.edu Organization: Un,MemGPT (approx),0,38.4004,ng_676|ng_1969|ng_235|ng_846|ng_1942,ng_450
123,57,Re: LCIII problems (sideways HD's) Organization: Case School of Engineering,MemGPT (approx),1,20.9875,ng_1328|ng_676|ng_1757|ng_1622|ng_607,ng_1328
123,58,Re: Interesting ADB behaviour on C650 Organization: Case School of,MemGPT (approx),1,24.5603,ng_2145|ng_991|ng_1527|ng_992|ng_686,ng_992
123,59,DeskWriter Drivers 3.1 -- How to install ? Organization: Eindhoven,MemGPT (approx),1,22.656,ng_1316|ng_1365|ng_787|ng_842|ng_1461,ng_1316
123,60,Re: Hard drive security for FBI targets Reply-To: pdc@dcs.ed.ac.uk (Paul,MemGPT (approx),0,23.8774,ng_471|ng_687|ng_598|ng_1524|ng_1313,ng_2210
123,61,Subject: Re: Long distance IR detection Organization: Purdue University Engineer,MemGPT (approx),1,19.4215,ng_1125|ng_1271|ng_924|ng_2063|ng_2265,ng_1125
123,62,question about 120VAC outlet wiring. Distribution: world Organization: Kernel Mo,MemGPT (approx),0,21.3248,ng_1750|ng_536|ng_401|ng_749|ng_263,ng_1959
123,63,"Xterm Cursor X-Received: by usenet.pa.dec.com; id AA19241; Sun, 18 Apr",MemGPT (approx),1,27.108,ng_1351|ng_890|ng_2244|ng_320|ng_843,ng_1351
123,64,Re: Building a UV flashlight Nntp-Posting-Host: aisun3.ai.uga.edu Organization: ,MemGPT (approx),1,26.0425,ng_2265|ng_997|ng_420|ng_754|ng_1969,ng_997
123,65,Re: How 2 Get Fontname from Fonstruct ??? Organization: University,MemGPT (approx),1,20.733,ng_721|ng_2084|ng_586|ng_2205|ng_2094,ng_586
123,66,)) Subject: Re: Need to find out number to a,MemGPT (approx),1,20.0564,ng_2094|ng_1277|ng_1379|ng_1591|ng_577,ng_2094
123,67,Re: NUTEK FACES APPLE'S WRATH (article!!!!!!) READ Article-I.D.: rpi.j3g5bwq Org,MemGPT (approx),0,30.5502,ng_2323|ng_1649|ng_1375|ng_811|ng_1206,ng_1275
123,68,"Re: Once tapped, your code is no good any more.",MemGPT (approx),0,20.0031,ng_1137|ng_691|ng_1507|ng_2254|ng_1700,ng_1297
123,69,Subject: Re: Centris Cache & Bernoulli Box Article-I.D.: snll-arp.519 Distributi,MemGPT (approx),1,27.129,ng_2250|ng_1140|ng_690|wf07_d2_chunk_0|ng_603,ng_2250
123,70,"Installing MIT X11R5 on Apollo Organization: CATT Centre at CITRI,",MemGPT (approx),1,21.2377,ng_1856|ng_1102|ng_10|ng_1805|ng_648,ng_10
123,71,Lines (inverse/xor) Organization: The Portal System (TM) <1993Apr21.111919.5281@,MemGPT (approx),1,38.5765,ng_2056|ng_2020|ng_2027|ng_1968|ng_943,ng_2056
123,72,"Re: Once tapped, your code is no good any more.",MemGPT (approx),0,19.4935,ng_691|ng_1507|ng_2254|ng_1137|ng_1700,ng_653
123,73,"Subject: ""Clipper Chip"" facts: a request Organization: is a nice",MemGPT (approx),1,20.1739,ng_1802|ng_1674|ng_1378|ng_1288|ng_383,ng_1674
123,74,Subject: Re: Animation Organization: The Internet Lines: 81 To: xpert@expo.lcs.m,MemGPT (approx),1,25.0261,ng_2111|ng_2205|ng_1379|ng_1829|ng_1644,ng_2111
123,75,ext. 8056) Subject: Sources for Intel D87C51FB? Nntp-Posting-Host: levy.fnal.gov,MemGPT (approx),0,28.5268,ng_1514|ng_696|ng_941|ng_1896|ng_1519,ng_764
123,76,Re: An Open Letter to Mr. Clinton Organization: Beckman Software,MemGPT (approx),0,20.8467,ng_1331|ng_361|ng_940|ng_902|ng_258,ng_67
123,77,"Re: RAMs &ROMs with ALE latches (for 8051's) X-Xxdate: Wed,",MemGPT (approx),1,24.6492,ng_712|ng_489|ng_1406|ng_114|ng_117,ng_712
123,78,"Re: >>>>> MOUSE BUTTONS 1,2 & 3 <<<<<<<< urgent !",MemGPT (approx),1,25.1294,ng_1470|ng_244|ng_532|ng_1950|ng_1666,ng_244
123,79,"Hard Drive Component Costs Organization: E-Systems, Melpar Division Lines: 17",MemGPT (approx),1,21.1185,ng_1328|ng_2274|ng_743|ng_1821|ng_1509,ng_2274
123,80,"Re: Mysterious MOSFET Organization: Engineering Services, Clemson University Lin",MemGPT (approx),1,20.6473,ng_2057|ng_2103|ng_1586|ng_889|ng_1499,ng_2103
123,81,Re: IBM-PC XT switch settings Organization: Netcom Online Communications Service,MemGPT (approx),1,20.8329,ng_1140|ng_623|ng_1683|ng_619|ng_490,ng_623
123,82,Re: PDS vs. Nubus (was Re: LC III NuBus Capable?),MemGPT (approx),1,22.9309,ng_1776|ng_569|ng_679|ng_129|ng_1025,ng_1776
123,83,Re: LCIII problems Organization: wyvern.com Lines: 25 Ravi Konchigeri <mongoose@,MemGPT (approx),0,29.2547,ng_2205|ng_1477|ng_944|ng_86|ng_176,ng_1757
123,84,Can I remove the 68000 under my daughterboard upgrade? Organization:,MemGPT (approx),1,21.3923,ng_2137|ng_2338|ng_173|ng_2049|ng_1953,ng_2137
123,85,Subject: Re: Exploding TV! Organization: The Portal System (TM) Distribution:,MemGPT (approx),1,22.8449,ng_1186|ng_846|ng_1829|ng_2027|ng_2160,ng_1186
123,86,Re: Need to find out number to a phone line,MemGPT (approx),1,20.067,ng_154|ng_2065|ng_1591|ng_577|ng_181,ng_577
123,87,Subject: Re: CD-ROM multisession Nntp-Posting-Host: emerald Organization: Philip,MemGPT (approx),1,24.5137,ng_676|ng_2027|ng_846|ng_1566|ng_899,ng_1566
123,88,xrolo/SPACRC/SunOS4.1.1/audio Organization: The Internet Lines: 21 NNTP-Posting-,MemGPT (approx),1,39.7572,ng_676|ng_2163|ng_235|ng_255|ng_1577,ng_2163
123,89,Subject: How often are SIMMs bad (mail order)? Nntp-Posting-Host: aix02.ecs.rpi.,MemGPT (approx),1,28.5266,ng_255|ng_676|ng_846|ng_553|ng_1278,ng_1278
123,90,Re: Los Angeles Freeway traffic reports Organization: RAND Lines: 29,MemGPT (approx),1,20.0992,ng_1005|ng_2179|ng_551|ng_453|ng_1918,ng_1005
123,91,Re: Patents (was RC2 RC4) Nntp-Posting-Host: wardibm2.med.yale.edu Organization:,MemGPT (approx),0,28.5475,ng_676|ng_2048|ng_690|ng_1969|ng_1143,ng_1693
123,92,Re: Position of 'b' on Erg. Keyboard Organization: Virginia Tech,MemGPT (approx),1,21.2595,ng_2180|ng_1198|ng_174|ng_1733|ng_1040,ng_1198
123,93,"Subject: Re: Radar detector DETECTORS? Organization: Iowa State University, Ames",MemGPT (approx),1,20.2949,ng_2153|ng_292|ng_2273|ng_1688|ng_1945,ng_292
123,94,"Re: Clipper chip -- technical details Organization: Computer Science Dept,",MemGPT (approx),0,20.5835,ng_1674|ng_410|ng_383|ng_2067|ng_953,ng_1397
123,95,Looking for updated XView textedit source (w/d-n-d support) Article-I.D.: armory,MemGPT (approx),1,28.6691,ng_1238|ng_818|ng_1018|ng_1480|ng_1828,ng_1238
123,96,4th Dimension BBS Subject: Re: A StyleWriter II question Lines:,MemGPT (approx),0,22.6745,ng_2288|ng_1176|ng_605|ng_405|ng_664,ng_1256
123,97,80-bit keyseach machine Nntp-Posting-Host: mizzou1.missouri.edu Organization: Un,MemGPT (approx),1,26.3409,ng_676|ng_2067|ng_235|ng_1791|ng_1420,ng_1791
123,98,VIdeotext/teletext descrambler Article-I.D.: hal.1psvcg$1auv Distribution: world,MemGPT (approx),1,46.6042,ng_1828|ng_818|ng_203|ng_410|ng_1530,ng_1828
123,99,"tvtwm & xsetroot, X11R5 and Sparc 10 keyboard Organization: Sheffield",MemGPT (approx),1,27.8977,ng_1430|ng_2156|ng_1576|ng_1826|ng_106,ng_1430
123,100,What is the JWT expiry policy for JWT Authentication?,MemGPT (approx),1,20.3988,wf01_s5_chunk_0|wf01_s1_chunk_0|wf01_d1_chunk_0|wf01_d2_chunk_0|wf01_d3_chunk_0,wf01_s1_chunk_0
123,101,How is JWT expiry implemented using PyJWT+Redis?,MemGPT (approx),1,21.2825,wf01_s1_chunk_0|wf01_d2_chunk_0|wf01_s5_chunk_0|wf01_d3_chunk_0|wf01_d1_chunk_0,wf01_s1_chunk_0
123,102,Find the backend standard for session token lifetime.,MemGPT (approx),1,18.1431,wf01_d3_chunk_0|wf01_d2_chunk_0|wf01_s1_chunk_0|wf01_s5_chunk_0|wf01_d1_chunk_0,wf01_s1_chunk_0|wf01_s4_chunk_0
123,103,Summarise the technical decision on session token lifetime during JWT Authentica,MemGPT (approx),0,23.301,wf01_d3_chunk_0|wf01_d2_chunk_0|wf01_s5_chunk_0|wf01_d1_chunk_0|wf01_s1_chunk_0,wf01_s4_chunk_0
123,104,What is the final JWT expiry rule deployed to production after the sprint overri,MemGPT (approx),1,22.333,wf01_s5_chunk_0|wf01_s1_chunk_0|wf01_d1_chunk_0|wf01_d2_chunk_0|wf01_d3_chunk_0,wf01_s5_chunk_0
123,105,"Was the temporary 60-minute expiry change kept, or did we revert to the original",MemGPT (approx),1,23.9432,wf01_d2_chunk_0|wf01_d3_chunk_0|wf01_d1_chunk_0|wf01_s5_chunk_0|wf01_s1_chunk_0,wf01_s3_chunk_0|wf01_s5_chunk_0
123,106,Which document defines 15-minute expiry as the approved JWT expiry setting?,MemGPT (approx),1,22.4636,wf01_d1_chunk_0|wf01_s5_chunk_0|wf01_d2_chunk_0|wf01_s1_chunk_0|wf01_d3_chunk_0,wf01_s1_chunk_0
123,107,Confirm the architecture decision that adopted 15-minute expiry for JWT Authenti,MemGPT (approx),1,22.0638,wf01_s5_chunk_0|wf01_d1_chunk_0|wf01_s1_chunk_0|wf01_d2_chunk_0|wf01_d3_chunk_0,wf01_s1_chunk_0
123,108,What is the primary keys policy for Database Schema?,MemGPT (approx),1,18.8111,wf02_d1_chunk_0|wf02_d2_chunk_0|wf02_s5_chunk_0|wf02_s1_chunk_0|wf02_d3_chunk_0,wf02_s1_chunk_0
123,109,How is primary keys implemented using Alembic+PostgreSQL?,MemGPT (approx),1,20.5387,wf02_s1_chunk_0|wf02_d2_chunk_0|wf02_d1_chunk_0|wf02_d3_chunk_0|wf02_s5_chunk_0,wf02_s1_chunk_0
123,110,Find the backend standard for row identifier scheme.,MemGPT (approx),1,19.6905,wf02_s1_chunk_0|wf02_d3_chunk_0|wf02_d2_chunk_0|wf02_s4_chunk_0|wf02_s5_chunk_0,wf02_s1_chunk_0|wf02_s4_chunk_0
123,111,Summarise the technical decision on row identifier scheme during Database Schema,MemGPT (approx),1,21.9771,wf02_s4_chunk_0|wf02_d3_chunk_0|wf02_d1_chunk_0|wf02_s1_chunk_0|wf02_d2_chunk_0,wf02_s4_chunk_0
123,112,What is the final primary keys rule deployed to production after the sprint over,MemGPT (approx),1,22.1087,wf02_s5_chunk_0|wf02_d1_chunk_0|wf02_d2_chunk_0|wf02_s1_chunk_0|wf02_d3_chunk_0,wf02_s5_chunk_0
123,113,"Was the temporary auto-incrementing integer PKs change kept, or did we revert to",MemGPT (approx),1,25.5005,wf02_s5_chunk_0|wf02_s1_chunk_0|wf02_d3_chunk_0|wf02_d2_chunk_0|wf02_s3_chunk_0,wf02_s3_chunk_0|wf02_s5_chunk_0
123,114,Which document defines UUID primary keys as the approved primary keys setting?,MemGPT (approx),1,19.6663,wf02_s1_chunk_0|wf02_s5_chunk_0|wf02_d2_chunk_0|wf02_d1_chunk_0|wf02_d3_chunk_0,wf02_s1_chunk_0
123,115,Confirm the architecture decision that adopted UUID primary keys for Database Sc,MemGPT (approx),1,20.2356,wf02_s5_chunk_0|wf02_s1_chunk_0|wf02_d3_chunk_0|wf02_d2_chunk_0|wf02_d1_chunk_0,wf02_s1_chunk_0
123,116,What is the domain boundary policy for Microservice Context?,MemGPT (approx),1,19.9406,wf03_d1_chunk_0|wf03_s5_chunk_0|wf03_s1_chunk_0|wf03_d2_chunk_0|wf03_d3_chunk_0,wf03_s1_chunk_0
123,117,How is domain boundary implemented using gRPC+Protobuf?,MemGPT (approx),1,19.8118,wf03_s1_chunk_0|wf03_d1_chunk_0|wf03_s5_chunk_0|wf14_s1_chunk_0|wf14_d2_chunk_0,wf03_s1_chunk_0
123,118,Find the architecture standard for inter-service coupling.,MemGPT (approx),1,17.9893,wf03_d3_chunk_0|wf03_s1_chunk_0|wf03_d2_chunk_0|wf03_d1_chunk_0|wf14_s1_chunk_0,wf03_s1_chunk_0|wf03_s4_chunk_0
123,119,Summarise the technical decision on inter-service coupling during Microservice C,MemGPT (approx),0,21.8214,wf03_d3_chunk_0|wf03_d2_chunk_0|wf03_d1_chunk_0|wf03_s1_chunk_0|wf03_s5_chunk_0,wf03_s4_chunk_0
123,120,What is the final domain boundary rule deployed to production after the sprint o,MemGPT (approx),1,20.8485,wf03_s5_chunk_0|wf03_d1_chunk_0|wf03_s1_chunk_0|wf04_s3_chunk_0|wf15_s3_chunk_0,wf03_s5_chunk_0
123,121,"Was the temporary shared database schema change kept, or did we revert to the or",MemGPT (approx),1,24.6329,wf03_s3_chunk_0|wf15_s4_chunk_0|wf03_d3_chunk_0|wf15_d3_chunk_0|wf15_s3_chunk_0,wf03_s3_chunk_0|wf03_s5_chunk_0
123,122,Which document defines strict domain boundary as the approved domain boundary se,MemGPT (approx),1,20.1182,ng_1073|wf03_s5_chunk_0|wf03_s1_chunk_0|wf03_d1_chunk_0|wf16_d1_chunk_0,wf03_s1_chunk_0
123,123,Confirm the architecture decision that adopted strict domain boundary for Micros,MemGPT (approx),1,20.5408,wf03_s5_chunk_0|wf03_d1_chunk_0|wf03_s1_chunk_0|wf03_d3_chunk_0|wf03_s3_chunk_0,wf03_s1_chunk_0
123,124,What is the PR approvals policy for CI/CD Pipeline?,MemGPT (approx),1,19.9546,wf04_d2_chunk_0|wf04_s5_chunk_0|wf04_d1_chunk_0|wf04_s1_chunk_0|wf16_d1_chunk_0,wf04_s1_chunk_0
123,125,How is PR approvals implemented using GitHub Actions?,MemGPT (approx),1,20.2452,wf04_s1_chunk_0|wf04_d2_chunk_0|wf04_s5_chunk_0|wf04_d1_chunk_0|ng_1073,wf04_s1_chunk_0
123,126,Find the devops standard for merge gate policy.,MemGPT (approx),1,18.985,wf04_s1_chunk_0|wf04_s5_chunk_0|wf15_s4_chunk_0|wf04_d2_chunk_0|wf04_d1_chunk_0,wf04_s1_chunk_0|wf04_s4_chunk_0
123,127,Summarise the technical decision on merge gate policy during CI/CD Pipeline desi,MemGPT (approx),0,23.2127,wf04_s1_chunk_0|wf04_s5_chunk_0|wf04_d2_chunk_0|wf04_d1_chunk_0|wf04_d3_chunk_0,wf04_s4_chunk_0
123,128,What is the final PR approvals rule deployed to production after the sprint over,MemGPT (approx),1,21.7026,wf04_s5_chunk_0|wf04_d1_chunk_0|wf04_d2_chunk_0|wf15_s3_chunk_0|wf04_s1_chunk_0,wf04_s5_chunk_0
123,129,"Was the temporary admin bypass override change kept, or did we revert to the ori",MemGPT (approx),1,24.4467,wf04_s5_chunk_0|wf15_d3_chunk_0|wf03_s5_chunk_0|wf15_s4_chunk_0|wf04_s3_chunk_0,wf04_s3_chunk_0|wf04_s5_chunk_0
123,130,Which document defines require 2 PR approvals as the approved PR approvals setti,MemGPT (approx),1,20.4488,wf04_d2_chunk_0|wf04_d1_chunk_0|wf04_s5_chunk_0|wf04_s1_chunk_0|wf16_d1_chunk_0,wf04_s1_chunk_0
123,131,Confirm the architecture decision that adopted require 2 PR approvals for CI/CD ,MemGPT (approx),1,21.2245,wf04_s1_chunk_0|wf04_d2_chunk_0|wf04_s5_chunk_0|wf04_d1_chunk_0|wf04_d3_chunk_0,wf04_s1_chunk_0
123,132,What is the trace sampling policy for Observability Stack?,MemGPT (approx),1,19.6164,wf05_d2_chunk_0|wf05_s5_chunk_0|wf05_d1_chunk_0|wf05_s1_chunk_0|wf05_d3_chunk_0,wf05_s1_chunk_0
123,133,How is trace sampling implemented using OpenTelemetry?,MemGPT (approx),1,19.0223,wf05_s1_chunk_0|wf05_d2_chunk_0|wf05_d3_chunk_0|wf05_d1_chunk_0|wf05_s5_chunk_0,wf05_s1_chunk_0
123,134,Find the devops standard for telemetry capture rate.,MemGPT (approx),1,19.7919,wf05_s1_chunk_0|wf05_d2_chunk_0|wf05_d1_chunk_0|wf05_s4_chunk_0|ng_2127,wf05_s1_chunk_0|wf05_s4_chunk_0
123,135,Summarise the technical decision on telemetry capture rate during Observability ,MemGPT (approx),1,22.6758,wf05_s1_chunk_0|wf05_s4_chunk_0|wf05_d1_chunk_0|wf05_d3_chunk_0|wf05_d2_chunk_0,wf05_s4_chunk_0
123,136,What is the final trace sampling rule deployed to production after the sprint ov,MemGPT (approx),1,21.0444,wf05_s5_chunk_0|wf05_d2_chunk_0|wf05_d1_chunk_0|wf05_d3_chunk_0|wf05_s1_chunk_0,wf05_s5_chunk_0
123,137,"Was the temporary 100% full trace sampling change kept, or did we revert to the ",MemGPT (approx),1,24.5029,wf05_d2_chunk_0|wf05_d1_chunk_0|wf05_s1_chunk_0|wf05_s5_chunk_0|wf05_d3_chunk_0,wf05_s3_chunk_0|wf05_s5_chunk_0
123,138,Which document defines 10% trace sampling as the approved trace sampling setting,MemGPT (approx),1,20.1509,wf05_d2_chunk_0|wf05_d1_chunk_0|wf05_s5_chunk_0|wf05_s1_chunk_0|wf05_d3_chunk_0,wf05_s1_chunk_0
123,139,Confirm the architecture decision that adopted 10% trace sampling for Observabil,MemGPT (approx),1,22.2698,wf05_s1_chunk_0|wf05_d2_chunk_0|wf05_s5_chunk_0|wf05_d1_chunk_0|wf05_d3_chunk_0,wf05_s1_chunk_0
123,140,What is the rate limit policy for API Gateway Rate Limiting?,MemGPT (approx),0,19.7715,wf06_d2_chunk_0|wf06_s5_chunk_0|wf06_d1_chunk_0|wf06_d3_chunk_0|wf06_s4_chunk_0,wf06_s1_chunk_0
123,141,How is rate limit implemented using nginx+Lua?,MemGPT (approx),1,19.9962,wf06_s4_chunk_0|wf06_d2_chunk_0|wf06_d1_chunk_0|wf06_s5_chunk_0|wf06_s1_chunk_0,wf06_s1_chunk_0
123,142,Find the backend standard for inbound request throttle.,MemGPT (approx),1,21.9737,wf06_s4_chunk_0|wf06_s5_chunk_0|wf06_d3_chunk_0|wf06_s1_chunk_0|wf06_d1_chunk_0,wf06_s1_chunk_0|wf06_s4_chunk_0
123,143,Summarise the technical decision on inbound request throttle during API Gateway ,MemGPT (approx),1,22.4329,wf06_s4_chunk_0|wf06_d3_chunk_0|wf06_d1_chunk_0|wf06_s5_chunk_0|wf06_d2_chunk_0,wf06_s4_chunk_0
123,144,What is the final rate limit rule deployed to production after the sprint overri,MemGPT (approx),1,20.4277,wf06_s5_chunk_0|wf06_d1_chunk_0|wf06_d2_chunk_0|wf06_s1_chunk_0|wf06_d3_chunk_0,wf06_s5_chunk_0
123,145,"Was the temporary unlimited bursting change kept, or did we revert to the origin",MemGPT (approx),1,28.9645,wf06_s5_chunk_0|wf06_d3_chunk_0|wf06_d1_chunk_0|wf06_s4_chunk_0|wf06_d2_chunk_0,wf06_s3_chunk_0|wf06_s5_chunk_0
123,146,Which document defines 100 RPM rate limit as the approved rate limit setting?,MemGPT (approx),1,31.2425,wf06_d2_chunk_0|wf06_d1_chunk_0|wf06_s1_chunk_0|wf06_d3_chunk_0|wf06_s5_chunk_0,wf06_s1_chunk_0
123,147,Confirm the architecture decision that adopted 100 RPM rate limit for API Gatewa,MemGPT (approx),1,20.8127,wf06_d3_chunk_0|wf06_s5_chunk_0|wf06_d2_chunk_0|wf06_d1_chunk_0|wf06_s1_chunk_0,wf06_s1_chunk_0
123,148,What is the cache TTL policy for Distributed Caching?,MemGPT (approx),1,19.9269,wf07_d2_chunk_0|wf07_s5_chunk_0|wf07_d1_chunk_0|wf07_d3_chunk_0|wf07_s1_chunk_0,wf07_s1_chunk_0
123,149,How is cache TTL implemented using redis-py?,MemGPT (approx),1,20.43,wf07_s1_chunk_0|wf07_d2_chunk_0|wf07_d3_chunk_0|wf07_s3_chunk_0|wf07_s5_chunk_0,wf07_s1_chunk_0
123,0,for ASCII terminals Organization: SmartStar Corporation / Signal Technology Line,MemoryBank (approx),1,21.6366,ng_1729|ng_2027|ng_943|ng_952|ng_665,ng_1729
123,1,"Re: NumLock masking? interference with Meta/Compose/ExtendChar, ... Nntp-Posting",MemoryBank (approx),1,31.7474,ng_460|ng_2114|ng_1422|ng_2239|ng_1723,ng_460
123,2,"font problem.... Organization: Department of Mathematics, Queen's University at ",MemoryBank (approx),0,24.1463,ng_1723|ng_2027|ng_1064|ng_2084|ng_1252,ng_241
123,3,Peltier Effect Heat Pumps Reply-To: paj@uk.co.gec-mrc (Paul Johnson) Organizatio,MemoryBank (approx),1,29.7522,ng_1866|ng_1013|ng_1185|ng_1097|ng_2032,ng_1866
123,4,"WANTED: X & security posting Organization: TRW Systems Division, Fairfax",MemoryBank (approx),1,21.2915,ng_1648|ng_1143|ng_1795|ng_976|ng_384,ng_1648
123,5,rom Organization: Defence Science and Technology Organisation Lines: 45 NNTP-Pos,MemoryBank (approx),0,24.0756,ng_1143|ng_1795|ng_976|ng_2027|ng_676,ng_481
123,6,Re: A question about 120VAC outlet wiring.. Organization: HP Lake,MemoryBank (approx),1,20.2765,ng_1750|ng_536|ng_263|ng_749|ng_401,ng_401
123,7,code is no good any more. From: a_rubin@dsg4.dse.beckman.com (Arthur Rubin),MemoryBank (approx),1,25.8744,ng_1252|ng_2279|ng_1212|ng_1922|ng_190,ng_1922
123,8,-- Personal Account) Subject: Disappearing hard drive in LC? Organization:,MemoryBank (approx),1,20.9742,ng_2316|ng_1821|ng_81|ng_1712|ng_1757,ng_2316
123,9,RFC's (Was: Cryptography Patents) From: a_rubin@dsg4.dse.beckman.com (Arthur Rub,MemoryBank (approx),0,28.1919,ng_2279|ng_976|ng_1073|ng_1296|ng_1998,ng_736
123,10,Memory in Plus&SE Organization: Temple University Lines: 8 Nntp-Posting-Host: vm,MemoryBank (approx),1,26.4276,ng_2279|ng_2027|ng_1143|ng_676|ng_131,ng_131
123,11,"Re: Xsun not running on SPARCclassic Organization: Rutgers Univ., New",MemoryBank (approx),1,21.8983,ng_2016|ng_2109|ng_1765|ng_857|ng_2156,ng_2109
123,12,up cable tv with an aerial. Lines: 37 Nntp-Posting-Host: wcsub.ctstateu.edu,MemoryBank (approx),1,30.0441,ng_2279|ng_976|ng_1942|ng_2009|ng_2078,ng_2009
123,13,Re: HeathKit/Zenith Nntp-Posting-Host: huey.udel.edu Organization: University of,MemoryBank (approx),0,26.8901,ng_976|ng_1942|ng_1143|ng_676|ng_2027,ng_651
123,14,Fluke For Sale (was DMM Advice Needed) Keywords: Fluke 8062A,MemoryBank (approx),1,22.7352,ng_558|ng_338|ng_1244|ng_1165|ng_971,ng_558
123,15,Re: Keeping Your Mouth Shut (was: Hard drive security) Nntp-Posting-Host:,MemoryBank (approx),0,23.1688,ng_676|ng_1143|ng_775|ng_1911|ng_1812,ng_806
123,16,Changing colors on a label - HELP Organization: Ford Motor,MemoryBank (approx),1,18.7687,ng_2240|ng_1191|ng_2129|ng_439|ng_1545,ng_2240
123,17,** Xpm 3.2g is available ** Keywords: XPM Organization: Koala,MemoryBank (approx),1,25.9664,ng_439|ng_1143|ng_2027|ng_655|ng_1379,ng_655
123,18,Re: The [secret] source of that announcement Lines: 19 Even,MemoryBank (approx),0,31.874,ng_1296|ng_1998|ng_1212|ng_1565|ng_1829,ng_2083
123,19,RE-Re: Quadra SCSI Problems??? X-Mailer: TeleFinder (version 3.0) Organization: ,MemoryBank (approx),1,28.5629,ng_2090|ng_435|ng_923|ng_1546|ng_1537,ng_2090
123,20,Re: Thanks Apple: Free Ethernet on my C610! Organization: Case,MemoryBank (approx),1,26.9679,ng_1596|ng_1483|ng_2302|ng_2069|ng_673,ng_1483
123,21,"Cursors Organization: The Internet Lines: 19 To: motif@alfalfa.com, xpert@expo.l",MemoryBank (approx),1,28.7606,ng_1143|ng_1379|ng_676|ng_2279|ng_1364,ng_1364
123,22,"Re: Would ""clipper"" make a good cover for other encryption",MemoryBank (approx),0,20.2434,ng_900|ng_1808|ng_19|ng_329|ng_102,ng_59
123,23,Re: text of White House announcement and Q&As on clipper,MemoryBank (approx),0,20.4094,ng_1331|ng_277|ng_1449|ng_1347|ng_820,ng_110
123,24,"Re: What is going on?... Organization: Simon Fraser University, Burnaby,",MemoryBank (approx),0,22.0874,ng_1143|ng_676|ng_1379|ng_1829|ng_976,ng_1361
123,25,Re: Where do U look?? Reply-To: dtmedin@catbyte.b30.ingr.com Organization: Inter,MemoryBank (approx),0,28.3628,ng_1379|ng_976|ng_1143|ng_384|ng_1802,ng_2280
123,26,"Subject: Re: Don't fight Clipper Chip, subvert or replace it",MemoryBank (approx),0,21.5284,ng_1331|ng_1347|ng_1288|ng_1674|ng_1378,ng_1003
123,27,Re: disk safety measure? Organization: Massachusetts Institute of Technology Lin,MemoryBank (approx),0,20.9263,ng_775|ng_1712|ng_848|ng_1219|ng_1509,ng_364
123,28,Subject: Installation problem with X11R5 Organization: Rice University Lines: 32,MemoryBank (approx),1,21.7053,ng_2109|ng_2016|ng_857|ng_2156|ng_1856,ng_1856
123,29,Re: MacX 1.2 color problem Reply-To: dshaker@qualix.com Organization: QUALiX Gro,MemoryBank (approx),1,26.4518,ng_830|ng_20|ng_745|ng_222|ng_1486,ng_830
123,30,"Re: DSP or other cards for FFT's, anyone? Nntp-Posting-Host: elvex33.acns.nwu.ed",MemoryBank (approx),1,30.8881,ng_676|ng_673|ng_937|ng_1828|ng_834,ng_937
123,31,Re: How do I find my AppContext? Reply-To: lanzo@tekelec.com (Mark,MemoryBank (approx),1,23.9386,ng_1795|ng_1648|ng_1699|ng_972|ng_319,ng_1699
123,32,"Re: Once tapped, your code is no good any more.",MemoryBank (approx),0,19.8947,ng_1922|ng_691|ng_1507|ng_2254|ng_1137,ng_323
123,33,Re: Tektronix Organization: ITC/UVA Community Access UNIX/Internet Project Lines,MemoryBank (approx),0,22.8272,ng_1795|ng_1648|ng_1143|ng_976|ng_1379,ng_155
123,34,Re: XAllocColor fails to return nearest match Reply-To: klee@synoptics.com Organ,MemoryBank (approx),1,24.4407,ng_1486|ng_830|ng_20|ng_745|ng_439,ng_1486
123,35,Re: Do we need the clipper for cheap security? Organization:,MemoryBank (approx),0,19.6176,ng_1347|ng_1331|ng_1808|ng_19|ng_329,ng_895
123,36,"& IBM Info-Version 1.7.7 Organization: New Mexico State University, Las",MemoryBank (approx),1,23.0523,ng_976|ng_1143|ng_1379|ng_2279|ng_2278,ng_2278
123,37,Subject: Re: Clipper chip -- technical details Organization: IR Lines:,MemoryBank (approx),0,20.2786,ng_1674|ng_1378|ng_1288|ng_1802|ng_383,ng_442
123,38,Powerbook 170 freezes after 18 seconds; Help! Nntp-Posting-Host: ntrc25.ntrc.ntu,MemoryBank (approx),1,28.3331,ng_676|ng_1306|ng_2054|ng_644|ng_77,ng_1306
123,39,Help: SunView on olwm/xview3/X11R5 Article-I.D.: haji.9304051753.AA05339 Organiz,MemoryBank (approx),0,32.9372,ng_1143|ng_1379|ng_1795|ng_1812|ng_1765,ng_1018
123,40,"Re: arcade style buttons and joysticks Organization: University of Stellenbosch,",MemoryBank (approx),1,22.3562,ng_2230|ng_1926|ng_1639|ng_535|ng_1470,ng_2230
123,41,Re: Converting contents of X-window to color postscript Organization: Dept.,MemoryBank (approx),1,21.1905,ng_1191|ng_2240|ng_51|ng_585|ng_192,ng_585
123,42,Subject: Need diode model for PSpice Organization: University at Buffalo,MemoryBank (approx),1,20.4155,ng_834|ng_2032|ng_1185|ng_1013|ng_541,ng_541
123,43,Subject: Re: Honors Degrees: Do they mean anything? Organization: Purdue,MemoryBank (approx),0,20.3891,ng_1379|ng_976|ng_2278|ng_2027|ng_1998,ng_1735
123,44,"Re: Identifying / Securing Files Organization: Private Computer, Totowa, NJ",MemoryBank (approx),1,21.0651,ng_775|ng_848|ng_1073|ng_646|ng_1899,ng_646
123,45,"Exploding TV! Organization: Virginia Tech, Blacksburg, VA Lines: 19 Distribution",MemoryBank (approx),0,21.6708,ng_976|ng_384|ng_1829|ng_1942|ng_2078,ng_278
123,46,Subject: Re: text of White House announcement and Q&As on,MemoryBank (approx),0,21.0961,ng_1829|ng_1331|ng_1449|ng_277|ng_1724,ng_1250
123,47,Re: Hard drive security for FBI targets Keywords: cooperation Reply-To:,MemoryBank (approx),0,21.4393,ng_1911|ng_471|ng_1691|ng_1313|ng_598,ng_1263
123,48,Home brew Acceler question?? Nntp-Posting-Host: vaxb.isc.rit.edu Reply-To: arp01,MemoryBank (approx),0,36.171,ng_384|ng_676|ng_1812|ng_1252|ng_255,ng_1550
123,49,Re: x86 ~= 680x0 ?? (How do they compare?) Nntp-Posting-Host:,MemoryBank (approx),0,25.1736,ng_676|ng_1483|ng_2299|ng_1081|ng_173,ng_2085
123,50,From: yuan1@scws7.harvard.edu (Nina Yuan) Distribution: inet Nntp-Posting-Host: ,MemoryBank (approx),0,30.4328,ng_676|ng_384|ng_255|ng_1252|ng_1379,ng_695
123,51,Info on DSP project Nf-ID: #R:ee.ualberta.ca:735344986:trsvax:288200082:000:164 ,MemoryBank (approx),1,39.1447,ng_1252|ng_255|ng_1143|ng_2279|ng_929,ng_929
123,52,"Re: compiling on sun4_411 Organization: Department of Scientific Computing, Upps",MemoryBank (approx),0,23.0519,ng_1252|ng_1765|ng_2016|ng_2156|ng_1368,ng_2224
123,53,EEG Kit? Nntp-Posting-Host: sauron.msfc.nasa.gov Organization: NASA/MSFC X-Newsr,MemoryBank (approx),0,31.7969,ng_676|ng_255|ng_2027|ng_1212|ng_1729,ng_1130
123,54,DETECTORS? Article-I.D.: almaden.19930406.131941.134 Lines: 3 They detect the os,MemoryBank (approx),1,27.3137,ng_1676|ng_739|ng_1688|ng_2153|ng_453,ng_1676
123,55,Re: Dumb Question: Function Generator Organization: Northeastern Ohio Universiti,MemoryBank (approx),0,19.3543,ng_2027|ng_1252|ng_1379|ng_976|ng_1829,ng_1940
123,56,Subject: RE: Exploding TV Nntp-Posting-Host: engr.engr.uark.edu Organization: Un,MemoryBank (approx),0,29.4151,ng_1379|ng_1829|ng_676|ng_255|ng_1143,ng_450
123,57,Re: LCIII problems (sideways HD's) Organization: Case School of Engineering,MemoryBank (approx),0,21.4014,ng_1379|ng_676|ng_1829|ng_1219|ng_2090,ng_1328
123,58,Re: Interesting ADB behaviour on C650 Organization: Case School of,MemoryBank (approx),0,21.3458,ng_2279|ng_1483|ng_77|ng_1244|ng_2316,ng_992
123,59,DeskWriter Drivers 3.1 -- How to install ? Organization: Eindhoven,MemoryBank (approx),1,32.466,ng_1316|ng_1365|ng_787|ng_842|ng_1461,ng_1316
123,60,Re: Hard drive security for FBI targets Reply-To: pdc@dcs.ed.ac.uk (Paul,MemoryBank (approx),0,35.1764,ng_1911|ng_471|ng_598|ng_1313|ng_1691,ng_2210
123,61,Subject: Re: Long distance IR detection Organization: Purdue University Engineer,MemoryBank (approx),1,19.9377,ng_2153|ng_739|ng_1688|ng_1125|ng_1271,ng_1125
123,62,question about 120VAC outlet wiring. Distribution: world Organization: Kernel Mo,MemoryBank (approx),0,19.4916,ng_976|ng_2027|ng_1750|ng_749|ng_263,ng_1959
123,63,"Xterm Cursor X-Received: by usenet.pa.dec.com; id AA19241; Sun, 18 Apr",MemoryBank (approx),1,25.8516,ng_439|ng_1364|ng_943|ng_1351|ng_890,ng_1351
123,64,Re: Building a UV flashlight Nntp-Posting-Host: aisun3.ai.uga.edu Organization: ,MemoryBank (approx),0,25.988,ng_2153|ng_1379|ng_676|ng_1143|ng_1829,ng_997
123,65,Re: How 2 Get Fontname from Fonstruct ??? Organization: University,MemoryBank (approx),0,21.2353,ng_1379|ng_976|ng_1252|ng_857|ng_2084,ng_586
123,66,)) Subject: Re: Need to find out number to a,MemoryBank (approx),1,19.3221,ng_1379|ng_1252|ng_2254|ng_2094|ng_1277,ng_2094
123,67,Re: NUTEK FACES APPLE'S WRATH (article!!!!!!) READ Article-I.D.: rpi.j3g5bwq Org,MemoryBank (approx),0,29.2639,ng_1829|ng_1565|ng_2323|ng_1649|ng_1375,ng_1275
123,68,"Re: Once tapped, your code is no good any more.",MemoryBank (approx),0,19.5616,ng_2254|ng_1313|ng_1922|ng_691|ng_1507,ng_1297
123,69,Subject: Re: Centris Cache & Bernoulli Box Article-I.D.: snll-arp.519 Distributi,MemoryBank (approx),1,25.9115,ng_2156|ng_2250|ng_690|wf07_d2_chunk_0|ng_603,ng_2250
123,70,"Installing MIT X11R5 on Apollo Organization: CATT Centre at CITRI,",MemoryBank (approx),1,22.6415,ng_2016|ng_1368|ng_2109|ng_1856|ng_10,ng_10
123,71,Lines (inverse/xor) Organization: The Portal System (TM) <1993Apr21.111919.5281@,MemoryBank (approx),0,38.4674,ng_1379|ng_2027|ng_439|ng_943|ng_1723,ng_2056
123,72,"Re: Once tapped, your code is no good any more.",MemoryBank (approx),0,20.2843,ng_2254|ng_691|ng_1507|ng_1922|ng_1313,ng_653
123,73,"Subject: ""Clipper Chip"" facts: a request Organization: is a nice",MemoryBank (approx),1,21.0409,ng_1347|ng_1674|ng_1378|ng_1288|ng_1802,ng_1674
123,74,Subject: Re: Animation Organization: The Internet Lines: 81 To: xpert@expo.lcs.m,MemoryBank (approx),1,25.1317,ng_1379|ng_1829|ng_2111|ng_1644|ng_1333,ng_2111
123,75,ext. 8056) Subject: Sources for Intel D87C51FB? Nntp-Posting-Host: levy.fnal.gov,MemoryBank (approx),0,28.6245,ng_173|ng_1081|ng_1514|ng_696|ng_941,ng_764
123,76,Re: An Open Letter to Mr. Clinton Organization: Beckman Software,MemoryBank (approx),0,20.5873,ng_1829|ng_1347|ng_2279|ng_1331|ng_361,ng_67
123,77,"Re: RAMs &ROMs with ALE latches (for 8051's) X-Xxdate: Wed,",MemoryBank (approx),1,24.6068,ng_712|ng_489|ng_1406|ng_114|ng_117,ng_712
123,78,"Re: >>>>> MOUSE BUTTONS 1,2 & 3 <<<<<<<< urgent !",MemoryBank (approx),0,23.7867,ng_1926|ng_2230|ng_1470|ng_1639|ng_535,ng_244
123,79,"Hard Drive Component Costs Organization: E-Systems, Melpar Division Lines: 17",MemoryBank (approx),0,20.5939,ng_2316|ng_1219|ng_848|ng_1712|ng_1509,ng_2274
123,80,"Re: Mysterious MOSFET Organization: Engineering Services, Clemson University Lin",MemoryBank (approx),0,20.8373,ng_2279|ng_1829|ng_976|ng_1143|ng_1375,ng_2103
123,81,Re: IBM-PC XT switch settings Organization: Netcom Online Communications Service,MemoryBank (approx),1,20.7813,ng_2027|ng_10|ng_1729|ng_623|ng_1683,ng_623
123,82,Re: PDS vs. Nubus (was Re: LC III NuBus Capable?),MemoryBank (approx),1,21.7501,ng_1776|ng_569|ng_679|ng_129|ng_1025,ng_1776
123,83,Re: LCIII problems Organization: wyvern.com Lines: 25 Ravi Konchigeri <mongoose@,MemoryBank (approx),0,27.0928,ng_1829|ng_1379|ng_1252|ng_2094|ng_384,ng_1757
123,84,Can I remove the 68000 under my daughterboard upgrade? Organization:,MemoryBank (approx),1,19.7862,ng_173|ng_1081|ng_2299|ng_1596|ng_2137,ng_2137
123,85,Subject: Re: Exploding TV! Organization: The Portal System (TM) Distribution:,MemoryBank (approx),0,21.9075,ng_1829|ng_1379|ng_2027|ng_1143|ng_1942,ng_1186
123,86,Re: Need to find out number to a phone line,MemoryBank (approx),0,19.4097,ng_2094|ng_1277|ng_952|ng_154|ng_2065,ng_577
123,87,Subject: Re: CD-ROM multisession Nntp-Posting-Host: emerald Organization: Philip,MemoryBank (approx),0,24.317,ng_1143|ng_2027|ng_2279|ng_676|ng_255,ng_1566
123,88,xrolo/SPACRC/SunOS4.1.1/audio Organization: The Internet Lines: 21 NNTP-Posting-,MemoryBank (approx),0,39.824,ng_1143|ng_255|ng_676|ng_2279|ng_1379,ng_2163
123,89,Subject: How often are SIMMs bad (mail order)? Nntp-Posting-Host: aix02.ecs.rpi.,MemoryBank (approx),0,27.4594,ng_255|ng_676|ng_1379|ng_1143|ng_114,ng_1278
123,90,Re: Los Angeles Freeway traffic reports Organization: RAND Lines: 29,MemoryBank (approx),0,20.3279,ng_1379|ng_976|ng_1565|ng_1212|ng_453,ng_1005
123,91,Re: Patents (was RC2 RC4) Nntp-Posting-Host: wardibm2.med.yale.edu Organization:,MemoryBank (approx),0,28.1693,ng_676|ng_1143|ng_255|ng_2279|ng_384,ng_1693
123,92,Re: Position of 'b' on Erg. Keyboard Organization: Virginia Tech,MemoryBank (approx),0,20.699,ng_676|ng_1379|ng_1212|ng_2027|ng_1461,ng_1198
123,93,"Subject: Re: Radar detector DETECTORS? Organization: Iowa State University, Ames",MemoryBank (approx),0,23.1636,ng_453|ng_2153|ng_1688|ng_739|ng_1676,ng_292
123,94,"Re: Clipper chip -- technical details Organization: Computer Science Dept,",MemoryBank (approx),0,20.5791,ng_1674|ng_1378|ng_1288|ng_383|ng_410,ng_1397
123,95,Looking for updated XView textedit source (w/d-n-d support) Article-I.D.: armory,MemoryBank (approx),1,29.6077,ng_384|wf07_d2_chunk_0|ng_1828|ng_1238|ng_818,ng_1238
123,96,4th Dimension BBS Subject: Re: A StyleWriter II question Lines:,MemoryBank (approx),0,20.5858,ng_1379|ng_2027|ng_1212|ng_2111|ng_541,ng_1256
123,97,80-bit keyseach machine Nntp-Posting-Host: mizzou1.missouri.edu Organization: Un,MemoryBank (approx),1,26.8003,ng_676|ng_603|ng_1812|ng_235|ng_1791,ng_1791
123,98,VIdeotext/teletext descrambler Article-I.D.: hal.1psvcg$1auv Distribution: world,MemoryBank (approx),1,28.9244,ng_1828|ng_818|ng_410|ng_1942|ng_203,ng_1828
123,99,"tvtwm & xsetroot, X11R5 and Sparc 10 keyboard Organization: Sheffield",MemoryBank (approx),1,22.3147,ng_1461|ng_2156|ng_2016|ng_2109|ng_1430,ng_1430
123,100,What is the JWT expiry policy for JWT Authentication?,MemoryBank (approx),1,19.2069,wf01_s5_chunk_0|wf01_s1_chunk_0|wf01_d1_chunk_0|wf01_d2_chunk_0|wf01_d3_chunk_0,wf01_s1_chunk_0
123,101,How is JWT expiry implemented using PyJWT+Redis?,MemoryBank (approx),1,21.938,wf01_s1_chunk_0|wf01_d2_chunk_0|wf01_s5_chunk_0|wf01_d3_chunk_0|wf01_d1_chunk_0,wf01_s1_chunk_0
123,102,Find the backend standard for session token lifetime.,MemoryBank (approx),1,26.5889,wf01_d3_chunk_0|wf01_d2_chunk_0|wf01_s1_chunk_0|wf01_s5_chunk_0|wf01_d1_chunk_0,wf01_s1_chunk_0|wf01_s4_chunk_0
123,103,Summarise the technical decision on session token lifetime during JWT Authentica,MemoryBank (approx),0,29.5858,wf01_d3_chunk_0|wf01_d2_chunk_0|wf01_s5_chunk_0|wf01_d1_chunk_0|wf01_s1_chunk_0,wf01_s4_chunk_0
123,104,What is the final JWT expiry rule deployed to production after the sprint overri,MemoryBank (approx),1,22.0362,wf01_s5_chunk_0|wf01_s1_chunk_0|wf01_d1_chunk_0|wf01_d2_chunk_0|wf01_d3_chunk_0,wf01_s5_chunk_0
123,105,"Was the temporary 60-minute expiry change kept, or did we revert to the original",MemoryBank (approx),1,23.8319,wf01_d2_chunk_0|wf01_d3_chunk_0|wf01_d1_chunk_0|wf01_s5_chunk_0|wf01_s1_chunk_0,wf01_s3_chunk_0|wf01_s5_chunk_0
123,106,Which document defines 15-minute expiry as the approved JWT expiry setting?,MemoryBank (approx),1,21.4113,wf01_d1_chunk_0|wf01_s5_chunk_0|wf01_d2_chunk_0|wf01_s1_chunk_0|wf01_d3_chunk_0,wf01_s1_chunk_0
123,107,Confirm the architecture decision that adopted 15-minute expiry for JWT Authenti,MemoryBank (approx),1,21.1164,wf01_s5_chunk_0|wf01_d1_chunk_0|wf01_s1_chunk_0|wf01_d2_chunk_0|wf01_d3_chunk_0,wf01_s1_chunk_0
123,108,What is the primary keys policy for Database Schema?,MemoryBank (approx),1,19.1292,wf02_d1_chunk_0|wf02_d2_chunk_0|wf02_s5_chunk_0|wf02_s1_chunk_0|wf02_d3_chunk_0,wf02_s1_chunk_0
123,109,How is primary keys implemented using Alembic+PostgreSQL?,MemoryBank (approx),1,20.878,wf02_s1_chunk_0|wf02_d2_chunk_0|wf02_d1_chunk_0|wf02_d3_chunk_0|wf02_s5_chunk_0,wf02_s1_chunk_0
123,110,Find the backend standard for row identifier scheme.,MemoryBank (approx),1,20.5691,wf02_s1_chunk_0|wf02_d3_chunk_0|wf02_d2_chunk_0|wf02_s5_chunk_0|wf02_d1_chunk_0,wf02_s1_chunk_0|wf02_s4_chunk_0
123,111,Summarise the technical decision on row identifier scheme during Database Schema,MemoryBank (approx),0,22.3241,wf02_d3_chunk_0|wf02_d1_chunk_0|wf02_s1_chunk_0|wf02_d2_chunk_0|wf02_s5_chunk_0,wf02_s4_chunk_0
123,112,What is the final primary keys rule deployed to production after the sprint over,MemoryBank (approx),1,20.6821,wf02_s5_chunk_0|wf02_d1_chunk_0|wf02_d2_chunk_0|wf02_s1_chunk_0|wf02_d3_chunk_0,wf02_s5_chunk_0
123,113,"Was the temporary auto-incrementing integer PKs change kept, or did we revert to",MemoryBank (approx),1,27.1175,wf02_s5_chunk_0|wf02_s1_chunk_0|wf02_d3_chunk_0|wf02_d2_chunk_0|wf02_d1_chunk_0,wf02_s3_chunk_0|wf02_s5_chunk_0
123,114,Which document defines UUID primary keys as the approved primary keys setting?,MemoryBank (approx),1,19.7374,wf02_s1_chunk_0|wf02_s5_chunk_0|wf02_d2_chunk_0|wf02_d1_chunk_0|wf02_d3_chunk_0,wf02_s1_chunk_0
123,115,Confirm the architecture decision that adopted UUID primary keys for Database Sc,MemoryBank (approx),1,20.5357,wf02_s5_chunk_0|wf02_s1_chunk_0|wf02_d3_chunk_0|wf02_d2_chunk_0|wf02_d1_chunk_0,wf02_s1_chunk_0
123,116,What is the domain boundary policy for Microservice Context?,MemoryBank (approx),1,19.7247,ng_2027|ng_1143|wf03_d1_chunk_0|wf03_s5_chunk_0|wf03_s1_chunk_0,wf03_s1_chunk_0
123,117,How is domain boundary implemented using gRPC+Protobuf?,MemoryBank (approx),1,19.7043,wf03_s1_chunk_0|wf03_d1_chunk_0|wf03_s5_chunk_0|ng_235|wf14_s1_chunk_0,wf03_s1_chunk_0
123,118,Find the architecture standard for inter-service coupling.,MemoryBank (approx),1,18.0624,wf03_s1_chunk_0|wf03_d1_chunk_0|wf03_s5_chunk_0|wf14_s1_chunk_0|ng_2027,wf03_s1_chunk_0|wf03_s4_chunk_0
123,119,Summarise the technical decision on inter-service coupling during Microservice C,MemoryBank (approx),0,23.0501,wf03_d1_chunk_0|wf03_s1_chunk_0|wf03_s5_chunk_0|ng_2027|ng_1812,wf03_s4_chunk_0
123,120,What is the final domain boundary rule deployed to production after the sprint o,MemoryBank (approx),1,20.8363,wf03_s5_chunk_0|wf03_d1_chunk_0|wf03_s1_chunk_0|wf02_s5_chunk_0|wf04_s3_chunk_0,wf03_s5_chunk_0
123,121,"Was the temporary shared database schema change kept, or did we revert to the or",MemoryBank (approx),1,23.8791,wf02_s5_chunk_0|wf03_s5_chunk_0|wf03_d1_chunk_0|wf03_s1_chunk_0|wf02_d3_chunk_0,wf03_s3_chunk_0|wf03_s5_chunk_0
123,122,Which document defines strict domain boundary as the approved domain boundary se,MemoryBank (approx),1,20.0723,wf03_s5_chunk_0|wf03_s1_chunk_0|wf03_d1_chunk_0|ng_1143|ng_235,wf03_s1_chunk_0
123,123,Confirm the architecture decision that adopted strict domain boundary for Micros,MemoryBank (approx),1,21.2881,wf03_s5_chunk_0|wf03_d1_chunk_0|wf03_s1_chunk_0|ng_1143|ng_1812,wf03_s1_chunk_0
123,124,What is the PR approvals policy for CI/CD Pipeline?,MemoryBank (approx),1,20.2764,wf04_s3_chunk_0|wf04_d2_chunk_0|wf04_s5_chunk_0|wf04_d1_chunk_0|wf04_s1_chunk_0,wf04_s1_chunk_0
123,125,How is PR approvals implemented using GitHub Actions?,MemoryBank (approx),1,19.9606,wf04_s1_chunk_0|wf04_d2_chunk_0|wf04_s5_chunk_0|wf04_d1_chunk_0|wf04_s3_chunk_0,wf04_s1_chunk_0
123,126,Find the devops standard for merge gate policy.,MemoryBank (approx),1,18.0467,wf04_s1_chunk_0|wf04_s5_chunk_0|wf04_d2_chunk_0|wf04_d1_chunk_0|wf04_s3_chunk_0,wf04_s1_chunk_0|wf04_s4_chunk_0
123,127,Summarise the technical decision on merge gate policy during CI/CD Pipeline desi,MemoryBank (approx),0,21.0523,wf04_s1_chunk_0|wf04_s5_chunk_0|wf04_d2_chunk_0|wf04_d1_chunk_0|wf04_s3_chunk_0,wf04_s4_chunk_0
123,128,What is the final PR approvals rule deployed to production after the sprint over,MemoryBank (approx),1,21.2037,wf04_s5_chunk_0|wf04_s3_chunk_0|wf04_d1_chunk_0|wf04_d2_chunk_0|wf04_s1_chunk_0,wf04_s5_chunk_0
123,129,"Was the temporary admin bypass override change kept, or did we revert to the ori",MemoryBank (approx),1,23.202,wf04_s3_chunk_0|wf04_s5_chunk_0|wf03_s5_chunk_0|wf02_s5_chunk_0|wf01_s5_chunk_0,wf04_s3_chunk_0|wf04_s5_chunk_0
123,130,Which document defines require 2 PR approvals as the approved PR approvals setti,MemoryBank (approx),1,21.0383,wf04_s5_chunk_0|wf04_d2_chunk_0|wf04_d1_chunk_0|wf04_s1_chunk_0|ng_235,wf04_s1_chunk_0
123,131,Confirm the architecture decision that adopted require 2 PR approvals for CI/CD ,MemoryBank (approx),1,23.1322,wf04_s1_chunk_0|wf04_d2_chunk_0|wf04_s5_chunk_0|wf04_d1_chunk_0|wf04_s3_chunk_0,wf04_s1_chunk_0
123,132,What is the trace sampling policy for Observability Stack?,MemoryBank (approx),1,19.8174,wf05_d2_chunk_0|wf05_s5_chunk_0|wf05_d1_chunk_0|wf05_s1_chunk_0|wf05_d3_chunk_0,wf05_s1_chunk_0
123,133,How is trace sampling implemented using OpenTelemetry?,MemoryBank (approx),1,19.4105,wf05_s1_chunk_0|wf05_d2_chunk_0|wf05_d3_chunk_0|wf05_d1_chunk_0|wf05_s5_chunk_0,wf05_s1_chunk_0
123,134,Find the devops standard for telemetry capture rate.,MemoryBank (approx),1,20.1856,wf05_s1_chunk_0|wf05_d2_chunk_0|wf05_d1_chunk_0|wf05_d3_chunk_0|wf05_s5_chunk_0,wf05_s1_chunk_0|wf05_s4_chunk_0
123,135,Summarise the technical decision on telemetry capture rate during Observability ,MemoryBank (approx),0,22.7367,wf05_s1_chunk_0|wf05_d1_chunk_0|wf05_d3_chunk_0|wf05_d2_chunk_0|wf05_s5_chunk_0,wf05_s4_chunk_0
123,136,What is the final trace sampling rule deployed to production after the sprint ov,MemoryBank (approx),1,21.8186,wf05_s5_chunk_0|wf05_d2_chunk_0|wf05_d1_chunk_0|wf05_d3_chunk_0|wf05_s1_chunk_0,wf05_s5_chunk_0
123,137,"Was the temporary 100% full trace sampling change kept, or did we revert to the ",MemoryBank (approx),1,24.1519,wf05_d2_chunk_0|wf05_d1_chunk_0|wf05_s1_chunk_0|wf05_s5_chunk_0|wf05_d3_chunk_0,wf05_s3_chunk_0|wf05_s5_chunk_0
123,138,Which document defines 10% trace sampling as the approved trace sampling setting,MemoryBank (approx),1,19.5736,wf05_d2_chunk_0|wf05_d1_chunk_0|wf05_s5_chunk_0|wf05_s1_chunk_0|wf05_d3_chunk_0,wf05_s1_chunk_0
123,139,Confirm the architecture decision that adopted 10% trace sampling for Observabil,MemoryBank (approx),1,24.0049,wf05_s1_chunk_0|wf05_d2_chunk_0|wf05_s5_chunk_0|wf05_d1_chunk_0|wf05_d3_chunk_0,wf05_s1_chunk_0
123,140,What is the rate limit policy for API Gateway Rate Limiting?,MemoryBank (approx),0,20.2254,wf01_s5_chunk_0|wf01_s1_chunk_0|wf06_d2_chunk_0|wf06_s5_chunk_0|wf06_d1_chunk_0,wf06_s1_chunk_0
123,141,How is rate limit implemented using nginx+Lua?,MemoryBank (approx),0,19.3876,wf06_d2_chunk_0|wf06_d1_chunk_0|wf06_s5_chunk_0|wf01_s1_chunk_0|wf07_d2_chunk_0,wf06_s1_chunk_0
123,142,Find the backend standard for inbound request throttle.,MemoryBank (approx),0,18.6275,wf06_s5_chunk_0|wf06_d1_chunk_0|wf06_d2_chunk_0|wf07_d2_chunk_0|wf05_s5_chunk_0,wf06_s1_chunk_0|wf06_s4_chunk_0
123,143,Summarise the technical decision on inbound request throttle during API Gateway ,MemoryBank (approx),1,21.5026,wf06_d1_chunk_0|wf06_s5_chunk_0|wf06_d2_chunk_0|wf05_s5_chunk_0|wf06_s4_chunk_0,wf06_s4_chunk_0
123,144,What is the final rate limit rule deployed to production after the sprint overri,MemoryBank (approx),1,20.0707,wf06_s5_chunk_0|wf06_d1_chunk_0|wf06_d2_chunk_0|wf05_s5_chunk_0|wf04_s3_chunk_0,wf06_s5_chunk_0
123,145,"Was the temporary unlimited bursting change kept, or did we revert to the origin",MemoryBank (approx),1,22.1105,wf06_s5_chunk_0|wf06_d1_chunk_0|wf06_d2_chunk_0|wf05_s5_chunk_0|wf06_s4_chunk_0,wf06_s3_chunk_0|wf06_s5_chunk_0
123,146,Which document defines 100 RPM rate limit as the approved rate limit setting?,MemoryBank (approx),0,19.641,wf06_d2_chunk_0|wf06_d1_chunk_0|wf06_s5_chunk_0|wf06_s4_chunk_0|wf05_s5_chunk_0,wf06_s1_chunk_0
123,147,Confirm the architecture decision that adopted 100 RPM rate limit for API Gatewa,MemoryBank (approx),0,20.3381,wf06_s5_chunk_0|wf06_d2_chunk_0|wf06_d1_chunk_0|wf06_s4_chunk_0|wf05_s5_chunk_0,wf06_s1_chunk_0
123,148,What is the cache TTL policy for Distributed Caching?,MemoryBank (approx),1,21.4352,wf07_d2_chunk_0|wf07_s5_chunk_0|wf07_d1_chunk_0|wf07_d3_chunk_0|wf07_s1_chunk_0,wf07_s1_chunk_0
123,149,How is cache TTL implemented using redis-py?,MemoryBank (approx),1,23.5472,wf07_s1_chunk_0|wf07_d2_chunk_0|wf07_d3_chunk_0|wf07_s5_chunk_0|wf07_d1_chunk_0,wf07_s1_chunk_0
123,0,for ASCII terminals Organization: SmartStar Corporation / Signal Technology Line,A-MEM (approx),1,21.7268,ng_1729|ng_2027|ng_943|ng_389|ng_1737,ng_1729
123,1,"Re: NumLock masking? interference with Meta/Compose/ExtendChar, ... Nntp-Posting",A-MEM (approx),1,31.6119,ng_460|ng_2114|ng_2156|ng_1584|ng_2067,ng_460
123,2,"font problem.... Organization: Department of Mathematics, Queen's University at ",A-MEM (approx),1,22.5815,ng_1064|ng_2084|ng_1723|ng_721|ng_241,ng_241
123,3,Peltier Effect Heat Pumps Reply-To: paj@uk.co.gec-mrc (Paul Johnson) Organizatio,A-MEM (approx),1,27.6746,ng_1866|ng_1013|ng_1185|ng_1097|ng_516,ng_1866
123,4,"WANTED: X & security posting Organization: TRW Systems Division, Fairfax",A-MEM (approx),1,20.2832,ng_1648|ng_1143|ng_1795|ng_73|ng_492,ng_1648
123,5,rom Organization: Defence Science and Technology Organisation Lines: 45 NNTP-Pos,A-MEM (approx),0,22.5233,ng_676|ng_744|ng_368|ng_1143|ng_2279,ng_481
123,6,Re: A question about 120VAC outlet wiring.. Organization: HP Lake,A-MEM (approx),0,20.7566,ng_1750|ng_536|ng_263|ng_749|ng_659,ng_401
123,7,code is no good any more. From: a_rubin@dsg4.dse.beckman.com (Arthur Rubin),A-MEM (approx),0,25.8174,ng_2279|ng_1212|ng_2068|ng_1309|ng_187,ng_1922
123,8,-- Personal Account) Subject: Disappearing hard drive in LC? Organization:,A-MEM (approx),1,23.1549,ng_2316|ng_1821|ng_81|ng_1757|ng_932,ng_2316
123,9,RFC's (Was: Cryptography Patents) From: a_rubin@dsg4.dse.beckman.com (Arthur Rub,A-MEM (approx),0,29.125,ng_1073|ng_1296|ng_2200|ng_883|ng_13,ng_736
123,10,Memory in Plus&SE Organization: Temple University Lines: 8 Nntp-Posting-Host: vm,A-MEM (approx),1,25.2456,ng_131|ng_676|ng_255|ng_1143|ng_1799,ng_131
123,11,"Re: Xsun not running on SPARCclassic Organization: Rutgers Univ., New",A-MEM (approx),1,22.1394,ng_2016|ng_2109|ng_2156|ng_498|ng_1856,ng_2109
123,12,up cable tv with an aerial. Lines: 37 Nntp-Posting-Host: wcsub.ctstateu.edu,A-MEM (approx),1,26.9591,ng_1942|ng_2009|ng_2078|ng_2159|ng_1301,ng_2009
123,13,Re: HeathKit/Zenith Nntp-Posting-Host: huey.udel.edu Organization: University of,A-MEM (approx),1,26.8786,ng_651|ng_1969|ng_1143|ng_676|ng_235,ng_651
123,14,Fluke For Sale (was DMM Advice Needed) Keywords: Fluke 8062A,A-MEM (approx),1,22.7655,ng_558|ng_338|ng_1244|ng_971|ng_1165,ng_558
123,15,Re: Keeping Your Mouth Shut (was: Hard drive security) Nntp-Posting-Host:,A-MEM (approx),0,22.618,ng_676|ng_775|ng_848|ng_888|ng_1143,ng_806
123,16,Changing colors on a label - HELP Organization: Ford Motor,A-MEM (approx),1,18.9115,ng_2240|ng_1191|ng_2129|ng_320|ng_1964,ng_2240
123,17,** Xpm 3.2g is available ** Keywords: XPM Organization: Koala,A-MEM (approx),1,22.3788,ng_655|ng_1379|ng_1476|ng_957|ng_1012,ng_655
123,18,Re: The [secret] source of that announcement Lines: 19 Even,A-MEM (approx),0,19.5066,ng_1565|ng_1829|ng_1075|ng_1382|ng_167,ng_2083
123,19,RE-Re: Quadra SCSI Problems??? X-Mailer: TeleFinder (version 3.0) Organization: ,A-MEM (approx),1,26.5187,ng_2090|ng_435|ng_1546|ng_923|ng_232,ng_2090
123,20,Re: Thanks Apple: Free Ethernet on my C610! Organization: Case,A-MEM (approx),1,20.5019,ng_1596|ng_1483|ng_1999|ng_2355|ng_903,ng_1483
123,21,"Cursors Organization: The Internet Lines: 19 To: motif@alfalfa.com, xpert@expo.l",A-MEM (approx),1,28.2403,ng_1364|ng_2244|ng_843|ng_2255|ng_1962,ng_1364
123,22,"Re: Would ""clipper"" make a good cover for other encryption",A-MEM (approx),0,25.0739,ng_900|ng_1808|ng_19|ng_329|ng_102,ng_59
123,23,Re: text of White House announcement and Q&As on clipper,A-MEM (approx),0,20.201,ng_1331|ng_277|ng_40|ng_1347|ng_1078,ng_110
123,24,"Re: What is going on?... Organization: Simon Fraser University, Burnaby,",A-MEM (approx),0,21.5911,ng_2205|ng_1267|ng_744|ng_147|ng_1282,ng_1361
123,25,Re: Where do U look?? Reply-To: dtmedin@catbyte.b30.ingr.com Organization: Inter,A-MEM (approx),0,27.7971,ng_1802|ng_990|ng_3|ng_492|ng_383,ng_2280
123,26,"Subject: Re: Don't fight Clipper Chip, subvert or replace it",A-MEM (approx),0,21.2402,ng_1288|ng_1674|ng_1378|ng_410|ng_538,ng_1003
123,27,Re: disk safety measure? Organization: Massachusetts Institute of Technology Lin,A-MEM (approx),0,20.0175,ng_848|ng_1219|ng_775|ng_2206|ng_2207,ng_364
123,28,Subject: Installation problem with X11R5 Organization: Rice University Lines: 32,A-MEM (approx),1,20.8907,ng_1856|ng_25|ng_216|ng_1102|ng_1368,ng_1856
123,29,Re: MacX 1.2 color problem Reply-To: dshaker@qualix.com Organization: QUALiX Gro,A-MEM (approx),1,26.0794,ng_830|ng_20|ng_745|ng_1486|ng_779,ng_830
123,30,"Re: DSP or other cards for FFT's, anyone? Nntp-Posting-Host: elvex33.acns.nwu.ed",A-MEM (approx),1,40.1881,ng_937|ng_1828|ng_1220|ng_162|ng_464,ng_937
123,31,Re: How do I find my AppContext? Reply-To: lanzo@tekelec.com (Mark,A-MEM (approx),1,29.2085,ng_1699|ng_972|ng_319|ng_1858|ng_2187,ng_1699
123,32,"Re: Once tapped, your code is no good any more.",A-MEM (approx),0,19.9461,ng_691|ng_1507|ng_1137|ng_1861|ng_1531,ng_323
123,33,Re: Tektronix Organization: ITC/UVA Community Access UNIX/Internet Project Lines,A-MEM (approx),1,22.8454,ng_1737|ng_155|ng_2335|ng_1236|ng_176,ng_155
123,34,Re: XAllocColor fails to return nearest match Reply-To: klee@synoptics.com Organ,A-MEM (approx),1,25.1967,ng_1486|ng_105|ng_830|ng_20|ng_779,ng_1486
123,35,Re: Do we need the clipper for cheap security? Organization:,A-MEM (approx),0,20.9501,ng_1355|ng_209|ng_579|ng_1746|ng_40,ng_895
123,36,"& IBM Info-Version 1.7.7 Organization: New Mexico State University, Las",A-MEM (approx),1,23.1026,ng_2278|ng_1491|ng_651|ng_2125|ng_1076,ng_2278
123,37,Subject: Re: Clipper chip -- technical details Organization: IR Lines:,A-MEM (approx),0,21.1683,ng_1674|ng_383|ng_2067|ng_410|ng_953,ng_442
123,38,Powerbook 170 freezes after 18 seconds; Help! Nntp-Posting-Host: ntrc25.ntrc.ntu,A-MEM (approx),1,30.221,ng_1306|ng_2054|ng_77|ng_644|ng_269,ng_1306
123,39,Help: SunView on olwm/xview3/X11R5 Article-I.D.: haji.9304051753.AA05339 Organiz,A-MEM (approx),1,32.6245,ng_1018|ng_2148|ng_1982|ng_255|ng_437,ng_1018
123,40,"Re: arcade style buttons and joysticks Organization: University of Stellenbosch,",A-MEM (approx),1,22.7348,ng_2230|ng_1926|ng_1639|ng_535|ng_1470,ng_2230
123,41,Re: Converting contents of X-window to color postscript Organization: Dept.,A-MEM (approx),1,21.4352,ng_51|ng_585|ng_192|ng_2198|ng_2251,ng_585
123,42,Subject: Need diode model for PSpice Organization: University at Buffalo,A-MEM (approx),1,20.5956,ng_541|ng_400|ng_1904|ng_1644|ng_1586,ng_541
123,43,Subject: Re: Honors Degrees: Do they mean anything? Organization: Purdue,A-MEM (approx),1,20.5156,ng_1735|ng_474|ng_744|ng_823|ng_2225,ng_1735
123,44,"Re: Identifying / Securing Files Organization: Private Computer, Totowa, NJ",A-MEM (approx),1,20.5244,ng_646|ng_1899|ng_1284|ng_471|ng_1785,ng_646
123,45,"Exploding TV! Organization: Virginia Tech, Blacksburg, VA Lines: 19 Distribution",A-MEM (approx),1,22.0006,ng_278|ng_2159|ng_1481|ng_613|ng_846,ng_278
123,46,Subject: Re: text of White House announcement and Q&As on,A-MEM (approx),0,20.3413,ng_1724|ng_1449|ng_1124|ng_277|ng_1407,ng_1250
123,47,Re: Hard drive security for FBI targets Keywords: cooperation Reply-To:,A-MEM (approx),1,21.0742,ng_471|ng_1691|ng_1263|ng_598|ng_678,ng_1263
123,48,Home brew Acceler question?? Nntp-Posting-Host: vaxb.isc.rit.edu Reply-To: arp01,A-MEM (approx),0,35.7009,ng_384|ng_255|ng_1491|ng_651|ng_690,ng_1550
123,49,Re: x86 ~= 680x0 ?? (How do they compare?) Nntp-Posting-Host:,A-MEM (approx),0,26.2853,ng_2299|ng_1081|ng_173|ng_1645|ng_685,ng_2085
123,50,From: yuan1@scws7.harvard.edu (Nina Yuan) Distribution: inet Nntp-Posting-Host: ,A-MEM (approx),0,33.1477,ng_235|ng_1969|ng_1489|ng_255|ng_690,ng_695
123,51,Info on DSP project Nf-ID: #R:ee.ualberta.ca:735344986:trsvax:288200082:000:164 ,A-MEM (approx),1,39.5654,ng_929|ng_690|ng_235|ng_1763|ng_1753,ng_929
123,52,"Re: compiling on sun4_411 Organization: Department of Scientific Computing, Upps",A-MEM (approx),0,20.6452,ng_1368|ng_437|ng_484|ng_1102|ng_1868,ng_2224
123,53,EEG Kit? Nntp-Posting-Host: sauron.msfc.nasa.gov Organization: NASA/MSFC X-Newsr,A-MEM (approx),1,31.2325,ng_1130|ng_84|ng_1399|ng_829|ng_74,ng_1130
123,54,DETECTORS? Article-I.D.: almaden.19930406.131941.134 Lines: 3 They detect the os,A-MEM (approx),1,27.6592,ng_1676|ng_1688|ng_739|ng_2153|ng_1488,ng_1676
123,55,Re: Dumb Question: Function Generator Organization: Northeastern Ohio Universiti,A-MEM (approx),0,19.9526,ng_2205|ng_2094|ng_1346|ng_1267|ng_744,ng_1940
123,56,Subject: RE: Exploding TV Nntp-Posting-Host: engr.engr.uark.edu Organization: Un,A-MEM (approx),0,26.8165,ng_846|ng_1942|ng_1481|ng_278|ng_2009,ng_450
123,57,Re: LCIII problems (sideways HD's) Organization: Case School of Engineering,A-MEM (approx),1,20.9731,ng_1328|ng_1757|ng_1622|ng_232|ng_899,ng_1328
123,58,Re: Interesting ADB behaviour on C650 Organization: Case School of,A-MEM (approx),0,20.3558,ng_2145|ng_991|ng_1527|ng_880|ng_759,ng_992
123,59,DeskWriter Drivers 3.1 -- How to install ? Organization: Eindhoven,A-MEM (approx),1,21.1383,ng_1316|ng_1365|ng_674|ng_2347|ng_201,ng_1316
123,60,Re: Hard drive security for FBI targets Reply-To: pdc@dcs.ed.ac.uk (Paul,A-MEM (approx),0,23.7209,ng_687|ng_471|ng_598|ng_1313|ng_1524,ng_2210
123,61,Subject: Re: Long distance IR detection Organization: Purdue University Engineer,A-MEM (approx),1,19.0668,ng_1125|ng_1271|ng_924|ng_2063|ng_2265,ng_1125
123,62,question about 120VAC outlet wiring. Distribution: world Organization: Kernel Mo,A-MEM (approx),0,22.6602,ng_1750|ng_749|ng_536|ng_263|ng_659,ng_1959
123,63,"Xterm Cursor X-Received: by usenet.pa.dec.com; id AA19241; Sun, 18 Apr",A-MEM (approx),1,30.4585,ng_1351|ng_890|ng_320|ng_2244|ng_78,ng_1351
123,64,Re: Building a UV flashlight Nntp-Posting-Host: aisun3.ai.uga.edu Organization: ,A-MEM (approx),1,26.1245,ng_997|ng_420|ng_754|ng_2344|ng_698,ng_997
123,65,Re: How 2 Get Fontname from Fonstruct ??? Organization: University,A-MEM (approx),1,20.712,ng_721|ng_586|ng_2236|ng_972|ng_2313,ng_586
123,66,)) Subject: Re: Need to find out number to a,A-MEM (approx),1,19.2397,ng_2094|ng_1277|ng_1591|ng_577|ng_2249,ng_2094
123,67,Re: NUTEK FACES APPLE'S WRATH (article!!!!!!) READ Article-I.D.: rpi.j3g5bwq Org,A-MEM (approx),0,28.701,ng_2323|ng_1649|ng_269|ng_177|ng_1813,ng_1275
123,68,"Re: Once tapped, your code is no good any more.",A-MEM (approx),0,19.4881,ng_691|ng_1507|ng_1137|ng_1861|ng_1531,ng_1297
123,69,Subject: Re: Centris Cache & Bernoulli Box Article-I.D.: snll-arp.519 Distributi,A-MEM (approx),1,26.5197,ng_2250|ng_690|ng_1969|ng_1070|ng_235,ng_2250
123,70,"Installing MIT X11R5 on Apollo Organization: CATT Centre at CITRI,",A-MEM (approx),1,21.2299,ng_10|ng_1856|ng_1390|ng_591|ng_378,ng_10
123,71,Lines (inverse/xor) Organization: The Portal System (TM) <1993Apr21.111919.5281@,A-MEM (approx),1,38.7013,ng_2056|ng_2020|ng_1012|ng_468|ng_746,ng_2056
123,72,"Re: Once tapped, your code is no good any more.",A-MEM (approx),0,30.0628,ng_691|ng_1507|ng_1137|ng_1861|ng_1531,ng_653
123,73,"Subject: ""Clipper Chip"" facts: a request Organization: is a nice",A-MEM (approx),1,22.146,ng_1674|ng_1378|ng_1288|ng_538|ng_410,ng_1674
123,74,Subject: Re: Animation Organization: The Internet Lines: 81 To: xpert@expo.lcs.m,A-MEM (approx),1,25.168,ng_2111|ng_1379|ng_1829|ng_2148|ng_1767,ng_2111
123,75,ext. 8056) Subject: Sources for Intel D87C51FB? Nntp-Posting-Host: levy.fnal.gov,A-MEM (approx),0,27.6971,ng_1514|ng_696|ng_941|ng_1896|ng_379,ng_764
123,76,Re: An Open Letter to Mr. Clinton Organization: Beckman Software,A-MEM (approx),0,19.6092,ng_1331|ng_361|ng_1334|ng_1673|ng_902,ng_67
123,77,"Re: RAMs &ROMs with ALE latches (for 8051's) X-Xxdate: Wed,",A-MEM (approx),1,24.2075,ng_712|ng_489|ng_1406|ng_1008|ng_1912,ng_712
123,78,"Re: >>>>> MOUSE BUTTONS 1,2 & 3 <<<<<<<< urgent !",A-MEM (approx),1,26.0817,ng_244|ng_532|ng_1188|ng_550|ng_1512,ng_244
123,79,"Hard Drive Component Costs Organization: E-Systems, Melpar Division Lines: 17",A-MEM (approx),1,20.9831,ng_2274|ng_743|ng_1685|ng_1509|ng_1757,ng_2274
123,80,"Re: Mysterious MOSFET Organization: Engineering Services, Clemson University Lin",A-MEM (approx),1,20.4368,ng_2057|ng_2103|ng_889|ng_2279|ng_2286,ng_2103
123,81,Re: IBM-PC XT switch settings Organization: Netcom Online Communications Service,A-MEM (approx),1,21.1076,ng_623|ng_1683|ng_1513|ng_1845|ng_860,ng_623
123,82,Re: PDS vs. Nubus (was Re: LC III NuBus Capable?),A-MEM (approx),1,22.5589,ng_1776|ng_569|ng_679|ng_1025|ng_129,ng_1776
123,83,Re: LCIII problems Organization: wyvern.com Lines: 25 Ravi Konchigeri <mongoose@,A-MEM (approx),0,27.1929,ng_1477|ng_944|ng_2218|ng_1435|ng_2131,ng_1757
123,84,Can I remove the 68000 under my daughterboard upgrade? Organization:,A-MEM (approx),1,19.6858,ng_2137|ng_2338|ng_173|ng_1550|ng_1596,ng_2137
123,85,Subject: Re: Exploding TV! Organization: The Portal System (TM) Distribution:,A-MEM (approx),1,22.1266,ng_1186|ng_846|ng_278|ng_1481|ng_613,ng_1186
123,86,Re: Need to find out number to a phone line,A-MEM (approx),1,20.4558,ng_154|ng_2065|ng_1591|ng_577|ng_181,ng_577
123,87,Subject: Re: CD-ROM multisession Nntp-Posting-Host: emerald Organization: Philip,A-MEM (approx),1,25.0077,ng_1566|ng_676|ng_899|ng_1460|ng_798,ng_1566
123,88,xrolo/SPACRC/SunOS4.1.1/audio Organization: The Internet Lines: 21 NNTP-Posting-,A-MEM (approx),1,40.4847,ng_2163|ng_235|ng_1577|ng_1084|ng_255,ng_2163
123,89,Subject: How often are SIMMs bad (mail order)? Nntp-Posting-Host: aix02.ecs.rpi.,A-MEM (approx),1,27.8895,ng_553|ng_1278|ng_1068|ng_1671|ng_808,ng_1278
123,90,Re: Los Angeles Freeway traffic reports Organization: RAND Lines: 29,A-MEM (approx),1,22.3923,ng_1005|ng_2179|ng_551|ng_453|ng_2079,ng_1005
123,91,Re: Patents (was RC2 RC4) Nntp-Posting-Host: wardibm2.med.yale.edu Organization:,A-MEM (approx),1,27.3758,ng_2048|ng_676|ng_1693|ng_1143|ng_176,ng_1693
123,92,Re: Position of 'b' on Erg. Keyboard Organization: Virginia Tech,A-MEM (approx),1,21.4946,ng_2180|ng_1198|ng_174|ng_1733|ng_1040,ng_1198
123,93,"Subject: Re: Radar detector DETECTORS? Organization: Iowa State University, Ames",A-MEM (approx),1,23.803,ng_2153|ng_292|ng_2273|ng_1688|ng_1945,ng_292
123,94,"Re: Clipper chip -- technical details Organization: Computer Science Dept,",A-MEM (approx),0,21.1148,ng_1674|ng_410|ng_2067|ng_538|ng_953,ng_1397
123,95,Looking for updated XView textedit source (w/d-n-d support) Article-I.D.: armory,A-MEM (approx),1,29.187,ng_1238|ng_818|ng_1018|ng_957|ng_1794,ng_1238
123,96,4th Dimension BBS Subject: Re: A StyleWriter II question Lines:,A-MEM (approx),0,20.9148,ng_2288|ng_1176|ng_605|ng_403|ng_283,ng_1256
123,97,80-bit keyseach machine Nntp-Posting-Host: mizzou1.missouri.edu Organization: Un,A-MEM (approx),1,26.64,ng_235|ng_1791|ng_1439|ng_399|ng_16,ng_1791
123,98,VIdeotext/teletext descrambler Article-I.D.: hal.1psvcg$1auv Distribution: world,A-MEM (approx),1,29.9635,ng_1828|ng_818|ng_1991|ng_190|ng_1556,ng_1828
123,99,"tvtwm & xsetroot, X11R5 and Sparc 10 keyboard Organization: Sheffield",A-MEM (approx),1,22.8502,ng_1430|ng_2156|ng_1576|ng_1826|ng_106,ng_1430
123,100,What is the JWT expiry policy for JWT Authentication?,A-MEM (approx),1,19.8384,wf01_s5_chunk_0|wf01_s1_chunk_0|wf01_d1_chunk_0|wf01_d2_chunk_0|wf01_d3_chunk_0,wf01_s1_chunk_0
123,101,How is JWT expiry implemented using PyJWT+Redis?,A-MEM (approx),1,21.4865,wf01_s1_chunk_0|wf01_s3_chunk_0|wf01_s4_chunk_0|wf01_s5_chunk_0|wf01_d2_chunk_0,wf01_s1_chunk_0
123,102,Find the backend standard for session token lifetime.,A-MEM (approx),1,18.3693,wf01_d3_chunk_0|wf01_d2_chunk_0|wf01_s1_chunk_0|wf01_s5_chunk_0|wf01_s3_chunk_0,wf01_s1_chunk_0|wf01_s4_chunk_0
123,103,Summarise the technical decision on session token lifetime during JWT Authentica,A-MEM (approx),0,24.9652,wf01_d3_chunk_0|wf01_d2_chunk_0|wf01_s5_chunk_0|wf01_d1_chunk_0|wf01_s1_chunk_0,wf01_s4_chunk_0
123,104,What is the final JWT expiry rule deployed to production after the sprint overri,A-MEM (approx),1,26.7363,wf01_s5_chunk_0|wf01_s3_chunk_0|wf01_s1_chunk_0|wf01_d1_chunk_0|wf01_d2_chunk_0,wf01_s5_chunk_0
123,105,"Was the temporary 60-minute expiry change kept, or did we revert to the original",A-MEM (approx),1,25.7668,wf01_d2_chunk_0|wf01_d3_chunk_0|wf01_d1_chunk_0|wf01_s5_chunk_0|wf01_s3_chunk_0,wf01_s3_chunk_0|wf01_s5_chunk_0
123,106,Which document defines 15-minute expiry as the approved JWT expiry setting?,A-MEM (approx),1,22.7633,wf01_d1_chunk_0|wf01_s5_chunk_0|wf01_d2_chunk_0|wf01_s1_chunk_0|wf01_s3_chunk_0,wf01_s1_chunk_0
123,107,Confirm the architecture decision that adopted 15-minute expiry for JWT Authenti,A-MEM (approx),1,21.9353,wf01_s5_chunk_0|wf01_d1_chunk_0|wf01_s1_chunk_0|wf01_d2_chunk_0|wf01_d3_chunk_0,wf01_s1_chunk_0
123,108,What is the primary keys policy for Database Schema?,A-MEM (approx),1,23.6023,wf02_d1_chunk_0|wf02_d2_chunk_0|wf02_d3_chunk_0|wf02_s5_chunk_0|wf02_s1_chunk_0,wf02_s1_chunk_0
123,109,How is primary keys implemented using Alembic+PostgreSQL?,A-MEM (approx),1,25.3535,wf02_s1_chunk_0|wf02_d2_chunk_0|wf02_d1_chunk_0|wf02_s3_chunk_0|wf02_s5_chunk_0,wf02_s1_chunk_0
123,110,Find the backend standard for row identifier scheme.,A-MEM (approx),1,20.5681,wf02_s4_chunk_0|wf02_s1_chunk_0|wf02_d3_chunk_0|wf12_s1_chunk_0|wf02_d2_chunk_0,wf02_s1_chunk_0|wf02_s4_chunk_0
123,111,Summarise the technical decision on row identifier scheme during Database Schema,A-MEM (approx),1,22.9295,wf02_s4_chunk_0|wf02_d3_chunk_0|wf02_d1_chunk_0|wf02_s1_chunk_0|wf02_d2_chunk_0,wf02_s4_chunk_0
123,112,What is the final primary keys rule deployed to production after the sprint over,A-MEM (approx),1,23.27,wf02_s5_chunk_0|wf02_d1_chunk_0|wf02_d2_chunk_0|wf02_s1_chunk_0|wf02_s3_chunk_0,wf02_s5_chunk_0
123,113,"Was the temporary auto-incrementing integer PKs change kept, or did we revert to",A-MEM (approx),1,26.1971,wf02_s3_chunk_0|wf02_s5_chunk_0|wf02_s1_chunk_0|wf02_d3_chunk_0|wf02_s4_chunk_0,wf02_s3_chunk_0|wf02_s5_chunk_0
123,114,Which document defines UUID primary keys as the approved primary keys setting?,A-MEM (approx),1,19.7461,wf02_s1_chunk_0|wf02_s5_chunk_0|wf02_d2_chunk_0|wf02_d1_chunk_0|wf02_d3_chunk_0,wf02_s1_chunk_0
123,115,Confirm the architecture decision that adopted UUID primary keys for Database Sc,A-MEM (approx),1,31.2339,wf02_s5_chunk_0|wf02_s1_chunk_0|wf02_d3_chunk_0|wf02_d2_chunk_0|wf02_d1_chunk_0,wf02_s1_chunk_0
123,116,What is the domain boundary policy for Microservice Context?,A-MEM (approx),1,23.7885,wf03_d1_chunk_0|wf03_s5_chunk_0|wf03_s1_chunk_0|wf03_d2_chunk_0|wf03_d3_chunk_0,wf03_s1_chunk_0
123,117,How is domain boundary implemented using gRPC+Protobuf?,A-MEM (approx),1,19.9724,wf03_s1_chunk_0|wf14_s1_chunk_0|wf14_d3_chunk_0|wf14_d2_chunk_0|wf03_s4_chunk_0,wf03_s1_chunk_0
123,118,Find the architecture standard for inter-service coupling.,A-MEM (approx),1,18.4017,wf03_d3_chunk_0|wf03_s1_chunk_0|wf03_s4_chunk_0|wf03_d2_chunk_0|wf03_d1_chunk_0,wf03_s1_chunk_0|wf03_s4_chunk_0
123,119,Summarise the technical decision on inter-service coupling during Microservice C,A-MEM (approx),0,22.5097,wf03_d3_chunk_0|wf03_d2_chunk_0|wf03_d1_chunk_0|wf03_s1_chunk_0|wf03_s5_chunk_0,wf03_s4_chunk_0
123,120,What is the final domain boundary rule deployed to production after the sprint o,A-MEM (approx),1,21.7735,wf03_s5_chunk_0|wf03_d1_chunk_0|wf03_s1_chunk_0|wf03_s3_chunk_0|wf14_s5_chunk_0,wf03_s5_chunk_0
123,121,"Was the temporary shared database schema change kept, or did we revert to the or",A-MEM (approx),1,25.1624,wf03_s3_chunk_0|wf15_s4_chunk_0|wf15_d3_chunk_0|wf03_d3_chunk_0|wf15_s5_chunk_0,wf03_s3_chunk_0|wf03_s5_chunk_0
123,122,Which document defines strict domain boundary as the approved domain boundary se,A-MEM (approx),1,19.6304,wf03_s5_chunk_0|wf03_s1_chunk_0|wf03_d1_chunk_0|wf03_s4_chunk_0|wf14_d3_chunk_0,wf03_s1_chunk_0
123,123,Confirm the architecture decision that adopted strict domain boundary for Micros,A-MEM (approx),1,21.1371,wf03_s5_chunk_0|wf03_d1_chunk_0|wf03_s1_chunk_0|wf03_d3_chunk_0|wf03_d2_chunk_0,wf03_s1_chunk_0
123,124,What is the PR approvals policy for CI/CD Pipeline?,A-MEM (approx),1,19.9036,wf04_d2_chunk_0|wf04_s5_chunk_0|wf04_s1_chunk_0|wf04_d1_chunk_0|wf04_d3_chunk_0,wf04_s1_chunk_0
123,125,How is PR approvals implemented using GitHub Actions?,A-MEM (approx),1,20.1727,wf04_s1_chunk_0|wf04_d2_chunk_0|wf04_s5_chunk_0|wf04_d1_chunk_0|wf04_s4_chunk_0,wf04_s1_chunk_0
123,126,Find the devops standard for merge gate policy.,A-MEM (approx),1,18.2702,wf04_s4_chunk_0|wf04_d3_chunk_0|wf04_s1_chunk_0|wf04_s5_chunk_0|wf04_d2_chunk_0,wf04_s1_chunk_0|wf04_s4_chunk_0
123,127,Summarise the technical decision on merge gate policy during CI/CD Pipeline desi,A-MEM (approx),1,21.2043,wf04_d3_chunk_0|wf04_s4_chunk_0|wf04_s1_chunk_0|wf04_s5_chunk_0|wf04_d2_chunk_0,wf04_s4_chunk_0
123,128,What is the final PR approvals rule deployed to production after the sprint over,A-MEM (approx),1,21.2624,wf04_s5_chunk_0|wf04_s3_chunk_0|wf04_d2_chunk_0|wf04_d1_chunk_0|wf04_s1_chunk_0,wf04_s5_chunk_0
123,129,"Was the temporary admin bypass override change kept, or did we revert to the ori",A-MEM (approx),1,23.9323,wf04_s3_chunk_0|wf19_s5_chunk_0|wf04_s5_chunk_0|wf04_s4_chunk_0|wf16_s3_chunk_0,wf04_s3_chunk_0|wf04_s5_chunk_0
123,130,Which document defines require 2 PR approvals as the approved PR approvals setti,A-MEM (approx),1,26.8206,wf04_d2_chunk_0|wf04_d1_chunk_0|wf04_s5_chunk_0|wf04_s1_chunk_0|wf16_d1_chunk_0,wf04_s1_chunk_0
123,131,Confirm the architecture decision that adopted require 2 PR approvals for CI/CD ,A-MEM (approx),1,23.3584,wf04_s1_chunk_0|wf04_d2_chunk_0|wf04_s5_chunk_0|wf04_d1_chunk_0|wf04_d3_chunk_0,wf04_s1_chunk_0
123,132,What is the trace sampling policy for Observability Stack?,A-MEM (approx),1,19.872,wf05_d2_chunk_0|wf05_s5_chunk_0|wf05_s1_chunk_0|wf05_d1_chunk_0|wf05_d3_chunk_0,wf05_s1_chunk_0
123,133,How is trace sampling implemented using OpenTelemetry?,A-MEM (approx),1,18.8447,wf05_s1_chunk_0|wf05_d2_chunk_0|wf05_s3_chunk_0|wf05_d3_chunk_0|wf05_d1_chunk_0,wf05_s1_chunk_0
123,134,Find the devops standard for telemetry capture rate.,A-MEM (approx),1,22.738,wf05_s4_chunk_0|ng_2127|wf05_s1_chunk_0|wf05_d2_chunk_0|wf05_d1_chunk_0,wf05_s1_chunk_0|wf05_s4_chunk_0
123,135,Summarise the technical decision on telemetry capture rate during Observability ,A-MEM (approx),1,22.4793,wf05_s1_chunk_0|wf05_s4_chunk_0|wf05_d1_chunk_0|wf05_d3_chunk_0|wf05_d2_chunk_0,wf05_s4_chunk_0
123,136,What is the final trace sampling rule deployed to production after the sprint ov,A-MEM (approx),1,20.6627,wf05_s3_chunk_0|wf05_s5_chunk_0|wf05_d2_chunk_0|wf05_d1_chunk_0|wf05_d3_chunk_0,wf05_s5_chunk_0
123,137,"Was the temporary 100% full trace sampling change kept, or did we revert to the ",A-MEM (approx),1,23.8231,wf05_d2_chunk_0|wf05_s3_chunk_0|wf05_s1_chunk_0|wf05_d1_chunk_0|wf05_s5_chunk_0,wf05_s3_chunk_0|wf05_s5_chunk_0
123,138,Which document defines 10% trace sampling as the approved trace sampling setting,A-MEM (approx),1,20.4297,wf05_d2_chunk_0|wf05_d1_chunk_0|wf05_s5_chunk_0|wf05_s1_chunk_0|wf05_d3_chunk_0,wf05_s1_chunk_0
123,139,Confirm the architecture decision that adopted 10% trace sampling for Observabil,A-MEM (approx),1,22.0793,wf05_s1_chunk_0|wf05_d2_chunk_0|wf05_d1_chunk_0|wf05_s5_chunk_0|wf05_d3_chunk_0,wf05_s1_chunk_0
123,140,What is the rate limit policy for API Gateway Rate Limiting?,A-MEM (approx),1,20.0677,wf06_d2_chunk_0|wf06_s5_chunk_0|wf06_d3_chunk_0|wf06_d1_chunk_0|wf06_s1_chunk_0,wf06_s1_chunk_0
123,141,How is rate limit implemented using nginx+Lua?,A-MEM (approx),1,19.5086,wf06_s1_chunk_0|wf06_s3_chunk_0|wf06_s4_chunk_0|wf06_d2_chunk_0|wf06_d1_chunk_0,wf06_s1_chunk_0
123,142,Find the backend standard for inbound request throttle.,A-MEM (approx),1,19.4753,wf06_s4_chunk_0|wf06_s5_chunk_0|wf06_s1_chunk_0|wf06_d3_chunk_0|wf06_d2_chunk_0,wf06_s1_chunk_0|wf06_s4_chunk_0
123,143,Summarise the technical decision on inbound request throttle during API Gateway ,A-MEM (approx),1,21.71,wf06_s4_chunk_0|wf06_d3_chunk_0|wf06_d1_chunk_0|wf06_s5_chunk_0|wf06_d2_chunk_0,wf06_s4_chunk_0
123,144,What is the final rate limit rule deployed to production after the sprint overri,A-MEM (approx),1,20.1041,wf06_s3_chunk_0|wf06_s5_chunk_0|wf06_d1_chunk_0|wf06_d2_chunk_0|wf06_s1_chunk_0,wf06_s5_chunk_0
123,145,"Was the temporary unlimited bursting change kept, or did we revert to the origin",A-MEM (approx),1,22.5008,wf06_s3_chunk_0|wf06_s5_chunk_0|wf06_d3_chunk_0|wf06_d1_chunk_0|wf06_s4_chunk_0,wf06_s3_chunk_0|wf06_s5_chunk_0
123,146,Which document defines 100 RPM rate limit as the approved rate limit setting?,A-MEM (approx),1,19.054,wf06_d2_chunk_0|wf06_d1_chunk_0|wf06_d3_chunk_0|wf06_s5_chunk_0|wf06_s1_chunk_0,wf06_s1_chunk_0
123,147,Confirm the architecture decision that adopted 100 RPM rate limit for API Gatewa,A-MEM (approx),1,20.1525,wf06_d3_chunk_0|wf06_s5_chunk_0|wf06_d1_chunk_0|wf06_d2_chunk_0|wf06_s1_chunk_0,wf06_s1_chunk_0
123,148,What is the cache TTL policy for Distributed Caching?,A-MEM (approx),1,19.7032,wf07_d2_chunk_0|wf07_s5_chunk_0|wf07_d3_chunk_0|wf07_d1_chunk_0|wf07_s1_chunk_0,wf07_s1_chunk_0
123,149,How is cache TTL implemented using redis-py?,A-MEM (approx),1,20.0415,wf07_s1_chunk_0|wf07_d2_chunk_0|wf07_d3_chunk_0|wf07_d1_chunk_0|wf07_s5_chunk_0,wf07_s1_chunk_0
123,0,for ASCII terminals Organization: SmartStar Corporation / Signal Technology Line,LangChain MMR,1,35.5167,ng_1729|ng_1499|ng_2139|ng_1942|ng_688,ng_1729
123,1,"Re: NumLock masking? interference with Meta/Compose/ExtendChar, ... Nntp-Posting",LangChain MMR,1,54.5862,ng_460|ng_676|ng_1064|wf07_s5_chunk_0|ng_724,ng_460
123,2,"font problem.... Organization: Department of Mathematics, Queen's University at ",LangChain MMR,0,39.2547,ng_1064|ng_1379|ng_586|ng_279|ng_1261,ng_241
123,3,Peltier Effect Heat Pumps Reply-To: paj@uk.co.gec-mrc (Paul Johnson) Organizatio,LangChain MMR,1,44.4001,ng_1866|ng_541|ng_697|ng_1767|ng_1425,ng_1866
123,4,"WANTED: X & security posting Organization: TRW Systems Division, Fairfax",LangChain MMR,1,34.5908,ng_1648|ng_101|ng_403|ng_1144|ng_1737,ng_1648
123,5,rom Organization: Defence Science and Technology Organisation Lines: 45 NNTP-Pos,LangChain MMR,0,34.8729,ng_676|ng_976|ng_117|ng_1449|ng_158,ng_481
123,6,Re: A question about 120VAC outlet wiring.. Organization: HP Lake,LangChain MMR,0,31.2763,ng_1750|ng_201|ng_1728|ng_1864|wf20_s3_chunk_0,ng_401
123,7,code is no good any more. From: a_rubin@dsg4.dse.beckman.com (Arthur Rubin),LangChain MMR,0,45.6669,ng_2279|ng_2266|ng_14|ng_1451|ng_1629,ng_1922
123,8,-- Personal Account) Subject: Disappearing hard drive in LC? Organization:,LangChain MMR,1,33.6419,ng_2316|ng_302|ng_954|ng_1306|ng_2274,ng_2316
123,9,RFC's (Was: Cryptography Patents) From: a_rubin@dsg4.dse.beckman.com (Arthur Rub,LangChain MMR,0,47.366,ng_1073|ng_365|ng_2279|ng_883|ng_976,ng_736
123,10,Memory in Plus&SE Organization: Temple University Lines: 8 Nntp-Posting-Host: vm,LangChain MMR,1,39.7689,ng_131|ng_1829|ng_260|ng_255|ng_1767,ng_131
123,11,"Re: Xsun not running on SPARCclassic Organization: Rutgers Univ., New",LangChain MMR,0,34.2008,ng_2016|ng_2205|ng_731|ng_2140|ng_2336,ng_2109
123,12,up cable tv with an aerial. Lines: 37 Nntp-Posting-Host: wcsub.ctstateu.edu,LangChain MMR,0,41.641,ng_1942|ng_1346|ng_2079|ng_87|ng_2175,ng_2009
123,13,Re: HeathKit/Zenith Nntp-Posting-Host: huey.udel.edu Organization: University of,LangChain MMR,1,44.4886,ng_651|ng_1942|ng_1767|ng_1812|ng_1829,ng_651
123,14,Fluke For Sale (was DMM Advice Needed) Keywords: Fluke 8062A,LangChain MMR,1,34.6739,ng_558|ng_343|ng_1383|ng_860|ng_2057,ng_558
123,15,Re: Keeping Your Mouth Shut (was: Hard drive security) Nntp-Posting-Host:,LangChain MMR,1,35.4245,ng_676|ng_806|ng_848|ng_2089|wf17_s2_chunk_0,ng_806
123,16,Changing colors on a label - HELP Organization: Ford Motor,LangChain MMR,1,28.7651,ng_2240|ng_823|ng_1494|ng_1394|ng_1031,ng_2240
123,17,** Xpm 3.2g is available ** Keywords: XPM Organization: Koala,LangChain MMR,1,35.0201,ng_655|ng_2172|ng_1379|wf17_s2_chunk_0|ng_1127,ng_655
123,18,Re: The [secret] source of that announcement Lines: 19 Even,LangChain MMR,0,30.4127,ng_1565|wf20_d2_chunk_0|ng_1968|ng_14|ng_1489,ng_2083
123,19,RE-Re: Quadra SCSI Problems??? X-Mailer: TeleFinder (version 3.0) Organization: ,LangChain MMR,1,41.9264,ng_2090|ng_378|ng_1897|ng_1813|ng_1063,ng_2090
123,20,Re: Thanks Apple: Free Ethernet on my C610! Organization: Case,LangChain MMR,0,32.2374,ng_1596|ng_1424|ng_1004|ng_1840|ng_1649,ng_1483
123,21,"Cursors Organization: The Internet Lines: 19 To: motif@alfalfa.com, xpert@expo.l",LangChain MMR,1,45.3849,ng_1364|ng_1379|ng_1935|ng_2279|ng_1267,ng_1364
123,22,"Re: Would ""clipper"" make a good cover for other encryption",LangChain MMR,0,33.8459,ng_900|ng_1347|ng_1706|ng_1623|ng_792,ng_59
123,23,Re: text of White House announcement and Q&As on clipper,LangChain MMR,0,32.0349,ng_1331|ng_1724|ng_1371|ng_849|ng_820,ng_110
123,24,"Re: What is going on?... Organization: Simon Fraser University, Burnaby,",LangChain MMR,0,40.6691,ng_2205|ng_690|ng_2080|ng_1560|ng_147,ng_1361
123,25,Re: Where do U look?? Reply-To: dtmedin@catbyte.b30.ingr.com Organization: Inter,LangChain MMR,0,46.8294,ng_1802|ng_1562|ng_1176|ng_990|ng_2014,ng_2280
123,26,"Subject: Re: Don't fight Clipper Chip, subvert or replace it",LangChain MMR,0,35.5599,ng_1288|ng_1023|ng_664|ng_1331|ng_1091,ng_1003
123,27,Re: disk safety measure? Organization: Massachusetts Institute of Technology Lin,LangChain MMR,0,30.9737,ng_848|ng_2274|ng_505|ng_1024|ng_1460,ng_364
123,28,Subject: Installation problem with X11R5 Organization: Rice University Lines: 32,LangChain MMR,1,33.8073,ng_1856|ng_2140|ng_78|ng_1515|ng_1576,ng_1856
123,29,Re: MacX 1.2 color problem Reply-To: dshaker@qualix.com Organization: QUALiX Gro,LangChain MMR,1,41.7216,ng_830|ng_2323|ng_693|ng_398|ng_989,ng_830
123,30,"Re: DSP or other cards for FFT's, anyone? Nntp-Posting-Host: elvex33.acns.nwu.ed",LangChain MMR,1,47.3129,ng_937|ng_423|ng_1577|ng_673|ng_2233,ng_937
123,31,Re: How do I find my AppContext? Reply-To: lanzo@tekelec.com (Mark,LangChain MMR,1,37.5675,ng_1699|wf05_s2_chunk_0|ng_2068|ng_1736|ng_577,ng_1699
123,32,"Re: Once tapped, your code is no good any more.",LangChain MMR,0,29.3583,ng_691|ng_1290|ng_2254|ng_2266|ng_1295,ng_323
123,33,Re: Tektronix Organization: ITC/UVA Community Access UNIX/Internet Project Lines,LangChain MMR,0,34.2386,ng_1737|ng_1998|ng_744|ng_2336|ng_1435,ng_155
123,34,Re: XAllocColor fails to return nearest match Reply-To: klee@synoptics.com Organ,LangChain MMR,1,44.1469,ng_1486|ng_1000|ng_1428|ng_1062|ng_320,ng_1486
123,35,Re: Do we need the clipper for cheap security? Organization:,LangChain MMR,0,31.0891,ng_1355|ng_1331|ng_209|ng_1327|ng_893,ng_895
123,36,"& IBM Info-Version 1.7.7 Organization: New Mexico State University, Las",LangChain MMR,1,34.6156,ng_2278|ng_1076|ng_1379|ng_2094|ng_492,ng_2278
123,37,Subject: Re: Clipper chip -- technical details Organization: IR Lines:,LangChain MMR,0,31.8125,ng_1674|ng_1802|ng_2164|ng_1288|ng_455,ng_442
123,38,Powerbook 170 freezes after 18 seconds; Help! Nntp-Posting-Host: ntrc25.ntrc.ntu,LangChain MMR,1,43.366,ng_1306|ng_676|ng_1653|ng_1938|ng_2171,ng_1306
123,39,Help: SunView on olwm/xview3/X11R5 Article-I.D.: haji.9304051753.AA05339 Organiz,LangChain MMR,1,50.9685,ng_1018|ng_1379|ng_1062|ng_29|ng_280,ng_1018
123,40,"Re: arcade style buttons and joysticks Organization: University of Stellenbosch,",LangChain MMR,1,34.0538,ng_2230|ng_2205|ng_1437|ng_403|ng_724,ng_2230
123,41,Re: Converting contents of X-window to color postscript Organization: Dept.,LangChain MMR,0,33.988,ng_51|ng_1012|ng_1191|ng_818|ng_2240,ng_585
123,42,Subject: Need diode model for PSpice Organization: University at Buffalo,LangChain MMR,1,33.9695,ng_541|ng_1644|ng_2274|ng_1185|ng_936,ng_541
123,43,Subject: Re: Honors Degrees: Do they mean anything? Organization: Purdue,LangChain MMR,1,33.4189,ng_1735|ng_1477|ng_1267|wf08_s1_chunk_0|ng_2027,ng_1735
123,44,"Re: Identifying / Securing Files Organization: Private Computer, Totowa, NJ",LangChain MMR,1,33.5302,ng_646|ng_2058|wf16_d3_chunk_0|ng_1899|ng_358,ng_646
123,45,"Exploding TV! Organization: Virginia Tech, Blacksburg, VA Lines: 19 Distribution",LangChain MMR,1,36.2961,ng_278|ng_387|ng_1005|ng_1829|ng_2078,ng_278
123,46,Subject: Re: text of White House announcement and Q&As on,LangChain MMR,1,32.9262,ng_1724|ng_1988|ng_1829|ng_1250|ng_1331,ng_1250
123,47,Re: Hard drive security for FBI targets Keywords: cooperation Reply-To:,LangChain MMR,1,34.2425,ng_471|ng_1327|ng_1923|ng_1263|ng_687,ng_1263
123,48,Home brew Acceler question?? Nntp-Posting-Host: vaxb.isc.rit.edu Reply-To: arp01,LangChain MMR,1,61.0262,ng_384|ng_1550|wf03_s2_chunk_0|ng_2040|ng_1812,ng_1550
123,49,Re: x86 ~= 680x0 ?? (How do they compare?) Nntp-Posting-Host:,LangChain MMR,0,41.4805,ng_2299|ng_235|ng_360|ng_2258|ng_1395,ng_2085
123,50,From: yuan1@scws7.harvard.edu (Nina Yuan) Distribution: inet Nntp-Posting-Host: ,LangChain MMR,0,54.5538,ng_235|ng_925|ng_957|ng_117|ng_1767,ng_695
123,51,Info on DSP project Nf-ID: #R:ee.ualberta.ca:735344986:trsvax:288200082:000:164 ,LangChain MMR,1,74.1635,ng_929|ng_492|ng_1025|ng_400|ng_603,ng_929
123,52,"Re: compiling on sun4_411 Organization: Department of Scientific Computing, Upps",LangChain MMR,0,36.439,ng_1368|ng_1252|ng_1321|ng_2123|ng_980,ng_2224
123,53,EEG Kit? Nntp-Posting-Host: sauron.msfc.nasa.gov Organization: NASA/MSFC X-Newsr,LangChain MMR,1,55.4413,ng_1130|ng_676|wf10_s2_chunk_0|ng_740|ng_1968,ng_1130
123,54,DETECTORS? Article-I.D.: almaden.19930406.131941.134 Lines: 3 They detect the os,LangChain MMR,1,49.4382,ng_1676|ng_2127|ng_407|ng_2106|ng_1431,ng_1676
123,55,Re: Dumb Question: Function Generator Organization: Northeastern Ohio Universiti,LangChain MMR,0,33.3635,ng_2205|ng_1038|ng_1586|ng_1935|ng_2094,ng_1940
123,56,Subject: RE: Exploding TV Nntp-Posting-Host: engr.engr.uark.edu Organization: Un,LangChain MMR,0,44.3286,ng_846|ng_2078|ng_1969|ng_2072|ng_1318,ng_450
123,57,Re: LCIII problems (sideways HD's) Organization: Case School of Engineering,LangChain MMR,1,39.0359,ng_1328|ng_1829|wf04_d3_chunk_0|ng_2209|ng_351,ng_1328
123,58,Re: Interesting ADB behaviour on C650 Organization: Case School of,LangChain MMR,1,33.3264,ng_2145|ng_992|ng_141|ng_912|ng_2316,ng_992
123,59,DeskWriter Drivers 3.1 -- How to install ? Organization: Eindhoven,LangChain MMR,1,45.4465,ng_1316|ng_1461|ng_1315|ng_1105|ng_296,ng_1316
123,60,Re: Hard drive security for FBI targets Reply-To: pdc@dcs.ed.ac.uk (Paul,LangChain MMR,0,39.2676,ng_687|ng_1911|ng_302|ng_888|ng_1783,ng_2210
123,61,Subject: Re: Long distance IR detection Organization: Purdue University Engineer,LangChain MMR,1,30.1749,ng_1125|ng_1094|ng_653|wf14_s4_chunk_0|ng_941,ng_1125
123,62,question about 120VAC outlet wiring. Distribution: world Organization: Kernel Mo,LangChain MMR,0,31.0884,ng_1750|ng_2027|ng_1707|ng_1106|ng_920,ng_1959
123,63,"Xterm Cursor X-Received: by usenet.pa.dec.com; id AA19241; Sun, 18 Apr",LangChain MMR,1,47.186,ng_1351|ng_1262|ng_1364|ng_943|ng_78,ng_1351
123,64,Re: Building a UV flashlight Nntp-Posting-Host: aisun3.ai.uga.edu Organization: ,LangChain MMR,1,43.7457,ng_997|ng_676|ng_1112|ng_1904|ng_1998,ng_997
123,65,Re: How 2 Get Fontname from Fonstruct ??? Organization: University,LangChain MMR,0,37.2668,ng_721|ng_1843|ng_1267|ng_1261|ng_98,ng_586
123,66,)) Subject: Re: Need to find out number to a,LangChain MMR,1,35.8367,ng_2094|ng_1184|wf17_d3_chunk_0|ng_1156|ng_1858,ng_2094
123,67,Re: NUTEK FACES APPLE'S WRATH (article!!!!!!) READ Article-I.D.: rpi.j3g5bwq Org,LangChain MMR,1,49.0968,ng_2323|ng_1194|ng_2296|ng_897|ng_1275,ng_1275
123,68,"Re: Once tapped, your code is no good any more.",LangChain MMR,0,32.8193,ng_691|ng_1290|ng_2254|ng_2266|ng_1295,ng_1297
123,69,Subject: Re: Centris Cache & Bernoulli Box Article-I.D.: snll-arp.519 Distributi,LangChain MMR,1,44.7595,ng_2250|ng_235|ng_702|ng_789|wf07_d3_chunk_0,ng_2250
123,70,"Installing MIT X11R5 on Apollo Organization: CATT Centre at CITRI,",LangChain MMR,1,37.3513,ng_10|ng_1805|ng_1039|ng_1100|ng_106,ng_10
123,71,Lines (inverse/xor) Organization: The Portal System (TM) <1993Apr21.111919.5281@,LangChain MMR,1,67.1522,ng_2056|ng_1379|ng_1846|ng_1171|ng_577,ng_2056
123,72,"Re: Once tapped, your code is no good any more.",LangChain MMR,0,34.0968,ng_691|ng_1290|ng_2254|ng_2266|ng_1295,ng_653
123,73,"Subject: ""Clipper Chip"" facts: a request Organization: is a nice",LangChain MMR,1,35.4404,ng_1674|ng_664|ng_1288|ng_1802|ng_455,ng_1674
123,74,Subject: Re: Animation Organization: The Internet Lines: 81 To: xpert@expo.lcs.m,LangChain MMR,1,45.9447,ng_2111|wf08_s4_chunk_0|ng_2014|ng_400|ng_1267,ng_2111
123,75,ext. 8056) Subject: Sources for Intel D87C51FB? Nntp-Posting-Host: levy.fnal.gov,LangChain MMR,0,48.4313,ng_1514|ng_337|ng_765|ng_2259|ng_158,ng_764
123,76,Re: An Open Letter to Mr. Clinton Organization: Beckman Software,LangChain MMR,0,32.0504,ng_1331|ng_2279|ng_1629|ng_1562|ng_1829,ng_67
123,77,"Re: RAMs &ROMs with ALE latches (for 8051's) X-Xxdate: Wed,",LangChain MMR,1,44.0775,ng_712|ng_839|ng_1869|ng_117|ng_765,ng_712
123,78,"Re: >>>>> MOUSE BUTTONS 1,2 & 3 <<<<<<<< urgent !",LangChain MMR,1,27.0197,ng_244|ng_897|ng_1135|ng_1639|ng_1384,ng_244
123,79,"Hard Drive Component Costs Organization: E-Systems, Melpar Division Lines: 17",LangChain MMR,1,22.8826,ng_2274|ng_848|ng_1846|ng_2316|ng_260,ng_2274
123,80,"Re: Mysterious MOSFET Organization: Engineering Services, Clemson University Lin",LangChain MMR,0,22.7518,ng_2057|ng_1997|ng_1586|ng_1812|ng_1375,ng_2103
123,81,Re: IBM-PC XT switch settings Organization: Netcom Online Communications Service,LangChain MMR,1,22.562,ng_623|ng_2026|ng_1004|ng_760|ng_73,ng_623
123,82,Re: PDS vs. Nubus (was Re: LC III NuBus Capable?),LangChain MMR,1,22.9155,ng_1776|ng_1847|wf17_d3_chunk_0|ng_604|ng_74,ng_1776
123,83,Re: LCIII problems Organization: wyvern.com Lines: 25 Ravi Konchigeri <mongoose@,LangChain MMR,0,27.9177,ng_1477|ng_1581|ng_2094|ng_1251|ng_1379,ng_1757
123,84,Can I remove the 68000 under my daughterboard upgrade? Organization:,LangChain MMR,1,20.858,ng_2137|ng_1838|ng_1953|ng_765|ng_1863,ng_2137
123,85,Subject: Re: Exploding TV! Organization: The Portal System (TM) Distribution:,LangChain MMR,1,22.6808,ng_1186|ng_1379|ng_1500|ng_2160|ng_859,ng_1186
123,86,Re: Need to find out number to a phone line,LangChain MMR,0,24.7859,ng_154|ng_651|ng_1172|ng_935|ng_1126,ng_577
123,87,Subject: Re: CD-ROM multisession Nntp-Posting-Host: emerald Organization: Philip,LangChain MMR,1,26.0559,ng_1566|ng_1143|ng_1424|ng_2347|wf18_s2_chunk_0,ng_1566
123,88,xrolo/SPACRC/SunOS4.1.1/audio Organization: The Internet Lines: 21 NNTP-Posting-,LangChain MMR,1,42.5719,ng_2163|ng_1829|ng_423|ng_512|ng_1372,ng_2163
123,89,Subject: How often are SIMMs bad (mail order)? Nntp-Posting-Host: aix02.ecs.rpi.,LangChain MMR,0,28.7657,ng_553|ng_1969|ng_2233|ng_1086|ng_616,ng_1278
123,90,Re: Los Angeles Freeway traffic reports Organization: RAND Lines: 29,LangChain MMR,1,21.6503,ng_1005|ng_1379|ng_2139|ng_1251|ng_71,ng_1005
123,91,Re: Patents (was RC2 RC4) Nntp-Posting-Host: wardibm2.med.yale.edu Organization:,LangChain MMR,0,30.9798,ng_2048|ng_676|ng_820|ng_384|ng_660,ng_1693
123,92,Re: Position of 'b' on Erg. Keyboard Organization: Virginia Tech,LangChain MMR,0,24.3229,ng_2180|ng_405|ng_2027|ng_638|ng_176,ng_1198
123,93,"Subject: Re: Radar detector DETECTORS? Organization: Iowa State University, Ames",LangChain MMR,0,23.5481,ng_2153|ng_2110|ng_1998|ng_358|ng_512,ng_292
123,94,"Re: Clipper chip -- technical details Organization: Computer Science Dept,",LangChain MMR,0,22.8365,ng_1674|ng_202|ng_2164|ng_1288|ng_3,ng_1397
123,95,Looking for updated XView textedit source (w/d-n-d support) Article-I.D.: armory,LangChain MMR,1,30.4556,ng_1238|ng_1015|wf07_d2_chunk_0|ng_1828|ng_612,ng_1238
123,96,4th Dimension BBS Subject: Re: A StyleWriter II question Lines:,LangChain MMR,0,21.0578,ng_2288|ng_672|ng_1064|ng_405|ng_719,ng_1256
123,97,80-bit keyseach machine Nntp-Posting-Host: mizzou1.missouri.edu Organization: Un,LangChain MMR,0,29.3332,ng_235|ng_16|ng_1634|ng_1896|ng_1970,ng_1791
123,98,VIdeotext/teletext descrambler Article-I.D.: hal.1psvcg$1auv Distribution: world,LangChain MMR,1,31.2885,ng_1828|ng_846|ng_405|ng_1530|ng_1717,ng_1828
123,99,"tvtwm & xsetroot, X11R5 and Sparc 10 keyboard Organization: Sheffield",LangChain MMR,1,24.2919,ng_1430|ng_1461|ng_242|ng_106|ng_143,ng_1430
123,100,What is the JWT expiry policy for JWT Authentication?,LangChain MMR,0,21.1159,wf01_s5_chunk_0|ng_53|ng_500|wf06_d1_chunk_0|ng_373,wf01_s1_chunk_0
123,101,How is JWT expiry implemented using PyJWT+Redis?,LangChain MMR,1,22.0305,wf01_s1_chunk_0|ng_1604|ng_2073|ng_994|wf06_s5_chunk_0,wf01_s1_chunk_0
123,102,Find the backend standard for session token lifetime.,LangChain MMR,0,19.1144,wf01_d3_chunk_0|ng_1356|wf06_s3_chunk_0|wf18_s5_chunk_0|wf07_s4_chunk_0,wf01_s1_chunk_0|wf01_s4_chunk_0
123,103,Summarise the technical decision on session token lifetime during JWT Authentica,LangChain MMR,0,22.0469,wf01_d3_chunk_0|ng_1356|wf06_s3_chunk_0|ng_781|ng_2222,wf01_s4_chunk_0
123,104,What is the final JWT expiry rule deployed to production after the sprint overri,LangChain MMR,1,23.1309,wf01_s5_chunk_0|wf09_s3_chunk_0|ng_638|wf15_s5_chunk_0|wf07_s3_chunk_0,wf01_s5_chunk_0
123,105,"Was the temporary 60-minute expiry change kept, or did we revert to the original",LangChain MMR,0,25.6678,wf01_d2_chunk_0|ng_1244|wf16_s2_chunk_0|wf07_d3_chunk_0|wf11_s2_chunk_0,wf01_s3_chunk_0|wf01_s5_chunk_0
123,106,Which document defines 15-minute expiry as the approved JWT expiry setting?,LangChain MMR,0,23.3103,wf01_d1_chunk_0|wf06_d2_chunk_0|ng_1037|wf07_s1_chunk_0|ng_196,wf01_s1_chunk_0
123,107,Confirm the architecture decision that adopted 15-minute expiry for JWT Authenti,LangChain MMR,0,24.6043,wf01_s5_chunk_0|wf07_d3_chunk_0|wf20_s1_chunk_0|ng_373|ng_731,wf01_s1_chunk_0
123,108,What is the primary keys policy for Database Schema?,LangChain MMR,0,20.7021,wf02_d1_chunk_0|ng_678|wf15_d2_chunk_0|ng_1329|wf03_s3_chunk_0,wf02_s1_chunk_0
123,109,How is primary keys implemented using Alembic+PostgreSQL?,LangChain MMR,1,22.6962,wf02_s1_chunk_0|ng_1023|ng_795|ng_1590|ng_946,wf02_s1_chunk_0
123,110,Find the backend standard for row identifier scheme.,LangChain MMR,1,21.8531,wf02_s4_chunk_0|ng_1535|ng_1961|ng_2308|ng_2059,wf02_s1_chunk_0|wf02_s4_chunk_0
123,111,Summarise the technical decision on row identifier scheme during Database Schema,LangChain MMR,1,24.1386,wf02_s4_chunk_0|ng_2275|ng_798|wf19_d2_chunk_0|wf15_d1_chunk_0,wf02_s4_chunk_0
123,112,What is the final primary keys rule deployed to production after the sprint over,LangChain MMR,1,25.1068,wf02_s5_chunk_0|ng_1101|wf18_s3_chunk_0|wf12_s3_chunk_0|ng_637,wf02_s5_chunk_0
123,113,"Was the temporary auto-incrementing integer PKs change kept, or did we revert to",LangChain MMR,1,26.6655,wf02_s3_chunk_0|ng_1221|ng_56|ng_1422|ng_347,wf02_s3_chunk_0|wf02_s5_chunk_0
123,114,Which document defines UUID primary keys as the approved primary keys setting?,LangChain MMR,1,20.6601,wf02_s1_chunk_0|ng_314|wf11_d3_chunk_0|ng_364|ng_1420,wf02_s1_chunk_0
123,115,Confirm the architecture decision that adopted UUID primary keys for Database Sc,LangChain MMR,0,21.6179,wf02_s5_chunk_0|ng_913|wf12_s1_chunk_0|ng_2341|wf15_s2_chunk_0,wf02_s1_chunk_0
123,116,What is the domain boundary policy for Microservice Context?,LangChain MMR,0,20.35,wf03_d1_chunk_0|wf16_d2_chunk_0|ng_424|ng_912|ng_1624,wf03_s1_chunk_0
123,117,How is domain boundary implemented using gRPC+Protobuf?,LangChain MMR,1,20.1194,wf03_s1_chunk_0|ng_1442|ng_172|ng_1275|ng_2190,wf03_s1_chunk_0
123,118,Find the architecture standard for inter-service coupling.,LangChain MMR,0,19.2102,wf03_d3_chunk_0|ng_1395|ng_781|wf12_s1_chunk_0|ng_669,wf03_s1_chunk_0|wf03_s4_chunk_0
123,119,Summarise the technical decision on inter-service coupling during Microservice C,LangChain MMR,0,35.5087,wf03_d3_chunk_0|ng_1168|ng_1837|ng_669|ng_2172,wf03_s4_chunk_0
123,120,What is the final domain boundary rule deployed to production after the sprint o,LangChain MMR,1,24.2552,wf03_s5_chunk_0|wf16_s3_chunk_0|wf09_s3_chunk_0|wf15_d1_chunk_0|wf17_s3_chunk_0,wf03_s5_chunk_0
123,121,"Was the temporary shared database schema change kept, or did we revert to the or",LangChain MMR,1,25.4108,wf03_s3_chunk_0|ng_1213|wf19_s1_chunk_0|wf15_d2_chunk_0|wf07_s5_chunk_0,wf03_s3_chunk_0|wf03_s5_chunk_0
123,122,Which document defines strict domain boundary as the approved domain boundary se,LangChain MMR,0,22.0457,wf03_s5_chunk_0|ng_1073|ng_24|wf16_d2_chunk_0|wf11_d1_chunk_0,wf03_s1_chunk_0
123,123,Confirm the architecture decision that adopted strict domain boundary for Micros,LangChain MMR,0,23.3583,wf03_s5_chunk_0|wf08_s1_chunk_0|ng_882|ng_2296|wf15_d1_chunk_0,wf03_s1_chunk_0
123,124,What is the PR approvals policy for CI/CD Pipeline?,LangChain MMR,0,21.9641,wf04_d2_chunk_0|ng_101|ng_52|wf16_s5_chunk_0|ng_1969,wf04_s1_chunk_0
123,125,How is PR approvals implemented using GitHub Actions?,LangChain MMR,1,22.1671,wf04_s1_chunk_0|ng_532|ng_97|ng_1339|ng_628,wf04_s1_chunk_0
123,126,Find the devops standard for merge gate policy.,LangChain MMR,1,21.2186,wf04_s4_chunk_0|wf16_d2_chunk_0|ng_2341|wf03_s5_chunk_0|ng_2336,wf04_s1_chunk_0|wf04_s4_chunk_0
123,127,Summarise the technical decision on merge gate policy during CI/CD Pipeline desi,LangChain MMR,0,29.6175,wf04_d3_chunk_0|ng_1846|ng_722|ng_122|ng_1659,wf04_s4_chunk_0
123,128,What is the final PR approvals rule deployed to production after the sprint over,LangChain MMR,1,23.0761,wf04_s5_chunk_0|wf05_s3_chunk_0|wf16_d2_chunk_0|wf08_s5_chunk_0|wf06_s5_chunk_0,wf04_s5_chunk_0
123,129,"Was the temporary admin bypass override change kept, or did we revert to the ori",LangChain MMR,1,25.1005,wf04_s3_chunk_0|ng_1213|wf01_s2_chunk_0|ng_1193|wf15_s4_chunk_0,wf04_s3_chunk_0|wf04_s5_chunk_0
123,130,Which document defines require 2 PR approvals as the approved PR approvals setti,LangChain MMR,0,21.9353,wf04_d2_chunk_0|ng_1034|wf02_d1_chunk_0|ng_1595|wf11_d3_chunk_0,wf04_s1_chunk_0
123,131,Confirm the architecture decision that adopted require 2 PR approvals for CI/CD ,LangChain MMR,1,23.2827,wf04_s1_chunk_0|wf17_s5_chunk_0|ng_871|wf09_s2_chunk_0|wf19_d3_chunk_0,wf04_s1_chunk_0
123,132,What is the trace sampling policy for Observability Stack?,LangChain MMR,0,21.5832,wf05_d2_chunk_0|wf16_d1_chunk_0|ng_1861|wf17_s5_chunk_0|wf12_s1_chunk_0,wf05_s1_chunk_0
123,133,How is trace sampling implemented using OpenTelemetry?,LangChain MMR,1,20.9621,wf05_s1_chunk_0|ng_261|ng_2332|ng_1879|ng_1941,wf05_s1_chunk_0
123,134,Find the devops standard for telemetry capture rate.,LangChain MMR,1,21.2494,wf05_s4_chunk_0|ng_300|ng_757|wf06_s1_chunk_0|ng_469,wf05_s1_chunk_0|wf05_s4_chunk_0
123,135,Summarise the technical decision on telemetry capture rate during Observability ,LangChain MMR,0,24.5603,wf05_s1_chunk_0|ng_191|ng_1984|ng_1020|ng_2040,wf05_s4_chunk_0
123,136,What is the final trace sampling rule deployed to production after the sprint ov,LangChain MMR,0,21.8593,wf05_s3_chunk_0|wf04_s5_chunk_0|wf09_d2_chunk_0|ng_1861|wf06_d1_chunk_0,wf05_s5_chunk_0
123,137,"Was the temporary 100% full trace sampling change kept, or did we revert to the ",LangChain MMR,0,25.5522,wf05_d2_chunk_0|ng_1070|ng_1599|ng_728|ng_1861,wf05_s3_chunk_0|wf05_s5_chunk_0
123,138,Which document defines 10% trace sampling as the approved trace sampling setting,LangChain MMR,0,21.0623,wf05_d2_chunk_0|wf04_d1_chunk_0|ng_111|ng_1480|ng_1060,wf05_s1_chunk_0
123,139,Confirm the architecture decision that adopted 10% trace sampling for Observabil,LangChain MMR,1,22.2487,wf05_s1_chunk_0|wf17_s5_chunk_0|ng_1848|ng_257|wf20_s2_chunk_0,wf05_s1_chunk_0
123,140,What is the rate limit policy for API Gateway Rate Limiting?,LangChain MMR,0,20.8414,wf06_d2_chunk_0|wf16_d1_chunk_0|ng_2087|wf01_s5_chunk_0|ng_1420,wf06_s1_chunk_0
123,141,How is rate limit implemented using nginx+Lua?,LangChain MMR,1,20.4854,wf06_s1_chunk_0|ng_1056|ng_570|ng_2087|wf16_d1_chunk_0,wf06_s1_chunk_0
123,142,Find the backend standard for inbound request throttle.,LangChain MMR,1,20.4231,wf06_s4_chunk_0|wf17_s5_chunk_0|ng_235|ng_321|ng_143,wf06_s1_chunk_0|wf06_s4_chunk_0
123,143,Summarise the technical decision on inbound request throttle during API Gateway ,LangChain MMR,1,23.9106,wf06_s4_chunk_0|ng_781|ng_321|ng_1290|wf05_s5_chunk_0,wf06_s4_chunk_0
123,144,What is the final rate limit rule deployed to production after the sprint overri,LangChain MMR,0,22.4111,wf06_s3_chunk_0|wf09_s5_chunk_0|ng_534|wf16_d1_chunk_0|wf12_s3_chunk_0,wf06_s5_chunk_0
123,145,"Was the temporary unlimited bursting change kept, or did we revert to the origin",LangChain MMR,1,23.9475,wf06_s3_chunk_0|ng_1806|ng_321|wf17_s5_chunk_0|wf18_d1_chunk_0,wf06_s3_chunk_0|wf06_s5_chunk_0
123,146,Which document defines 100 RPM rate limit as the approved rate limit setting?,LangChain MMR,0,21.177,wf06_d2_chunk_0|wf04_d1_chunk_0|ng_1081|ng_324|ng_22,wf06_s1_chunk_0
123,147,Confirm the architecture decision that adopted 100 RPM rate limit for API Gatewa,LangChain MMR,0,22.1614,wf06_d3_chunk_0|wf17_d2_chunk_0|ng_1483|wf11_s3_chunk_0|wf05_s1_chunk_0,wf06_s1_chunk_0
123,148,What is the cache TTL policy for Distributed Caching?,LangChain MMR,0,21.695,wf07_d2_chunk_0|ng_155|wf17_s1_chunk_0|ng_1138|wf18_s4_chunk_0,wf07_s1_chunk_0
123,149,How is cache TTL implemented using redis-py?,LangChain MMR,1,21.4436,wf07_s1_chunk_0|ng_1937|ng_112|ng_2250|wf12_s3_chunk_0,wf07_s1_chunk_0
123,0,for ASCII terminals Organization: SmartStar Corporation / Signal Technology Line,LlamaIndex,1,22.3068,ng_1729|ng_2027,ng_1729
123,1,"Re: NumLock masking? interference with Meta/Compose/ExtendChar, ... Nntp-Posting",LlamaIndex,1,33.1316,ng_460|ng_2114|ng_1422|ng_2239,ng_460
123,2,"font problem.... Organization: Department of Mathematics, Queen's University at ",LlamaIndex,0,22.7393,,ng_241
123,3,Peltier Effect Heat Pumps Reply-To: paj@uk.co.gec-mrc (Paul Johnson) Organizatio,LlamaIndex,1,28.1796,ng_1866|ng_1013,ng_1866
123,4,"WANTED: X & security posting Organization: TRW Systems Division, Fairfax",LlamaIndex,1,20.5433,ng_1648|ng_1143|ng_1795,ng_1648
123,5,rom Organization: Defence Science and Technology Organisation Lines: 45 NNTP-Pos,LlamaIndex,0,22.9319,ng_676|ng_744,ng_481
123,6,Re: A question about 120VAC outlet wiring.. Organization: HP Lake,LlamaIndex,1,20.7407,ng_1750|ng_536|ng_263|ng_749|ng_401,ng_401
123,7,code is no good any more. From: a_rubin@dsg4.dse.beckman.com (Arthur Rubin),LlamaIndex,0,25.7955,,ng_1922
123,8,-- Personal Account) Subject: Disappearing hard drive in LC? Organization:,LlamaIndex,1,20.7095,ng_2316,ng_2316
123,9,RFC's (Was: Cryptography Patents) From: a_rubin@dsg4.dse.beckman.com (Arthur Rub,LlamaIndex,0,28.6101,ng_1073|ng_1296|ng_1998|ng_1433|ng_2200,ng_736
123,10,Memory in Plus&SE Organization: Temple University Lines: 8 Nntp-Posting-Host: vm,LlamaIndex,1,26.1398,ng_131|ng_676|ng_255|ng_1969|ng_1143,ng_131
123,11,"Re: Xsun not running on SPARCclassic Organization: Rutgers Univ., New",LlamaIndex,1,21.8485,ng_2016|ng_2109|ng_1765|ng_857|ng_2156,ng_2109
123,12,up cable tv with an aerial. Lines: 37 Nntp-Posting-Host: wcsub.ctstateu.edu,LlamaIndex,1,25.9279,ng_1942|ng_2009|ng_2078|ng_2159|ng_1301,ng_2009
123,13,Re: HeathKit/Zenith Nntp-Posting-Host: huey.udel.edu Organization: University of,LlamaIndex,1,26.3516,ng_651|ng_1969|ng_1143|ng_676|ng_235,ng_651
123,14,Fluke For Sale (was DMM Advice Needed) Keywords: Fluke 8062A,LlamaIndex,1,22.3956,ng_558|ng_338|ng_1244,ng_558
123,15,Re: Keeping Your Mouth Shut (was: Hard drive security) Nntp-Posting-Host:,LlamaIndex,0,28.2492,ng_676|ng_775|ng_1911|ng_1143,ng_806
123,16,Changing colors on a label - HELP Organization: Ford Motor,LlamaIndex,1,19.7928,ng_2240,ng_2240
123,17,** Xpm 3.2g is available ** Keywords: XPM Organization: Koala,LlamaIndex,1,32.6146,ng_655,ng_655
123,18,Re: The [secret] source of that announcement Lines: 19 Even,LlamaIndex,0,25.1355,ng_1565,ng_2083
123,19,RE-Re: Quadra SCSI Problems??? X-Mailer: TeleFinder (version 3.0) Organization: ,LlamaIndex,1,27.0719,ng_2090|ng_435|ng_923|ng_1546|ng_1537,ng_2090
123,20,Re: Thanks Apple: Free Ethernet on my C610! Organization: Case,LlamaIndex,1,20.933,ng_1596|ng_1483|ng_2302,ng_1483
123,21,"Cursors Organization: The Internet Lines: 19 To: motif@alfalfa.com, xpert@expo.l",LlamaIndex,1,27.7432,ng_1364,ng_1364
123,22,"Re: Would ""clipper"" make a good cover for other encryption",LlamaIndex,0,20.3207,ng_900|ng_1808|ng_19|ng_329|ng_102,ng_59
123,23,Re: text of White House announcement and Q&As on clipper,LlamaIndex,0,20.0064,ng_1331|ng_277|ng_1449|ng_1347|ng_820,ng_110
123,24,"Re: What is going on?... Organization: Simon Fraser University, Burnaby,",LlamaIndex,0,21.9193,,ng_1361
123,25,Re: Where do U look?? Reply-To: dtmedin@catbyte.b30.ingr.com Organization: Inter,LlamaIndex,0,27.8152,,ng_2280
123,26,"Subject: Re: Don't fight Clipper Chip, subvert or replace it",LlamaIndex,0,21.7969,ng_1288|ng_1674|ng_1378|ng_1091|ng_410,ng_1003
123,27,Re: disk safety measure? Organization: Massachusetts Institute of Technology Lin,LlamaIndex,0,19.8544,ng_848|ng_1219,ng_364
123,28,Subject: Installation problem with X11R5 Organization: Rice University Lines: 32,LlamaIndex,1,21.1648,ng_1856|ng_25|ng_216|ng_1102|ng_1368,ng_1856
123,29,Re: MacX 1.2 color problem Reply-To: dshaker@qualix.com Organization: QUALiX Gro,LlamaIndex,1,26.169,ng_830|ng_20|ng_745|ng_222|ng_1486,ng_830
123,30,"Re: DSP or other cards for FFT's, anyone? Nntp-Posting-Host: elvex33.acns.nwu.ed",LlamaIndex,1,29.7955,ng_937|ng_1828,ng_937
123,31,Re: How do I find my AppContext? Reply-To: lanzo@tekelec.com (Mark,LlamaIndex,1,24.3233,ng_1699|ng_972,ng_1699
123,32,"Re: Once tapped, your code is no good any more.",LlamaIndex,0,18.8978,,ng_323
123,33,Re: Tektronix Organization: ITC/UVA Community Access UNIX/Internet Project Lines,LlamaIndex,1,22.3002,ng_1737|ng_2335|ng_155|ng_1829|ng_1236,ng_155
123,34,Re: XAllocColor fails to return nearest match Reply-To: klee@synoptics.com Organ,LlamaIndex,1,23.8104,ng_1486|ng_105|ng_830|ng_20|ng_745,ng_1486
123,35,Re: Do we need the clipper for cheap security? Organization:,LlamaIndex,0,19.8057,ng_1355|ng_209|ng_1808|ng_40|ng_1784,ng_895
123,36,"& IBM Info-Version 1.7.7 Organization: New Mexico State University, Las",LlamaIndex,1,22.3172,ng_2278|ng_1491|ng_976|ng_651|ng_744,ng_2278
123,37,Subject: Re: Clipper chip -- technical details Organization: IR Lines:,LlamaIndex,0,20.6429,ng_1674|ng_383|ng_2067|ng_410|ng_849,ng_442
123,38,Powerbook 170 freezes after 18 seconds; Help! Nntp-Posting-Host: ntrc25.ntrc.ntu,LlamaIndex,1,31.6087,ng_1306|ng_2054|ng_644,ng_1306
123,39,Help: SunView on olwm/xview3/X11R5 Article-I.D.: haji.9304051753.AA05339 Organiz,LlamaIndex,1,32.5195,ng_1018|ng_2148|ng_2058|ng_255,ng_1018
123,40,"Re: arcade style buttons and joysticks Organization: University of Stellenbosch,",LlamaIndex,1,23.7783,ng_2230|ng_1926|ng_1639|ng_535|ng_1470,ng_2230
123,41,Re: Converting contents of X-window to color postscript Organization: Dept.,LlamaIndex,1,21.5299,ng_51|ng_585|ng_1191|ng_192|ng_2251,ng_585
123,42,Subject: Need diode model for PSpice Organization: University at Buffalo,LlamaIndex,1,20.7198,ng_541,ng_541
123,43,Subject: Re: Honors Degrees: Do they mean anything? Organization: Purdue,LlamaIndex,1,22.1789,ng_1735,ng_1735
123,44,"Re: Identifying / Securing Files Organization: Private Computer, Totowa, NJ",LlamaIndex,1,22.4165,ng_646|ng_1899|ng_280,ng_646
123,45,"Exploding TV! Organization: Virginia Tech, Blacksburg, VA Lines: 19 Distribution",LlamaIndex,1,22.3084,ng_278|ng_2159|ng_1942|ng_1481|ng_846,ng_278
123,46,Subject: Re: text of White House announcement and Q&As on,LlamaIndex,0,19.8091,ng_1724|ng_1449|ng_1124,ng_1250
123,47,Re: Hard drive security for FBI targets Keywords: cooperation Reply-To:,LlamaIndex,1,21.1497,ng_471|ng_1691|ng_1313|ng_598|ng_1263,ng_1263
123,48,Home brew Acceler question?? Nntp-Posting-Host: vaxb.isc.rit.edu Reply-To: arp01,LlamaIndex,0,36.014,,ng_1550
123,49,Re: x86 ~= 680x0 ?? (How do they compare?) Nntp-Posting-Host:,LlamaIndex,0,24.8633,ng_2299|ng_1081|ng_173|ng_685|ng_1645,ng_2085
123,50,From: yuan1@scws7.harvard.edu (Nina Yuan) Distribution: inet Nntp-Posting-Host: ,LlamaIndex,0,30.7817,ng_235|ng_1969|ng_1489|ng_690|ng_651,ng_695
123,51,Info on DSP project Nf-ID: #R:ee.ualberta.ca:735344986:trsvax:288200082:000:164 ,LlamaIndex,1,38.4308,ng_929|ng_690|ng_1904,ng_929
123,52,"Re: compiling on sun4_411 Organization: Department of Scientific Computing, Upps",LlamaIndex,0,20.3353,ng_1368|ng_437|ng_1868|ng_484|ng_1102,ng_2224
123,53,EEG Kit? Nntp-Posting-Host: sauron.msfc.nasa.gov Organization: NASA/MSFC X-Newsr,LlamaIndex,1,31.134,ng_1130|ng_84,ng_1130
123,54,DETECTORS? Article-I.D.: almaden.19930406.131941.134 Lines: 3 They detect the os,LlamaIndex,1,27.9171,ng_1676,ng_1676
123,55,Re: Dumb Question: Function Generator Organization: Northeastern Ohio Universiti,LlamaIndex,0,22.5767,,ng_1940
123,56,Subject: RE: Exploding TV Nntp-Posting-Host: engr.engr.uark.edu Organization: Un,LlamaIndex,0,29.53,ng_846|ng_1942|ng_278|ng_1481,ng_450
123,57,Re: LCIII problems (sideways HD's) Organization: Case School of Engineering,LlamaIndex,1,21.6644,ng_1328|ng_1757,ng_1328
123,58,Re: Interesting ADB behaviour on C650 Organization: Case School of,LlamaIndex,0,20.0403,ng_2145|ng_991|ng_1527,ng_992
123,59,DeskWriter Drivers 3.1 -- How to install ? Organization: Eindhoven,LlamaIndex,1,28.5075,ng_1316,ng_1316
123,60,Re: Hard drive security for FBI targets Reply-To: pdc@dcs.ed.ac.uk (Paul,LlamaIndex,0,31.7349,ng_687|ng_471|ng_598|ng_1524|ng_1313,ng_2210
123,61,Subject: Re: Long distance IR detection Organization: Purdue University Engineer,LlamaIndex,1,19.9688,ng_1125|ng_1271|ng_924|ng_2063|ng_2265,ng_1125
123,62,question about 120VAC outlet wiring. Distribution: world Organization: Kernel Mo,LlamaIndex,0,20.2213,ng_1750|ng_749|ng_263|ng_659|ng_536,ng_1959
123,63,"Xterm Cursor X-Received: by usenet.pa.dec.com; id AA19241; Sun, 18 Apr",LlamaIndex,1,26.7796,ng_1351|ng_890|ng_2244|ng_320|ng_843,ng_1351
123,64,Re: Building a UV flashlight Nntp-Posting-Host: aisun3.ai.uga.edu Organization: ,LlamaIndex,1,26.4195,ng_997|ng_420|ng_754|ng_1969|ng_698,ng_997
123,65,Re: How 2 Get Fontname from Fonstruct ??? Organization: University,LlamaIndex,1,21.2437,ng_721|ng_586,ng_586
123,66,)) Subject: Re: Need to find out number to a,LlamaIndex,0,19.3576,,ng_2094
123,67,Re: NUTEK FACES APPLE'S WRATH (article!!!!!!) READ Article-I.D.: rpi.j3g5bwq Org,LlamaIndex,0,28.5191,,ng_1275
123,68,"Re: Once tapped, your code is no good any more.",LlamaIndex,0,19.2631,,ng_1297
123,69,Subject: Re: Centris Cache & Bernoulli Box Article-I.D.: snll-arp.519 Distributi,LlamaIndex,1,26.4007,ng_2250,ng_2250
123,70,"Installing MIT X11R5 on Apollo Organization: CATT Centre at CITRI,",LlamaIndex,1,21.2616,ng_10|ng_1856|ng_1805|ng_648|ng_378,ng_10
123,71,Lines (inverse/xor) Organization: The Portal System (TM) <1993Apr21.111919.5281@,LlamaIndex,1,37.5791,ng_2056|ng_2020,ng_2056
123,72,"Re: Once tapped, your code is no good any more.",LlamaIndex,0,19.6167,,ng_653
123,73,"Subject: ""Clipper Chip"" facts: a request Organization: is a nice",LlamaIndex,1,20.3999,ng_1674|ng_1378|ng_1288|ng_383|ng_538,ng_1674
123,74,Subject: Re: Animation Organization: The Internet Lines: 81 To: xpert@expo.lcs.m,LlamaIndex,1,24.5012,ng_2111|ng_1379,ng_2111
123,75,ext. 8056) Subject: Sources for Intel D87C51FB? Nntp-Posting-Host: levy.fnal.gov,LlamaIndex,0,27.8107,ng_1514|ng_696|ng_941|ng_1896|ng_1519,ng_764
123,76,Re: An Open Letter to Mr. Clinton Organization: Beckman Software,LlamaIndex,0,19.6422,ng_1331|ng_361,ng_67
123,77,"Re: RAMs &ROMs with ALE latches (for 8051's) X-Xxdate: Wed,",LlamaIndex,1,23.3175,ng_712|ng_489|ng_1406,ng_712
123,78,"Re: >>>>> MOUSE BUTTONS 1,2 & 3 <<<<<<<< urgent !",LlamaIndex,1,25.7208,ng_244,ng_244
123,79,"Hard Drive Component Costs Organization: E-Systems, Melpar Division Lines: 17",LlamaIndex,1,20.4468,ng_2274|ng_743,ng_2274
123,80,"Re: Mysterious MOSFET Organization: Engineering Services, Clemson University Lin",LlamaIndex,1,20.591,ng_2057|ng_2103|ng_1586|ng_889,ng_2103
123,81,Re: IBM-PC XT switch settings Organization: Netcom Online Communications Service,LlamaIndex,1,20.7866,ng_623|ng_1683|ng_619|ng_490,ng_623
123,82,Re: PDS vs. Nubus (was Re: LC III NuBus Capable?),LlamaIndex,1,21.9654,ng_1776|ng_569|ng_679|ng_129|ng_1025,ng_1776
123,83,Re: LCIII problems Organization: wyvern.com Lines: 25 Ravi Konchigeri <mongoose@,LlamaIndex,0,28.1446,,ng_1757
123,84,Can I remove the 68000 under my daughterboard upgrade? Organization:,LlamaIndex,1,20.7954,ng_2137|ng_2338,ng_2137
123,85,Subject: Re: Exploding TV! Organization: The Portal System (TM) Distribution:,LlamaIndex,1,22.0471,ng_1186|ng_846,ng_1186
123,86,Re: Need to find out number to a phone line,LlamaIndex,1,20.3538,ng_154|ng_2065|ng_1591|ng_577|ng_181,ng_577
123,87,Subject: Re: CD-ROM multisession Nntp-Posting-Host: emerald Organization: Philip,LlamaIndex,1,25.748,ng_1566|ng_676|ng_899|ng_1460,ng_1566
123,88,xrolo/SPACRC/SunOS4.1.1/audio Organization: The Internet Lines: 21 NNTP-Posting-,LlamaIndex,1,42.5113,ng_2163|ng_235|ng_255|ng_1577|ng_1372,ng_2163
123,89,Subject: How often are SIMMs bad (mail order)? Nntp-Posting-Host: aix02.ecs.rpi.,LlamaIndex,1,28.6186,ng_553|ng_1278|ng_255,ng_1278
123,90,Re: Los Angeles Freeway traffic reports Organization: RAND Lines: 29,LlamaIndex,1,20.0859,ng_1005|ng_2179|ng_551,ng_1005
123,91,Re: Patents (was RC2 RC4) Nntp-Posting-Host: wardibm2.med.yale.edu Organization:,LlamaIndex,0,28.1121,ng_2048|ng_676,ng_1693
123,92,Re: Position of 'b' on Erg. Keyboard Organization: Virginia Tech,LlamaIndex,1,20.5885,ng_2180|ng_1198|ng_174,ng_1198
123,93,"Subject: Re: Radar detector DETECTORS? Organization: Iowa State University, Ames",LlamaIndex,1,21.114,ng_2153|ng_292|ng_2273|ng_1688|ng_1945,ng_292
123,94,"Re: Clipper chip -- technical details Organization: Computer Science Dept,",LlamaIndex,0,20.6917,ng_1674|ng_410|ng_383|ng_2067|ng_953,ng_1397
123,95,Looking for updated XView textedit source (w/d-n-d support) Article-I.D.: armory,LlamaIndex,1,28.6495,ng_1238|ng_818,ng_1238
123,96,4th Dimension BBS Subject: Re: A StyleWriter II question Lines:,LlamaIndex,0,21.4164,,ng_1256
123,97,80-bit keyseach machine Nntp-Posting-Host: mizzou1.missouri.edu Organization: Un,LlamaIndex,1,31.5769,ng_235|ng_1791|ng_1420|ng_2091|ng_16,ng_1791
123,98,VIdeotext/teletext descrambler Article-I.D.: hal.1psvcg$1auv Distribution: world,LlamaIndex,1,29.5299,ng_1828,ng_1828
123,99,"tvtwm & xsetroot, X11R5 and Sparc 10 keyboard Organization: Sheffield",LlamaIndex,1,23.0529,ng_1430|ng_2156|ng_1576|ng_1826|ng_106,ng_1430
123,100,What is the JWT expiry policy for JWT Authentication?,LlamaIndex,1,19.8387,wf01_s5_chunk_0|wf01_s1_chunk_0|wf01_d1_chunk_0|wf01_d2_chunk_0|wf01_d3_chunk_0,wf01_s1_chunk_0
123,101,How is JWT expiry implemented using PyJWT+Redis?,LlamaIndex,1,20.8592,wf01_s1_chunk_0|wf01_s3_chunk_0|wf01_s4_chunk_0|wf01_d2_chunk_0|wf01_s5_chunk_0,wf01_s1_chunk_0
123,102,Find the backend standard for session token lifetime.,LlamaIndex,1,27.5162,wf01_d3_chunk_0|wf01_d2_chunk_0|wf01_s1_chunk_0|wf01_s5_chunk_0,wf01_s1_chunk_0|wf01_s4_chunk_0
123,103,Summarise the technical decision on session token lifetime during JWT Authentica,LlamaIndex,0,25.9655,wf01_d3_chunk_0|wf01_d2_chunk_0|wf01_s5_chunk_0|wf01_d1_chunk_0|wf01_s1_chunk_0,wf01_s4_chunk_0
123,104,What is the final JWT expiry rule deployed to production after the sprint overri,LlamaIndex,1,21.9277,wf01_s5_chunk_0|wf01_s3_chunk_0|wf01_s1_chunk_0|wf01_d1_chunk_0|wf01_d2_chunk_0,wf01_s5_chunk_0
123,105,"Was the temporary 60-minute expiry change kept, or did we revert to the original",LlamaIndex,1,24.4859,wf01_d2_chunk_0|wf01_d3_chunk_0|wf01_d1_chunk_0|wf01_s5_chunk_0|wf01_s3_chunk_0,wf01_s3_chunk_0|wf01_s5_chunk_0
123,106,Which document defines 15-minute expiry as the approved JWT expiry setting?,LlamaIndex,1,21.9765,wf01_d1_chunk_0|wf01_s5_chunk_0|wf01_d2_chunk_0|wf01_s1_chunk_0|wf01_s3_chunk_0,wf01_s1_chunk_0
123,107,Confirm the architecture decision that adopted 15-minute expiry for JWT Authenti,LlamaIndex,1,21.6869,wf01_s5_chunk_0|wf01_d1_chunk_0|wf01_s1_chunk_0|wf01_d2_chunk_0|wf01_d3_chunk_0,wf01_s1_chunk_0
123,108,What is the primary keys policy for Database Schema?,LlamaIndex,1,19.2016,wf02_d1_chunk_0|wf02_d2_chunk_0|wf02_s5_chunk_0|wf02_s1_chunk_0|wf02_d3_chunk_0,wf02_s1_chunk_0
123,109,How is primary keys implemented using Alembic+PostgreSQL?,LlamaIndex,1,20.9309,wf02_s1_chunk_0|wf02_d2_chunk_0|wf02_d1_chunk_0|wf02_s3_chunk_0|wf02_s4_chunk_0,wf02_s1_chunk_0
123,110,Find the backend standard for row identifier scheme.,LlamaIndex,1,19.6665,wf02_s4_chunk_0,wf02_s1_chunk_0|wf02_s4_chunk_0
123,111,Summarise the technical decision on row identifier scheme during Database Schema,LlamaIndex,1,21.9655,wf02_s4_chunk_0|wf02_d3_chunk_0|wf02_d1_chunk_0|wf02_s1_chunk_0,wf02_s4_chunk_0
123,112,What is the final primary keys rule deployed to production after the sprint over,LlamaIndex,1,20.3305,wf02_s5_chunk_0|wf02_d1_chunk_0|wf02_d2_chunk_0,wf02_s5_chunk_0
123,113,"Was the temporary auto-incrementing integer PKs change kept, or did we revert to",LlamaIndex,1,25.1638,wf02_s3_chunk_0,wf02_s3_chunk_0|wf02_s5_chunk_0
123,114,Which document defines UUID primary keys as the approved primary keys setting?,LlamaIndex,1,19.7039,wf02_s1_chunk_0|wf02_s5_chunk_0|wf02_d2_chunk_0|wf02_d1_chunk_0|wf02_d3_chunk_0,wf02_s1_chunk_0
123,115,Confirm the architecture decision that adopted UUID primary keys for Database Sc,LlamaIndex,1,19.7652,wf02_s5_chunk_0|wf02_s1_chunk_0|wf02_d3_chunk_0|wf02_d2_chunk_0|wf02_d1_chunk_0,wf02_s1_chunk_0
123,116,What is the domain boundary policy for Microservice Context?,LlamaIndex,1,19.6304,wf03_d1_chunk_0|wf03_s5_chunk_0|wf03_s1_chunk_0|wf03_d2_chunk_0|wf03_d3_chunk_0,wf03_s1_chunk_0
123,117,How is domain boundary implemented using gRPC+Protobuf?,LlamaIndex,1,19.7078,wf03_s1_chunk_0|wf14_s1_chunk_0|wf14_d2_chunk_0|wf14_d3_chunk_0|wf14_d1_chunk_0,wf03_s1_chunk_0
123,118,Find the architecture standard for inter-service coupling.,LlamaIndex,1,18.5697,wf03_d3_chunk_0|wf03_s1_chunk_0|wf03_s4_chunk_0|wf03_d2_chunk_0,wf03_s1_chunk_0|wf03_s4_chunk_0
123,119,Summarise the technical decision on inter-service coupling during Microservice C,LlamaIndex,1,22.3738,wf03_d3_chunk_0|wf03_d2_chunk_0|wf03_d1_chunk_0|wf03_s1_chunk_0|wf03_s4_chunk_0,wf03_s4_chunk_0
123,120,What is the final domain boundary rule deployed to production after the sprint o,LlamaIndex,1,20.6868,wf03_s5_chunk_0,wf03_s5_chunk_0
123,121,"Was the temporary shared database schema change kept, or did we revert to the or",LlamaIndex,1,23.3295,wf03_s3_chunk_0|wf15_s4_chunk_0|wf03_d3_chunk_0,wf03_s3_chunk_0|wf03_s5_chunk_0
123,122,Which document defines strict domain boundary as the approved domain boundary se,LlamaIndex,0,22.1268,wf03_s5_chunk_0,wf03_s1_chunk_0
123,123,Confirm the architecture decision that adopted strict domain boundary for Micros,LlamaIndex,1,21.1921,wf03_s5_chunk_0|wf03_d1_chunk_0|wf03_s1_chunk_0|wf03_d3_chunk_0|wf03_d2_chunk_0,wf03_s1_chunk_0
123,124,What is the PR approvals policy for CI/CD Pipeline?,LlamaIndex,1,20.108,wf04_d2_chunk_0|wf04_s5_chunk_0|wf04_d1_chunk_0|wf04_s1_chunk_0|wf04_d3_chunk_0,wf04_s1_chunk_0
123,125,How is PR approvals implemented using GitHub Actions?,LlamaIndex,1,19.8515,wf04_s1_chunk_0|wf04_d2_chunk_0,wf04_s1_chunk_0
123,126,Find the devops standard for merge gate policy.,LlamaIndex,1,18.4015,wf04_s4_chunk_0|wf04_d3_chunk_0,wf04_s1_chunk_0|wf04_s4_chunk_0
123,127,Summarise the technical decision on merge gate policy during CI/CD Pipeline desi,LlamaIndex,1,22.5337,wf04_d3_chunk_0|wf04_s4_chunk_0|wf04_s1_chunk_0|wf04_s5_chunk_0|wf04_d2_chunk_0,wf04_s4_chunk_0
123,128,What is the final PR approvals rule deployed to production after the sprint over,LlamaIndex,1,21.8236,wf04_s5_chunk_0,wf04_s5_chunk_0
123,129,"Was the temporary admin bypass override change kept, or did we revert to the ori",LlamaIndex,0,23.619,,wf04_s3_chunk_0|wf04_s5_chunk_0
123,130,Which document defines require 2 PR approvals as the approved PR approvals setti,LlamaIndex,1,20.674,wf04_d2_chunk_0|wf04_d1_chunk_0|wf04_s5_chunk_0|wf04_s1_chunk_0,wf04_s1_chunk_0
123,131,Confirm the architecture decision that adopted require 2 PR approvals for CI/CD ,LlamaIndex,1,21.7645,wf04_s1_chunk_0|wf04_d2_chunk_0|wf04_s5_chunk_0|wf04_d1_chunk_0|wf04_d3_chunk_0,wf04_s1_chunk_0
123,132,What is the trace sampling policy for Observability Stack?,LlamaIndex,1,19.8532,wf05_d2_chunk_0|wf05_s5_chunk_0|wf05_d1_chunk_0|wf05_s1_chunk_0|wf05_d3_chunk_0,wf05_s1_chunk_0
123,133,How is trace sampling implemented using OpenTelemetry?,LlamaIndex,1,19.5281,wf05_s1_chunk_0|wf05_d2_chunk_0|wf05_s3_chunk_0|wf05_d3_chunk_0|wf05_d1_chunk_0,wf05_s1_chunk_0
123,134,Find the devops standard for telemetry capture rate.,LlamaIndex,1,20.7742,wf05_s4_chunk_0|ng_2127,wf05_s1_chunk_0|wf05_s4_chunk_0
123,135,Summarise the technical decision on telemetry capture rate during Observability ,LlamaIndex,1,23.5509,wf05_s1_chunk_0|wf05_s4_chunk_0|wf05_d1_chunk_0|wf05_d3_chunk_0|wf05_s3_chunk_0,wf05_s4_chunk_0
123,136,What is the final trace sampling rule deployed to production after the sprint ov,LlamaIndex,1,21.3679,wf05_s3_chunk_0|wf05_s5_chunk_0|wf05_d2_chunk_0|wf05_d1_chunk_0|wf05_d3_chunk_0,wf05_s5_chunk_0
123,137,"Was the temporary 100% full trace sampling change kept, or did we revert to the ",LlamaIndex,1,25.4844,wf05_d2_chunk_0|wf05_s3_chunk_0|wf05_d1_chunk_0|wf05_s1_chunk_0|wf05_s5_chunk_0,wf05_s3_chunk_0|wf05_s5_chunk_0
123,138,Which document defines 10% trace sampling as the approved trace sampling setting,LlamaIndex,1,20.4791,wf05_d2_chunk_0|wf05_d1_chunk_0|wf05_s5_chunk_0|wf05_s1_chunk_0|wf05_d3_chunk_0,wf05_s1_chunk_0
123,139,Confirm the architecture decision that adopted 10% trace sampling for Observabil,LlamaIndex,1,23.0015,wf05_s1_chunk_0|wf05_d2_chunk_0|wf05_s5_chunk_0|wf05_d1_chunk_0|wf05_d3_chunk_0,wf05_s1_chunk_0
123,140,What is the rate limit policy for API Gateway Rate Limiting?,LlamaIndex,0,21.7715,wf06_d2_chunk_0|wf06_s5_chunk_0|wf06_d1_chunk_0|wf06_d3_chunk_0|wf06_s4_chunk_0,wf06_s1_chunk_0
123,141,How is rate limit implemented using nginx+Lua?,LlamaIndex,1,20.7969,wf06_s1_chunk_0|wf06_s3_chunk_0|wf06_s4_chunk_0|wf06_d2_chunk_0,wf06_s1_chunk_0
123,142,Find the backend standard for inbound request throttle.,LlamaIndex,1,23.3475,wf06_s4_chunk_0|wf06_s5_chunk_0|wf06_d3_chunk_0|wf06_s1_chunk_0|wf06_d1_chunk_0,wf06_s1_chunk_0|wf06_s4_chunk_0
123,143,Summarise the technical decision on inbound request throttle during API Gateway ,LlamaIndex,1,24.9872,wf06_s4_chunk_0|wf06_d3_chunk_0|wf06_d1_chunk_0|wf06_s5_chunk_0|wf06_d2_chunk_0,wf06_s4_chunk_0
123,144,What is the final rate limit rule deployed to production after the sprint overri,LlamaIndex,1,20.9842,wf06_s3_chunk_0|wf06_s5_chunk_0,wf06_s5_chunk_0
123,145,"Was the temporary unlimited bursting change kept, or did we revert to the origin",LlamaIndex,1,23.6328,wf06_s3_chunk_0|wf06_s5_chunk_0|wf06_d3_chunk_0|wf06_d1_chunk_0,wf06_s3_chunk_0|wf06_s5_chunk_0
123,146,Which document defines 100 RPM rate limit as the approved rate limit setting?,LlamaIndex,1,20.2201,wf06_d2_chunk_0|wf06_d1_chunk_0|wf06_s1_chunk_0|wf06_d3_chunk_0|wf06_s5_chunk_0,wf06_s1_chunk_0
123,147,Confirm the architecture decision that adopted 100 RPM rate limit for API Gatewa,LlamaIndex,1,21.0048,wf06_d3_chunk_0|wf06_s5_chunk_0|wf06_d2_chunk_0|wf06_d1_chunk_0|wf06_s1_chunk_0,wf06_s1_chunk_0
123,148,What is the cache TTL policy for Distributed Caching?,LlamaIndex,1,19.9571,wf07_d2_chunk_0|wf07_s5_chunk_0|wf07_d1_chunk_0|wf07_d3_chunk_0|wf07_s1_chunk_0,wf07_s1_chunk_0
123,149,How is cache TTL implemented using redis-py?,LlamaIndex,1,20.1377,wf07_s1_chunk_0|wf07_d2_chunk_0|wf07_d3_chunk_0|wf07_s3_chunk_0|wf07_s5_chunk_0,wf07_s1_chunk_0
123,0,for ASCII terminals Organization: SmartStar Corporation / Signal Technology Line,Pinecone (sim),1,231.044,ng_1729|ng_2027|ng_943|ng_952|ng_665,ng_1729
123,1,"Re: NumLock masking? interference with Meta/Compose/ExtendChar, ... Nntp-Posting",Pinecone (sim),1,205.1077,ng_460|ng_2114|ng_1422|ng_2239|ng_1723,ng_460
123,2,"font problem.... Organization: Department of Mathematics, Queen's University at ",Pinecone (sim),1,246.3974,ng_1064|ng_2084|ng_1252|ng_241|ng_77,ng_241
123,3,Peltier Effect Heat Pumps Reply-To: paj@uk.co.gec-mrc (Paul Johnson) Organizatio,Pinecone (sim),1,256.7809,ng_1866|ng_1013|ng_1185|ng_1097|ng_2032,ng_1866
123,4,"WANTED: X & security posting Organization: TRW Systems Division, Fairfax",Pinecone (sim),1,162.2222,ng_1648|ng_1143|ng_1795|ng_976|ng_384,ng_1648
123,5,rom Organization: Defence Science and Technology Organisation Lines: 45 NNTP-Pos,Pinecone (sim),0,182.9348,ng_676|ng_744|ng_1143|ng_1969|ng_1767,ng_481
123,6,Re: A question about 120VAC outlet wiring.. Organization: HP Lake,Pinecone (sim),1,224.4331,ng_1750|ng_536|ng_263|ng_749|ng_401,ng_401
123,7,code is no good any more. From: a_rubin@dsg4.dse.beckman.com (Arthur Rubin),Pinecone (sim),1,217.1715,ng_2279|ng_1212|ng_1922|ng_190|ng_86,ng_1922
123,8,-- Personal Account) Subject: Disappearing hard drive in LC? Organization:,Pinecone (sim),1,222.1402,ng_2316|ng_1821|ng_81|ng_1712|ng_1757,ng_2316
123,9,RFC's (Was: Cryptography Patents) From: a_rubin@dsg4.dse.beckman.com (Arthur Rub,Pinecone (sim),0,203.822,ng_1073|ng_1296|ng_1998|ng_1433|ng_2200,ng_736
123,10,Memory in Plus&SE Organization: Temple University Lines: 8 Nntp-Posting-Host: vm,Pinecone (sim),1,251.8662,ng_131|ng_676|ng_255|ng_1969|ng_1143,ng_131
123,11,"Re: Xsun not running on SPARCclassic Organization: Rutgers Univ., New",Pinecone (sim),1,246.6279,ng_2016|ng_2109|ng_1765|ng_857|ng_2156,ng_2109
123,12,up cable tv with an aerial. Lines: 37 Nntp-Posting-Host: wcsub.ctstateu.edu,Pinecone (sim),1,228.2525,ng_1942|ng_2009|ng_2078|ng_2159|ng_1301,ng_2009
123,13,Re: HeathKit/Zenith Nntp-Posting-Host: huey.udel.edu Organization: University of,Pinecone (sim),1,260.6115,ng_651|ng_1969|ng_1143|ng_676|ng_235,ng_651
123,14,Fluke For Sale (was DMM Advice Needed) Keywords: Fluke 8062A,Pinecone (sim),1,236.2909,ng_558|ng_338|ng_1244|ng_1165|ng_971,ng_558
123,15,Re: Keeping Your Mouth Shut (was: Hard drive security) Nntp-Posting-Host:,Pinecone (sim),0,197.0365,ng_676|ng_775|ng_1911|ng_1143|ng_1812,ng_806
123,16,Changing colors on a label - HELP Organization: Ford Motor,Pinecone (sim),1,230.5113,ng_2240|ng_1191|ng_2129|ng_439|ng_1545,ng_2240
123,17,** Xpm 3.2g is available ** Keywords: XPM Organization: Koala,Pinecone (sim),1,197.1228,ng_655|ng_1379|ng_2027|ng_1476|ng_1012,ng_655
123,18,Re: The [secret] source of that announcement Lines: 19 Even,Pinecone (sim),0,247.9455,ng_1565|ng_1829|ng_1332|ng_1489|ng_2131,ng_2083
123,19,RE-Re: Quadra SCSI Problems??? X-Mailer: TeleFinder (version 3.0) Organization: ,Pinecone (sim),1,227.2233,ng_2090|ng_435|ng_923|ng_1546|ng_1537,ng_2090
123,20,Re: Thanks Apple: Free Ethernet on my C610! Organization: Case,Pinecone (sim),1,216.4407,ng_1596|ng_1483|ng_2302|ng_2069|ng_673,ng_1483
123,21,"Cursors Organization: The Internet Lines: 19 To: motif@alfalfa.com, xpert@expo.l",Pinecone (sim),1,206.9377,ng_1364|ng_2244|ng_843|ng_1839|ng_1261,ng_1364
123,22,"Re: Would ""clipper"" make a good cover for other encryption",Pinecone (sim),0,256.8676,ng_900|ng_1808|ng_19|ng_329|ng_102,ng_59
123,23,Re: text of White House announcement and Q&As on clipper,Pinecone (sim),0,215.5224,ng_1331|ng_277|ng_1449|ng_1347|ng_820,ng_110
123,24,"Re: What is going on?... Organization: Simon Fraser University, Burnaby,",Pinecone (sim),0,211.1423,ng_2205|ng_1267|ng_98|ng_474|ng_147,ng_1361
123,25,Re: Where do U look?? Reply-To: dtmedin@catbyte.b30.ingr.com Organization: Inter,Pinecone (sim),0,224.31,ng_1802|ng_990|ng_1379|ng_1031|ng_104,ng_2280
123,26,"Subject: Re: Don't fight Clipper Chip, subvert or replace it",Pinecone (sim),0,237.5103,ng_1288|ng_1674|ng_1378|ng_1091|ng_410,ng_1003
123,27,Re: disk safety measure? Organization: Massachusetts Institute of Technology Lin,Pinecone (sim),0,230.8463,ng_848|ng_1219|ng_1509|ng_1328|ng_2206,ng_364
123,28,Subject: Installation problem with X11R5 Organization: Rice University Lines: 32,Pinecone (sim),1,233.3669,ng_1856|ng_25|ng_216|ng_1102|ng_1368,ng_1856
123,29,Re: MacX 1.2 color problem Reply-To: dshaker@qualix.com Organization: QUALiX Gro,Pinecone (sim),1,242.4187,ng_830|ng_20|ng_745|ng_222|ng_1486,ng_830
123,30,"Re: DSP or other cards for FFT's, anyone? Nntp-Posting-Host: elvex33.acns.nwu.ed",Pinecone (sim),1,307.7653,ng_937|ng_1828|ng_834|ng_1969|ng_929,ng_937
123,31,Re: How do I find my AppContext? Reply-To: lanzo@tekelec.com (Mark,Pinecone (sim),1,212.9059,ng_1699|ng_972|ng_319|ng_98|ng_1858,ng_1699
123,32,"Re: Once tapped, your code is no good any more.",Pinecone (sim),0,206.4828,ng_691|ng_1507|ng_2254|ng_1137|ng_1700,ng_323
123,33,Re: Tektronix Organization: ITC/UVA Community Access UNIX/Internet Project Lines,Pinecone (sim),1,199.0391,ng_1737|ng_2335|ng_155|ng_1829|ng_1236,ng_155
123,34,Re: XAllocColor fails to return nearest match Reply-To: klee@synoptics.com Organ,Pinecone (sim),1,242.8189,ng_1486|ng_105|ng_830|ng_20|ng_745,ng_1486
123,35,Re: Do we need the clipper for cheap security? Organization:,Pinecone (sim),0,253.886,ng_1355|ng_209|ng_1808|ng_40|ng_1784,ng_895
123,36,"& IBM Info-Version 1.7.7 Organization: New Mexico State University, Las",Pinecone (sim),1,218.9996,ng_2278|ng_1491|ng_976|ng_651|ng_744,ng_2278
123,37,Subject: Re: Clipper chip -- technical details Organization: IR Lines:,Pinecone (sim),0,195.6227,ng_1674|ng_383|ng_2067|ng_410|ng_849,ng_442
123,38,Powerbook 170 freezes after 18 seconds; Help! Nntp-Posting-Host: ntrc25.ntrc.ntu,Pinecone (sim),1,204.2093,ng_1306|ng_2054|ng_644|ng_77|ng_671,ng_1306
123,39,Help: SunView on olwm/xview3/X11R5 Article-I.D.: haji.9304051753.AA05339 Organiz,Pinecone (sim),1,252.976,ng_1018|ng_2148|ng_2058|ng_255|ng_1090,ng_1018
123,40,"Re: arcade style buttons and joysticks Organization: University of Stellenbosch,",Pinecone (sim),1,245.3044,ng_2230|ng_1926|ng_1639|ng_535|ng_1470,ng_2230
123,41,Re: Converting contents of X-window to color postscript Organization: Dept.,Pinecone (sim),1,240.6771,ng_51|ng_585|ng_1191|ng_192|ng_2251,ng_585
123,42,Subject: Need diode model for PSpice Organization: University at Buffalo,Pinecone (sim),1,203.6706,ng_541|ng_400|ng_1767|ng_1904|ng_1644,ng_541
123,43,Subject: Re: Honors Degrees: Do they mean anything? Organization: Purdue,Pinecone (sim),1,228.1958,ng_1735|ng_474|ng_744|ng_1379|ng_2094,ng_1735
123,44,"Re: Identifying / Securing Files Organization: Private Computer, Totowa, NJ",Pinecone (sim),1,225.3205,ng_646|ng_1899|ng_280|ng_1073|ng_38,ng_646
123,45,"Exploding TV! Organization: Virginia Tech, Blacksburg, VA Lines: 19 Distribution",Pinecone (sim),1,229.6568,ng_278|ng_2159|ng_1942|ng_1481|ng_846,ng_278
123,46,Subject: Re: text of White House announcement and Q&As on,Pinecone (sim),0,247.8392,ng_1724|ng_1449|ng_1124|ng_277|ng_949,ng_1250
123,47,Re: Hard drive security for FBI targets Keywords: cooperation Reply-To:,Pinecone (sim),1,228.4582,ng_471|ng_1691|ng_1313|ng_598|ng_1263,ng_1263
123,48,Home brew Acceler question?? Nntp-Posting-Host: vaxb.isc.rit.edu Reply-To: arp01,Pinecone (sim),0,258.9883,ng_384|ng_255|ng_2040|ng_1491|ng_651,ng_1550
123,49,Re: x86 ~= 680x0 ?? (How do they compare?) Nntp-Posting-Host:,Pinecone (sim),0,227.7721,ng_2299|ng_1081|ng_173|ng_685|ng_1645,ng_2085
123,50,From: yuan1@scws7.harvard.edu (Nina Yuan) Distribution: inet Nntp-Posting-Host: ,Pinecone (sim),0,240.0543,ng_235|ng_1969|ng_1489|ng_690|ng_651,ng_695
123,51,Info on DSP project Nf-ID: #R:ee.ualberta.ca:735344986:trsvax:288200082:000:164 ,Pinecone (sim),1,259.1866,ng_929|ng_690|ng_1904|ng_235|ng_1143,ng_929
123,52,"Re: compiling on sun4_411 Organization: Department of Scientific Computing, Upps",Pinecone (sim),0,178.4683,ng_1368|ng_437|ng_1868|ng_484|ng_1102,ng_2224
123,53,EEG Kit? Nntp-Posting-Host: sauron.msfc.nasa.gov Organization: NASA/MSFC X-Newsr,Pinecone (sim),1,222.6362,ng_1130|ng_84|ng_1140|ng_1399|ng_676,ng_1130
123,54,DETECTORS? Article-I.D.: almaden.19930406.131941.134 Lines: 3 They detect the os,Pinecone (sim),1,217.5449,ng_1676|ng_739|ng_1688|ng_2153|ng_453,ng_1676
123,55,Re: Dumb Question: Function Generator Organization: Northeastern Ohio Universiti,Pinecone (sim),0,202.0221,ng_2205|ng_2094|ng_976|ng_1767|ng_1499,ng_1940
123,56,Subject: RE: Exploding TV Nntp-Posting-Host: engr.engr.uark.edu Organization: Un,Pinecone (sim),0,220.6001,ng_846|ng_1942|ng_278|ng_1481|ng_676,ng_450
123,57,Re: LCIII problems (sideways HD's) Organization: Case School of Engineering,Pinecone (sim),1,266.9084,ng_1328|ng_1757|ng_1622|ng_607|ng_232,ng_1328
123,58,Re: Interesting ADB behaviour on C650 Organization: Case School of,Pinecone (sim),1,194.7304,ng_2145|ng_991|ng_1527|ng_992|ng_686,ng_992
123,59,DeskWriter Drivers 3.1 -- How to install ? Organization: Eindhoven,Pinecone (sim),1,250.3079,ng_1316|ng_1365|ng_787|ng_842|ng_1461,ng_1316
123,60,Re: Hard drive security for FBI targets Reply-To: pdc@dcs.ed.ac.uk (Paul,Pinecone (sim),0,173.6636,ng_687|ng_471|ng_598|ng_1524|ng_1313,ng_2210
123,61,Subject: Re: Long distance IR detection Organization: Purdue University Engineer,Pinecone (sim),1,210.0657,ng_1125|ng_1271|ng_924|ng_2063|ng_2265,ng_1125
123,62,question about 120VAC outlet wiring. Distribution: world Organization: Kernel Mo,Pinecone (sim),0,224.9544,ng_1750|ng_749|ng_263|ng_659|ng_536,ng_1959
123,63,"Xterm Cursor X-Received: by usenet.pa.dec.com; id AA19241; Sun, 18 Apr",Pinecone (sim),1,246.892,ng_1351|ng_890|ng_2244|ng_320|ng_843,ng_1351
123,64,Re: Building a UV flashlight Nntp-Posting-Host: aisun3.ai.uga.edu Organization: ,Pinecone (sim),1,252.2687,ng_997|ng_420|ng_754|ng_1969|ng_698,ng_997
123,65,Re: How 2 Get Fontname from Fonstruct ??? Organization: University,Pinecone (sim),1,245.3227,ng_721|ng_586|ng_2094|ng_98|ng_744,ng_586
123,66,)) Subject: Re: Need to find out number to a,Pinecone (sim),1,208.8222,ng_2094|ng_1277|ng_1379|ng_1591|ng_577,ng_2094
123,67,Re: NUTEK FACES APPLE'S WRATH (article!!!!!!) READ Article-I.D.: rpi.j3g5bwq Org,Pinecone (sim),0,215.9014,ng_2323|ng_1649|ng_1375|ng_811|ng_1206,ng_1275
123,68,"Re: Once tapped, your code is no good any more.",Pinecone (sim),0,245.5358,ng_691|ng_1507|ng_2254|ng_1137|ng_1700,ng_1297
123,69,Subject: Re: Centris Cache & Bernoulli Box Article-I.D.: snll-arp.519 Distributi,Pinecone (sim),1,220.5861,ng_2250|ng_690|wf07_d2_chunk_0|ng_603|wf07_s1_chunk_0,ng_2250
123,70,"Installing MIT X11R5 on Apollo Organization: CATT Centre at CITRI,",Pinecone (sim),1,189.988,ng_10|ng_1856|ng_1805|ng_648|ng_378,ng_10
123,71,Lines (inverse/xor) Organization: The Portal System (TM) <1993Apr21.111919.5281@,Pinecone (sim),1,211.5657,ng_2056|ng_2020|ng_2027|ng_1968|ng_943,ng_2056
123,72,"Re: Once tapped, your code is no good any more.",Pinecone (sim),0,192.484,ng_691|ng_1507|ng_2254|ng_1137|ng_1700,ng_653
123,73,"Subject: ""Clipper Chip"" facts: a request Organization: is a nice",Pinecone (sim),1,236.0741,ng_1674|ng_1378|ng_1288|ng_383|ng_538,ng_1674
123,74,Subject: Re: Animation Organization: The Internet Lines: 81 To: xpert@expo.lcs.m,Pinecone (sim),1,228.803,ng_2111|ng_1379|ng_1829|ng_1644|ng_1333,ng_2111
123,75,ext. 8056) Subject: Sources for Intel D87C51FB? Nntp-Posting-Host: levy.fnal.gov,Pinecone (sim),0,249.1879,ng_1514|ng_696|ng_941|ng_1896|ng_1519,ng_764
123,76,Re: An Open Letter to Mr. Clinton Organization: Beckman Software,Pinecone (sim),0,207.5394,ng_1331|ng_361|ng_940|ng_902|ng_258,ng_67
123,77,"Re: RAMs &ROMs with ALE latches (for 8051's) X-Xxdate: Wed,",Pinecone (sim),1,229.8285,ng_712|ng_489|ng_1406|ng_114|ng_117,ng_712
123,78,"Re: >>>>> MOUSE BUTTONS 1,2 & 3 <<<<<<<< urgent !",Pinecone (sim),1,243.4433,ng_244|ng_532|ng_1950|ng_1666|ng_1188,ng_244
123,79,"Hard Drive Component Costs Organization: E-Systems, Melpar Division Lines: 17",Pinecone (sim),1,211.5444,ng_2274|ng_743|ng_1821|ng_1509|ng_2227,ng_2274
123,80,"Re: Mysterious MOSFET Organization: Engineering Services, Clemson University Lin",Pinecone (sim),1,236.3009,ng_2057|ng_2103|ng_1586|ng_889|ng_1499,ng_2103
123,81,Re: IBM-PC XT switch settings Organization: Netcom Online Communications Service,Pinecone (sim),1,201.1329,ng_623|ng_1683|ng_619|ng_490|ng_1451,ng_623
123,82,Re: PDS vs. Nubus (was Re: LC III NuBus Capable?),Pinecone (sim),1,211.9235,ng_1776|ng_569|ng_679|ng_129|ng_1025,ng_1776
123,83,Re: LCIII problems Organization: wyvern.com Lines: 25 Ravi Konchigeri <mongoose@,Pinecone (sim),0,217.4934,ng_1477|ng_944|ng_86|ng_176|ng_1379,ng_1757
123,84,Can I remove the 68000 under my daughterboard upgrade? Organization:,Pinecone (sim),1,184.3738,ng_2137|ng_2338|ng_173|ng_2049|ng_1953,ng_2137
123,85,Subject: Re: Exploding TV! Organization: The Portal System (TM) Distribution:,Pinecone (sim),1,237.6541,ng_1186|ng_846|ng_1829|ng_2027|ng_2160,ng_1186
123,86,Re: Need to find out number to a phone line,Pinecone (sim),1,205.6108,ng_154|ng_2065|ng_1591|ng_577|ng_181,ng_577
123,87,Subject: Re: CD-ROM multisession Nntp-Posting-Host: emerald Organization: Philip,Pinecone (sim),1,225.1533,ng_1566|ng_676|ng_899|ng_1460|ng_864,ng_1566
123,88,xrolo/SPACRC/SunOS4.1.1/audio Organization: The Internet Lines: 21 NNTP-Posting-,Pinecone (sim),1,254.9059,ng_2163|ng_235|ng_255|ng_1577|ng_1372,ng_2163
123,89,Subject: How often are SIMMs bad (mail order)? Nntp-Posting-Host: aix02.ecs.rpi.,Pinecone (sim),1,241.3401,ng_553|ng_1278|ng_255|ng_424|ng_633,ng_1278
123,90,Re: Los Angeles Freeway traffic reports Organization: RAND Lines: 29,Pinecone (sim),1,240.7614,ng_1005|ng_2179|ng_551|ng_453|ng_1918,ng_1005
123,91,Re: Patents (was RC2 RC4) Nntp-Posting-Host: wardibm2.med.yale.edu Organization:,Pinecone (sim),0,225.0772,ng_2048|ng_676|ng_690|ng_1969|ng_1143,ng_1693
123,92,Re: Position of 'b' on Erg. Keyboard Organization: Virginia Tech,Pinecone (sim),1,208.9893,ng_2180|ng_1198|ng_174|ng_1733|ng_1040,ng_1198
123,93,"Subject: Re: Radar detector DETECTORS? Organization: Iowa State University, Ames",Pinecone (sim),1,219.3881,ng_2153|ng_292|ng_2273|ng_1688|ng_1945,ng_292
123,94,"Re: Clipper chip -- technical details Organization: Computer Science Dept,",Pinecone (sim),0,170.1416,ng_1674|ng_410|ng_383|ng_2067|ng_953,ng_1397
123,95,Looking for updated XView textedit source (w/d-n-d support) Article-I.D.: armory,Pinecone (sim),1,186.79,ng_1238|ng_818|ng_1018|ng_1480|ng_1828,ng_1238
123,96,4th Dimension BBS Subject: Re: A StyleWriter II question Lines:,Pinecone (sim),0,183.3943,ng_2288|ng_1176|ng_605|ng_405|ng_664,ng_1256
123,97,80-bit keyseach machine Nntp-Posting-Host: mizzou1.missouri.edu Organization: Un,Pinecone (sim),1,196.7876,ng_235|ng_1791|ng_1420|ng_2091|ng_16,ng_1791
123,98,VIdeotext/teletext descrambler Article-I.D.: hal.1psvcg$1auv Distribution: world,Pinecone (sim),1,241.7754,ng_1828|ng_818|ng_203|ng_410|ng_1530,ng_1828
123,99,"tvtwm & xsetroot, X11R5 and Sparc 10 keyboard Organization: Sheffield",Pinecone (sim),1,195.7385,ng_1430|ng_2156|ng_1576|ng_1826|ng_106,ng_1430
123,100,What is the JWT expiry policy for JWT Authentication?,Pinecone (sim),1,208.7473,wf01_s5_chunk_0|wf01_s1_chunk_0|wf01_d1_chunk_0|wf01_d2_chunk_0|wf01_d3_chunk_0,wf01_s1_chunk_0
123,101,How is JWT expiry implemented using PyJWT+Redis?,Pinecone (sim),1,260.4525,wf01_s1_chunk_0|wf01_s3_chunk_0|wf01_s4_chunk_0|wf01_d2_chunk_0|wf01_s5_chunk_0,wf01_s1_chunk_0
123,102,Find the backend standard for session token lifetime.,Pinecone (sim),1,207.7824,wf01_d3_chunk_0|wf01_d2_chunk_0|wf01_s1_chunk_0|wf01_s5_chunk_0|wf01_s3_chunk_0,wf01_s1_chunk_0|wf01_s4_chunk_0
123,103,Summarise the technical decision on session token lifetime during JWT Authentica,Pinecone (sim),0,242.939,wf01_d3_chunk_0|wf01_d2_chunk_0|wf01_s5_chunk_0|wf01_d1_chunk_0|wf01_s1_chunk_0,wf01_s4_chunk_0
123,104,What is the final JWT expiry rule deployed to production after the sprint overri,Pinecone (sim),1,200.3515,wf01_s5_chunk_0|wf01_s3_chunk_0|wf01_s1_chunk_0|wf01_d1_chunk_0|wf01_d2_chunk_0,wf01_s5_chunk_0
123,105,"Was the temporary 60-minute expiry change kept, or did we revert to the original",Pinecone (sim),1,219.321,wf01_d2_chunk_0|wf01_d3_chunk_0|wf01_d1_chunk_0|wf01_s5_chunk_0|wf01_s3_chunk_0,wf01_s3_chunk_0|wf01_s5_chunk_0
123,106,Which document defines 15-minute expiry as the approved JWT expiry setting?,Pinecone (sim),1,193.9415,wf01_d1_chunk_0|wf01_s5_chunk_0|wf01_d2_chunk_0|wf01_s1_chunk_0|wf01_s3_chunk_0,wf01_s1_chunk_0
123,107,Confirm the architecture decision that adopted 15-minute expiry for JWT Authenti,Pinecone (sim),1,211.7052,wf01_s5_chunk_0|wf01_d1_chunk_0|wf01_s1_chunk_0|wf01_d2_chunk_0|wf01_d3_chunk_0,wf01_s1_chunk_0
123,108,What is the primary keys policy for Database Schema?,Pinecone (sim),1,244.5364,wf02_d1_chunk_0|wf02_d2_chunk_0|wf02_s5_chunk_0|wf02_s1_chunk_0|wf02_d3_chunk_0,wf02_s1_chunk_0
123,109,How is primary keys implemented using Alembic+PostgreSQL?,Pinecone (sim),1,169.5845,wf02_s1_chunk_0|wf02_d2_chunk_0|wf02_d1_chunk_0|wf02_s3_chunk_0|wf02_s4_chunk_0,wf02_s1_chunk_0
123,110,Find the backend standard for row identifier scheme.,Pinecone (sim),1,234.1797,wf02_s4_chunk_0|wf02_s1_chunk_0|wf02_d3_chunk_0|wf02_d2_chunk_0|ng_1395,wf02_s1_chunk_0|wf02_s4_chunk_0
123,111,Summarise the technical decision on row identifier scheme during Database Schema,Pinecone (sim),1,229.2982,wf02_s4_chunk_0|wf02_d3_chunk_0|wf02_d1_chunk_0|wf02_s1_chunk_0|wf02_d2_chunk_0,wf02_s4_chunk_0
123,112,What is the final primary keys rule deployed to production after the sprint over,Pinecone (sim),1,203.3298,wf02_s5_chunk_0|wf02_d1_chunk_0|wf02_d2_chunk_0|wf02_s1_chunk_0|wf02_s3_chunk_0,wf02_s5_chunk_0
123,113,"Was the temporary auto-incrementing integer PKs change kept, or did we revert to",Pinecone (sim),1,194.8931,wf02_s3_chunk_0|wf02_s5_chunk_0|wf02_s1_chunk_0|wf02_d3_chunk_0|ng_637,wf02_s3_chunk_0|wf02_s5_chunk_0
123,114,Which document defines UUID primary keys as the approved primary keys setting?,Pinecone (sim),1,236.5395,wf02_s1_chunk_0|wf02_s5_chunk_0|wf02_d2_chunk_0|wf02_d1_chunk_0|wf02_d3_chunk_0,wf02_s1_chunk_0
123,115,Confirm the architecture decision that adopted UUID primary keys for Database Sc,Pinecone (sim),1,219.0539,wf02_s5_chunk_0|wf02_s1_chunk_0|wf02_d3_chunk_0|wf02_d2_chunk_0|wf02_d1_chunk_0,wf02_s1_chunk_0
123,116,What is the domain boundary policy for Microservice Context?,Pinecone (sim),1,238.2241,wf03_d1_chunk_0|wf03_s5_chunk_0|wf03_s1_chunk_0|wf03_d2_chunk_0|wf03_d3_chunk_0,wf03_s1_chunk_0
123,117,How is domain boundary implemented using gRPC+Protobuf?,Pinecone (sim),1,231.89,wf03_s1_chunk_0|wf14_s1_chunk_0|wf14_d2_chunk_0|wf14_d3_chunk_0|wf14_d1_chunk_0,wf03_s1_chunk_0
123,118,Find the architecture standard for inter-service coupling.,Pinecone (sim),1,280.5063,wf03_d3_chunk_0|wf03_s1_chunk_0|wf03_s4_chunk_0|wf03_d2_chunk_0|wf19_s4_chunk_0,wf03_s1_chunk_0|wf03_s4_chunk_0
123,119,Summarise the technical decision on inter-service coupling during Microservice C,Pinecone (sim),1,230.6701,wf03_d3_chunk_0|wf03_d2_chunk_0|wf03_d1_chunk_0|wf03_s1_chunk_0|wf03_s4_chunk_0,wf03_s4_chunk_0
123,120,What is the final domain boundary rule deployed to production after the sprint o,Pinecone (sim),1,207.032,wf03_s5_chunk_0|wf03_d1_chunk_0|wf04_s3_chunk_0|wf15_s3_chunk_0|wf18_s3_chunk_0,wf03_s5_chunk_0
123,121,"Was the temporary shared database schema change kept, or did we revert to the or",Pinecone (sim),1,243.9138,wf03_s3_chunk_0|wf15_s4_chunk_0|wf03_d3_chunk_0|wf15_d3_chunk_0|wf15_s3_chunk_0,wf03_s3_chunk_0|wf03_s5_chunk_0
123,122,Which document defines strict domain boundary as the approved domain boundary se,Pinecone (sim),1,237.7484,wf03_s5_chunk_0|wf03_s1_chunk_0|wf03_d1_chunk_0|wf16_d1_chunk_0|wf04_s5_chunk_0,wf03_s1_chunk_0
123,123,Confirm the architecture decision that adopted strict domain boundary for Micros,Pinecone (sim),1,274.6681,wf03_s5_chunk_0|wf03_d1_chunk_0|wf03_s1_chunk_0|wf03_d3_chunk_0|wf03_d2_chunk_0,wf03_s1_chunk_0
123,124,What is the PR approvals policy for CI/CD Pipeline?,Pinecone (sim),1,257.8054,wf04_d2_chunk_0|wf04_s5_chunk_0|wf04_d1_chunk_0|wf04_s1_chunk_0|wf04_d3_chunk_0,wf04_s1_chunk_0
123,125,How is PR approvals implemented using GitHub Actions?,Pinecone (sim),1,241.6304,wf04_s1_chunk_0|wf04_d2_chunk_0|wf04_s5_chunk_0|wf04_d1_chunk_0|ng_628,wf04_s1_chunk_0
123,126,Find the devops standard for merge gate policy.,Pinecone (sim),1,274.8984,wf04_s4_chunk_0|wf04_d3_chunk_0|wf04_s1_chunk_0|wf04_s5_chunk_0|wf19_s5_chunk_0,wf04_s1_chunk_0|wf04_s4_chunk_0
123,127,Summarise the technical decision on merge gate policy during CI/CD Pipeline desi,Pinecone (sim),1,197.4498,wf04_d3_chunk_0|wf04_s4_chunk_0|wf04_s1_chunk_0|wf04_s5_chunk_0|wf04_d2_chunk_0,wf04_s4_chunk_0
123,128,What is the final PR approvals rule deployed to production after the sprint over,Pinecone (sim),1,212.0995,wf04_s5_chunk_0|wf04_s3_chunk_0|wf04_d1_chunk_0|wf05_s3_chunk_0|wf04_d2_chunk_0,wf04_s5_chunk_0
123,129,"Was the temporary admin bypass override change kept, or did we revert to the ori",Pinecone (sim),1,208.0145,wf04_s3_chunk_0|wf19_s5_chunk_0|wf15_s5_chunk_0|wf16_s3_chunk_0|wf01_s5_chunk_0,wf04_s3_chunk_0|wf04_s5_chunk_0
123,130,Which document defines require 2 PR approvals as the approved PR approvals setti,Pinecone (sim),1,218.2165,wf04_d2_chunk_0|wf04_d1_chunk_0|wf04_s5_chunk_0|wf04_s1_chunk_0|wf16_d1_chunk_0,wf04_s1_chunk_0
123,131,Confirm the architecture decision that adopted require 2 PR approvals for CI/CD ,Pinecone (sim),1,193.0209,wf04_s1_chunk_0|wf04_d2_chunk_0|wf04_s5_chunk_0|wf04_d1_chunk_0|wf04_d3_chunk_0,wf04_s1_chunk_0
123,132,What is the trace sampling policy for Observability Stack?,Pinecone (sim),1,250.3635,wf05_d2_chunk_0|wf05_s5_chunk_0|wf05_d1_chunk_0|wf05_s1_chunk_0|wf05_d3_chunk_0,wf05_s1_chunk_0
123,133,How is trace sampling implemented using OpenTelemetry?,Pinecone (sim),1,221.1267,wf05_s1_chunk_0|wf05_d2_chunk_0|wf05_s3_chunk_0|wf05_d3_chunk_0|wf05_d1_chunk_0,wf05_s1_chunk_0
123,134,Find the devops standard for telemetry capture rate.,Pinecone (sim),1,184.3344,wf05_s4_chunk_0|ng_2127|wf05_s1_chunk_0|wf05_d2_chunk_0|wf05_d1_chunk_0,wf05_s1_chunk_0|wf05_s4_chunk_0
123,135,Summarise the technical decision on telemetry capture rate during Observability ,Pinecone (sim),1,202.8601,wf05_s1_chunk_0|wf05_s4_chunk_0|wf05_d1_chunk_0|wf05_d3_chunk_0|wf05_s3_chunk_0,wf05_s4_chunk_0
123,136,What is the final trace sampling rule deployed to production after the sprint ov,Pinecone (sim),1,239.4724,wf05_s3_chunk_0|wf05_s5_chunk_0|wf05_d2_chunk_0|wf05_d1_chunk_0|wf05_d3_chunk_0,wf05_s5_chunk_0
123,137,"Was the temporary 100% full trace sampling change kept, or did we revert to the ",Pinecone (sim),1,264.2196,wf05_d2_chunk_0|wf05_s3_chunk_0|wf05_d1_chunk_0|wf05_s1_chunk_0|wf05_s5_chunk_0,wf05_s3_chunk_0|wf05_s5_chunk_0
123,138,Which document defines 10% trace sampling as the approved trace sampling setting,Pinecone (sim),1,292.2463,wf05_d2_chunk_0|wf05_d1_chunk_0|wf05_s5_chunk_0|wf05_s1_chunk_0|wf05_d3_chunk_0,wf05_s1_chunk_0
123,139,Confirm the architecture decision that adopted 10% trace sampling for Observabil,Pinecone (sim),1,322.2275,wf05_s1_chunk_0|wf05_d2_chunk_0|wf05_s5_chunk_0|wf05_d1_chunk_0|wf05_d3_chunk_0,wf05_s1_chunk_0
123,140,What is the rate limit policy for API Gateway Rate Limiting?,Pinecone (sim),0,243.6135,wf06_d2_chunk_0|wf06_s5_chunk_0|wf06_d1_chunk_0|wf06_d3_chunk_0|wf06_s4_chunk_0,wf06_s1_chunk_0
123,141,How is rate limit implemented using nginx+Lua?,Pinecone (sim),1,198.7084,wf06_s1_chunk_0|wf06_s3_chunk_0|wf06_s4_chunk_0|wf06_d2_chunk_0|wf06_d1_chunk_0,wf06_s1_chunk_0
123,142,Find the backend standard for inbound request throttle.,Pinecone (sim),1,163.9895,wf06_s4_chunk_0|wf06_s5_chunk_0|wf06_d3_chunk_0|wf06_s1_chunk_0|wf06_d1_chunk_0,wf06_s1_chunk_0|wf06_s4_chunk_0
123,143,Summarise the technical decision on inbound request throttle during API Gateway ,Pinecone (sim),1,240.7482,wf06_s4_chunk_0|wf06_d3_chunk_0|wf06_d1_chunk_0|wf06_s5_chunk_0|wf06_d2_chunk_0,wf06_s4_chunk_0
123,144,What is the final rate limit rule deployed to production after the sprint overri,Pinecone (sim),1,206.9027,wf06_s3_chunk_0|wf06_s5_chunk_0|wf06_d1_chunk_0|wf06_d2_chunk_0|wf06_s1_chunk_0,wf06_s5_chunk_0
123,145,"Was the temporary unlimited bursting change kept, or did we revert to the origin",Pinecone (sim),1,226.6576,wf06_s3_chunk_0|wf06_s5_chunk_0|wf06_d3_chunk_0|wf06_d1_chunk_0|wf06_s4_chunk_0,wf06_s3_chunk_0|wf06_s5_chunk_0
123,146,Which document defines 100 RPM rate limit as the approved rate limit setting?,Pinecone (sim),1,213.2168,wf06_d2_chunk_0|wf06_d1_chunk_0|wf06_s1_chunk_0|wf06_d3_chunk_0|wf06_s5_chunk_0,wf06_s1_chunk_0
123,147,Confirm the architecture decision that adopted 100 RPM rate limit for API Gatewa,Pinecone (sim),1,230.1712,wf06_d3_chunk_0|wf06_s5_chunk_0|wf06_d2_chunk_0|wf06_d1_chunk_0|wf06_s1_chunk_0,wf06_s1_chunk_0
123,148,What is the cache TTL policy for Distributed Caching?,Pinecone (sim),1,261.4808,wf07_d2_chunk_0|wf07_s5_chunk_0|wf07_d1_chunk_0|wf07_d3_chunk_0|wf07_s1_chunk_0,wf07_s1_chunk_0
123,149,How is cache TTL implemented using redis-py?,Pinecone (sim),1,234.0231,wf07_s1_chunk_0|wf07_d2_chunk_0|wf07_d3_chunk_0|wf07_s3_chunk_0|wf07_s5_chunk_0,wf07_s1_chunk_0
123,0,for ASCII terminals Organization: SmartStar Corporation / Signal Technology Line,CogniSync (Hybrid),1,24.621,ng_1729|ng_2027|ng_943|ng_952|ng_665,ng_1729
123,1,"Re: NumLock masking? interference with Meta/Compose/ExtendChar, ... Nntp-Posting",CogniSync (Hybrid),1,33.1653,ng_460|ng_2114|ng_1422|ng_2239|ng_1723,ng_460
123,2,"font problem.... Organization: Department of Mathematics, Queen's University at ",CogniSync (Hybrid),1,27.1242,ng_1064|ng_2084|ng_1252|ng_241|ng_586,ng_241
123,3,Peltier Effect Heat Pumps Reply-To: paj@uk.co.gec-mrc (Paul Johnson) Organizatio,CogniSync (Hybrid),1,31.9592,ng_1866|ng_1013|ng_1185|ng_1728|ng_1097,ng_1866
123,4,"WANTED: X & security posting Organization: TRW Systems Division, Fairfax",CogniSync (Hybrid),1,25.5465,ng_1648|ng_1143|ng_1795|ng_976|ng_384,ng_1648
123,5,rom Organization: Defence Science and Technology Organisation Lines: 45 NNTP-Pos,CogniSync (Hybrid),0,28.1565,ng_676|ng_744|ng_1143|ng_1969|ng_1767,ng_481
123,6,Re: A question about 120VAC outlet wiring.. Organization: HP Lake,CogniSync (Hybrid),1,25.9241,ng_1750|ng_536|ng_263|ng_401|ng_749,ng_401
123,7,code is no good any more. From: a_rubin@dsg4.dse.beckman.com (Arthur Rubin),CogniSync (Hybrid),1,36.4329,ng_2279|ng_1212|ng_1922|ng_190|ng_86,ng_1922
123,8,-- Personal Account) Subject: Disappearing hard drive in LC? Organization:,CogniSync (Hybrid),1,24.2602,ng_2316|ng_1821|ng_81|ng_1757|ng_1712,ng_2316
123,9,RFC's (Was: Cryptography Patents) From: a_rubin@dsg4.dse.beckman.com (Arthur Rub,CogniSync (Hybrid),0,34.2594,ng_1073|ng_1296|ng_1998|ng_1433|ng_2200,ng_736
123,10,Memory in Plus&SE Organization: Temple University Lines: 8 Nntp-Posting-Host: vm,CogniSync (Hybrid),1,31.1272,ng_131|ng_255|ng_676|ng_1969|ng_1143,ng_131
123,11,"Re: Xsun not running on SPARCclassic Organization: Rutgers Univ., New",CogniSync (Hybrid),1,30.299,ng_2016|ng_2109|ng_356|ng_1765|ng_857,ng_2109
123,12,up cable tv with an aerial. Lines: 37 Nntp-Posting-Host: wcsub.ctstateu.edu,CogniSync (Hybrid),1,31.7832,ng_1942|ng_2009|ng_2078|ng_1301|ng_2159,ng_2009
123,13,Re: HeathKit/Zenith Nntp-Posting-Host: huey.udel.edu Organization: University of,CogniSync (Hybrid),1,31.9882,ng_651|ng_1969|ng_1143|ng_676|ng_235,ng_651
123,14,Fluke For Sale (was DMM Advice Needed) Keywords: Fluke 8062A,CogniSync (Hybrid),1,26.7908,ng_558|ng_338|ng_1244|ng_971|ng_1165,ng_558
123,15,Re: Keeping Your Mouth Shut (was: Hard drive security) Nntp-Posting-Host:,CogniSync (Hybrid),0,28.6908,ng_676|ng_775|ng_1911|ng_1143|ng_1812,ng_806
123,16,Changing colors on a label - HELP Organization: Ford Motor,CogniSync (Hybrid),1,21.96,ng_2240|ng_1191|ng_2129|ng_439|ng_1545,ng_2240
123,17,** Xpm 3.2g is available ** Keywords: XPM Organization: Koala,CogniSync (Hybrid),1,26.8611,ng_655|ng_1379|ng_2027|ng_1476|ng_1084,ng_655
123,18,Re: The [secret] source of that announcement Lines: 19 Even,CogniSync (Hybrid),0,27.911,ng_1565|ng_1332|ng_1829|ng_1489|ng_1242,ng_2083
123,19,RE-Re: Quadra SCSI Problems??? X-Mailer: TeleFinder (version 3.0) Organization: ,CogniSync (Hybrid),1,30.2429,ng_2090|ng_435|ng_923|ng_1546|ng_1537,ng_2090
123,20,Re: Thanks Apple: Free Ethernet on my C610! Organization: Case,CogniSync (Hybrid),1,23.4836,ng_1596|ng_1483|ng_2069|ng_2302|ng_673,ng_1483
123,21,"Cursors Organization: The Internet Lines: 19 To: motif@alfalfa.com, xpert@expo.l",CogniSync (Hybrid),1,30.1165,ng_1364|ng_2244|ng_1839|ng_843|ng_1379,ng_1364
123,22,"Re: Would ""clipper"" make a good cover for other encryption",CogniSync (Hybrid),0,23.9784,ng_102|ng_900|ng_1808|ng_19|ng_329,ng_59
123,23,Re: text of White House announcement and Q&As on clipper,CogniSync (Hybrid),0,24.8584,ng_1331|ng_277|ng_1449|ng_849|ng_1347,ng_110
123,24,"Re: What is going on?... Organization: Simon Fraser University, Burnaby,",CogniSync (Hybrid),0,27.6267,ng_2205|ng_1267|ng_98|ng_474|ng_1560,ng_1361
123,25,Re: Where do U look?? Reply-To: dtmedin@catbyte.b30.ingr.com Organization: Inter,CogniSync (Hybrid),0,30.0544,ng_1802|ng_990|ng_1379|ng_104|ng_1031,ng_2280
123,26,"Subject: Re: Don't fight Clipper Chip, subvert or replace it",CogniSync (Hybrid),0,27.9986,ng_1288|ng_1378|ng_1674|ng_1091|ng_2193,ng_1003
123,27,Re: disk safety measure? Organization: Massachusetts Institute of Technology Lin,CogniSync (Hybrid),0,23.0061,ng_848|ng_1219|ng_1509|ng_1328|ng_2206,ng_364
123,28,Subject: Installation problem with X11R5 Organization: Rice University Lines: 32,CogniSync (Hybrid),1,24.0833,ng_1856|ng_25|ng_216|ng_1102|ng_1368,ng_1856
123,29,Re: MacX 1.2 color problem Reply-To: dshaker@qualix.com Organization: QUALiX Gro,CogniSync (Hybrid),1,29.9998,ng_830|ng_20|ng_745|ng_1486|ng_481,ng_830
123,30,"Re: DSP or other cards for FFT's, anyone? Nntp-Posting-Host: elvex33.acns.nwu.ed",CogniSync (Hybrid),1,33.2199,ng_937|ng_834|ng_1828|ng_1969|ng_1763,ng_937
123,31,Re: How do I find my AppContext? Reply-To: lanzo@tekelec.com (Mark,CogniSync (Hybrid),1,36.6436,ng_1699|ng_972|ng_319|ng_98|ng_1858,ng_1699
123,32,"Re: Once tapped, your code is no good any more.",CogniSync (Hybrid),0,30.46,ng_691|ng_1507|ng_1137|ng_1700|ng_2254,ng_323
123,33,Re: Tektronix Organization: ITC/UVA Community Access UNIX/Internet Project Lines,CogniSync (Hybrid),1,26.2412,ng_1737|ng_155|ng_2335|ng_1236|ng_1829,ng_155
123,34,Re: XAllocColor fails to return nearest match Reply-To: klee@synoptics.com Organ,CogniSync (Hybrid),1,27.0924,ng_1486|ng_105|ng_830|ng_20|ng_779,ng_1486
123,35,Re: Do we need the clipper for cheap security? Organization:,CogniSync (Hybrid),0,24.0876,ng_1355|ng_209|ng_1808|ng_40|ng_1784,ng_895
123,36,"& IBM Info-Version 1.7.7 Organization: New Mexico State University, Las",CogniSync (Hybrid),1,27.1984,ng_2278|ng_1491|ng_976|ng_651|ng_744,ng_2278
123,37,Subject: Re: Clipper chip -- technical details Organization: IR Lines:,CogniSync (Hybrid),0,27.0203,ng_383|ng_1674|ng_2067|ng_410|ng_1091,ng_442
123,38,Powerbook 170 freezes after 18 seconds; Help! Nntp-Posting-Host: ntrc25.ntrc.ntu,CogniSync (Hybrid),1,33.136,ng_1306|ng_2054|ng_77|ng_671|ng_644,ng_1306
123,39,Help: SunView on olwm/xview3/X11R5 Article-I.D.: haji.9304051753.AA05339 Organiz,CogniSync (Hybrid),1,37.7981,ng_1018|ng_2148|ng_2058|ng_255|ng_1090,ng_1018
123,40,"Re: arcade style buttons and joysticks Organization: University of Stellenbosch,",CogniSync (Hybrid),1,26.7686,ng_1470|ng_2230|ng_1926|ng_1639|ng_535,ng_2230
123,41,Re: Converting contents of X-window to color postscript Organization: Dept.,CogniSync (Hybrid),1,29.1682,ng_51|ng_585|ng_1191|ng_192|ng_2251,ng_585
123,42,Subject: Need diode model for PSpice Organization: University at Buffalo,CogniSync (Hybrid),1,23.8294,ng_541|ng_400|ng_1767|ng_1904|ng_2265,ng_541
123,43,Subject: Re: Honors Degrees: Do they mean anything? Organization: Purdue,CogniSync (Hybrid),1,25.2149,ng_1735|ng_474|ng_823|ng_744|ng_1379,ng_1735
123,44,"Re: Identifying / Securing Files Organization: Private Computer, Totowa, NJ",CogniSync (Hybrid),1,27.3992,ng_646|ng_1899|ng_280|ng_1073|ng_38,ng_646
123,45,"Exploding TV! Organization: Virginia Tech, Blacksburg, VA Lines: 19 Distribution",CogniSync (Hybrid),1,24.2538,ng_1481|ng_278|ng_2159|ng_1942|ng_846,ng_278
123,46,Subject: Re: text of White House announcement and Q&As on,CogniSync (Hybrid),0,28.5605,ng_1724|ng_1449|ng_1124|ng_277|ng_1504,ng_1250
123,47,Re: Hard drive security for FBI targets Keywords: cooperation Reply-To:,CogniSync (Hybrid),1,30.5657,ng_471|ng_1691|ng_598|ng_1263|ng_1313,ng_1263
123,48,Home brew Acceler question?? Nntp-Posting-Host: vaxb.isc.rit.edu Reply-To: arp01,CogniSync (Hybrid),0,37.4274,ng_384|ng_255|ng_2040|ng_1491|ng_651,ng_1550
123,49,Re: x86 ~= 680x0 ?? (How do they compare?) Nntp-Posting-Host:,CogniSync (Hybrid),0,30.1356,ng_2299|ng_1081|ng_173|ng_685|ng_1645,ng_2085
123,50,From: yuan1@scws7.harvard.edu (Nina Yuan) Distribution: inet Nntp-Posting-Host: ,CogniSync (Hybrid),0,31.9532,ng_235|ng_1969|ng_1489|ng_690|ng_651,ng_695
123,51,Info on DSP project Nf-ID: #R:ee.ualberta.ca:735344986:trsvax:288200082:000:164 ,CogniSync (Hybrid),1,41.3653,ng_929|ng_690|ng_1904|ng_235|ng_1143,ng_929
123,52,"Re: compiling on sun4_411 Organization: Department of Scientific Computing, Upps",CogniSync (Hybrid),0,25.2247,ng_1368|ng_437|ng_1868|ng_484|ng_1102,ng_2224
123,53,EEG Kit? Nntp-Posting-Host: sauron.msfc.nasa.gov Organization: NASA/MSFC X-Newsr,CogniSync (Hybrid),1,35.4691,ng_1130|ng_84|ng_1140|ng_1399|ng_676,ng_1130
123,54,DETECTORS? Article-I.D.: almaden.19930406.131941.134 Lines: 3 They detect the os,CogniSync (Hybrid),1,31.5061,ng_1676|ng_739|ng_1688|ng_2153|ng_1488,ng_1676
123,55,Re: Dumb Question: Function Generator Organization: Northeastern Ohio Universiti,CogniSync (Hybrid),0,22.9294,ng_2205|ng_2094|ng_976|ng_1038|ng_1767,ng_1940
123,56,Subject: RE: Exploding TV Nntp-Posting-Host: engr.engr.uark.edu Organization: Un,CogniSync (Hybrid),1,31.4613,ng_846|ng_1481|ng_1942|ng_278|ng_450,ng_450
123,57,Re: LCIII problems (sideways HD's) Organization: Case School of Engineering,CogniSync (Hybrid),1,25.0514,ng_1328|ng_1757|ng_1622|ng_607|ng_232,ng_1328
123,58,Re: Interesting ADB behaviour on C650 Organization: Case School of,CogniSync (Hybrid),1,23.844,ng_2145|ng_991|ng_1527|ng_992|ng_686,ng_992
123,59,DeskWriter Drivers 3.1 -- How to install ? Organization: Eindhoven,CogniSync (Hybrid),1,25.0389,ng_1316|ng_1365|ng_787|ng_842|ng_674,ng_1316
123,60,Re: Hard drive security for FBI targets Reply-To: pdc@dcs.ed.ac.uk (Paul,CogniSync (Hybrid),0,29.3772,ng_687|ng_471|ng_598|ng_1524|ng_1313,ng_2210
123,61,Subject: Re: Long distance IR detection Organization: Purdue University Engineer,CogniSync (Hybrid),1,24.1018,ng_1125|ng_1271|ng_924|ng_2063|ng_2265,ng_1125
123,62,question about 120VAC outlet wiring. Distribution: world Organization: Kernel Mo,CogniSync (Hybrid),0,25.7103,ng_1750|ng_749|ng_659|ng_263|ng_536,ng_1959
123,63,"Xterm Cursor X-Received: by usenet.pa.dec.com; id AA19241; Sun, 18 Apr",CogniSync (Hybrid),1,32.7647,ng_1351|ng_890|ng_2244|ng_320|ng_843,ng_1351
123,64,Re: Building a UV flashlight Nntp-Posting-Host: aisun3.ai.uga.edu Organization: ,CogniSync (Hybrid),1,31.0262,ng_997|ng_420|ng_754|ng_698|ng_1969,ng_997
123,65,Re: How 2 Get Fontname from Fonstruct ??? Organization: University,CogniSync (Hybrid),1,26.8146,ng_721|ng_586|ng_2094|ng_1839|ng_98,ng_586
123,66,)) Subject: Re: Need to find out number to a,CogniSync (Hybrid),1,26.1407,ng_2094|ng_1277|ng_1591|ng_577|ng_154,ng_2094
123,67,Re: NUTEK FACES APPLE'S WRATH (article!!!!!!) READ Article-I.D.: rpi.j3g5bwq Org,CogniSync (Hybrid),0,49.203,ng_2323|ng_1649|ng_1375|ng_811|ng_1206,ng_1275
123,68,"Re: Once tapped, your code is no good any more.",CogniSync (Hybrid),0,25.0566,ng_691|ng_1507|ng_1137|ng_1700|ng_2254,ng_1297
123,69,Subject: Re: Centris Cache & Bernoulli Box Article-I.D.: snll-arp.519 Distributi,CogniSync (Hybrid),1,30.9677,ng_2250|ng_690|wf07_d2_chunk_0|ng_603|wf07_s1_chunk_0,ng_2250
123,70,"Installing MIT X11R5 on Apollo Organization: CATT Centre at CITRI,",CogniSync (Hybrid),1,24.7569,ng_10|ng_1856|ng_1805|ng_648|ng_1390,ng_10
123,71,Lines (inverse/xor) Organization: The Portal System (TM) <1993Apr21.111919.5281@,CogniSync (Hybrid),1,42.0943,ng_2056|ng_2020|ng_2027|ng_1968|ng_1012,ng_2056
123,72,"Re: Once tapped, your code is no good any more.",CogniSync (Hybrid),0,24.5607,ng_691|ng_1507|ng_1137|ng_1700|ng_2254,ng_653
123,73,"Subject: ""Clipper Chip"" facts: a request Organization: is a nice",CogniSync (Hybrid),1,26.1751,ng_1378|ng_1674|ng_383|ng_1288|ng_538,ng_1674
123,74,Subject: Re: Animation Organization: The Internet Lines: 81 To: xpert@expo.lcs.m,CogniSync (Hybrid),1,28.5134,ng_2111|ng_1379|ng_1829|ng_1644|ng_1333,ng_2111
123,75,ext. 8056) Subject: Sources for Intel D87C51FB? Nntp-Posting-Host: levy.fnal.gov,CogniSync (Hybrid),0,31.32,ng_1514|ng_379|ng_696|ng_941|ng_1896,ng_764
123,76,Re: An Open Letter to Mr. Clinton Organization: Beckman Software,CogniSync (Hybrid),0,25.1449,ng_1331|ng_902|ng_361|ng_940|ng_258,ng_67
123,77,"Re: RAMs &ROMs with ALE latches (for 8051's) X-Xxdate: Wed,",CogniSync (Hybrid),1,28.5166,ng_712|ng_489|ng_1406|ng_114|ng_117,ng_712
123,78,"Re: >>>>> MOUSE BUTTONS 1,2 & 3 <<<<<<<< urgent !",CogniSync (Hybrid),1,28.587,ng_244|ng_532|ng_700|ng_1950|ng_1666,ng_244
123,79,"Hard Drive Component Costs Organization: E-Systems, Melpar Division Lines: 17",CogniSync (Hybrid),1,23.6115,ng_2274|ng_743|ng_1821|ng_1509|ng_2227,ng_2274
123,80,"Re: Mysterious MOSFET Organization: Engineering Services, Clemson University Lin",CogniSync (Hybrid),1,31.0375,ng_2103|ng_2057|ng_1586|ng_889|ng_1499,ng_2103
123,81,Re: IBM-PC XT switch settings Organization: Netcom Online Communications Service,CogniSync (Hybrid),1,27.7751,ng_623|ng_1683|ng_619|ng_1556|ng_490,ng_623
123,82,Re: PDS vs. Nubus (was Re: LC III NuBus Capable?),CogniSync (Hybrid),1,24.8962,ng_1776|ng_569|ng_679|ng_129|ng_1025,ng_1776
123,83,Re: LCIII problems Organization: wyvern.com Lines: 25 Ravi Konchigeri <mongoose@,CogniSync (Hybrid),0,31.2919,ng_1477|ng_944|ng_86|ng_176|ng_1379,ng_1757
123,84,Can I remove the 68000 under my daughterboard upgrade? Organization:,CogniSync (Hybrid),1,23.1018,ng_2137|ng_2338|ng_108|ng_173|ng_1953,ng_2137
123,85,Subject: Re: Exploding TV! Organization: The Portal System (TM) Distribution:,CogniSync (Hybrid),1,24.5811,ng_1186|ng_846|ng_1481|ng_1829|ng_2160,ng_1186
123,86,Re: Need to find out number to a phone line,CogniSync (Hybrid),1,22.1648,ng_154|ng_2065|ng_1591|ng_577|ng_181,ng_577
123,87,Subject: Re: CD-ROM multisession Nntp-Posting-Host: emerald Organization: Philip,CogniSync (Hybrid),1,29.4376,ng_1566|ng_676|ng_899|ng_1460|ng_1143,ng_1566
123,88,xrolo/SPACRC/SunOS4.1.1/audio Organization: The Internet Lines: 21 NNTP-Posting-,CogniSync (Hybrid),1,44.1912,ng_2163|ng_255|ng_235|ng_1372|ng_1577,ng_2163
123,89,Subject: How often are SIMMs bad (mail order)? Nntp-Posting-Host: aix02.ecs.rpi.,CogniSync (Hybrid),1,33.4044,ng_553|ng_1278|ng_255|ng_424|ng_633,ng_1278
123,90,Re: Los Angeles Freeway traffic reports Organization: RAND Lines: 29,CogniSync (Hybrid),1,22.4979,ng_1005|ng_2179|ng_551|ng_453|ng_2079,ng_1005
123,91,Re: Patents (was RC2 RC4) Nntp-Posting-Host: wardibm2.med.yale.edu Organization:,CogniSync (Hybrid),0,31.3919,ng_2048|ng_676|ng_690|ng_1969|ng_1143,ng_1693
123,92,Re: Position of 'b' on Erg. Keyboard Organization: Virginia Tech,CogniSync (Hybrid),1,24.5266,ng_1198|ng_2180|ng_174|ng_1733|ng_1040,ng_1198
123,93,"Subject: Re: Radar detector DETECTORS? Organization: Iowa State University, Ames",CogniSync (Hybrid),1,24.3896,ng_2153|ng_292|ng_2273|ng_1688|ng_1945,ng_292
123,94,"Re: Clipper chip -- technical details Organization: Computer Science Dept,",CogniSync (Hybrid),0,25.4094,ng_383|ng_1674|ng_410|ng_2067|ng_1378,ng_1397
123,95,Looking for updated XView textedit source (w/d-n-d support) Article-I.D.: armory,CogniSync (Hybrid),1,36.1818,ng_1238|ng_818|ng_1018|ng_1828|ng_1480,ng_1238
123,96,4th Dimension BBS Subject: Re: A StyleWriter II question Lines:,CogniSync (Hybrid),0,25.9141,ng_2288|ng_1176|ng_605|ng_405|ng_664,ng_1256
123,97,80-bit keyseach machine Nntp-Posting-Host: mizzou1.missouri.edu Organization: Un,CogniSync (Hybrid),1,30.9581,ng_235|ng_1791|ng_1420|ng_2091|ng_16,ng_1791
123,98,VIdeotext/teletext descrambler Article-I.D.: hal.1psvcg$1auv Distribution: world,CogniSync (Hybrid),1,35.0589,ng_1828|ng_818|ng_203|ng_410|ng_2194,ng_1828
123,99,"tvtwm & xsetroot, X11R5 and Sparc 10 keyboard Organization: Sheffield",CogniSync (Hybrid),1,27.9203,ng_1430|ng_2156|ng_1576|ng_1826|ng_106,ng_1430
123,100,What is the JWT expiry policy for JWT Authentication?,CogniSync (Hybrid),1,24.2075,wf01_s5_chunk_0|wf01_s1_chunk_0|wf01_d1_chunk_0|wf01_d2_chunk_0|wf01_d3_chunk_0,wf01_s1_chunk_0
123,101,How is JWT expiry implemented using PyJWT+Redis?,CogniSync (Hybrid),1,23.8901,wf01_s1_chunk_0|wf01_s3_chunk_0|wf01_s4_chunk_0|wf01_d2_chunk_0|wf01_s5_chunk_0,wf01_s1_chunk_0
123,102,Find the backend standard for session token lifetime.,CogniSync (Hybrid),1,20.9234,wf01_d3_chunk_0|wf01_d2_chunk_0|wf01_s1_chunk_0|wf01_s5_chunk_0|wf01_s3_chunk_0,wf01_s1_chunk_0|wf01_s4_chunk_0
123,103,Summarise the technical decision on session token lifetime during JWT Authentica,CogniSync (Hybrid),0,29.6809,wf01_d3_chunk_0|wf01_d2_chunk_0|wf01_s5_chunk_0|wf01_d1_chunk_0|wf01_s1_chunk_0,wf01_s4_chunk_0
123,104,What is the final JWT expiry rule deployed to production after the sprint overri,CogniSync (Hybrid),1,32.5772,wf01_s5_chunk_0|wf01_s3_chunk_0|wf01_s1_chunk_0|wf01_d1_chunk_0|wf01_d2_chunk_0,wf01_s5_chunk_0
123,105,"Was the temporary 60-minute expiry change kept, or did we revert to the original",CogniSync (Hybrid),1,28.7071,wf01_d2_chunk_0|wf01_d3_chunk_0|wf01_d1_chunk_0|wf01_s5_chunk_0|wf01_s3_chunk_0,wf01_s3_chunk_0|wf01_s5_chunk_0
123,106,Which document defines 15-minute expiry as the approved JWT expiry setting?,CogniSync (Hybrid),1,27.497,wf01_d1_chunk_0|wf01_s5_chunk_0|wf01_d2_chunk_0|wf01_s1_chunk_0|wf01_s3_chunk_0,wf01_s1_chunk_0
123,107,Confirm the architecture decision that adopted 15-minute expiry for JWT Authenti,CogniSync (Hybrid),1,23.7847,wf01_s5_chunk_0|wf01_d1_chunk_0|wf01_s1_chunk_0|wf01_d2_chunk_0|wf01_d3_chunk_0,wf01_s1_chunk_0
123,108,What is the primary keys policy for Database Schema?,CogniSync (Hybrid),1,21.9472,wf02_d1_chunk_0|wf02_d2_chunk_0|wf02_s5_chunk_0|wf02_s1_chunk_0|wf02_d3_chunk_0,wf02_s1_chunk_0
123,109,How is primary keys implemented using Alembic+PostgreSQL?,CogniSync (Hybrid),1,24.032,wf02_s1_chunk_0|wf02_d2_chunk_0|wf02_d1_chunk_0|wf02_s3_chunk_0|wf02_s4_chunk_0,wf02_s1_chunk_0
123,110,Find the backend standard for row identifier scheme.,CogniSync (Hybrid),1,22.3602,wf02_s4_chunk_0|wf02_s1_chunk_0|wf02_d3_chunk_0|wf02_d2_chunk_0|ng_1395,wf02_s1_chunk_0|wf02_s4_chunk_0
123,111,Summarise the technical decision on row identifier scheme during Database Schema,CogniSync (Hybrid),1,24.1821,wf02_s4_chunk_0|wf02_d3_chunk_0|wf02_d1_chunk_0|wf02_s1_chunk_0|wf02_d2_chunk_0,wf02_s4_chunk_0
123,112,What is the final primary keys rule deployed to production after the sprint over,CogniSync (Hybrid),1,23.4667,wf02_s5_chunk_0|wf02_d1_chunk_0|wf02_d2_chunk_0|wf02_s3_chunk_0|wf02_s1_chunk_0,wf02_s5_chunk_0
123,113,"Was the temporary auto-incrementing integer PKs change kept, or did we revert to",CogniSync (Hybrid),1,29.772,wf02_s3_chunk_0|wf02_s5_chunk_0|wf02_s1_chunk_0|wf02_d3_chunk_0|ng_637,wf02_s3_chunk_0|wf02_s5_chunk_0
123,114,Which document defines UUID primary keys as the approved primary keys setting?,CogniSync (Hybrid),1,23.1648,wf02_s1_chunk_0|wf02_s5_chunk_0|wf02_d2_chunk_0|wf02_d1_chunk_0|wf02_d3_chunk_0,wf02_s1_chunk_0
123,115,Confirm the architecture decision that adopted UUID primary keys for Database Sc,CogniSync (Hybrid),1,24.0108,wf02_s5_chunk_0|wf02_s1_chunk_0|wf02_d3_chunk_0|wf02_d2_chunk_0|wf02_d1_chunk_0,wf02_s1_chunk_0
123,116,What is the domain boundary policy for Microservice Context?,CogniSync (Hybrid),1,21.7479,wf03_d1_chunk_0|wf03_s5_chunk_0|wf03_s1_chunk_0|wf03_d2_chunk_0|wf03_d3_chunk_0,wf03_s1_chunk_0
123,117,How is domain boundary implemented using gRPC+Protobuf?,CogniSync (Hybrid),1,24.6152,wf03_s1_chunk_0|wf14_s1_chunk_0|wf14_d2_chunk_0|wf14_d3_chunk_0|wf14_d1_chunk_0,wf03_s1_chunk_0
123,118,Find the architecture standard for inter-service coupling.,CogniSync (Hybrid),1,27.0868,wf03_d3_chunk_0|wf03_s1_chunk_0|wf03_s4_chunk_0|wf03_d2_chunk_0|ng_2165,wf03_s1_chunk_0|wf03_s4_chunk_0
123,119,Summarise the technical decision on inter-service coupling during Microservice C,CogniSync (Hybrid),1,25.2024,wf03_d3_chunk_0|wf03_d2_chunk_0|wf03_d1_chunk_0|wf03_s1_chunk_0|wf03_s4_chunk_0,wf03_s4_chunk_0
123,120,What is the final domain boundary rule deployed to production after the sprint o,CogniSync (Hybrid),1,23.4935,wf03_s5_chunk_0|wf03_d1_chunk_0|wf04_s3_chunk_0|wf15_s3_chunk_0|wf18_s3_chunk_0,wf03_s5_chunk_0
123,121,"Was the temporary shared database schema change kept, or did we revert to the or",CogniSync (Hybrid),1,26.694,wf03_s3_chunk_0|wf15_s4_chunk_0|wf03_d3_chunk_0|wf15_s3_chunk_0|wf15_d3_chunk_0,wf03_s3_chunk_0|wf03_s5_chunk_0
123,122,Which document defines strict domain boundary as the approved domain boundary se,CogniSync (Hybrid),1,23.5443,wf03_s5_chunk_0|wf03_s1_chunk_0|wf03_d1_chunk_0|wf16_d1_chunk_0|wf04_s5_chunk_0,wf03_s1_chunk_0
123,123,Confirm the architecture decision that adopted strict domain boundary for Micros,CogniSync (Hybrid),1,22.7338,wf03_s5_chunk_0|wf03_s1_chunk_0|wf03_d1_chunk_0|wf03_d3_chunk_0|wf03_d2_chunk_0,wf03_s1_chunk_0
123,124,What is the PR approvals policy for CI/CD Pipeline?,CogniSync (Hybrid),1,22.1516,wf04_d2_chunk_0|wf04_s5_chunk_0|wf04_s1_chunk_0|wf04_d1_chunk_0|wf04_d3_chunk_0,wf04_s1_chunk_0
123,125,How is PR approvals implemented using GitHub Actions?,CogniSync (Hybrid),1,22.776,wf04_s1_chunk_0|wf04_d2_chunk_0|wf04_s5_chunk_0|wf04_d1_chunk_0|ng_628,wf04_s1_chunk_0
123,126,Find the devops standard for merge gate policy.,CogniSync (Hybrid),1,20.5472,wf04_s4_chunk_0|wf04_d3_chunk_0|wf04_s1_chunk_0|wf04_s5_chunk_0|wf19_s5_chunk_0,wf04_s1_chunk_0|wf04_s4_chunk_0
123,127,Summarise the technical decision on merge gate policy during CI/CD Pipeline desi,CogniSync (Hybrid),1,24.2529,wf04_d3_chunk_0|wf04_s4_chunk_0|wf04_s1_chunk_0|wf04_s5_chunk_0|wf04_d2_chunk_0,wf04_s4_chunk_0
123,128,What is the final PR approvals rule deployed to production after the sprint over,CogniSync (Hybrid),1,23.7375,wf04_s5_chunk_0|wf04_s3_chunk_0|wf05_s3_chunk_0|wf04_d1_chunk_0|wf04_d2_chunk_0,wf04_s5_chunk_0
123,129,"Was the temporary admin bypass override change kept, or did we revert to the ori",CogniSync (Hybrid),1,26.8654,wf04_s3_chunk_0|wf19_s5_chunk_0|wf16_s3_chunk_0|wf15_s5_chunk_0|wf01_s5_chunk_0,wf04_s3_chunk_0|wf04_s5_chunk_0
123,130,Which document defines require 2 PR approvals as the approved PR approvals setti,CogniSync (Hybrid),1,25.0211,wf04_d2_chunk_0|wf04_d1_chunk_0|wf04_s5_chunk_0|wf04_s1_chunk_0|wf16_d1_chunk_0,wf04_s1_chunk_0
123,131,Confirm the architecture decision that adopted require 2 PR approvals for CI/CD ,CogniSync (Hybrid),1,25.3952,wf04_s1_chunk_0|wf04_d2_chunk_0|wf04_s5_chunk_0|wf04_d1_chunk_0|wf04_d3_chunk_0,wf04_s1_chunk_0
123,132,What is the trace sampling policy for Observability Stack?,CogniSync (Hybrid),1,23.0888,wf05_d2_chunk_0|wf05_s5_chunk_0|wf05_d1_chunk_0|wf05_s1_chunk_0|wf05_d3_chunk_0,wf05_s1_chunk_0
123,133,How is trace sampling implemented using OpenTelemetry?,CogniSync (Hybrid),1,22.5393,wf05_s1_chunk_0|wf05_d2_chunk_0|wf05_s3_chunk_0|wf05_d3_chunk_0|wf05_d1_chunk_0,wf05_s1_chunk_0
123,134,Find the devops standard for telemetry capture rate.,CogniSync (Hybrid),1,23.1016,wf05_s4_chunk_0|ng_2127|wf05_s1_chunk_0|wf05_d2_chunk_0|wf05_d1_chunk_0,wf05_s1_chunk_0|wf05_s4_chunk_0
123,135,Summarise the technical decision on telemetry capture rate during Observability ,CogniSync (Hybrid),1,28.6355,wf05_s1_chunk_0|wf05_s4_chunk_0|wf05_d1_chunk_0|wf05_d3_chunk_0|wf05_s3_chunk_0,wf05_s4_chunk_0
123,136,What is the final trace sampling rule deployed to production after the sprint ov,CogniSync (Hybrid),1,24.1364,wf05_s3_chunk_0|wf05_s5_chunk_0|wf05_d2_chunk_0|wf05_d1_chunk_0|wf05_d3_chunk_0,wf05_s5_chunk_0
123,137,"Was the temporary 100% full trace sampling change kept, or did we revert to the ",CogniSync (Hybrid),1,29.2164,wf05_d2_chunk_0|wf05_s3_chunk_0|wf05_d1_chunk_0|wf05_s1_chunk_0|wf05_s5_chunk_0,wf05_s3_chunk_0|wf05_s5_chunk_0
123,138,Which document defines 10% trace sampling as the approved trace sampling setting,CogniSync (Hybrid),1,24.0854,wf05_d2_chunk_0|wf05_d1_chunk_0|wf05_s5_chunk_0|wf05_s1_chunk_0|wf05_d3_chunk_0,wf05_s1_chunk_0
123,139,Confirm the architecture decision that adopted 10% trace sampling for Observabil,CogniSync (Hybrid),1,23.9318,wf05_s1_chunk_0|wf05_s5_chunk_0|wf05_d2_chunk_0|wf05_d1_chunk_0|wf05_d3_chunk_0,wf05_s1_chunk_0
123,140,What is the rate limit policy for API Gateway Rate Limiting?,CogniSync (Hybrid),1,21.8334,wf06_d2_chunk_0|wf06_s5_chunk_0|wf06_d1_chunk_0|wf06_d3_chunk_0|wf06_s1_chunk_0,wf06_s1_chunk_0
123,141,How is rate limit implemented using nginx+Lua?,CogniSync (Hybrid),1,25.2226,wf06_s1_chunk_0|wf06_s3_chunk_0|wf06_s4_chunk_0|wf06_d2_chunk_0|wf06_d1_chunk_0,wf06_s1_chunk_0
123,142,Find the backend standard for inbound request throttle.,CogniSync (Hybrid),1,23.317,wf06_s4_chunk_0|wf06_s5_chunk_0|wf06_d3_chunk_0|ng_418|wf06_s1_chunk_0,wf06_s1_chunk_0|wf06_s4_chunk_0
123,143,Summarise the technical decision on inbound request throttle during API Gateway ,CogniSync (Hybrid),1,26.6663,wf06_s4_chunk_0|wf06_d3_chunk_0|wf06_d1_chunk_0|wf06_s5_chunk_0|wf06_d2_chunk_0,wf06_s4_chunk_0
123,144,What is the final rate limit rule deployed to production after the sprint overri,CogniSync (Hybrid),1,24.1259,wf06_s3_chunk_0|wf06_s5_chunk_0|wf06_d1_chunk_0|wf06_d2_chunk_0|wf06_s1_chunk_0,wf06_s5_chunk_0
123,145,"Was the temporary unlimited bursting change kept, or did we revert to the origin",CogniSync (Hybrid),1,36.2511,wf06_s3_chunk_0|wf06_s5_chunk_0|wf06_d3_chunk_0|wf06_d1_chunk_0|wf06_s4_chunk_0,wf06_s3_chunk_0|wf06_s5_chunk_0
123,146,Which document defines 100 RPM rate limit as the approved rate limit setting?,CogniSync (Hybrid),1,27.0722,wf06_d2_chunk_0|wf06_d1_chunk_0|wf06_s1_chunk_0|wf06_d3_chunk_0|wf06_s5_chunk_0,wf06_s1_chunk_0
123,147,Confirm the architecture decision that adopted 100 RPM rate limit for API Gatewa,CogniSync (Hybrid),1,25.1716,wf06_d3_chunk_0|wf06_s5_chunk_0|wf06_d2_chunk_0|wf06_d1_chunk_0|wf06_s1_chunk_0,wf06_s1_chunk_0
123,148,What is the cache TTL policy for Distributed Caching?,CogniSync (Hybrid),1,23.3325,wf07_d2_chunk_0|wf07_s5_chunk_0|wf07_d1_chunk_0|wf07_d3_chunk_0|wf07_s1_chunk_0,wf07_s1_chunk_0
123,149,How is cache TTL implemented using redis-py?,CogniSync (Hybrid),1,22.4352,wf07_s1_chunk_0|wf07_d2_chunk_0|wf07_d3_chunk_0|wf07_s3_chunk_0|wf07_s5_chunk_0,wf07_s1_chunk_0
456,0,Writing a Motif widget X-Disclaimer: The views expressed in this,Vanilla RAG,1,24.8249,ng_2255|ng_1962|ng_2191|ng_2013|ng_1852,ng_2255
456,1,How to the disks copy protected. Originator: sehari@marge.ecss.iastate.edu Organ,Vanilla RAG,1,28.8313,ng_2206|ng_2207|ng_2192|ng_775|ng_2223,ng_2206
456,2,Subject: Re: Off the shelf cheap DES keyseach machine (Was:,Vanilla RAG,0,21.7819,ng_763|ng_466|ng_1439|ng_2294|ng_139,ng_399
456,3,Subject: Re: LCIII vs. Centris 610? Article-I.D.: news.C51s6w.9nr Organization: ,Vanilla RAG,1,27.409,ng_903|ng_1070|ng_607|ng_2185|ng_282,ng_1070
456,4,Subject: Re: LC III NuBus Capable? Reply-To: hades@Dartmouth.Edu Organization: D,Vanilla RAG,1,24.029,ng_1413|ng_2141|ng_679|ng_569|ng_1776,ng_1413
456,5,Problem with dni and OW 3.0 Organization: The Internet Lines:,Vanilla RAG,1,22.2191,ng_731|ng_1143|ng_887|ng_255|ng_1747,ng_887
456,6,"problem with Tek xterminal Organization: Basic Arrhythmia Laboratory, Duke Univ.",Vanilla RAG,1,22.5321,ng_926|ng_1521|ng_78|ng_1145|ng_627,ng_926
456,7,Re: xterm build problem in Solaris2.1 Organization: western geophysical explorat,Vanilla RAG,1,21.4218,ng_1581|ng_1452|ng_1145|ng_1765|ng_1515,ng_1581
456,8,Subject: Re: The [secret] source of that announcement Organization: Stanford,Vanilla RAG,0,20.69,ng_1489|ng_1829|ng_1144|ng_1565|ng_976,ng_910
456,9,Re: What do Nuclear Site's Cooling Towers do? Organization: NETCOM,Vanilla RAG,1,20.4667,ng_2032|ng_271|ng_1767|ng_12|ng_7,ng_271
456,10,Subject: Polaroid Range finder interference-Help! Organization: /etc/organizatio,Vanilla RAG,1,22.2372,ng_1245|ng_2153|ng_1113|ng_2159|ng_1224,ng_1245
456,11,Icon Animation Lines: 17 Reply-To: s_ledoux@csc32.enet.dec.com (Scott LeDoux) Or,Vanilla RAG,1,27.5704,ng_2111|ng_1703|ng_1936|ng_2253|ng_2148,ng_1703
456,12,Re: Radio Shack Battery of the Month Club Organization: University,Vanilla RAG,1,19.4967,ng_1136|ng_8|ng_751|ng_156|ng_870,ng_1136
456,13,to Mactinosh PGP 2.2 in C available Organization: capriccioso X-Newsreader:,Vanilla RAG,1,24.4243,ng_1485|ng_989|ng_771|ng_1595|ng_767,ng_1485
456,14,waiting for a specific event/callback Keywords: event handling Reply-To: Huub.Ba,Vanilla RAG,1,25.2927,ng_2035|ng_858|ng_446|wf05_s4_chunk_0|wf17_s4_chunk_0,ng_2035
456,15,Re: Hard drive security for FBI targets Reply-To: pdc@dcs.ed.ac.uk (Paul,Vanilla RAG,0,32.3389,ng_687|ng_471|ng_598|ng_1524|ng_1313,ng_2210
456,16,"Re: Power, signal surges in home... Organization: NASA Langley Research",Vanilla RAG,0,31.7952,ng_268|ng_2312|ng_688|ng_170|ng_917,ng_1153
456,17,Re: mysterious TV problem -- source? Nntp-Posting-Host: chip Reply-To: vanderby@,Vanilla RAG,1,30.1793,ng_205|ng_1062|ng_1638|ng_846|ng_178,ng_205
456,18,Subject: Re: Organized Lobbying for Cryptography Organization: Netcom - Online,Vanilla RAG,1,20.6144,ng_38|ng_1543|ng_180|ng_1123|ng_1998,ng_1543
456,19,"FAQ for this group Distribution: usa Organization: Personal Library Software,",Vanilla RAG,1,20.4031,ng_1562|ng_976|ng_1144|ng_1491|ng_1036,ng_1562
456,20,Mattern)) Subject: Re: Do we need the clipper for cheap,Vanilla RAG,0,22.03,ng_1347|ng_40|ng_1808|ng_1599|ng_329,ng_1679
456,21,Clipper- business as usual? Article-I.D.: ole.1993Apr20.173039.4722 Organization,Vanilla RAG,1,27.7659,ng_1347|ng_455|ng_1599|ng_953|ng_40,ng_1599
456,22,Subject: ADB and graphics tablet help! Organization: Institute Of Systems,Vanilla RAG,1,19.9088,ng_1384|ng_1738|ng_916|ng_638|ng_1419,ng_1384
456,23,"Using message passing with XtAddInput Organization: 3M Company, 3M Center,",Vanilla RAG,1,23.3931,ng_2190|ng_2035|wf17_s2_chunk_0|ng_73|ng_1430,ng_2190
456,24,The [secret] source of that announcement Organization: capriccioso X-Newsreader:,Vanilla RAG,0,35.3471,ng_1435|ng_1144|ng_1829|ng_1565|ng_2218,ng_964
456,25,Need Info on DSP project Summary: General info on building,Vanilla RAG,1,26.0827,ng_834|ng_1753|ng_1904|ng_1763|ng_929,ng_1753
456,26,Subject: Stereo sound problem (?) on mac games Organization: UC,Vanilla RAG,1,19.8355,ng_1414|ng_355|ng_1607|ng_1437|ng_2044,ng_2044
456,27,"Screw the people, crypto is for hard-core hackers & spooks",Vanilla RAG,1,21.6144,ng_302|ng_1660|ng_1359|ng_1680|ng_1923,ng_1359
456,28,"Re: Electric power line ""balls"" Article-I.D.: larc.babb-060493164354 Distributio",Vanilla RAG,1,27.7917,ng_1854|ng_1611|ng_688|ng_833|ng_1824,ng_1854
456,29,Re: The [secret] source of that announcement Organization: PANIX Public,Vanilla RAG,1,20.7591,ng_2337|ng_2218|ng_963|ng_1829|ng_1489,ng_963
456,30,"ATTN: H. Wheaton, UCal Davis Nntp-Posting-Host: 136.182.211.36 Organization: Mot",Vanilla RAG,1,28.8703,ng_2286|ng_1143|ng_2279|ng_255|ng_235,ng_2286
456,31,"ideas? Organization: Free University of Berlin, Germany Lines: 7 Have",Vanilla RAG,0,19.9393,ng_1843|ng_1829|ng_1379|ng_1036|ng_1562,ng_1770
456,32,xrolo/SPACRC/SunOS4.1.1/audio Organization: The Internet Lines: 21 NNTP-Posting-,Vanilla RAG,1,41.8914,ng_2163|ng_235|ng_255|ng_1577|ng_1372,ng_2163
456,33,Re: How large are commercial keys? Nntp-Posting-Host: mizzou1.missouri.edu Organ,Vanilla RAG,1,26.5046,ng_2031|ng_1114|ng_1497|ng_1489|ng_235,ng_1114
456,34,Telephone On Hook/Off Hok Lines: 17 AllMichael CovingtonTelephone on hook/off,Vanilla RAG,1,26.7381,ng_353|ng_181|ng_2249|ng_1872|ng_154,ng_353
456,35,Re: Non-Apple Mini-Docks available? Nntp-Posting-Host: bolero Reply-To: jonathan,Vanilla RAG,1,34.5387,ng_2151|ng_1474|ng_2024|wf13_s4_chunk_0|ng_1357,ng_2151
456,36,07/10 - Digital Signatures Organization: The Crypt Cabal Lines: 85,Vanilla RAG,1,21.0188,ng_1296|ng_1237|ng_2200|ng_1565|ng_1073,ng_1237
456,37,Subject: Centris 610/tms 120 drive Article-I.D.: world.C5Jq8A.3I9 Organization: ,Vanilla RAG,1,27.9528,ng_1928|ng_676|ng_81|ng_1880|ng_2141,ng_1928
456,38,Subject: Re: Help with SIMM configuration Reply-To: hades@Dartmouth.Edu Organiza,Vanilla RAG,1,23.1469,ng_1799|ng_616|ng_1048|ng_852|ng_1344,ng_1048
456,39,Re: Dmm Advice Needed Article-I.D.: doug.1993Apr17.020555.6004 Organization: U o,Vanilla RAG,0,29.5928,ng_101|ng_976|ng_1251|ng_1002|ng_492,ng_971
456,40,Re: Recommendations for removable storage media wanted Lines: 25 Nntp-Posting-Ho,Vanilla RAG,1,22.9222,ng_159|ng_2192|ng_185|ng_1797|ng_775,ng_185
456,41,A little political philosophy worth reading. Lines: 66 Nntp-Posting-Host: snarfb,Vanilla RAG,0,26.8256,ng_676|ng_846|ng_235|ng_48|ng_424,ng_1376
456,42,"How to mask the left button? Organization: Informix Software, Inc.",Vanilla RAG,1,20.6024,ng_1188|ng_244|ng_1666|ng_1071|ng_1936,ng_1188
456,43,Re: Police radar....Just how does it work?? Reply-To: dtmedin@catbyte.b30.ingr.c,Vanilla RAG,0,29.2968,ng_261|ng_1557|ng_2273|ng_359|ng_2245,ng_148
456,44,Xsun not finding default font (Sol2.1) Organization: The Internet Lines:,Vanilla RAG,1,21.9917,ng_857|ng_706|ng_241|ng_1573|ng_78,ng_857
456,45,xterm and default text cursor color Reply-To: carlj@cyclone.bt.co.uk Organizatio,Vanilla RAG,1,26.8462,ng_320|ng_890|ng_1012|ng_210|ng_439,ng_320
456,46,Re: Wanted: A to D hardware for a PC To:,Vanilla RAG,0,19.5856,ng_231|ng_860|ng_1912|ng_1060|ng_703,ng_1315
456,47,"S1, S2 Organization: Express Access Online Communications, Greenbelt, MD USA",Vanilla RAG,0,21.4764,ng_1629|ng_2027|ng_906|ng_1748|ng_1736,ng_2292
456,48,"Re: Once tapped, your code is no good any more.",Vanilla RAG,0,19.6679,ng_691|ng_1507|ng_2254|ng_1137|ng_1700,ng_283
456,49,EICO tube tester repairs? Reply-To: ...futserv.austin.ibm.com!rg Organization: I,Vanilla RAG,1,27.946,ng_1431|ng_217|ng_2145|ng_1186|ng_1773,ng_1431
456,50,Re: text of White House announcement and Q&As on clipper,Vanilla RAG,0,19.9045,ng_1331|ng_277|ng_1449|ng_1347|ng_820,ng_1944
456,51,Subject: Re: The battle is joined Originator: rdippold@qualcom.qualcomm.com Nntp,Vanilla RAG,1,32.184,ng_1449|ng_1002|ng_744|ng_1489|ng_1802,ng_1002
456,52,An Open Letter to Mr. Clinton Nntp-Posting-Host: dolores.lance.colostate.edu Org,Vanilla RAG,1,25.5152,ng_361|ng_283|ng_258|ng_1035|ng_1969,ng_258
456,53,Need to find out number to a phone line Nntp-Posting-Host:,Vanilla RAG,1,21.4193,ng_2065|ng_181|ng_1591|ng_1346|ng_1277,ng_181
456,54,comp.windows.x: Getting more performance out of X. FAQ Summary: This,Vanilla RAG,1,23.0215,ng_487|ng_1988|ng_1061|ng_2317|ng_818,ng_487
456,55,Yale CS Mail/News Gateway Lines: 24 >This actually supports Bill's,Vanilla RAG,0,20.7342,ng_2094|ng_2139|ng_73|ng_176|ng_1589,ng_97
456,56,for VGA Monitors Lines: 51 Does anyone know who makes,Vanilla RAG,1,28.3568,ng_1083|ng_1106|ng_87|ng_1638|ng_1148,ng_1106
456,57,Subject: Re: Secret algorithm [Re: Clipper Chip and crypto key-escrow],Vanilla RAG,0,32.4252,ng_509|ng_21|ng_1382|ng_1021|ng_1626,ng_1565
456,58,"Re: 14"" monitors In-Reply-To: fredm@media.mit.edu's message of Wed, 31 Mar",Vanilla RAG,0,25.9494,ng_656|ng_31|ng_1823|ng_1419|ng_1738,ng_346
456,59,Subject: Another key registration body bites the dust (IMHO) Organization:,Vanilla RAG,1,21.3069,ng_750|ng_878|ng_2296|ng_1294|ng_2136,ng_2136
456,60,Re: text of White House announcement and Q&As on clipper,Vanilla RAG,0,19.8148,ng_1331|ng_277|ng_1449|ng_1347|ng_820,ng_1322
456,61,Re: Clipper and Ranting Libertarians Organization: Microsoft Corp. Keywords: cli,Vanilla RAG,1,21.9259,ng_455|ng_1347|ng_1288|ng_283|ng_2218,ng_455
456,62,Problems with OpenWindows Organization: Dept. of Statistics Lines: 22 After,Vanilla RAG,1,21.7844,ng_729|ng_1982|ng_1065|ng_1090|ng_1996,ng_1982
456,63,Re: Secret algorithm [Re: Clipper Chip and crypto key-escrow] Keywords:,Vanilla RAG,1,24.0638,ng_509|ng_1382|ng_21|ng_122|ng_1021,ng_509
456,64,Subject: Re: What do Nuclear Site's Cooling Towers do? Organization:,Vanilla RAG,0,22.2505,ng_2032|ng_1728|ng_1767|ng_1921|ng_12,ng_2169
456,65,Corporate acceptance of the wiretap chip Nntp-Posting-Host: mizzou1.missouri.edu,Vanilla RAG,1,27.8473,ng_335|ng_1359|ng_2061|ng_797|ng_2222,ng_335
456,66,Subject: Re: Trouble compiling X11R5 on SunOS_4.1.3 Article-I.D.: ast.1993Apr6.1,Vanilla RAG,1,32.8779,ng_1102|ng_1368|ng_484|ng_437|ng_498,ng_1102
456,67,Subject: Re: Rumours about New Duos !!!!! Article-I.D.: manta.kitchel.734892133 ,Vanilla RAG,1,28.3259,ng_1956|ng_2259|ng_1594|ng_2051|ng_86,ng_2259
456,68,RE-Re: Quadra SCSI Problems??? X-Mailer: TeleFinder (version 3.0) Organization: ,Vanilla RAG,1,28.688,ng_2090|ng_435|ng_923|ng_1546|ng_1537,ng_2090
456,69,Re: Secret algorithm [Re: Clipper Chip and crypto key-escrow] Organization:,Vanilla RAG,0,24.6904,ng_509|ng_21|ng_1382|ng_1021|ng_122,ng_331
456,70,Re: info on apple 8*24GC requested. Organization: Comedy Company Lines:,Vanilla RAG,1,21.8749,ng_286|ng_1460|ng_1164|ng_572|ng_1823,ng_286
456,71,"Subject: Re: Interesting ADB behaviour on C650 Organization: Project GLUE,",Vanilla RAG,1,21.3856,ng_2145|ng_1527|ng_991|ng_686|ng_1049,ng_2145
456,72,references... Distribution: world Organization: Commodore Computer Club / PaNorA,Vanilla RAG,0,20.9481,ng_2160|ng_1743|ng_387|ng_1261|ng_1829,ng_677
456,73,Re: wise to remove fan in Classic? Organization: Real/Time Communications,Vanilla RAG,1,21.4261,ng_907|ng_1829|ng_1144|ng_1383|ng_2027,ng_907
456,74,"Mix GL with X (Xlib,Xt,mwm) Organization: The Internet Lines: 38",Vanilla RAG,1,22.6946,ng_1200|ng_2181|ng_911|ng_43|ng_1563,ng_1200
456,75,Anyone got 200+ Schadow switches with LED? X-Xxmessage-Id: <A7FC6A05A602655F@dia,Vanilla RAG,1,38.0548,ng_1421|ng_382|ng_439|ng_95|ng_1888,ng_1421
456,76,McGillan) Subject: DXF format display Organization: University of Wisconsin -,Vanilla RAG,1,20.8867,ng_621|ng_1480|ng_351|ng_818|ng_1419,ng_621
456,77,Subject: xlock Organization: Lawrence Livermore National Laboratory Lines: 11 Di,Vanilla RAG,0,20.5605,ng_384|ng_690|ng_1096|ng_1252|ng_651,ng_325
456,78,Forcing a window manager to accept specific coordinates for a,Vanilla RAG,1,18.333,ng_1099|ng_1538|ng_847|ng_1273|ng_1197,ng_1099
456,79,core dump from getcons(?) Organization: American Institute of Physics Lines:,Vanilla RAG,1,22.2191,ng_1117|ng_1235|ng_1767|ng_1585|ng_1489,ng_1117
456,80,Re: Off the shelf cheap DES keyseach machine Organization: AT&T,Vanilla RAG,0,30.4969,ng_763|ng_2091|ng_2341|ng_317|ng_399,ng_702
456,81,mac portable ram problems; coprocessor not installed? Organization: Jack's Amazi,Vanilla RAG,1,29.3637,ng_2309|ng_2051|ng_2293|ng_958|ng_562,ng_2309
456,82,"Subject: X-window for PC Organization: DAIMI: Computer Science Department, Aarhu",Vanilla RAG,1,22.0508,ng_116|ng_474|ng_1988|ng_1061|ng_1171,ng_116
456,83,Subject: Re: HELP_WITH_TRACKING_DEVICE Summary: underground and underwater wirel,Vanilla RAG,1,22.662,ng_1760|ng_1094|ng_1113|ng_431|ng_2153,ng_1760
456,84,A StyleWriter II question Nntp-Posting-Host: top.magnus.acs.ohio-state.edu Organ,Vanilla RAG,0,26.5563,ng_235|ng_176|ng_744|ng_1379|ng_2094,ng_1604
456,85,Re: Monthly Question about XCopyArea() and Expose Events Reply-To: mikey@sgi.com,Vanilla RAG,1,23.924,ng_970|ng_1367|ng_1713|ng_578|ng_1353,ng_1353
456,86,Re: How often are SIMMs bad (mail order)? Organization: Inst.,Vanilla RAG,1,23.6141,ng_553|ng_1278|ng_1068|ng_1671|ng_808,ng_553
456,87,"finding out state of state keys (eg, CapsLock and NumLock)",Vanilla RAG,1,21.3848,ng_1584|ng_460|ng_2114|ng_1632|ng_938,ng_1584
456,88,Re: HELP! Duo 230 problems Organization: NETCOM On-line Communication Services,Vanilla RAG,1,20.8009,ng_1423|ng_671|ng_490|ng_1754|ng_1594,ng_1423
456,89,Need to find out numb Distribution: world Organization: Ozone Online,Vanilla RAG,1,20.5032,ng_2249|ng_976|ng_740|ng_1144|ng_1717,ng_2249
456,90,Used To Collect XYZ Coordinates From: ganter@ifi.unibas.ch (Robert Ganter) Organ,Vanilla RAG,1,25.4715,ng_493|ng_1308|ng_957|ng_1558|ng_461,ng_493
456,91,"Speaker design software? Organization: Computer Science Dept., Univ. of Western",Vanilla RAG,1,20.5319,ng_1876|ng_834|ng_1503|ng_1753|ng_2161,ng_1876
456,92,Subject: Re: Exploding TV! Organization: The Portal System (TM) Distribution:,Vanilla RAG,1,22.0629,ng_1186|ng_846|ng_1829|ng_2027|ng_2160,ng_1186
456,93,I need modem selection help! (especially vocabulary) Organization: Bucknell Univ,Vanilla RAG,1,20.4175,ng_1089|ng_2027|ng_220|ng_1800|ng_2178,ng_1089
456,94,Subject: Re: Why the clipper algorithm is secret Organization: Duke,Vanilla RAG,0,19.8584,ng_2126|ng_2213|ng_1635|ng_893|ng_940,ng_1957
456,95,Re: Clipper chip -- technical details Organization: AT&T Bell Laboratories,Vanilla RAG,0,26.0672,ng_1448|ng_1674|ng_383|ng_2061|ng_849,ng_253
456,96,Subject: Re: More technical details Organization: Partnership for an America,Vanilla RAG,0,33.8873,ng_1829|ng_2218|ng_816|ng_1379|ng_1144,ng_2281
456,97,Subject: Re: What is Zero dB???? Organization: University of Illinois,Vanilla RAG,1,35.6603,ng_530|ng_279|ng_141|ng_1979|ng_517,ng_517
456,98,Re: Pinout needed for TIL311 Reply-To: jott@scarecrow.cse.nd.edu (John Ott) Orga,Vanilla RAG,1,54.2324,ng_824|ng_176|ng_683|ng_1799|ng_1807,ng_824
456,99,Subject: ADCOM GTP500II IR sensor & repeater spec's? Organization: HP,Vanilla RAG,1,39.5283,ng_2295|ng_1535|ng_2063|ng_2265|ng_2166,ng_2295
456,100,What is the JWT expiry policy for JWT Authentication?,Vanilla RAG,1,33.5032,wf01_s5_chunk_0|wf01_s1_chunk_0|wf01_d1_chunk_0|wf01_d2_chunk_0|wf01_d3_chunk_0,wf01_s1_chunk_0
456,101,How is JWT expiry implemented using PyJWT+Redis?,Vanilla RAG,1,33.6848,wf01_s1_chunk_0|wf01_s3_chunk_0|wf01_s4_chunk_0|wf01_d2_chunk_0|wf01_s5_chunk_0,wf01_s1_chunk_0
456,102,Find the backend standard for session token lifetime.,Vanilla RAG,1,27.8577,wf01_d3_chunk_0|wf01_d2_chunk_0|wf01_s1_chunk_0|wf01_s5_chunk_0|wf01_s3_chunk_0,wf01_s1_chunk_0|wf01_s4_chunk_0
456,103,Summarise the technical decision on session token lifetime during JWT Authentica,Vanilla RAG,0,31.9612,wf01_d3_chunk_0|wf01_d2_chunk_0|wf01_s5_chunk_0|wf01_d1_chunk_0|wf01_s1_chunk_0,wf01_s4_chunk_0
456,104,What is the final JWT expiry rule deployed to production after the sprint overri,Vanilla RAG,1,32.8124,wf01_s5_chunk_0|wf01_s3_chunk_0|wf01_s1_chunk_0|wf01_d1_chunk_0|wf01_d2_chunk_0,wf01_s5_chunk_0
456,105,"Was the temporary 60-minute expiry change kept, or did we revert to the original",Vanilla RAG,1,38.6363,wf01_d2_chunk_0|wf01_d3_chunk_0|wf01_d1_chunk_0|wf01_s5_chunk_0|wf01_s3_chunk_0,wf01_s3_chunk_0|wf01_s5_chunk_0
456,106,Which document defines 15-minute expiry as the approved JWT expiry setting?,Vanilla RAG,1,36.9295,wf01_d1_chunk_0|wf01_s5_chunk_0|wf01_d2_chunk_0|wf01_s1_chunk_0|wf01_s3_chunk_0,wf01_s1_chunk_0
456,107,Confirm the architecture decision that adopted 15-minute expiry for JWT Authenti,Vanilla RAG,1,33.2043,wf01_s5_chunk_0|wf01_d1_chunk_0|wf01_s1_chunk_0|wf01_d2_chunk_0|wf01_d3_chunk_0,wf01_s1_chunk_0
456,108,What is the primary keys policy for Database Schema?,Vanilla RAG,1,28.5888,wf02_d1_chunk_0|wf02_d2_chunk_0|wf02_s5_chunk_0|wf02_s1_chunk_0|wf02_d3_chunk_0,wf02_s1_chunk_0
456,109,How is primary keys implemented using Alembic+PostgreSQL?,Vanilla RAG,1,33.846,wf02_s1_chunk_0|wf02_d2_chunk_0|wf02_d1_chunk_0|wf02_s3_chunk_0|wf02_s4_chunk_0,wf02_s1_chunk_0
456,110,Find the backend standard for row identifier scheme.,Vanilla RAG,1,28.9078,wf02_s4_chunk_0|wf02_s1_chunk_0|wf02_d3_chunk_0|wf02_d2_chunk_0|ng_1395,wf02_s1_chunk_0|wf02_s4_chunk_0
456,111,Summarise the technical decision on row identifier scheme during Database Schema,Vanilla RAG,1,32.6505,wf02_s4_chunk_0|wf02_d3_chunk_0|wf02_d1_chunk_0|wf02_s1_chunk_0|wf02_d2_chunk_0,wf02_s4_chunk_0
456,112,What is the final primary keys rule deployed to production after the sprint over,Vanilla RAG,1,29.8956,wf02_s5_chunk_0|wf02_d1_chunk_0|wf02_d2_chunk_0|wf02_s1_chunk_0|wf02_s3_chunk_0,wf02_s5_chunk_0
456,113,"Was the temporary auto-incrementing integer PKs change kept, or did we revert to",Vanilla RAG,1,39.5562,wf02_s3_chunk_0|wf02_s5_chunk_0|wf02_s1_chunk_0|wf02_d3_chunk_0|ng_637,wf02_s3_chunk_0|wf02_s5_chunk_0
456,114,Which document defines UUID primary keys as the approved primary keys setting?,Vanilla RAG,1,29.6243,wf02_s1_chunk_0|wf02_s5_chunk_0|wf02_d2_chunk_0|wf02_d1_chunk_0|wf02_d3_chunk_0,wf02_s1_chunk_0
456,115,Confirm the architecture decision that adopted UUID primary keys for Database Sc,Vanilla RAG,1,30.376,wf02_s5_chunk_0|wf02_s1_chunk_0|wf02_d3_chunk_0|wf02_d2_chunk_0|wf02_d1_chunk_0,wf02_s1_chunk_0
456,116,What is the domain boundary policy for Microservice Context?,Vanilla RAG,1,29.4413,wf03_d1_chunk_0|wf03_s5_chunk_0|wf03_s1_chunk_0|wf03_d2_chunk_0|wf03_d3_chunk_0,wf03_s1_chunk_0
456,117,How is domain boundary implemented using gRPC+Protobuf?,Vanilla RAG,1,28.8033,wf03_s1_chunk_0|wf14_s1_chunk_0|wf14_d2_chunk_0|wf14_d3_chunk_0|wf14_d1_chunk_0,wf03_s1_chunk_0
456,118,Find the architecture standard for inter-service coupling.,Vanilla RAG,1,26.0917,wf03_d3_chunk_0|wf03_s1_chunk_0|wf03_s4_chunk_0|wf03_d2_chunk_0|wf19_s4_chunk_0,wf03_s1_chunk_0|wf03_s4_chunk_0
456,119,Summarise the technical decision on inter-service coupling during Microservice C,Vanilla RAG,1,35.6482,wf03_d3_chunk_0|wf03_d2_chunk_0|wf03_d1_chunk_0|wf03_s1_chunk_0|wf03_s4_chunk_0,wf03_s4_chunk_0
456,120,What is the final domain boundary rule deployed to production after the sprint o,Vanilla RAG,1,30.2014,wf03_s5_chunk_0|wf03_d1_chunk_0|wf04_s3_chunk_0|wf15_s3_chunk_0|wf18_s3_chunk_0,wf03_s5_chunk_0
456,121,"Was the temporary shared database schema change kept, or did we revert to the or",Vanilla RAG,1,36.7898,wf03_s3_chunk_0|wf15_s4_chunk_0|wf03_d3_chunk_0|wf15_d3_chunk_0|wf15_s3_chunk_0,wf03_s3_chunk_0|wf03_s5_chunk_0
456,122,Which document defines strict domain boundary as the approved domain boundary se,Vanilla RAG,1,29.0894,wf03_s5_chunk_0|wf03_s1_chunk_0|wf03_d1_chunk_0|wf16_d1_chunk_0|wf04_s5_chunk_0,wf03_s1_chunk_0
456,123,Confirm the architecture decision that adopted strict domain boundary for Micros,Vanilla RAG,1,31.0177,wf03_s5_chunk_0|wf03_d1_chunk_0|wf03_s1_chunk_0|wf03_d3_chunk_0|wf03_d2_chunk_0,wf03_s1_chunk_0
456,124,What is the PR approvals policy for CI/CD Pipeline?,Vanilla RAG,1,28.8489,wf04_d2_chunk_0|wf04_s5_chunk_0|wf04_d1_chunk_0|wf04_s1_chunk_0|wf04_d3_chunk_0,wf04_s1_chunk_0
456,125,How is PR approvals implemented using GitHub Actions?,Vanilla RAG,1,29.2565,wf04_s1_chunk_0|wf04_d2_chunk_0|wf04_s5_chunk_0|wf04_d1_chunk_0|ng_628,wf04_s1_chunk_0
456,126,Find the devops standard for merge gate policy.,Vanilla RAG,1,27.0507,wf04_s4_chunk_0|wf04_d3_chunk_0|wf04_s1_chunk_0|wf04_s5_chunk_0|wf19_s5_chunk_0,wf04_s1_chunk_0|wf04_s4_chunk_0
456,127,Summarise the technical decision on merge gate policy during CI/CD Pipeline desi,Vanilla RAG,1,32.0629,wf04_d3_chunk_0|wf04_s4_chunk_0|wf04_s1_chunk_0|wf04_s5_chunk_0|wf04_d2_chunk_0,wf04_s4_chunk_0
456,128,What is the final PR approvals rule deployed to production after the sprint over,Vanilla RAG,1,33.7841,wf04_s5_chunk_0|wf04_s3_chunk_0|wf04_d1_chunk_0|wf05_s3_chunk_0|wf04_d2_chunk_0,wf04_s5_chunk_0
456,129,"Was the temporary admin bypass override change kept, or did we revert to the ori",Vanilla RAG,1,41.9221,wf04_s3_chunk_0|wf19_s5_chunk_0|wf15_s5_chunk_0|wf16_s3_chunk_0|wf01_s5_chunk_0,wf04_s3_chunk_0|wf04_s5_chunk_0
456,130,Which document defines require 2 PR approvals as the approved PR approvals setti,Vanilla RAG,1,35.0667,wf04_d2_chunk_0|wf04_d1_chunk_0|wf04_s5_chunk_0|wf04_s1_chunk_0|wf16_d1_chunk_0,wf04_s1_chunk_0
456,131,Confirm the architecture decision that adopted require 2 PR approvals for CI/CD ,Vanilla RAG,1,34.6075,wf04_s1_chunk_0|wf04_d2_chunk_0|wf04_s5_chunk_0|wf04_d1_chunk_0|wf04_d3_chunk_0,wf04_s1_chunk_0
456,132,What is the trace sampling policy for Observability Stack?,Vanilla RAG,1,32.2376,wf05_d2_chunk_0|wf05_s5_chunk_0|wf05_d1_chunk_0|wf05_s1_chunk_0|wf05_d3_chunk_0,wf05_s1_chunk_0
456,133,How is trace sampling implemented using OpenTelemetry?,Vanilla RAG,1,30.1605,wf05_s1_chunk_0|wf05_d2_chunk_0|wf05_s3_chunk_0|wf05_d3_chunk_0|wf05_d1_chunk_0,wf05_s1_chunk_0
456,134,Find the devops standard for telemetry capture rate.,Vanilla RAG,1,29.5121,wf05_s4_chunk_0|ng_2127|wf05_s1_chunk_0|wf05_d2_chunk_0|wf05_d1_chunk_0,wf05_s1_chunk_0|wf05_s4_chunk_0
456,135,Summarise the technical decision on telemetry capture rate during Observability ,Vanilla RAG,1,33.1404,wf05_s1_chunk_0|wf05_s4_chunk_0|wf05_d1_chunk_0|wf05_d3_chunk_0|wf05_s3_chunk_0,wf05_s4_chunk_0
456,136,What is the final trace sampling rule deployed to production after the sprint ov,Vanilla RAG,1,30.1038,wf05_s3_chunk_0|wf05_s5_chunk_0|wf05_d2_chunk_0|wf05_d1_chunk_0|wf05_d3_chunk_0,wf05_s5_chunk_0
456,137,"Was the temporary 100% full trace sampling change kept, or did we revert to the ",Vanilla RAG,1,36.0967,wf05_d2_chunk_0|wf05_s3_chunk_0|wf05_d1_chunk_0|wf05_s1_chunk_0|wf05_s5_chunk_0,wf05_s3_chunk_0|wf05_s5_chunk_0
456,138,Which document defines 10% trace sampling as the approved trace sampling setting,Vanilla RAG,1,28.6387,wf05_d2_chunk_0|wf05_d1_chunk_0|wf05_s5_chunk_0|wf05_s1_chunk_0|wf05_d3_chunk_0,wf05_s1_chunk_0
456,139,Confirm the architecture decision that adopted 10% trace sampling for Observabil,Vanilla RAG,1,32.3717,wf05_s1_chunk_0|wf05_d2_chunk_0|wf05_s5_chunk_0|wf05_d1_chunk_0|wf05_d3_chunk_0,wf05_s1_chunk_0
456,140,What is the rate limit policy for API Gateway Rate Limiting?,Vanilla RAG,0,32.2475,wf06_d2_chunk_0|wf06_s5_chunk_0|wf06_d1_chunk_0|wf06_d3_chunk_0|wf06_s4_chunk_0,wf06_s1_chunk_0
456,141,How is rate limit implemented using nginx+Lua?,Vanilla RAG,1,42.3232,wf06_s1_chunk_0|wf06_s3_chunk_0|wf06_s4_chunk_0|wf06_d2_chunk_0|wf06_d1_chunk_0,wf06_s1_chunk_0
456,142,Find the backend standard for inbound request throttle.,Vanilla RAG,1,28.2402,wf06_s4_chunk_0|wf06_s5_chunk_0|wf06_d3_chunk_0|wf06_s1_chunk_0|wf06_d1_chunk_0,wf06_s1_chunk_0|wf06_s4_chunk_0
456,143,Summarise the technical decision on inbound request throttle during API Gateway ,Vanilla RAG,1,32.7865,wf06_s4_chunk_0|wf06_d3_chunk_0|wf06_d1_chunk_0|wf06_s5_chunk_0|wf06_d2_chunk_0,wf06_s4_chunk_0
456,144,What is the final rate limit rule deployed to production after the sprint overri,Vanilla RAG,1,30.2862,wf06_s3_chunk_0|wf06_s5_chunk_0|wf06_d1_chunk_0|wf06_d2_chunk_0|wf06_s1_chunk_0,wf06_s5_chunk_0
456,145,"Was the temporary unlimited bursting change kept, or did we revert to the origin",Vanilla RAG,1,33.6996,wf06_s3_chunk_0|wf06_s5_chunk_0|wf06_d3_chunk_0|wf06_d1_chunk_0|wf06_s4_chunk_0,wf06_s3_chunk_0|wf06_s5_chunk_0
456,146,Which document defines 100 RPM rate limit as the approved rate limit setting?,Vanilla RAG,1,28.7231,wf06_d2_chunk_0|wf06_d1_chunk_0|wf06_s1_chunk_0|wf06_d3_chunk_0|wf06_s5_chunk_0,wf06_s1_chunk_0
456,147,Confirm the architecture decision that adopted 100 RPM rate limit for API Gatewa,Vanilla RAG,1,29.7521,wf06_d3_chunk_0|wf06_s5_chunk_0|wf06_d2_chunk_0|wf06_d1_chunk_0|wf06_s1_chunk_0,wf06_s1_chunk_0
456,148,What is the cache TTL policy for Distributed Caching?,Vanilla RAG,1,28.4413,wf07_d2_chunk_0|wf07_s5_chunk_0|wf07_d1_chunk_0|wf07_d3_chunk_0|wf07_s1_chunk_0,wf07_s1_chunk_0
456,149,How is cache TTL implemented using redis-py?,Vanilla RAG,1,27.6509,wf07_s1_chunk_0|wf07_d2_chunk_0|wf07_d3_chunk_0|wf07_s3_chunk_0|wf07_s5_chunk_0,wf07_s1_chunk_0
456,0,Writing a Motif widget X-Disclaimer: The views expressed in this,MemGPT (approx),1,22.4494,ng_130|ng_2255|ng_1962|ng_2191|ng_2013,ng_2255
456,1,How to the disks copy protected. Originator: sehari@marge.ecss.iastate.edu Organ,MemGPT (approx),1,26.061,ng_2206|ng_2207|ng_2192|ng_775|ng_2223,ng_2206
456,2,Subject: Re: Off the shelf cheap DES keyseach machine (Was:,MemGPT (approx),0,21.1689,ng_763|ng_466|ng_1439|ng_2294|ng_139,ng_399
456,3,Subject: Re: LCIII vs. Centris 610? Article-I.D.: news.C51s6w.9nr Organization: ,MemGPT (approx),1,28.0206,ng_903|ng_1070|ng_607|ng_2185|ng_282,ng_1070
456,4,Subject: Re: LC III NuBus Capable? Reply-To: hades@Dartmouth.Edu Organization: D,MemGPT (approx),1,24.3238,ng_607|ng_1413|ng_2141|ng_679|ng_569,ng_1413
456,5,Problem with dni and OW 3.0 Organization: The Internet Lines:,MemGPT (approx),1,21.1991,ng_731|ng_1143|ng_887|ng_255|ng_1747,ng_887
456,6,"problem with Tek xterminal Organization: Basic Arrhythmia Laboratory, Duke Univ.",MemGPT (approx),1,24.9211,ng_926|ng_1521|ng_78|ng_1145|ng_627,ng_926
456,7,Re: xterm build problem in Solaris2.1 Organization: western geophysical explorat,MemGPT (approx),1,22.6202,ng_1145|ng_1581|ng_1452|ng_1765|ng_1515,ng_1581
456,8,Subject: Re: The [secret] source of that announcement Organization: Stanford,MemGPT (approx),0,20.8216,ng_1489|ng_1829|ng_1144|ng_1565|ng_976,ng_910
456,9,Re: What do Nuclear Site's Cooling Towers do? Organization: NETCOM,MemGPT (approx),1,21.3362,ng_2032|ng_271|ng_1767|ng_12|ng_7,ng_271
456,10,Subject: Polaroid Range finder interference-Help! Organization: /etc/organizatio,MemGPT (approx),1,23.5445,ng_1245|ng_1126|ng_2153|ng_1113|ng_2159,ng_1245
456,11,Icon Animation Lines: 17 Reply-To: s_ledoux@csc32.enet.dec.com (Scott LeDoux) Or,MemGPT (approx),1,28.3057,ng_1829|ng_2111|ng_1703|ng_1936|ng_2253,ng_1703
456,12,Re: Radio Shack Battery of the Month Club Organization: University,MemGPT (approx),1,20.6525,ng_1136|ng_8|ng_751|ng_156|ng_870,ng_1136
456,13,to Mactinosh PGP 2.2 in C available Organization: capriccioso X-Newsreader:,MemGPT (approx),1,25.2345,ng_1144|ng_1485|ng_989|ng_771|ng_1595,ng_1485
456,14,waiting for a specific event/callback Keywords: event handling Reply-To: Huub.Ba,MemGPT (approx),1,25.2626,ng_2035|ng_858|ng_446|wf05_s4_chunk_0|wf17_s4_chunk_0,ng_2035
456,15,Re: Hard drive security for FBI targets Reply-To: pdc@dcs.ed.ac.uk (Paul,MemGPT (approx),0,24.2842,ng_687|ng_471|ng_598|ng_1524|ng_1313,ng_2210
456,16,"Re: Power, signal surges in home... Organization: NASA Langley Research",MemGPT (approx),0,21.7405,ng_268|ng_2312|ng_688|ng_170|ng_917,ng_1153
456,17,Re: mysterious TV problem -- source? Nntp-Posting-Host: chip Reply-To: vanderby@,MemGPT (approx),1,33.296,ng_2159|ng_78|ng_205|ng_1062|ng_1638,ng_205
456,18,Subject: Re: Organized Lobbying for Cryptography Organization: Netcom - Online,MemGPT (approx),1,21.5291,ng_38|ng_1543|ng_180|ng_1123|ng_1998,ng_1543
456,19,"FAQ for this group Distribution: usa Organization: Personal Library Software,",MemGPT (approx),1,20.0352,ng_1562|ng_38|ng_976|ng_1144|ng_1491,ng_1562
456,20,Mattern)) Subject: Re: Do we need the clipper for cheap,MemGPT (approx),0,20.7179,ng_383|ng_1347|ng_40|ng_1808|ng_1599,ng_1679
456,21,Clipper- business as usual? Article-I.D.: ole.1993Apr20.173039.4722 Organization,MemGPT (approx),1,26.1766,ng_1347|ng_455|ng_1599|ng_953|ng_40,ng_1599
456,22,Subject: ADB and graphics tablet help! Organization: Institute Of Systems,MemGPT (approx),1,19.7225,ng_1384|ng_1738|ng_916|ng_638|ng_1419,ng_1384
456,23,"Using message passing with XtAddInput Organization: 3M Company, 3M Center,",MemGPT (approx),1,22.0554,ng_2035|wf17_s4_chunk_0|ng_2190|wf17_s2_chunk_0|ng_73,ng_2190
456,24,The [secret] source of that announcement Organization: capriccioso X-Newsreader:,MemGPT (approx),0,23.1979,ng_1435|ng_1144|ng_1829|ng_1565|ng_2218,ng_964
456,25,Need Info on DSP project Summary: General info on building,MemGPT (approx),1,19.8081,ng_834|ng_1753|ng_1904|ng_1763|ng_929,ng_1753
456,26,Subject: Stereo sound problem (?) on mac games Organization: UC,MemGPT (approx),0,20.0086,ng_914|ng_1414|ng_355|ng_1607|ng_1437,ng_2044
456,27,"Screw the people, crypto is for hard-core hackers & spooks",MemGPT (approx),1,21.8846,ng_1565|ng_302|ng_1660|ng_1359|ng_1680,ng_1359
456,28,"Re: Electric power line ""balls"" Article-I.D.: larc.babb-060493164354 Distributio",MemGPT (approx),1,32.0735,ng_1854|ng_1611|ng_688|ng_833|ng_1824,ng_1854
456,29,Re: The [secret] source of that announcement Organization: PANIX Public,MemGPT (approx),1,20.2995,ng_2337|ng_2218|ng_963|ng_1829|ng_1489,ng_963
456,30,"ATTN: H. Wheaton, UCal Davis Nntp-Posting-Host: 136.182.211.36 Organization: Mot",MemGPT (approx),1,36.024,ng_1489|ng_2286|ng_1143|ng_2279|ng_255,ng_2286
456,31,"ideas? Organization: Free University of Berlin, Germany Lines: 7 Have",MemGPT (approx),0,27.7482,ng_1829|ng_1562|ng_38|ng_1489|ng_1843,ng_1770
456,32,xrolo/SPACRC/SunOS4.1.1/audio Organization: The Internet Lines: 21 NNTP-Posting-,MemGPT (approx),1,40.5282,ng_255|ng_1143|ng_1489|ng_2163|ng_235,ng_2163
456,33,Re: How large are commercial keys? Nntp-Posting-Host: mizzou1.missouri.edu Organ,MemGPT (approx),1,42.6089,ng_1489|ng_235|ng_2031|ng_1114|ng_1497,ng_1114
456,34,Telephone On Hook/Off Hok Lines: 17 AllMichael CovingtonTelephone on hook/off,MemGPT (approx),1,39.1777,ng_26|ng_353|ng_181|ng_2249|ng_1872,ng_353
456,35,Re: Non-Apple Mini-Docks available? Nntp-Posting-Host: bolero Reply-To: jonathan,MemGPT (approx),1,50.1008,ng_2151|ng_1419|ng_1474|ng_2024|wf13_s4_chunk_0,ng_2151
456,36,07/10 - Digital Signatures Organization: The Crypt Cabal Lines: 85,MemGPT (approx),1,32.7992,ng_302|ng_38|ng_1296|ng_1237|ng_2200,ng_1237
456,37,Subject: Centris 610/tms 120 drive Article-I.D.: world.C5Jq8A.3I9 Organization: ,MemGPT (approx),1,45.1593,ng_2141|ng_1928|ng_676|ng_81|ng_1880,ng_1928
456,38,Subject: Re: Help with SIMM configuration Reply-To: hades@Dartmouth.Edu Organiza,MemGPT (approx),1,37.333,ng_1799|ng_616|ng_1048|ng_852|ng_1344,ng_1048
456,39,Re: Dmm Advice Needed Article-I.D.: doug.1993Apr17.020555.6004 Organization: U o,MemGPT (approx),0,44.6335,ng_101|ng_976|ng_1251|ng_1002|ng_492,ng_971
456,40,Re: Recommendations for removable storage media wanted Lines: 25 Nntp-Posting-Ho,MemGPT (approx),1,35.2034,ng_676|ng_159|ng_2192|ng_185|ng_1797,ng_185
456,41,A little political philosophy worth reading. Lines: 66 Nntp-Posting-Host: snarfb,MemGPT (approx),0,44.4932,ng_676|ng_271|ng_846|ng_235|ng_48,ng_1376
456,42,"How to mask the left button? Organization: Informix Software, Inc.",MemGPT (approx),1,31.5669,ng_1188|ng_244|ng_1666|ng_1071|ng_1936,ng_1188
456,43,Re: Police radar....Just how does it work?? Reply-To: dtmedin@catbyte.b30.ingr.c,MemGPT (approx),0,48.5701,ng_261|ng_1557|ng_2273|ng_359|ng_2245,ng_148
456,44,Xsun not finding default font (Sol2.1) Organization: The Internet Lines:,MemGPT (approx),1,33.0714,ng_857|ng_706|ng_241|ng_1573|ng_78,ng_857
456,45,xterm and default text cursor color Reply-To: carlj@cyclone.bt.co.uk Organizatio,MemGPT (approx),1,39.471,ng_320|ng_78|ng_890|ng_1012|ng_210,ng_320
456,46,Re: Wanted: A to D hardware for a PC To:,MemGPT (approx),0,28.7085,ng_231|ng_860|ng_1912|ng_1060|ng_703,ng_1315
456,47,"S1, S2 Organization: Express Access Online Communications, Greenbelt, MD USA",MemGPT (approx),0,32.4586,ng_1629|ng_2027|ng_906|ng_1748|ng_1736,ng_2292
456,48,"Re: Once tapped, your code is no good any more.",MemGPT (approx),0,31.8522,ng_691|ng_1507|ng_2254|ng_1137|ng_1700,ng_283
456,49,EICO tube tester repairs? Reply-To: ...futserv.austin.ibm.com!rg Organization: I,MemGPT (approx),1,44.9157,ng_1431|ng_703|ng_217|ng_2145|ng_1186,ng_1431
456,50,Re: text of White House announcement and Q&As on clipper,MemGPT (approx),0,30.094,ng_953|ng_1331|ng_277|ng_1449|ng_1347,ng_1944
456,51,Subject: Re: The battle is joined Originator: rdippold@qualcom.qualcomm.com Nntp,MemGPT (approx),1,51.366,ng_1449|ng_271|ng_1002|ng_744|ng_1489,ng_1002
456,52,An Open Letter to Mr. Clinton Nntp-Posting-Host: dolores.lance.colostate.edu Org,MemGPT (approx),1,39.2461,ng_1489|ng_361|ng_283|ng_258|ng_1035,ng_258
456,53,Need to find out number to a phone line Nntp-Posting-Host:,MemGPT (approx),1,33.1796,ng_2065|ng_181|ng_1591|ng_1346|ng_1277,ng_181
456,54,comp.windows.x: Getting more performance out of X. FAQ Summary: This,MemGPT (approx),1,34.3766,ng_487|ng_1988|ng_1061|ng_2317|ng_818,ng_487
456,55,Yale CS Mail/News Gateway Lines: 24 >This actually supports Bill's,MemGPT (approx),0,35.8836,ng_1346|ng_744|ng_361|ng_2094|ng_2139,ng_97
456,56,for VGA Monitors Lines: 51 Does anyone know who makes,MemGPT (approx),1,30.228,ng_1419|ng_1083|ng_1106|ng_87|ng_1638,ng_1106
456,57,Subject: Re: Secret algorithm [Re: Clipper Chip and crypto key-escrow],MemGPT (approx),0,36.173,ng_953|ng_509|ng_21|ng_1382|ng_1021,ng_1565
456,58,"Re: 14"" monitors In-Reply-To: fredm@media.mit.edu's message of Wed, 31 Mar",MemGPT (approx),0,47.2388,ng_1419|ng_1083|ng_656|ng_31|ng_1823,ng_346
456,59,Subject: Another key registration body bites the dust (IMHO) Organization:,MemGPT (approx),1,36.8444,ng_750|ng_878|ng_2296|ng_1294|ng_2136,ng_2136
456,60,Re: text of White House announcement and Q&As on clipper,MemGPT (approx),0,31.0892,ng_953|ng_1331|ng_277|ng_1449|ng_1347,ng_1322
456,61,Re: Clipper and Ranting Libertarians Organization: Microsoft Corp. Keywords: cli,MemGPT (approx),1,34.3309,ng_1347|ng_1331|ng_953|ng_455|ng_1288,ng_455
456,62,Problems with OpenWindows Organization: Dept. of Statistics Lines: 22 After,MemGPT (approx),1,30.8884,ng_729|ng_1982|ng_731|ng_1065|ng_1090,ng_1982
456,63,Re: Secret algorithm [Re: Clipper Chip and crypto key-escrow] Keywords:,MemGPT (approx),1,34.9854,ng_953|ng_509|ng_1382|ng_21|ng_122,ng_509
456,64,Subject: Re: What do Nuclear Site's Cooling Towers do? Organization:,MemGPT (approx),0,34.0784,ng_271|ng_2032|ng_1728|ng_1767|ng_1921,ng_2169
456,65,Corporate acceptance of the wiretap chip Nntp-Posting-Host: mizzou1.missouri.edu,MemGPT (approx),1,39.503,ng_335|ng_1359|ng_2061|ng_797|ng_2222,ng_335
456,66,Subject: Re: Trouble compiling X11R5 on SunOS_4.1.3 Article-I.D.: ast.1993Apr6.1,MemGPT (approx),1,50.8782,ng_1145|ng_1102|ng_1368|ng_484|ng_437,ng_1102
456,67,Subject: Re: Rumours about New Duos !!!!! Article-I.D.: manta.kitchel.734892133 ,MemGPT (approx),1,43.9069,ng_1956|ng_2259|ng_1594|ng_2051|ng_86,ng_2259
456,68,RE-Re: Quadra SCSI Problems??? X-Mailer: TeleFinder (version 3.0) Organization: ,MemGPT (approx),1,40.9434,ng_1594|ng_914|ng_2090|ng_435|ng_923,ng_2090
456,69,Re: Secret algorithm [Re: Clipper Chip and crypto key-escrow] Organization:,MemGPT (approx),0,33.8692,ng_509|ng_21|ng_1382|ng_1021|ng_122,ng_331
456,70,Re: info on apple 8*24GC requested. Organization: Comedy Company Lines:,MemGPT (approx),1,32.125,ng_286|ng_1460|ng_1164|ng_572|ng_1823,ng_286
456,71,"Subject: Re: Interesting ADB behaviour on C650 Organization: Project GLUE,",MemGPT (approx),1,31.9087,ng_2145|ng_1527|ng_991|ng_686|ng_1049,ng_2145
456,72,references... Distribution: world Organization: Commodore Computer Club / PaNorA,MemGPT (approx),0,30.1683,ng_1904|ng_2160|ng_1743|ng_387|ng_1261,ng_677
456,73,Re: wise to remove fan in Classic? Organization: Real/Time Communications,MemGPT (approx),1,30.2227,ng_271|wf17_s4_chunk_0|ng_907|ng_1829|ng_1144,ng_907
456,74,"Mix GL with X (Xlib,Xt,mwm) Organization: The Internet Lines: 38",MemGPT (approx),1,34.3515,ng_1200|ng_2181|ng_911|ng_43|ng_1563,ng_1200
456,75,Anyone got 200+ Schadow switches with LED? X-Xxmessage-Id: <A7FC6A05A602655F@dia,MemGPT (approx),1,57.1599,ng_1421|ng_382|ng_439|ng_95|ng_1888,ng_1421
456,76,McGillan) Subject: DXF format display Organization: University of Wisconsin -,MemGPT (approx),1,30.9034,ng_1419|ng_621|ng_1480|ng_351|ng_818,ng_621
456,77,Subject: xlock Organization: Lawrence Livermore National Laboratory Lines: 11 Di,MemGPT (approx),0,29.864,ng_384|ng_690|ng_1096|ng_1252|ng_651,ng_325
456,78,Forcing a window manager to accept specific coordinates for a,MemGPT (approx),1,26.5802,ng_1099|ng_1538|ng_847|ng_1273|ng_1197,ng_1099
456,79,core dump from getcons(?) Organization: American Institute of Physics Lines:,MemGPT (approx),1,31.3399,ng_271|ng_1117|ng_1235|ng_1767|ng_1585,ng_1117
456,80,Re: Off the shelf cheap DES keyseach machine Organization: AT&T,MemGPT (approx),0,30.2678,ng_763|ng_2091|ng_2341|ng_317|ng_399,ng_702
456,81,mac portable ram problems; coprocessor not installed? Organization: Jack's Amazi,MemGPT (approx),1,33.2857,ng_2309|ng_2051|ng_2293|ng_958|ng_562,ng_2309
456,82,"Subject: X-window for PC Organization: DAIMI: Computer Science Department, Aarhu",MemGPT (approx),1,31.993,ng_116|ng_474|ng_1988|ng_1061|ng_1171,ng_116
456,83,Subject: Re: HELP_WITH_TRACKING_DEVICE Summary: underground and underwater wirel,MemGPT (approx),1,36.9651,ng_1760|ng_1094|ng_1113|ng_431|ng_2153,ng_1760
456,84,A StyleWriter II question Nntp-Posting-Host: top.magnus.acs.ohio-state.edu Organ,MemGPT (approx),0,41.7661,ng_235|ng_176|ng_744|ng_1379|ng_2094,ng_1604
456,85,Re: Monthly Question about XCopyArea() and Expose Events Reply-To: mikey@sgi.com,MemGPT (approx),0,36.9101,ng_1171|ng_2035|ng_970|ng_1367|ng_1713,ng_1353
456,86,Re: How often are SIMMs bad (mail order)? Organization: Inst.,MemGPT (approx),1,33.6685,ng_553|ng_1278|ng_1068|ng_1671|ng_808,ng_553
456,87,"finding out state of state keys (eg, CapsLock and NumLock)",MemGPT (approx),1,33.9373,ng_1584|ng_460|ng_2114|ng_1632|ng_938,ng_1584
456,88,Re: HELP! Duo 230 problems Organization: NETCOM On-line Communication Services,MemGPT (approx),1,37.5305,ng_1423|ng_671|ng_490|ng_1754|ng_1594,ng_1423
456,89,Need to find out numb Distribution: world Organization: Ozone Online,MemGPT (approx),1,32.8673,ng_2249|ng_976|ng_740|ng_1144|ng_1717,ng_2249
456,90,Used To Collect XYZ Coordinates From: ganter@ifi.unibas.ch (Robert Ganter) Organ,MemGPT (approx),1,44.8195,ng_493|ng_1308|ng_957|ng_1558|ng_461,ng_493
456,91,"Speaker design software? Organization: Computer Science Dept., Univ. of Western",MemGPT (approx),1,33.8866,ng_1876|ng_834|ng_1503|ng_1753|ng_2161,ng_1876
456,92,Subject: Re: Exploding TV! Organization: The Portal System (TM) Distribution:,MemGPT (approx),1,35.8248,ng_1186|ng_846|ng_1829|ng_2027|ng_2160,ng_1186
456,93,I need modem selection help! (especially vocabulary) Organization: Bucknell Univ,MemGPT (approx),1,33.1827,ng_2027|ng_1089|ng_220|ng_1800|ng_2178,ng_1089
456,94,Subject: Re: Why the clipper algorithm is secret Organization: Duke,MemGPT (approx),0,33.2452,ng_2126|ng_2213|ng_1635|ng_893|ng_940,ng_1957
456,95,Re: Clipper chip -- technical details Organization: AT&T Bell Laboratories,MemGPT (approx),0,31.1259,ng_953|ng_1448|ng_1674|ng_383|ng_2061,ng_253
456,96,Subject: Re: More technical details Organization: Partnership for an America,MemGPT (approx),0,29.0801,ng_1904|ng_1829|ng_2218|ng_816|ng_1379,ng_2281
456,97,Subject: Re: What is Zero dB???? Organization: University of Illinois,MemGPT (approx),0,35.6977,ng_530|ng_279|ng_141|ng_1979|ng_1379,ng_517
456,98,Re: Pinout needed for TIL311 Reply-To: jott@scarecrow.cse.nd.edu (John Ott) Orga,MemGPT (approx),1,46.0164,ng_1379|ng_2218|ng_824|ng_176|ng_683,ng_824
456,99,Subject: ADCOM GTP500II IR sensor & repeater spec's? Organization: HP,MemGPT (approx),1,33.7707,ng_2295|ng_1535|ng_2063|ng_2265|ng_2166,ng_2295
456,100,What is the JWT expiry policy for JWT Authentication?,MemGPT (approx),1,30.7689,wf01_s5_chunk_0|wf01_s1_chunk_0|wf01_d1_chunk_0|wf01_d2_chunk_0|wf01_d3_chunk_0,wf01_s1_chunk_0
456,101,How is JWT expiry implemented using PyJWT+Redis?,MemGPT (approx),1,35.7809,wf01_s1_chunk_0|wf01_d2_chunk_0|wf01_s5_chunk_0|wf01_d3_chunk_0|wf01_d1_chunk_0,wf01_s1_chunk_0
456,102,Find the backend standard for session token lifetime.,MemGPT (approx),1,29.0577,wf01_d3_chunk_0|wf01_d2_chunk_0|wf01_s1_chunk_0|wf01_s5_chunk_0|wf01_d1_chunk_0,wf01_s1_chunk_0|wf01_s4_chunk_0
456,103,Summarise the technical decision on session token lifetime during JWT Authentica,MemGPT (approx),0,35.0611,wf01_d3_chunk_0|wf01_d2_chunk_0|wf01_s5_chunk_0|wf01_d1_chunk_0|wf01_s1_chunk_0,wf01_s4_chunk_0
456,104,What is the final JWT expiry rule deployed to production after the sprint overri,MemGPT (approx),1,40.9967,wf01_s5_chunk_0|wf01_s1_chunk_0|wf01_d1_chunk_0|wf01_d2_chunk_0|wf01_d3_chunk_0,wf01_s5_chunk_0
456,105,"Was the temporary 60-minute expiry change kept, or did we revert to the original",MemGPT (approx),1,43.7938,wf01_d2_chunk_0|wf01_d3_chunk_0|wf01_d1_chunk_0|wf01_s5_chunk_0|wf01_s1_chunk_0,wf01_s3_chunk_0|wf01_s5_chunk_0
456,106,Which document defines 15-minute expiry as the approved JWT expiry setting?,MemGPT (approx),1,35.4497,wf01_d1_chunk_0|wf01_s5_chunk_0|wf01_d2_chunk_0|wf01_s1_chunk_0|wf01_d3_chunk_0,wf01_s1_chunk_0
456,107,Confirm the architecture decision that adopted 15-minute expiry for JWT Authenti,MemGPT (approx),1,32.8683,wf01_s5_chunk_0|wf01_d1_chunk_0|wf01_s1_chunk_0|wf01_d2_chunk_0|wf01_d3_chunk_0,wf01_s1_chunk_0
456,108,What is the primary keys policy for Database Schema?,MemGPT (approx),1,31.1431,wf02_d1_chunk_0|wf02_d2_chunk_0|wf02_s5_chunk_0|wf02_s1_chunk_0|wf02_d3_chunk_0,wf02_s1_chunk_0
456,109,How is primary keys implemented using Alembic+PostgreSQL?,MemGPT (approx),1,34.3549,wf02_s1_chunk_0|wf02_d2_chunk_0|wf02_d1_chunk_0|wf02_d3_chunk_0|wf02_s5_chunk_0,wf02_s1_chunk_0
456,110,Find the backend standard for row identifier scheme.,MemGPT (approx),1,35.4553,wf02_s1_chunk_0|wf02_d3_chunk_0|wf02_d2_chunk_0|wf02_s4_chunk_0|wf02_s5_chunk_0,wf02_s1_chunk_0|wf02_s4_chunk_0
456,111,Summarise the technical decision on row identifier scheme during Database Schema,MemGPT (approx),1,36.8689,wf02_s4_chunk_0|wf02_d3_chunk_0|wf02_d1_chunk_0|wf02_s1_chunk_0|wf02_d2_chunk_0,wf02_s4_chunk_0
456,112,What is the final primary keys rule deployed to production after the sprint over,MemGPT (approx),1,36.7112,wf02_s5_chunk_0|wf02_d1_chunk_0|wf02_d2_chunk_0|wf02_s1_chunk_0|wf02_d3_chunk_0,wf02_s5_chunk_0
456,113,"Was the temporary auto-incrementing integer PKs change kept, or did we revert to",MemGPT (approx),1,42.397,wf02_s5_chunk_0|wf02_s1_chunk_0|wf02_d3_chunk_0|wf02_d2_chunk_0|wf02_s3_chunk_0,wf02_s3_chunk_0|wf02_s5_chunk_0
456,114,Which document defines UUID primary keys as the approved primary keys setting?,MemGPT (approx),1,32.3107,wf02_s1_chunk_0|wf02_s5_chunk_0|wf02_d2_chunk_0|wf02_d1_chunk_0|wf02_d3_chunk_0,wf02_s1_chunk_0
456,115,Confirm the architecture decision that adopted UUID primary keys for Database Sc,MemGPT (approx),1,33.1697,wf02_s5_chunk_0|wf02_s1_chunk_0|wf02_d3_chunk_0|wf02_d2_chunk_0|wf02_d1_chunk_0,wf02_s1_chunk_0
456,116,What is the domain boundary policy for Microservice Context?,MemGPT (approx),1,28.4766,wf03_d1_chunk_0|wf03_s5_chunk_0|wf03_s1_chunk_0|wf03_d2_chunk_0|wf03_d3_chunk_0,wf03_s1_chunk_0
456,117,How is domain boundary implemented using gRPC+Protobuf?,MemGPT (approx),1,20.2323,wf03_s1_chunk_0|wf14_s1_chunk_0|wf14_d2_chunk_0|wf14_d3_chunk_0|wf14_d1_chunk_0,wf03_s1_chunk_0
456,118,Find the architecture standard for inter-service coupling.,MemGPT (approx),1,19.463,wf03_s1_chunk_0|wf14_s1_chunk_0|wf03_d3_chunk_0|wf03_s4_chunk_0|wf03_d2_chunk_0,wf03_s1_chunk_0|wf03_s4_chunk_0
456,119,Summarise the technical decision on inter-service coupling during Microservice C,MemGPT (approx),1,23.1648,wf03_d3_chunk_0|wf03_d2_chunk_0|wf03_s1_chunk_0|wf03_s4_chunk_0|wf03_d1_chunk_0,wf03_s4_chunk_0
456,120,What is the final domain boundary rule deployed to production after the sprint o,MemGPT (approx),1,22.2561,wf03_d1_chunk_0|wf03_s1_chunk_0|wf03_s5_chunk_0|wf04_s3_chunk_0|wf15_s3_chunk_0,wf03_s5_chunk_0
456,121,"Was the temporary shared database schema change kept, or did we revert to the or",MemGPT (approx),1,38.9226,wf03_d3_chunk_0|wf15_s3_chunk_0|wf03_d2_chunk_0|wf03_s5_chunk_0|wf03_s3_chunk_0,wf03_s3_chunk_0|wf03_s5_chunk_0
456,122,Which document defines strict domain boundary as the approved domain boundary se,MemGPT (approx),1,22.3879,wf03_s5_chunk_0|wf03_s1_chunk_0|wf03_d1_chunk_0|wf16_d1_chunk_0|wf04_s5_chunk_0,wf03_s1_chunk_0
456,123,Confirm the architecture decision that adopted strict domain boundary for Micros,MemGPT (approx),1,21.5003,wf03_s5_chunk_0|wf03_d1_chunk_0|wf03_s1_chunk_0|wf03_d3_chunk_0|wf03_d2_chunk_0,wf03_s1_chunk_0
456,124,What is the PR approvals policy for CI/CD Pipeline?,MemGPT (approx),1,20.2906,wf04_s5_chunk_0|wf04_s3_chunk_0|wf04_d2_chunk_0|wf04_d1_chunk_0|wf04_s1_chunk_0,wf04_s1_chunk_0
456,125,How is PR approvals implemented using GitHub Actions?,MemGPT (approx),1,20.282,wf04_s1_chunk_0|wf04_d2_chunk_0|wf04_s5_chunk_0|wf04_d1_chunk_0|wf04_s3_chunk_0,wf04_s1_chunk_0
456,126,Find the devops standard for merge gate policy.,MemGPT (approx),1,18.978,wf04_s1_chunk_0|wf04_s5_chunk_0|wf04_d2_chunk_0|wf04_d1_chunk_0|wf03_s5_chunk_0,wf04_s1_chunk_0|wf04_s4_chunk_0
456,127,Summarise the technical decision on merge gate policy during CI/CD Pipeline desi,MemGPT (approx),0,21.7439,wf04_s1_chunk_0|wf04_s5_chunk_0|wf04_d2_chunk_0|wf04_d1_chunk_0|wf04_s3_chunk_0,wf04_s4_chunk_0
456,128,What is the final PR approvals rule deployed to production after the sprint over,MemGPT (approx),1,22.777,wf04_s5_chunk_0|wf04_s3_chunk_0|wf04_d1_chunk_0|wf04_d2_chunk_0|wf15_s3_chunk_0,wf04_s5_chunk_0
456,129,"Was the temporary admin bypass override change kept, or did we revert to the ori",MemGPT (approx),1,24.1499,wf04_s3_chunk_0|wf04_s5_chunk_0|wf03_s5_chunk_0|wf19_s5_chunk_0|wf15_s5_chunk_0,wf04_s3_chunk_0|wf04_s5_chunk_0
456,130,Which document defines require 2 PR approvals as the approved PR approvals setti,MemGPT (approx),1,21.3135,wf04_d2_chunk_0|wf04_d1_chunk_0|wf04_s5_chunk_0|wf04_s1_chunk_0|wf16_d1_chunk_0,wf04_s1_chunk_0
456,131,Confirm the architecture decision that adopted require 2 PR approvals for CI/CD ,MemGPT (approx),1,21.8079,wf04_s1_chunk_0|wf04_d2_chunk_0|wf04_s5_chunk_0|wf04_d1_chunk_0|wf04_s3_chunk_0,wf04_s1_chunk_0
456,132,What is the trace sampling policy for Observability Stack?,MemGPT (approx),1,20.4572,wf05_d2_chunk_0|wf05_s5_chunk_0|wf05_d1_chunk_0|wf05_s1_chunk_0|wf05_d3_chunk_0,wf05_s1_chunk_0
456,133,How is trace sampling implemented using OpenTelemetry?,MemGPT (approx),1,20.2884,wf05_s1_chunk_0|wf05_d2_chunk_0|wf05_d3_chunk_0|wf05_d1_chunk_0|wf05_s5_chunk_0,wf05_s1_chunk_0
456,134,Find the devops standard for telemetry capture rate.,MemGPT (approx),1,20.2155,wf05_s1_chunk_0|wf05_d2_chunk_0|wf05_d1_chunk_0|wf05_s4_chunk_0|ng_2127,wf05_s1_chunk_0|wf05_s4_chunk_0
456,135,Summarise the technical decision on telemetry capture rate during Observability ,MemGPT (approx),1,23.3947,wf05_s1_chunk_0|wf05_s4_chunk_0|wf05_d1_chunk_0|wf05_d3_chunk_0|wf05_d2_chunk_0,wf05_s4_chunk_0
456,136,What is the final trace sampling rule deployed to production after the sprint ov,MemGPT (approx),1,21.921,wf05_s5_chunk_0|wf05_d2_chunk_0|wf05_d1_chunk_0|wf05_d3_chunk_0|wf05_s1_chunk_0,wf05_s5_chunk_0
456,137,"Was the temporary 100% full trace sampling change kept, or did we revert to the ",MemGPT (approx),1,24.6928,wf05_d2_chunk_0|wf05_d1_chunk_0|wf05_s1_chunk_0|wf05_s5_chunk_0|wf05_d3_chunk_0,wf05_s3_chunk_0|wf05_s5_chunk_0
456,138,Which document defines 10% trace sampling as the approved trace sampling setting,MemGPT (approx),1,20.614,wf05_d2_chunk_0|wf05_d1_chunk_0|wf05_s5_chunk_0|wf05_s1_chunk_0|wf05_d3_chunk_0,wf05_s1_chunk_0
456,139,Confirm the architecture decision that adopted 10% trace sampling for Observabil,MemGPT (approx),1,21.7587,wf05_s1_chunk_0|wf05_d2_chunk_0|wf05_s5_chunk_0|wf05_d1_chunk_0|wf05_d3_chunk_0,wf05_s1_chunk_0
456,140,What is the rate limit policy for API Gateway Rate Limiting?,MemGPT (approx),0,20.0735,wf06_d2_chunk_0|wf06_s5_chunk_0|wf06_d1_chunk_0|wf06_d3_chunk_0|wf06_s4_chunk_0,wf06_s1_chunk_0
456,141,How is rate limit implemented using nginx+Lua?,MemGPT (approx),1,20.2369,wf06_s1_chunk_0|wf06_s3_chunk_0|wf06_s4_chunk_0|wf06_d2_chunk_0|wf06_d1_chunk_0,wf06_s1_chunk_0
456,142,Find the backend standard for inbound request throttle.,MemGPT (approx),1,25.0526,wf06_s4_chunk_0|wf06_s1_chunk_0|wf06_d1_chunk_0|wf06_d2_chunk_0|wf06_s3_chunk_0,wf06_s1_chunk_0|wf06_s4_chunk_0
456,143,Summarise the technical decision on inbound request throttle during API Gateway ,MemGPT (approx),1,25.1591,wf06_s4_chunk_0|wf06_d1_chunk_0|wf06_d2_chunk_0|wf06_s1_chunk_0|wf06_s3_chunk_0,wf06_s4_chunk_0
456,144,What is the final rate limit rule deployed to production after the sprint overri,MemGPT (approx),1,21.1987,wf06_s3_chunk_0|wf06_d1_chunk_0|wf06_d2_chunk_0|wf06_s1_chunk_0|wf06_s5_chunk_0,wf06_s5_chunk_0
456,145,"Was the temporary unlimited bursting change kept, or did we revert to the origin",MemGPT (approx),1,23.046,wf06_s3_chunk_0|wf06_s5_chunk_0|wf06_d1_chunk_0|wf06_s4_chunk_0|wf06_d2_chunk_0,wf06_s3_chunk_0|wf06_s5_chunk_0
456,146,Which document defines 100 RPM rate limit as the approved rate limit setting?,MemGPT (approx),1,21.1262,wf06_d2_chunk_0|wf06_d1_chunk_0|wf06_s1_chunk_0|wf06_s5_chunk_0|wf06_s4_chunk_0,wf06_s1_chunk_0
456,147,Confirm the architecture decision that adopted 100 RPM rate limit for API Gatewa,MemGPT (approx),1,20.7698,wf06_s5_chunk_0|wf06_d2_chunk_0|wf06_d1_chunk_0|wf06_s1_chunk_0|wf06_s3_chunk_0,wf06_s1_chunk_0
456,148,What is the cache TTL policy for Distributed Caching?,MemGPT (approx),1,19.7643,wf07_d2_chunk_0|wf07_s5_chunk_0|wf07_d1_chunk_0|wf07_d3_chunk_0|wf07_s1_chunk_0,wf07_s1_chunk_0
456,149,How is cache TTL implemented using redis-py?,MemGPT (approx),1,19.5555,wf07_s1_chunk_0|wf07_d2_chunk_0|wf07_d3_chunk_0|wf07_s5_chunk_0|wf07_d1_chunk_0,wf07_s1_chunk_0
456,0,Writing a Motif widget X-Disclaimer: The views expressed in this,MemoryBank (approx),1,22.9687,ng_2255|ng_1962|ng_2191|ng_2013|ng_1852,ng_2255
456,1,How to the disks copy protected. Originator: sehari@marge.ecss.iastate.edu Organ,MemoryBank (approx),1,40.3116,ng_2206|ng_2207|ng_2192|ng_775|ng_2223,ng_2206
456,2,Subject: Re: Off the shelf cheap DES keyseach machine (Was:,MemoryBank (approx),0,22.0501,ng_763|ng_466|ng_1439|ng_2294|ng_139,ng_399
456,3,Subject: Re: LCIII vs. Centris 610? Article-I.D.: news.C51s6w.9nr Organization: ,MemoryBank (approx),1,27.6601,ng_903|ng_1070|ng_607|ng_2185|ng_282,ng_1070
456,4,Subject: Re: LC III NuBus Capable? Reply-To: hades@Dartmouth.Edu Organization: D,MemoryBank (approx),1,24.5766,ng_607|ng_903|ng_1070|ng_1413|ng_2141,ng_1413
456,5,Problem with dni and OW 3.0 Organization: The Internet Lines:,MemoryBank (approx),1,20.8052,ng_731|ng_1143|ng_887|ng_255|ng_1747,ng_887
456,6,"problem with Tek xterminal Organization: Basic Arrhythmia Laboratory, Duke Univ.",MemoryBank (approx),1,23.438,ng_926|ng_1521|ng_78|ng_1145|ng_627,ng_926
456,7,Re: xterm build problem in Solaris2.1 Organization: western geophysical explorat,MemoryBank (approx),1,22.8745,ng_1145|ng_926|ng_1581|ng_1452|ng_1765,ng_1581
456,8,Subject: Re: The [secret] source of that announcement Organization: Stanford,MemoryBank (approx),0,20.8732,ng_1489|ng_1829|ng_1144|ng_1565|ng_976,ng_910
456,9,Re: What do Nuclear Site's Cooling Towers do? Organization: NETCOM,MemoryBank (approx),1,21.9495,ng_1489|ng_1143|ng_2032|ng_271|ng_1767,ng_271
456,10,Subject: Polaroid Range finder interference-Help! Organization: /etc/organizatio,MemoryBank (approx),1,23.8119,ng_1245|ng_2153|ng_1113|ng_2159|ng_1224,ng_1245
456,11,Icon Animation Lines: 17 Reply-To: s_ledoux@csc32.enet.dec.com (Scott LeDoux) Or,MemoryBank (approx),1,32.996,ng_1829|ng_2111|ng_1703|ng_1936|ng_2253,ng_1703
456,12,Re: Radio Shack Battery of the Month Club Organization: University,MemoryBank (approx),1,21.3646,ng_1829|ng_976|ng_1136|ng_8|ng_751,ng_1136
456,13,to Mactinosh PGP 2.2 in C available Organization: capriccioso X-Newsreader:,MemoryBank (approx),1,25.9131,ng_1829|ng_1144|ng_1485|ng_989|ng_771,ng_1485
456,14,waiting for a specific event/callback Keywords: event handling Reply-To: Huub.Ba,MemoryBank (approx),1,25.9106,ng_2035|ng_858|ng_446|wf05_s4_chunk_0|wf17_s4_chunk_0,ng_2035
456,15,Re: Hard drive security for FBI targets Reply-To: pdc@dcs.ed.ac.uk (Paul,MemoryBank (approx),0,28.1377,ng_687|ng_471|ng_598|ng_1524|ng_1313,ng_2210
456,16,"Re: Power, signal surges in home... Organization: NASA Langley Research",MemoryBank (approx),0,27.3854,ng_2153|ng_1224|ng_268|ng_2312|ng_688,ng_1153
456,17,Re: mysterious TV problem -- source? Nntp-Posting-Host: chip Reply-To: vanderby@,MemoryBank (approx),1,29.5345,ng_1224|ng_2159|ng_78|ng_205|ng_1062,ng_205
456,18,Subject: Re: Organized Lobbying for Cryptography Organization: Netcom - Online,MemoryBank (approx),1,21.7836,ng_1489|ng_38|ng_1543|ng_180|ng_1123,ng_1543
456,19,"FAQ for this group Distribution: usa Organization: Personal Library Software,",MemoryBank (approx),0,20.6286,ng_1489|ng_38|ng_1144|ng_1829|ng_976,ng_1562
456,20,Mattern)) Subject: Re: Do we need the clipper for cheap,MemoryBank (approx),0,22.3546,ng_1347|ng_40|ng_1808|ng_1599|ng_329,ng_1679
456,21,Clipper- business as usual? Article-I.D.: ole.1993Apr20.173039.4722 Organization,MemoryBank (approx),1,27.5258,ng_1347|ng_1599|ng_40|ng_455|ng_953,ng_1599
456,22,Subject: ADB and graphics tablet help! Organization: Institute Of Systems,MemoryBank (approx),1,21.3818,ng_1384|ng_1738|ng_916|ng_638|ng_1419,ng_1384
456,23,"Using message passing with XtAddInput Organization: 3M Company, 3M Center,",MemoryBank (approx),1,23.7193,ng_2035|wf17_s4_chunk_0|ng_2190|wf17_s2_chunk_0|ng_73,ng_2190
456,24,The [secret] source of that announcement Organization: capriccioso X-Newsreader:,MemoryBank (approx),0,24.6775,ng_73|ng_1829|ng_953|ng_1144|ng_1489,ng_964
456,25,Need Info on DSP project Summary: General info on building,MemoryBank (approx),1,24.5735,ng_1767|ng_2032|ng_271|ng_834|ng_1753,ng_1753
456,26,Subject: Stereo sound problem (?) on mac games Organization: UC,MemoryBank (approx),0,21.3989,ng_1753|ng_834|ng_989|ng_1414|ng_355,ng_2044
456,27,"Screw the people, crypto is for hard-core hackers & spooks",MemoryBank (approx),1,22.5413,ng_1565|ng_302|ng_1660|ng_1359|ng_1680,ng_1359
456,28,"Re: Electric power line ""balls"" Article-I.D.: larc.babb-060493164354 Distributio",MemoryBank (approx),1,29.2512,ng_976|ng_688|ng_1854|ng_1611|ng_833,ng_1854
456,29,Re: The [secret] source of that announcement Organization: PANIX Public,MemoryBank (approx),0,21.6016,ng_976|ng_1565|ng_1829|ng_1489|ng_1144,ng_963
456,30,"ATTN: H. Wheaton, UCal Davis Nntp-Posting-Host: 136.182.211.36 Organization: Mot",MemoryBank (approx),1,28.9745,ng_1489|ng_1143|ng_255|ng_2286|ng_2279,ng_2286
456,31,"ideas? Organization: Free University of Berlin, Germany Lines: 7 Have",MemoryBank (approx),0,21.0895,ng_1489|ng_1829|ng_976|ng_1144|ng_38,ng_1770
456,32,xrolo/SPACRC/SunOS4.1.1/audio Organization: The Internet Lines: 21 NNTP-Posting-,MemoryBank (approx),0,43.3635,ng_1489|ng_1829|ng_1143|ng_255|ng_2279,ng_2163
456,33,Re: How large are commercial keys? Nntp-Posting-Host: mizzou1.missouri.edu Organ,MemoryBank (approx),0,26.5861,ng_1489|ng_1143|ng_1439|ng_2294|ng_2031,ng_1114
456,34,Telephone On Hook/Off Hok Lines: 17 AllMichael CovingtonTelephone on hook/off,MemoryBank (approx),1,25.6287,ng_353|ng_181|ng_2249|ng_1872|ng_154,ng_353
456,35,Re: Non-Apple Mini-Docks available? Nntp-Posting-Host: bolero Reply-To: jonathan,MemoryBank (approx),1,30.8753,ng_1143|ng_1419|ng_2151|ng_1474|ng_2024,ng_2151
456,36,07/10 - Digital Signatures Organization: The Crypt Cabal Lines: 85,MemoryBank (approx),0,21.5987,ng_38|ng_1565|ng_302|ng_1660|ng_1296,ng_1237
456,37,Subject: Centris 610/tms 120 drive Article-I.D.: world.C5Jq8A.3I9 Organization: ,MemoryBank (approx),1,28.5718,ng_1123|ng_2141|ng_1928|ng_676|ng_81,ng_1928
456,38,Subject: Re: Help with SIMM configuration Reply-To: hades@Dartmouth.Edu Organiza,MemoryBank (approx),1,24.4159,wf17_s2_chunk_0|ng_1799|ng_616|ng_1048|ng_852,ng_1048
456,39,Re: Dmm Advice Needed Article-I.D.: doug.1993Apr17.020555.6004 Organization: U o,MemoryBank (approx),0,29.407,ng_38|ng_1143|ng_976|ng_1144|ng_1543,ng_971
456,40,Re: Recommendations for removable storage media wanted Lines: 25 Nntp-Posting-Ho,MemoryBank (approx),0,23.3096,ng_1143|ng_676|ng_2192|ng_775|ng_159,ng_185
456,41,A little political philosophy worth reading. Lines: 66 Nntp-Posting-Host: snarfb,MemoryBank (approx),0,33.4964,ng_676|ng_1143|ng_1565|ng_1489|ng_1829,ng_1376
456,42,"How to mask the left button? Organization: Informix Software, Inc.",MemoryBank (approx),1,31.2772,ng_1936|ng_1188|ng_244|ng_1666|ng_1071,ng_1188
456,43,Re: Police radar....Just how does it work?? Reply-To: dtmedin@catbyte.b30.ingr.c,MemoryBank (approx),0,30.4347,ng_2153|ng_261|ng_1557|ng_2273|ng_359,ng_148
456,44,Xsun not finding default font (Sol2.1) Organization: The Internet Lines:,MemoryBank (approx),1,22.4527,ng_78|ng_857|ng_706|ng_241|ng_1573,ng_857
456,45,xterm and default text cursor color Reply-To: carlj@cyclone.bt.co.uk Organizatio,MemoryBank (approx),1,25.308,ng_78|ng_241|ng_926|ng_627|ng_320,ng_320
456,46,Re: Wanted: A to D hardware for a PC To:,MemoryBank (approx),0,20.8378,ng_676|ng_763|ng_231|ng_860|ng_1912,ng_1315
456,47,"S1, S2 Organization: Express Access Online Communications, Greenbelt, MD USA",MemoryBank (approx),0,21.2402,ng_1143|ng_1829|ng_976|ng_2279|ng_1629,ng_2292
456,48,"Re: Once tapped, your code is no good any more.",MemoryBank (approx),0,19.6524,ng_1313|ng_466|ng_691|ng_1507|ng_2254,ng_283
456,49,EICO tube tester repairs? Reply-To: ...futserv.austin.ibm.com!rg Organization: I,MemoryBank (approx),1,26.9448,ng_860|ng_2151|ng_1431|ng_217|ng_2145,ng_1431
456,50,Re: text of White House announcement and Q&As on clipper,MemoryBank (approx),0,19.5128,ng_953|ng_1347|ng_40|ng_1331|ng_277,ng_1944
456,51,Subject: Re: The battle is joined Originator: rdippold@qualcom.qualcomm.com Nntp,MemoryBank (approx),0,31.8907,ng_860|ng_1489|ng_1799|ng_255|ng_2286,ng_1002
456,52,An Open Letter to Mr. Clinton Nntp-Posting-Host: dolores.lance.colostate.edu Org,MemoryBank (approx),0,26.0585,ng_1489|ng_255|ng_1331|ng_1143|ng_1629,ng_258
456,53,Need to find out number to a phone line Nntp-Posting-Host:,MemoryBank (approx),1,21.5647,ng_255|ng_1143|ng_1629|ng_2286|ng_181,ng_181
456,54,comp.windows.x: Getting more performance out of X. FAQ Summary: This,MemoryBank (approx),1,24.1659,ng_2185|ng_487|ng_1988|ng_1061|ng_2317,ng_487
456,55,Yale CS Mail/News Gateway Lines: 24 >This actually supports Bill's,MemoryBank (approx),0,25.6468,ng_2286|ng_1489|ng_1331|ng_976|ng_73,ng_97
456,56,for VGA Monitors Lines: 51 Does anyone know who makes,MemoryBank (approx),1,19.9082,ng_1419|ng_1083|ng_1106|ng_87|ng_1638,ng_1106
456,57,Subject: Re: Secret algorithm [Re: Clipper Chip and crypto key-escrow],MemoryBank (approx),0,23.0727,ng_953|ng_509|ng_21|ng_1382|ng_1021,ng_1565
456,58,"Re: 14"" monitors In-Reply-To: fredm@media.mit.edu's message of Wed, 31 Mar",MemoryBank (approx),0,25.1838,ng_1419|ng_1083|ng_87|ng_1638|ng_1738,ng_346
456,59,Subject: Another key registration body bites the dust (IMHO) Organization:,MemoryBank (approx),1,20.1853,ng_750|ng_878|ng_2296|ng_1294|ng_2136,ng_2136
456,60,Re: text of White House announcement and Q&As on clipper,MemoryBank (approx),0,19.5952,ng_953|ng_1331|ng_1347|ng_40|ng_277,ng_1322
456,61,Re: Clipper and Ranting Libertarians Organization: Microsoft Corp. Keywords: cli,MemoryBank (approx),0,21.9106,ng_1347|ng_1331|ng_40|ng_953|ng_1599,ng_455
456,62,Problems with OpenWindows Organization: Dept. of Statistics Lines: 22 After,MemoryBank (approx),1,20.3947,ng_1573|ng_887|ng_731|ng_729|ng_1982,ng_1982
456,63,Re: Secret algorithm [Re: Clipper Chip and crypto key-escrow] Keywords:,MemoryBank (approx),1,22.91,ng_953|ng_40|ng_509|ng_1382|ng_21,ng_509
456,64,Subject: Re: What do Nuclear Site's Cooling Towers do? Organization:,MemoryBank (approx),0,20.6834,ng_1489|ng_1829|ng_2153|ng_1123|ng_2032,ng_2169
456,65,Corporate acceptance of the wiretap chip Nntp-Posting-Host: mizzou1.missouri.edu,MemoryBank (approx),0,27.8875,ng_1143|ng_691|ng_1359|ng_1680|ng_2312,ng_335
456,66,Subject: Re: Trouble compiling X11R5 on SunOS_4.1.3 Article-I.D.: ast.1993Apr6.1,MemoryBank (approx),1,32.0621,ng_857|ng_1145|ng_1452|ng_1581|ng_1102,ng_1102
456,67,Subject: Re: Rumours about New Duos !!!!! Article-I.D.: manta.kitchel.734892133 ,MemoryBank (approx),1,28.9468,ng_860|ng_1485|ng_1956|ng_2259|ng_1594,ng_2259
456,68,RE-Re: Quadra SCSI Problems??? X-Mailer: TeleFinder (version 3.0) Organization: ,MemoryBank (approx),1,26.7316,ng_1594|ng_2090|ng_435|ng_923|ng_1546,ng_2090
456,69,Re: Secret algorithm [Re: Clipper Chip and crypto key-escrow] Organization:,MemoryBank (approx),0,22.5497,ng_953|ng_509|ng_21|ng_1382|ng_1021,ng_331
456,70,Re: info on apple 8*24GC requested. Organization: Comedy Company Lines:,MemoryBank (approx),1,21.8123,ng_1829|ng_976|ng_2286|ng_638|ng_286,ng_286
456,71,"Subject: Re: Interesting ADB behaviour on C650 Organization: Project GLUE,",MemoryBank (approx),1,23.2224,ng_638|ng_2279|ng_2145|ng_1527|ng_991,ng_2145
456,72,references... Distribution: world Organization: Commodore Computer Club / PaNorA,MemoryBank (approx),0,21.747,ng_1829|ng_976|ng_1489|ng_1144|ng_834,ng_677
456,73,Re: wise to remove fan in Classic? Organization: Real/Time Communications,MemoryBank (approx),0,21.8228,ng_1829|ng_1144|ng_976|ng_271|wf17_s4_chunk_0,ng_907
456,74,"Mix GL with X (Xlib,Xt,mwm) Organization: The Internet Lines: 38",MemoryBank (approx),1,25.8222,ng_73|ng_1200|ng_2181|ng_911|ng_43,ng_1200
456,75,Anyone got 200+ Schadow switches with LED? X-Xxmessage-Id: <A7FC6A05A602655F@dia,MemoryBank (approx),0,39.3249,ng_860|ng_2317|ng_926|ng_2254|ng_1765,ng_1421
456,76,McGillan) Subject: DXF format display Organization: University of Wisconsin -,MemoryBank (approx),1,21.6755,ng_73|ng_976|ng_1144|ng_1419|ng_621,ng_621
456,77,Subject: xlock Organization: Lawrence Livermore National Laboratory Lines: 11 Di,MemoryBank (approx),0,21.5859,ng_73|ng_1573|ng_1767|ng_384|ng_690,ng_325
456,78,Forcing a window manager to accept specific coordinates for a,MemoryBank (approx),1,19.2898,ng_1099|ng_1538|ng_847|ng_1273|ng_1197,ng_1099
456,79,core dump from getcons(?) Organization: American Institute of Physics Lines:,MemoryBank (approx),1,22.1468,ng_1767|ng_1489|ng_271|ng_676|ng_1117,ng_1117
456,80,Re: Off the shelf cheap DES keyseach machine Organization: AT&T,MemoryBank (approx),0,21.3978,ng_21|ng_1021|ng_1599|ng_878|ng_1294,ng_702
456,81,mac portable ram problems; coprocessor not installed? Organization: Jack's Amazi,MemoryBank (approx),1,22.8356,ng_2309|ng_2051|ng_2293|ng_958|ng_562,ng_2309
456,82,"Subject: X-window for PC Organization: DAIMI: Computer Science Department, Aarhu",MemoryBank (approx),0,21.7022,ng_676|ng_2317|ng_1988|ng_1061|ng_487,ng_116
456,83,Subject: Re: HELP_WITH_TRACKING_DEVICE Summary: underground and underwater wirel,MemoryBank (approx),1,23.2501,ng_271|ng_2153|ng_1113|ng_1245|ng_1760,ng_1760
456,84,A StyleWriter II question Nntp-Posting-Host: top.magnus.acs.ohio-state.edu Organ,MemoryBank (approx),0,30.4628,ng_676|ng_1489|ng_976|ng_1829|ng_1143,ng_1604
456,85,Re: Monthly Question about XCopyArea() and Expose Events Reply-To: mikey@sgi.com,MemoryBank (approx),0,35.9068,ng_73|ng_2035|ng_2190|ng_446|ng_970,ng_1353
456,86,Re: How often are SIMMs bad (mail order)? Organization: Inst.,MemoryBank (approx),1,23.6779,ng_73|ng_1799|ng_616|ng_553|ng_1278,ng_553
456,87,"finding out state of state keys (eg, CapsLock and NumLock)",MemoryBank (approx),1,22.0713,ng_1439|ng_1584|ng_460|ng_2114|ng_1632,ng_1584
456,88,Re: HELP! Duo 230 problems Organization: NETCOM On-line Communication Services,MemoryBank (approx),1,21.295,ng_953|ng_1594|ng_989|ng_1423|ng_671,ng_1423
456,89,Need to find out numb Distribution: world Organization: Ozone Online,MemoryBank (approx),0,20.1447,ng_976|ng_1489|ng_1144|ng_1767|ng_384,ng_2249
456,90,Used To Collect XYZ Coordinates From: ganter@ifi.unibas.ch (Robert Ganter) Organ,MemoryBank (approx),1,25.9589,ng_73|ng_2181|ng_493|ng_1308|ng_957,ng_493
456,91,"Speaker design software? Organization: Computer Science Dept., Univ. of Western",MemoryBank (approx),0,21.6081,ng_1419|ng_834|ng_159|ng_1753|ng_1414,ng_1876
456,92,Subject: Re: Exploding TV! Organization: The Portal System (TM) Distribution:,MemoryBank (approx),1,22.4718,ng_1829|ng_1143|ng_1738|ng_2159|ng_1186,ng_1186
456,93,I need modem selection help! (especially vocabulary) Organization: Bucknell Univ,MemoryBank (approx),1,20.7444,ng_834|ng_1089|ng_2027|ng_220|ng_1800,ng_1089
456,94,Subject: Re: Why the clipper algorithm is secret Organization: Duke,MemoryBank (approx),0,20.8621,ng_953|ng_1382|ng_509|ng_40|ng_1331,ng_1957
456,95,Re: Clipper chip -- technical details Organization: AT&T Bell Laboratories,MemoryBank (approx),0,20.6694,ng_953|ng_1599|ng_1448|ng_1674|ng_383,ng_253
456,96,Subject: Re: More technical details Organization: Partnership for an America,MemoryBank (approx),0,19.257,ng_1448|ng_1829|ng_1143|ng_2027|ng_976,ng_2281
456,97,Subject: Re: What is Zero dB???? Organization: University of Illinois,MemoryBank (approx),0,26.6697,ng_2027|ng_1489|ng_530|ng_279|ng_141,ng_517
456,98,Re: Pinout needed for TIL311 Reply-To: jott@scarecrow.cse.nd.edu (John Ott) Orga,MemoryBank (approx),0,28.8958,ng_1489|ng_1143|ng_1829|ng_1799|ng_690,ng_824
456,99,Subject: ADCOM GTP500II IR sensor & repeater spec's? Organization: HP,MemoryBank (approx),1,22.168,ng_1419|ng_2295|ng_1535|ng_2063|ng_2265,ng_2295
456,100,What is the JWT expiry policy for JWT Authentication?,MemoryBank (approx),1,19.4675,wf01_s5_chunk_0|wf01_s1_chunk_0|wf01_d1_chunk_0|wf01_d2_chunk_0|wf01_d3_chunk_0,wf01_s1_chunk_0
456,101,How is JWT expiry implemented using PyJWT+Redis?,MemoryBank (approx),1,21.084,wf01_s1_chunk_0|wf01_d2_chunk_0|wf01_s5_chunk_0|wf01_d3_chunk_0|wf01_d1_chunk_0,wf01_s1_chunk_0
456,102,Find the backend standard for session token lifetime.,MemoryBank (approx),1,18.0128,wf01_d3_chunk_0|wf01_d2_chunk_0|wf01_s1_chunk_0|wf01_s5_chunk_0|wf01_d1_chunk_0,wf01_s1_chunk_0|wf01_s4_chunk_0
456,103,Summarise the technical decision on session token lifetime during JWT Authentica,MemoryBank (approx),0,20.2853,wf01_d3_chunk_0|wf01_d2_chunk_0|wf01_s5_chunk_0|wf01_d1_chunk_0|wf01_s1_chunk_0,wf01_s4_chunk_0
456,104,What is the final JWT expiry rule deployed to production after the sprint overri,MemoryBank (approx),1,21.6193,wf01_s5_chunk_0|wf01_s1_chunk_0|wf01_d1_chunk_0|wf01_d2_chunk_0|wf01_d3_chunk_0,wf01_s5_chunk_0
456,105,"Was the temporary 60-minute expiry change kept, or did we revert to the original",MemoryBank (approx),1,24.7186,wf01_d2_chunk_0|wf01_d3_chunk_0|wf01_d1_chunk_0|wf01_s5_chunk_0|wf01_s1_chunk_0,wf01_s3_chunk_0|wf01_s5_chunk_0
456,106,Which document defines 15-minute expiry as the approved JWT expiry setting?,MemoryBank (approx),1,22.5413,wf01_d1_chunk_0|wf01_s5_chunk_0|wf01_d2_chunk_0|wf01_s1_chunk_0|wf01_d3_chunk_0,wf01_s1_chunk_0
456,107,Confirm the architecture decision that adopted 15-minute expiry for JWT Authenti,MemoryBank (approx),1,21.2812,wf01_s5_chunk_0|wf01_d1_chunk_0|wf01_s1_chunk_0|wf01_d2_chunk_0|wf01_d3_chunk_0,wf01_s1_chunk_0
456,108,What is the primary keys policy for Database Schema?,MemoryBank (approx),1,21.9812,wf02_d1_chunk_0|wf02_d2_chunk_0|wf02_s5_chunk_0|wf02_s1_chunk_0|wf02_d3_chunk_0,wf02_s1_chunk_0
456,109,How is primary keys implemented using Alembic+PostgreSQL?,MemoryBank (approx),1,20.7949,wf02_s1_chunk_0|wf02_d2_chunk_0|wf02_d1_chunk_0|wf02_d3_chunk_0|wf02_s5_chunk_0,wf02_s1_chunk_0
456,110,Find the backend standard for row identifier scheme.,MemoryBank (approx),1,19.7434,wf02_s1_chunk_0|wf02_d3_chunk_0|wf02_d2_chunk_0|wf02_s5_chunk_0|wf02_d1_chunk_0,wf02_s1_chunk_0|wf02_s4_chunk_0
456,111,Summarise the technical decision on row identifier scheme during Database Schema,MemoryBank (approx),0,21.9602,wf02_d3_chunk_0|wf02_d1_chunk_0|wf02_s1_chunk_0|wf02_d2_chunk_0|wf02_s5_chunk_0,wf02_s4_chunk_0
456,112,What is the final primary keys rule deployed to production after the sprint over,MemoryBank (approx),1,20.2614,wf02_s5_chunk_0|wf02_d1_chunk_0|wf02_d2_chunk_0|wf02_s1_chunk_0|wf02_d3_chunk_0,wf02_s5_chunk_0
456,113,"Was the temporary auto-incrementing integer PKs change kept, or did we revert to",MemoryBank (approx),1,25.1244,wf02_s5_chunk_0|wf02_s1_chunk_0|wf02_d3_chunk_0|wf02_d2_chunk_0|wf02_d1_chunk_0,wf02_s3_chunk_0|wf02_s5_chunk_0
456,114,Which document defines UUID primary keys as the approved primary keys setting?,MemoryBank (approx),1,19.6495,wf02_s1_chunk_0|wf02_s5_chunk_0|wf02_d2_chunk_0|wf02_d1_chunk_0|wf02_d3_chunk_0,wf02_s1_chunk_0
456,115,Confirm the architecture decision that adopted UUID primary keys for Database Sc,MemoryBank (approx),1,21.1371,wf02_s5_chunk_0|wf02_s1_chunk_0|wf02_d3_chunk_0|wf02_d2_chunk_0|wf02_d1_chunk_0,wf02_s1_chunk_0
456,116,What is the domain boundary policy for Microservice Context?,MemoryBank (approx),0,19.7121,ng_1143|ng_2027|ng_1800|wf03_d1_chunk_0|wf03_s5_chunk_0,wf03_s1_chunk_0
456,117,How is domain boundary implemented using gRPC+Protobuf?,MemoryBank (approx),1,19.8826,wf03_d1_chunk_0|wf03_s5_chunk_0|ng_2190|ng_282|wf03_s1_chunk_0,wf03_s1_chunk_0
456,118,Find the architecture standard for inter-service coupling.,MemoryBank (approx),1,19.7103,wf03_s1_chunk_0|wf03_d1_chunk_0|wf03_s5_chunk_0|ng_2027|ng_1089,wf03_s1_chunk_0|wf03_s4_chunk_0
456,119,Summarise the technical decision on inter-service coupling during Microservice C,MemoryBank (approx),0,23.1234,wf03_d1_chunk_0|wf03_s1_chunk_0|wf03_s5_chunk_0|ng_2027|ng_1800,wf03_s4_chunk_0
456,120,What is the final domain boundary rule deployed to production after the sprint o,MemoryBank (approx),1,21.8897,wf03_s5_chunk_0|wf03_d1_chunk_0|wf03_s1_chunk_0|wf02_s5_chunk_0|wf04_s3_chunk_0,wf03_s5_chunk_0
456,121,"Was the temporary shared database schema change kept, or did we revert to the or",MemoryBank (approx),1,25.0249,wf02_s5_chunk_0|wf03_s5_chunk_0|wf03_d1_chunk_0|wf03_s1_chunk_0|wf02_d3_chunk_0,wf03_s3_chunk_0|wf03_s5_chunk_0
456,122,Which document defines strict domain boundary as the approved domain boundary se,MemoryBank (approx),1,19.958,wf03_s5_chunk_0|wf03_d1_chunk_0|wf03_s1_chunk_0|ng_1143|wf16_d1_chunk_0,wf03_s1_chunk_0
456,123,Confirm the architecture decision that adopted strict domain boundary for Micros,MemoryBank (approx),1,21.0204,wf03_s5_chunk_0|wf03_d1_chunk_0|wf03_s1_chunk_0|ng_1143|ng_1800,wf03_s1_chunk_0
456,124,What is the PR approvals policy for CI/CD Pipeline?,MemoryBank (approx),0,20.2582,wf16_d1_chunk_0|wf04_s3_chunk_0|wf04_d2_chunk_0|wf04_s5_chunk_0|wf04_d1_chunk_0,wf04_s1_chunk_0
456,125,How is PR approvals implemented using GitHub Actions?,MemoryBank (approx),1,20.2972,wf04_d2_chunk_0|wf04_s5_chunk_0|wf04_d1_chunk_0|wf04_s3_chunk_0|wf04_s1_chunk_0,wf04_s1_chunk_0
456,126,Find the devops standard for merge gate policy.,MemoryBank (approx),1,18.5921,wf04_s5_chunk_0|wf04_s1_chunk_0|wf04_d2_chunk_0|wf04_d1_chunk_0|wf04_s3_chunk_0,wf04_s1_chunk_0|wf04_s4_chunk_0
456,127,Summarise the technical decision on merge gate policy during CI/CD Pipeline desi,MemoryBank (approx),0,21.985,wf04_s1_chunk_0|wf04_s5_chunk_0|wf04_d2_chunk_0|wf04_d1_chunk_0|wf04_s3_chunk_0,wf04_s4_chunk_0
456,128,What is the final PR approvals rule deployed to production after the sprint over,MemoryBank (approx),1,21.4792,wf04_s5_chunk_0|wf04_s3_chunk_0|wf04_d1_chunk_0|wf04_d2_chunk_0|wf04_s1_chunk_0,wf04_s5_chunk_0
456,129,"Was the temporary admin bypass override change kept, or did we revert to the ori",MemoryBank (approx),1,24.1014,wf04_s3_chunk_0|wf04_s5_chunk_0|wf03_s5_chunk_0|wf16_d1_chunk_0|wf02_s5_chunk_0,wf04_s3_chunk_0|wf04_s5_chunk_0
456,130,Which document defines require 2 PR approvals as the approved PR approvals setti,MemoryBank (approx),1,20.8402,wf04_s5_chunk_0|wf04_d2_chunk_0|wf04_d1_chunk_0|wf16_d1_chunk_0|wf04_s1_chunk_0,wf04_s1_chunk_0
456,131,Confirm the architecture decision that adopted require 2 PR approvals for CI/CD ,MemoryBank (approx),1,23.3679,wf04_d2_chunk_0|wf04_s1_chunk_0|wf04_s5_chunk_0|wf04_d1_chunk_0|wf04_s3_chunk_0,wf04_s1_chunk_0
456,132,What is the trace sampling policy for Observability Stack?,MemoryBank (approx),0,31.4926,wf16_d1_chunk_0|wf05_s4_chunk_0|wf05_d2_chunk_0|wf05_s5_chunk_0|wf05_d1_chunk_0,wf05_s1_chunk_0
456,133,How is trace sampling implemented using OpenTelemetry?,MemoryBank (approx),0,20.9327,wf05_d2_chunk_0|wf05_d1_chunk_0|wf05_s5_chunk_0|wf05_s4_chunk_0|ng_2153,wf05_s1_chunk_0
456,134,Find the devops standard for telemetry capture rate.,MemoryBank (approx),1,20.0246,wf05_s4_chunk_0|wf05_d2_chunk_0|wf05_d1_chunk_0|wf05_s5_chunk_0|ng_1113,wf05_s1_chunk_0|wf05_s4_chunk_0
456,135,Summarise the technical decision on telemetry capture rate during Observability ,MemoryBank (approx),1,22.7794,wf05_s4_chunk_0|wf05_d1_chunk_0|wf05_d2_chunk_0|wf05_s5_chunk_0|ng_1113,wf05_s4_chunk_0
456,136,What is the final trace sampling rule deployed to production after the sprint ov,MemoryBank (approx),1,22.2124,wf05_s5_chunk_0|wf05_d2_chunk_0|wf05_d1_chunk_0|wf04_s3_chunk_0|wf04_s5_chunk_0,wf05_s5_chunk_0
456,137,"Was the temporary 100% full trace sampling change kept, or did we revert to the ",MemoryBank (approx),1,25.1238,wf05_d2_chunk_0|wf05_d1_chunk_0|wf05_s5_chunk_0|wf05_s4_chunk_0|ng_1113,wf05_s3_chunk_0|wf05_s5_chunk_0
456,138,Which document defines 10% trace sampling as the approved trace sampling setting,MemoryBank (approx),0,19.72,wf05_d2_chunk_0|wf05_d1_chunk_0|wf05_s5_chunk_0|wf05_s4_chunk_0|wf04_d2_chunk_0,wf05_s1_chunk_0
456,139,Confirm the architecture decision that adopted 10% trace sampling for Observabil,MemoryBank (approx),0,21.2661,wf05_d2_chunk_0|wf05_s5_chunk_0|wf05_d1_chunk_0|wf05_s4_chunk_0|wf17_s2_chunk_0,wf05_s1_chunk_0
456,140,What is the rate limit policy for API Gateway Rate Limiting?,MemoryBank (approx),0,20.3185,wf16_d1_chunk_0|wf01_s5_chunk_0|wf01_s1_chunk_0|wf06_d2_chunk_0|wf06_s5_chunk_0,wf06_s1_chunk_0
456,141,How is rate limit implemented using nginx+Lua?,MemoryBank (approx),1,19.3039,wf06_d2_chunk_0|wf06_s5_chunk_0|wf01_s1_chunk_0|wf16_d1_chunk_0|wf06_s1_chunk_0,wf06_s1_chunk_0
456,142,Find the backend standard for inbound request throttle.,MemoryBank (approx),1,19.1795,wf06_s5_chunk_0|wf06_d2_chunk_0|wf06_s1_chunk_0|wf05_s5_chunk_0|wf05_s4_chunk_0,wf06_s1_chunk_0|wf06_s4_chunk_0
456,143,Summarise the technical decision on inbound request throttle during API Gateway ,MemoryBank (approx),0,27.8425,wf06_s5_chunk_0|wf06_d2_chunk_0|wf06_s1_chunk_0|wf05_s5_chunk_0|ng_1089,wf06_s4_chunk_0
456,144,What is the final rate limit rule deployed to production after the sprint overri,MemoryBank (approx),1,20.8142,wf06_s5_chunk_0|wf06_d2_chunk_0|wf06_s1_chunk_0|wf05_s5_chunk_0|wf16_d1_chunk_0,wf06_s5_chunk_0
456,145,"Was the temporary unlimited bursting change kept, or did we revert to the origin",MemoryBank (approx),1,22.2243,wf06_s5_chunk_0|wf06_d2_chunk_0|wf06_s1_chunk_0|wf05_s5_chunk_0|ng_671,wf06_s3_chunk_0|wf06_s5_chunk_0
456,146,Which document defines 100 RPM rate limit as the approved rate limit setting?,MemoryBank (approx),1,19.761,wf06_d2_chunk_0|wf06_s1_chunk_0|wf06_s5_chunk_0|wf05_s5_chunk_0|wf04_d2_chunk_0,wf06_s1_chunk_0
456,147,Confirm the architecture decision that adopted 100 RPM rate limit for API Gatewa,MemoryBank (approx),1,20.3024,wf06_s5_chunk_0|wf06_d2_chunk_0|wf06_s1_chunk_0|wf05_s5_chunk_0|wf04_d2_chunk_0,wf06_s1_chunk_0
456,148,What is the cache TTL policy for Distributed Caching?,MemoryBank (approx),1,19.194,wf07_d2_chunk_0|wf07_s5_chunk_0|wf07_d1_chunk_0|wf07_d3_chunk_0|wf07_s1_chunk_0,wf07_s1_chunk_0
456,149,How is cache TTL implemented using redis-py?,MemoryBank (approx),1,19.6157,wf07_s1_chunk_0|wf07_d2_chunk_0|wf07_d3_chunk_0|wf07_s5_chunk_0|wf07_d1_chunk_0,wf07_s1_chunk_0
456,0,Writing a Motif widget X-Disclaimer: The views expressed in this,A-MEM (approx),1,22.0133,ng_2255|ng_1962|ng_2191|ng_2013|ng_434,ng_2255
456,1,How to the disks copy protected. Originator: sehari@marge.ecss.iastate.edu Organ,A-MEM (approx),1,25.6945,ng_2206|ng_2207|ng_2223|ng_775|ng_2192,ng_2206
456,2,Subject: Re: Off the shelf cheap DES keyseach machine (Was:,A-MEM (approx),0,30.8995,ng_763|ng_466|ng_563|ng_2091|ng_139,ng_399
456,3,Subject: Re: LCIII vs. Centris 610? Article-I.D.: news.C51s6w.9nr Organization: ,A-MEM (approx),1,33.5243,ng_903|ng_1070|ng_2185|ng_607|ng_1875,ng_1070
456,4,Subject: Re: LC III NuBus Capable? Reply-To: hades@Dartmouth.Edu Organization: D,A-MEM (approx),1,24.5961,ng_1413|ng_2141|ng_679|ng_569|ng_429,ng_1413
456,5,Problem with dni and OW 3.0 Organization: The Internet Lines:,A-MEM (approx),0,22.1897,ng_731|ng_1143|ng_255|ng_1018|ng_1812,ng_887
456,6,"problem with Tek xterminal Organization: Basic Arrhythmia Laboratory, Duke Univ.",A-MEM (approx),1,23.8192,ng_926|ng_1521|ng_627|ng_78|ng_1430,ng_926
456,7,Re: xterm build problem in Solaris2.1 Organization: western geophysical explorat,A-MEM (approx),1,22.4806,ng_1581|ng_1452|ng_1145|ng_1515|ng_437,ng_1581
456,8,Subject: Re: The [secret] source of that announcement Organization: Stanford,A-MEM (approx),0,20.7693,ng_1489|ng_1829|ng_1998|ng_976|ng_2218,ng_910
456,9,Re: What do Nuclear Site's Cooling Towers do? Organization: NETCOM,A-MEM (approx),1,20.5631,ng_2032|ng_271|ng_1767|ng_1728|ng_12,ng_271
456,10,Subject: Polaroid Range finder interference-Help! Organization: /etc/organizatio,A-MEM (approx),1,22.4182,ng_1245|ng_2153|ng_1113|ng_1125|ng_96,ng_1245
456,11,Icon Animation Lines: 17 Reply-To: s_ledoux@csc32.enet.dec.com (Scott LeDoux) Or,A-MEM (approx),1,26.7074,ng_2111|ng_1703|ng_1936|ng_2148|ng_2170,ng_1703
456,12,Re: Radio Shack Battery of the Month Club Organization: University,A-MEM (approx),1,19.964,ng_1136|ng_8|ng_156|ng_751|ng_870,ng_1136
456,13,to Mactinosh PGP 2.2 in C available Organization: capriccioso X-Newsreader:,A-MEM (approx),1,24.3574,ng_1485|ng_989|ng_1595|ng_481|ng_993,ng_1485
456,14,waiting for a specific event/callback Keywords: event handling Reply-To: Huub.Ba,A-MEM (approx),1,25.3656,ng_2035|ng_858|ng_2190|ng_559|ng_85,ng_2035
456,15,Re: Hard drive security for FBI targets Reply-To: pdc@dcs.ed.ac.uk (Paul,A-MEM (approx),0,23.9214,ng_687|ng_471|ng_598|ng_1313|ng_1524,ng_2210
456,16,"Re: Power, signal surges in home... Organization: NASA Langley Research",A-MEM (approx),0,26.2501,ng_268|ng_2312|ng_170|ng_2216|ng_463,ng_1153
456,17,Re: mysterious TV problem -- source? Nntp-Posting-Host: chip Reply-To: vanderby@,A-MEM (approx),1,29.279,ng_205|ng_1062|ng_1027|ng_178|ng_416,ng_205
456,18,Subject: Re: Organized Lobbying for Cryptography Organization: Netcom - Online,A-MEM (approx),1,20.2475,ng_38|ng_1543|ng_657|ng_1560|ng_949,ng_1543
456,19,"FAQ for this group Distribution: usa Organization: Personal Library Software,",A-MEM (approx),1,20.1048,ng_1562|ng_976|ng_1144|ng_1491|ng_1036,ng_1562
456,20,Mattern)) Subject: Re: Do we need the clipper for cheap,A-MEM (approx),0,22.9374,ng_1347|ng_40|ng_1331|ng_1784|ng_209,ng_1679
456,21,Clipper- business as usual? Article-I.D.: ole.1993Apr20.173039.4722 Organization,A-MEM (approx),1,26.3889,ng_1347|ng_455|ng_40|ng_1599|ng_1331,ng_1599
456,22,Subject: ADB and graphics tablet help! Organization: Institute Of Systems,A-MEM (approx),1,19.5803,ng_1384|ng_1738|ng_916|ng_1419|ng_689,ng_1384
456,23,"Using message passing with XtAddInput Organization: 3M Company, 3M Center,",A-MEM (approx),1,22.1821,ng_2190|ng_2035|ng_62|ng_2165|ng_2187,ng_2190
456,24,The [secret] source of that announcement Organization: capriccioso X-Newsreader:,A-MEM (approx),0,23.1122,ng_1435|ng_1144|ng_976|ng_1829|ng_1888,ng_964
456,25,Need Info on DSP project Summary: General info on building,A-MEM (approx),1,19.5866,ng_834|ng_1753|ng_1763|ng_1904|ng_929,ng_1753
456,26,Subject: Stereo sound problem (?) on mac games Organization: UC,A-MEM (approx),1,19.6377,ng_1414|ng_355|ng_2044|ng_1607|ng_1437,ng_2044
456,27,"Screw the people, crypto is for hard-core hackers & spooks",A-MEM (approx),1,21.9734,ng_302|ng_1660|ng_1359|ng_1680|ng_1984,ng_1359
456,28,"Re: Electric power line ""balls"" Article-I.D.: larc.babb-060493164354 Distributio",A-MEM (approx),1,27.1616,ng_1854|ng_1611|ng_833|ng_2015|ng_688,ng_1854
456,29,Re: The [secret] source of that announcement Organization: PANIX Public,A-MEM (approx),0,20.2196,ng_2337|ng_2218|ng_820|ng_1407|ng_2083,ng_963
456,30,"ATTN: H. Wheaton, UCal Davis Nntp-Posting-Host: 136.182.211.36 Organization: Mot",A-MEM (approx),1,27.4346,ng_2286|ng_1143|ng_255|ng_2279|ng_235,ng_2286
456,31,"ideas? Organization: Free University of Berlin, Germany Lines: 7 Have",A-MEM (approx),0,19.9286,ng_1843|ng_1829|ng_2080|ng_1379|ng_1998,ng_1770
456,32,xrolo/SPACRC/SunOS4.1.1/audio Organization: The Internet Lines: 21 NNTP-Posting-,A-MEM (approx),1,39.2408,ng_2163|ng_235|ng_1577|ng_1084|ng_255,ng_2163
456,33,Re: How large are commercial keys? Nntp-Posting-Host: mizzou1.missouri.edu Organ,A-MEM (approx),1,25.2933,ng_2031|ng_1114|ng_1497|ng_2091|ng_938,ng_1114
456,34,Telephone On Hook/Off Hok Lines: 17 AllMichael CovingtonTelephone on hook/off,A-MEM (approx),1,23.9364,ng_353|ng_181|ng_877|ng_154|ng_1591,ng_353
456,35,Re: Non-Apple Mini-Docks available? Nntp-Posting-Host: bolero Reply-To: jonathan,A-MEM (approx),1,29.4683,ng_2151|ng_1474|ng_2024|ng_1357|ng_1259,ng_2151
456,36,07/10 - Digital Signatures Organization: The Crypt Cabal Lines: 85,A-MEM (approx),1,21.1027,ng_1296|ng_1237|ng_2200|ng_13|ng_1458,ng_1237
456,37,Subject: Centris 610/tms 120 drive Article-I.D.: world.C5Jq8A.3I9 Organization: ,A-MEM (approx),1,29.4601,ng_1928|ng_676|ng_221|ng_2101|ng_1309,ng_1928
456,38,Subject: Re: Help with SIMM configuration Reply-To: hades@Dartmouth.Edu Organiza,A-MEM (approx),1,23.6178,ng_1799|ng_616|ng_1048|ng_1344|ng_1068,ng_1048
456,39,Re: Dmm Advice Needed Article-I.D.: doug.1993Apr17.020555.6004 Organization: U o,A-MEM (approx),0,28.8019,ng_101|ng_976|ng_1144|ng_1543|ng_657,ng_971
456,40,Re: Recommendations for removable storage media wanted Lines: 25 Nntp-Posting-Ho,A-MEM (approx),0,24.5507,ng_159|ng_2192|ng_775|ng_1797|ng_848,ng_185
456,41,A little political philosophy worth reading. Lines: 66 Nntp-Posting-Host: snarfb,A-MEM (approx),0,27.0705,ng_676|ng_846|ng_235|ng_424|ng_1812,ng_1376
456,42,"How to mask the left button? Organization: Informix Software, Inc.",A-MEM (approx),1,20.1688,ng_1188|ng_244|ng_532|ng_1353|ng_1973,ng_1188
456,43,Re: Police radar....Just how does it work?? Reply-To: dtmedin@catbyte.b30.ingr.c,A-MEM (approx),1,29.3126,ng_261|ng_1557|ng_2273|ng_1539|ng_148,ng_148
456,44,Xsun not finding default font (Sol2.1) Organization: The Internet Lines:,A-MEM (approx),1,26.1364,ng_857|ng_706|ng_241|ng_2016|ng_484,ng_857
456,45,xterm and default text cursor color Reply-To: carlj@cyclone.bt.co.uk Organizatio,A-MEM (approx),1,35.4732,ng_320|ng_890|ng_1012|ng_210|ng_439,ng_320
456,46,Re: Wanted: A to D hardware for a PC To:,A-MEM (approx),0,20.2644,ng_231|ng_860|ng_286|ng_427|ng_1556,ng_1315
456,47,"S1, S2 Organization: Express Access Online Communications, Greenbelt, MD USA",A-MEM (approx),0,21.8228,ng_1629|ng_2027|ng_29|ng_1143|ng_1610,ng_2292
456,48,"Re: Once tapped, your code is no good any more.",A-MEM (approx),0,21.1471,ng_691|ng_1507|ng_1137|ng_1861|ng_1531,ng_283
456,49,EICO tube tester repairs? Reply-To: ...futserv.austin.ibm.com!rg Organization: I,A-MEM (approx),1,27.2067,ng_1431|ng_217|ng_1030|ng_697|ng_2151,ng_1431
456,50,Re: text of White House announcement and Q&As on clipper,A-MEM (approx),0,20.3052,ng_1331|ng_277|ng_40|ng_1347|ng_1078,ng_1944
456,51,Subject: Re: The battle is joined Originator: rdippold@qualcom.qualcomm.com Nntp,A-MEM (approx),1,32.9745,ng_1449|ng_1002|ng_1724|ng_2066|ng_2218,ng_1002
456,52,An Open Letter to Mr. Clinton Nntp-Posting-Host: dolores.lance.colostate.edu Org,A-MEM (approx),0,26.4289,ng_361|ng_283|ng_1673|ng_1035|ng_902,ng_258
456,53,Need to find out number to a phone line Nntp-Posting-Host:,A-MEM (approx),1,22.3071,ng_2065|ng_181|ng_1591|ng_577|ng_877,ng_181
456,54,comp.windows.x: Getting more performance out of X. FAQ Summary: This,A-MEM (approx),1,21.5881,ng_487|ng_1988|ng_1061|ng_2317|ng_818,ng_487
456,55,Yale CS Mail/News Gateway Lines: 24 >This actually supports Bill's,A-MEM (approx),0,20.1969,ng_2094|ng_2139|ng_1346|ng_2115|ng_385,ng_97
456,56,for VGA Monitors Lines: 51 Does anyone know who makes,A-MEM (approx),1,20.1324,ng_1083|ng_1106|ng_1445|ng_656|ng_1260,ng_1106
456,57,Subject: Re: Secret algorithm [Re: Clipper Chip and crypto key-escrow],A-MEM (approx),0,28.1462,ng_509|ng_21|ng_1382|ng_1796|ng_1492,ng_1565
456,58,"Re: 14"" monitors In-Reply-To: fredm@media.mit.edu's message of Wed, 31 Mar",A-MEM (approx),0,26.0421,ng_656|ng_31|ng_1823|ng_1803|ng_259,ng_346
456,59,Subject: Another key registration body bites the dust (IMHO) Organization:,A-MEM (approx),0,20.1854,ng_750|ng_878|ng_1294|ng_1172|ng_1101,ng_2136
456,60,Re: text of White House announcement and Q&As on clipper,A-MEM (approx),0,19.4946,ng_1331|ng_277|ng_40|ng_1347|ng_1078,ng_1322
456,61,Re: Clipper and Ranting Libertarians Organization: Microsoft Corp. Keywords: cli,A-MEM (approx),1,24.2306,ng_455|ng_1347|ng_40|ng_1331|ng_2218,ng_455
456,62,Problems with OpenWindows Organization: Dept. of Statistics Lines: 22 After,A-MEM (approx),1,20.4199,ng_729|ng_1982|ng_1065|ng_1996|ng_327,ng_1982
456,63,Re: Secret algorithm [Re: Clipper Chip and crypto key-escrow] Keywords:,A-MEM (approx),1,22.1622,ng_509|ng_1382|ng_1796|ng_1492|ng_1626,ng_509
456,64,Subject: Re: What do Nuclear Site's Cooling Towers do? Organization:,A-MEM (approx),0,20.4279,ng_2032|ng_1728|ng_1767|ng_1921|ng_12,ng_2169
456,65,Corporate acceptance of the wiretap chip Nntp-Posting-Host: mizzou1.missouri.edu,A-MEM (approx),1,25.6993,ng_335|ng_1359|ng_797|ng_1745|ng_1680,ng_335
456,66,Subject: Re: Trouble compiling X11R5 on SunOS_4.1.3 Article-I.D.: ast.1993Apr6.1,A-MEM (approx),1,31.4384,ng_1102|ng_1368|ng_484|ng_437|ng_498,ng_1102
456,67,Subject: Re: Rumours about New Duos !!!!! Article-I.D.: manta.kitchel.734892133 ,A-MEM (approx),1,28.2909,ng_1956|ng_2259|ng_92|ng_1443|ng_946,ng_2259
456,68,RE-Re: Quadra SCSI Problems??? X-Mailer: TeleFinder (version 3.0) Organization: ,A-MEM (approx),1,26.4578,ng_2090|ng_435|ng_1546|ng_923|ng_232,ng_2090
456,69,Re: Secret algorithm [Re: Clipper Chip and crypto key-escrow] Organization:,A-MEM (approx),0,23.4198,ng_509|ng_21|ng_1382|ng_1796|ng_1492,ng_331
456,70,Re: info on apple 8*24GC requested. Organization: Comedy Company Lines:,A-MEM (approx),1,22.0388,ng_286|ng_1460|ng_864|ng_1164|ng_1884,ng_286
456,71,"Subject: Re: Interesting ADB behaviour on C650 Organization: Project GLUE,",A-MEM (approx),1,21.4211,ng_2145|ng_1527|ng_991|ng_759|ng_2137,ng_2145
456,72,references... Distribution: world Organization: Commodore Computer Club / PaNorA,A-MEM (approx),0,20.8464,ng_2160|ng_1743|ng_370|ng_619|ng_242,ng_677
456,73,Re: wise to remove fan in Classic? Organization: Real/Time Communications,A-MEM (approx),1,20.306,ng_907|ng_1829|ng_1383|ng_1227|ng_1379,ng_907
456,74,"Mix GL with X (Xlib,Xt,mwm) Organization: The Internet Lines: 38",A-MEM (approx),1,22.4843,ng_1200|ng_2181|ng_1563|ng_43|ng_911,ng_1200
456,75,Anyone got 200+ Schadow switches with LED? X-Xxmessage-Id: <A7FC6A05A602655F@dia,A-MEM (approx),1,37.4121,ng_1421|ng_382|ng_439|ng_1888|ng_95,ng_1421
456,76,McGillan) Subject: DXF format display Organization: University of Wisconsin -,A-MEM (approx),1,21.9137,ng_621|ng_1480|ng_818|ng_1252|ng_1851,ng_621
456,77,Subject: xlock Organization: Lawrence Livermore National Laboratory Lines: 11 Di,A-MEM (approx),0,21.8183,ng_384|ng_690|ng_651|ng_1491|ng_1969,ng_325
456,78,Forcing a window manager to accept specific coordinates for a,A-MEM (approx),1,19.3283,ng_1099|ng_1538|ng_847|ng_1273|ng_1197,ng_1099
456,79,core dump from getcons(?) Organization: American Institute of Physics Lines:,A-MEM (approx),1,21.6549,ng_1117|ng_1235|ng_1385|ng_1344|ng_360,ng_1117
456,80,Re: Off the shelf cheap DES keyseach machine Organization: AT&T,A-MEM (approx),0,21.5117,ng_763|ng_2091|ng_16|ng_563|ng_1472,ng_702
456,81,mac portable ram problems; coprocessor not installed? Organization: Jack's Amazi,A-MEM (approx),1,22.8209,ng_2309|ng_2051|ng_2293|ng_958|ng_149,ng_2309
456,82,"Subject: X-window for PC Organization: DAIMI: Computer Science Department, Aarhu",A-MEM (approx),1,24.6711,ng_116|ng_474|ng_1171|ng_1061|ng_866,ng_116
456,83,Subject: Re: HELP_WITH_TRACKING_DEVICE Summary: underground and underwater wirel,A-MEM (approx),1,23.6696,ng_1760|ng_1094|ng_431|ng_1903|ng_2211,ng_1760
456,84,A StyleWriter II question Nntp-Posting-Host: top.magnus.acs.ohio-state.edu Organ,A-MEM (approx),0,27.7956,ng_235|ng_176|ng_2335|ng_255|ng_1489,ng_1604
456,85,Re: Monthly Question about XCopyArea() and Expose Events Reply-To: mikey@sgi.com,A-MEM (approx),0,26.0749,ng_970|ng_1367|ng_1713|ng_578|ng_186,ng_1353
456,86,Re: How often are SIMMs bad (mail order)? Organization: Inst.,A-MEM (approx),1,23.4604,ng_553|ng_1278|ng_1068|ng_1671|ng_808,ng_553
456,87,"finding out state of state keys (eg, CapsLock and NumLock)",A-MEM (approx),1,24.4933,ng_1584|ng_460|ng_2114|ng_1632|ng_1340,ng_1584
456,88,Re: HELP! Duo 230 problems Organization: NETCOM On-line Communication Services,A-MEM (approx),1,33.5645,ng_1423|ng_671|ng_2054|ng_1813|ng_1649,ng_1423
456,89,Need to find out numb Distribution: world Organization: Ozone Online,A-MEM (approx),1,21.6388,ng_2249|ng_976|ng_1144|ng_1489|ng_2115,ng_2249
456,90,Used To Collect XYZ Coordinates From: ganter@ifi.unibas.ch (Robert Ganter) Organ,A-MEM (approx),1,25.8726,ng_493|ng_1308|ng_1903|ng_461|ng_521,ng_493
456,91,"Speaker design software? Organization: Computer Science Dept., Univ. of Western",A-MEM (approx),1,20.9898,ng_1876|ng_834|ng_1503|ng_1753|ng_1958,ng_1876
456,92,Subject: Re: Exploding TV! Organization: The Portal System (TM) Distribution:,A-MEM (approx),1,22.1792,ng_1186|ng_846|ng_278|ng_1481|ng_613,ng_1186
456,93,I need modem selection help! (especially vocabulary) Organization: Bucknell Univ,A-MEM (approx),1,20.8419,ng_1089|ng_2027|ng_220|ng_1800|ng_61,ng_1089
456,94,Subject: Re: Why the clipper algorithm is secret Organization: Duke,A-MEM (approx),1,19.922,ng_2126|ng_2213|ng_893|ng_1957|ng_1626,ng_1957
456,95,Re: Clipper chip -- technical details Organization: AT&T Bell Laboratories,A-MEM (approx),0,20.3316,ng_1448|ng_1674|ng_2061|ng_953|ng_538,ng_253
456,96,Subject: Re: More technical details Organization: Partnership for an America,A-MEM (approx),0,19.6808,ng_1829|ng_2218|ng_1407|ng_1379|ng_1998,ng_2281
456,97,Subject: Re: What is Zero dB???? Organization: University of Illinois,A-MEM (approx),1,20.9754,ng_530|ng_279|ng_141|ng_1979|ng_517,ng_517
456,98,Re: Pinout needed for TIL311 Reply-To: jott@scarecrow.cse.nd.edu (John Ott) Orga,A-MEM (approx),1,27.9272,ng_824|ng_683|ng_176|ng_2059|ng_2164,ng_824
456,99,Subject: ADCOM GTP500II IR sensor & repeater spec's? Organization: HP,A-MEM (approx),1,26.6749,ng_2295|ng_1535|ng_1609|ng_1362|ng_1842,ng_2295
456,100,What is the JWT expiry policy for JWT Authentication?,A-MEM (approx),1,23.0894,wf01_s5_chunk_0|wf01_s1_chunk_0|wf01_d1_chunk_0|wf01_d2_chunk_0|wf01_d3_chunk_0,wf01_s1_chunk_0
456,101,How is JWT expiry implemented using PyJWT+Redis?,A-MEM (approx),1,21.3429,wf01_s1_chunk_0|wf01_s3_chunk_0|wf01_s4_chunk_0|wf01_s5_chunk_0|wf01_d2_chunk_0,wf01_s1_chunk_0
456,102,Find the backend standard for session token lifetime.,A-MEM (approx),1,18.5859,wf01_d3_chunk_0|wf01_d2_chunk_0|wf01_s1_chunk_0|wf01_s5_chunk_0|wf01_s3_chunk_0,wf01_s1_chunk_0|wf01_s4_chunk_0
456,103,Summarise the technical decision on session token lifetime during JWT Authentica,A-MEM (approx),0,20.5894,wf01_d3_chunk_0|wf01_d2_chunk_0|wf01_s5_chunk_0|wf01_d1_chunk_0|wf01_s1_chunk_0,wf01_s4_chunk_0
456,104,What is the final JWT expiry rule deployed to production after the sprint overri,A-MEM (approx),1,24.3799,wf01_s5_chunk_0|wf01_s3_chunk_0|wf01_s1_chunk_0|wf01_d1_chunk_0|wf01_d2_chunk_0,wf01_s5_chunk_0
456,105,"Was the temporary 60-minute expiry change kept, or did we revert to the original",A-MEM (approx),1,24.1589,wf01_d2_chunk_0|wf01_d3_chunk_0|wf01_d1_chunk_0|wf01_s5_chunk_0|wf01_s3_chunk_0,wf01_s3_chunk_0|wf01_s5_chunk_0
456,106,Which document defines 15-minute expiry as the approved JWT expiry setting?,A-MEM (approx),1,22.0445,wf01_d1_chunk_0|wf01_s5_chunk_0|wf01_d2_chunk_0|wf01_s1_chunk_0|wf01_s3_chunk_0,wf01_s1_chunk_0
456,107,Confirm the architecture decision that adopted 15-minute expiry for JWT Authenti,A-MEM (approx),1,21.8197,wf01_s5_chunk_0|wf01_d1_chunk_0|wf01_s1_chunk_0|wf01_d2_chunk_0|wf01_d3_chunk_0,wf01_s1_chunk_0
456,108,What is the primary keys policy for Database Schema?,A-MEM (approx),1,19.9757,wf02_d1_chunk_0|wf02_d2_chunk_0|wf02_d3_chunk_0|wf02_s5_chunk_0|wf02_s1_chunk_0,wf02_s1_chunk_0
456,109,How is primary keys implemented using Alembic+PostgreSQL?,A-MEM (approx),1,20.8696,wf02_s1_chunk_0|wf02_d2_chunk_0|wf02_d1_chunk_0|wf02_s3_chunk_0|wf02_s5_chunk_0,wf02_s1_chunk_0
456,110,Find the backend standard for row identifier scheme.,A-MEM (approx),1,19.9127,wf02_s4_chunk_0|wf02_s1_chunk_0|wf02_d3_chunk_0|wf12_s1_chunk_0|wf02_d2_chunk_0,wf02_s1_chunk_0|wf02_s4_chunk_0
456,111,Summarise the technical decision on row identifier scheme during Database Schema,A-MEM (approx),1,21.8204,wf02_s4_chunk_0|wf02_d3_chunk_0|wf02_d1_chunk_0|wf02_s1_chunk_0|wf02_d2_chunk_0,wf02_s4_chunk_0
456,112,What is the final primary keys rule deployed to production after the sprint over,A-MEM (approx),1,21.0123,wf02_s5_chunk_0|wf02_d1_chunk_0|wf02_d2_chunk_0|wf02_s1_chunk_0|wf02_s3_chunk_0,wf02_s5_chunk_0
456,113,"Was the temporary auto-incrementing integer PKs change kept, or did we revert to",A-MEM (approx),1,27.0324,wf02_s3_chunk_0|wf02_s5_chunk_0|wf02_s1_chunk_0|wf02_d3_chunk_0|wf02_s4_chunk_0,wf02_s3_chunk_0|wf02_s5_chunk_0
456,114,Which document defines UUID primary keys as the approved primary keys setting?,A-MEM (approx),1,21.2329,wf02_s1_chunk_0|wf02_s5_chunk_0|wf02_d2_chunk_0|wf02_d1_chunk_0|wf02_d3_chunk_0,wf02_s1_chunk_0
456,115,Confirm the architecture decision that adopted UUID primary keys for Database Sc,A-MEM (approx),1,20.7711,wf02_s5_chunk_0|wf02_s1_chunk_0|wf02_d3_chunk_0|wf02_d2_chunk_0|wf02_d1_chunk_0,wf02_s1_chunk_0
456,116,What is the domain boundary policy for Microservice Context?,A-MEM (approx),1,20.219,wf03_d1_chunk_0|wf03_s5_chunk_0|wf03_s1_chunk_0|wf03_d2_chunk_0|wf03_d3_chunk_0,wf03_s1_chunk_0
456,117,How is domain boundary implemented using gRPC+Protobuf?,A-MEM (approx),1,21.1184,wf03_s1_chunk_0|wf14_s1_chunk_0|wf14_d3_chunk_0|wf14_d2_chunk_0|wf03_s4_chunk_0,wf03_s1_chunk_0
456,118,Find the architecture standard for inter-service coupling.,A-MEM (approx),1,19.3084,wf03_d3_chunk_0|wf03_s1_chunk_0|wf03_s4_chunk_0|wf03_d2_chunk_0|wf03_d1_chunk_0,wf03_s1_chunk_0|wf03_s4_chunk_0
456,119,Summarise the technical decision on inter-service coupling during Microservice C,A-MEM (approx),0,22.681,wf03_d3_chunk_0|wf03_d2_chunk_0|wf03_d1_chunk_0|wf03_s1_chunk_0|wf03_s5_chunk_0,wf03_s4_chunk_0
456,120,What is the final domain boundary rule deployed to production after the sprint o,A-MEM (approx),1,21.3774,wf03_s5_chunk_0|wf03_d1_chunk_0|wf03_s1_chunk_0|wf03_s3_chunk_0|wf14_s5_chunk_0,wf03_s5_chunk_0
456,121,"Was the temporary shared database schema change kept, or did we revert to the or",A-MEM (approx),1,24.3422,wf03_s3_chunk_0|wf15_s4_chunk_0|wf15_d3_chunk_0|wf03_d3_chunk_0|wf15_s5_chunk_0,wf03_s3_chunk_0|wf03_s5_chunk_0
456,122,Which document defines strict domain boundary as the approved domain boundary se,A-MEM (approx),1,19.7937,wf03_s5_chunk_0|wf03_s1_chunk_0|wf03_d1_chunk_0|wf03_s4_chunk_0|wf14_d3_chunk_0,wf03_s1_chunk_0
456,123,Confirm the architecture decision that adopted strict domain boundary for Micros,A-MEM (approx),1,20.6318,wf03_s5_chunk_0|wf03_d1_chunk_0|wf03_s1_chunk_0|wf03_d3_chunk_0|wf03_d2_chunk_0,wf03_s1_chunk_0
456,124,What is the PR approvals policy for CI/CD Pipeline?,A-MEM (approx),1,19.6717,wf04_d2_chunk_0|wf04_s5_chunk_0|wf04_s1_chunk_0|wf04_d1_chunk_0|wf04_d3_chunk_0,wf04_s1_chunk_0
456,125,How is PR approvals implemented using GitHub Actions?,A-MEM (approx),1,19.5069,wf04_s1_chunk_0|wf04_d2_chunk_0|wf04_s5_chunk_0|wf04_d1_chunk_0|wf04_s4_chunk_0,wf04_s1_chunk_0
456,126,Find the devops standard for merge gate policy.,A-MEM (approx),1,18.3828,wf04_s4_chunk_0|wf04_d3_chunk_0|wf04_s1_chunk_0|wf04_s5_chunk_0|wf04_d2_chunk_0,wf04_s1_chunk_0|wf04_s4_chunk_0
456,127,Summarise the technical decision on merge gate policy during CI/CD Pipeline desi,A-MEM (approx),1,26.8926,wf04_d3_chunk_0|wf04_s4_chunk_0|wf04_s1_chunk_0|wf04_s5_chunk_0|wf04_d2_chunk_0,wf04_s4_chunk_0
456,128,What is the final PR approvals rule deployed to production after the sprint over,A-MEM (approx),1,25.7291,wf04_s5_chunk_0|wf04_s3_chunk_0|wf04_d2_chunk_0|wf04_d1_chunk_0|wf04_s1_chunk_0,wf04_s5_chunk_0
456,129,"Was the temporary admin bypass override change kept, or did we revert to the ori",A-MEM (approx),1,24.0501,wf04_s3_chunk_0|wf19_s5_chunk_0|wf04_s5_chunk_0|wf04_s4_chunk_0|wf16_s3_chunk_0,wf04_s3_chunk_0|wf04_s5_chunk_0
456,130,Which document defines require 2 PR approvals as the approved PR approvals setti,A-MEM (approx),1,21.1379,wf04_d2_chunk_0|wf04_d1_chunk_0|wf04_s5_chunk_0|wf04_s1_chunk_0|wf16_d1_chunk_0,wf04_s1_chunk_0
456,131,Confirm the architecture decision that adopted require 2 PR approvals for CI/CD ,A-MEM (approx),1,22.6127,wf04_s1_chunk_0|wf04_d2_chunk_0|wf04_s5_chunk_0|wf04_d1_chunk_0|wf04_d3_chunk_0,wf04_s1_chunk_0
456,132,What is the trace sampling policy for Observability Stack?,A-MEM (approx),1,20.1806,wf05_d2_chunk_0|wf05_s5_chunk_0|wf05_s1_chunk_0|wf05_d1_chunk_0|wf05_d3_chunk_0,wf05_s1_chunk_0
456,133,How is trace sampling implemented using OpenTelemetry?,A-MEM (approx),1,21.3578,wf05_s1_chunk_0|wf05_d2_chunk_0|wf05_s3_chunk_0|wf05_d3_chunk_0|wf05_d1_chunk_0,wf05_s1_chunk_0
456,134,Find the devops standard for telemetry capture rate.,A-MEM (approx),1,24.1634,wf05_s4_chunk_0|ng_2127|wf05_s1_chunk_0|wf05_d2_chunk_0|wf05_d1_chunk_0,wf05_s1_chunk_0|wf05_s4_chunk_0
456,135,Summarise the technical decision on telemetry capture rate during Observability ,A-MEM (approx),1,37.1079,wf05_s1_chunk_0|wf05_s4_chunk_0|wf05_d1_chunk_0|wf05_d3_chunk_0|wf05_d2_chunk_0,wf05_s4_chunk_0
456,136,What is the final trace sampling rule deployed to production after the sprint ov,A-MEM (approx),1,22.1578,wf05_s3_chunk_0|wf05_s5_chunk_0|wf05_d2_chunk_0|wf05_d1_chunk_0|wf05_d3_chunk_0,wf05_s5_chunk_0
456,137,"Was the temporary 100% full trace sampling change kept, or did we revert to the ",A-MEM (approx),1,24.8977,wf05_d2_chunk_0|wf05_s3_chunk_0|wf05_s1_chunk_0|wf05_d1_chunk_0|wf05_s5_chunk_0,wf05_s3_chunk_0|wf05_s5_chunk_0
456,138,Which document defines 10% trace sampling as the approved trace sampling setting,A-MEM (approx),1,20.5633,wf05_d2_chunk_0|wf05_d1_chunk_0|wf05_s5_chunk_0|wf05_s1_chunk_0|wf05_d3_chunk_0,wf05_s1_chunk_0
456,139,Confirm the architecture decision that adopted 10% trace sampling for Observabil,A-MEM (approx),1,21.7332,wf05_s1_chunk_0|wf05_d2_chunk_0|wf05_d1_chunk_0|wf05_s5_chunk_0|wf05_d3_chunk_0,wf05_s1_chunk_0
456,140,What is the rate limit policy for API Gateway Rate Limiting?,A-MEM (approx),1,20.338,wf06_d2_chunk_0|wf06_s5_chunk_0|wf06_d3_chunk_0|wf06_d1_chunk_0|wf06_s1_chunk_0,wf06_s1_chunk_0
456,141,How is rate limit implemented using nginx+Lua?,A-MEM (approx),1,19.9324,wf06_s1_chunk_0|wf06_s3_chunk_0|wf06_s4_chunk_0|wf06_d2_chunk_0|wf06_d1_chunk_0,wf06_s1_chunk_0
456,142,Find the backend standard for inbound request throttle.,A-MEM (approx),1,19.5185,wf06_s4_chunk_0|wf06_s5_chunk_0|wf06_s1_chunk_0|wf06_d3_chunk_0|wf06_d2_chunk_0,wf06_s1_chunk_0|wf06_s4_chunk_0
456,143,Summarise the technical decision on inbound request throttle during API Gateway ,A-MEM (approx),1,22.3794,wf06_s4_chunk_0|wf06_d3_chunk_0|wf06_d1_chunk_0|wf06_s5_chunk_0|wf06_d2_chunk_0,wf06_s4_chunk_0
456,144,What is the final rate limit rule deployed to production after the sprint overri,A-MEM (approx),1,21.2247,wf06_s3_chunk_0|wf06_s5_chunk_0|wf06_d1_chunk_0|wf06_d2_chunk_0|wf06_s1_chunk_0,wf06_s5_chunk_0
456,145,"Was the temporary unlimited bursting change kept, or did we revert to the origin",A-MEM (approx),1,24.3144,wf06_s3_chunk_0|wf06_s5_chunk_0|wf06_d3_chunk_0|wf06_d1_chunk_0|wf06_s4_chunk_0,wf06_s3_chunk_0|wf06_s5_chunk_0
456,146,Which document defines 100 RPM rate limit as the approved rate limit setting?,A-MEM (approx),1,21.3885,wf06_d2_chunk_0|wf06_d1_chunk_0|wf06_d3_chunk_0|wf06_s5_chunk_0|wf06_s1_chunk_0,wf06_s1_chunk_0
456,147,Confirm the architecture decision that adopted 100 RPM rate limit for API Gatewa,A-MEM (approx),1,22.8893,wf06_d3_chunk_0|wf06_s5_chunk_0|wf06_d1_chunk_0|wf06_d2_chunk_0|wf06_s1_chunk_0,wf06_s1_chunk_0
456,148,What is the cache TTL policy for Distributed Caching?,A-MEM (approx),1,21.5798,wf07_d2_chunk_0|wf07_s5_chunk_0|wf07_d3_chunk_0|wf07_d1_chunk_0|wf07_s1_chunk_0,wf07_s1_chunk_0
456,149,How is cache TTL implemented using redis-py?,A-MEM (approx),1,23.6464,wf07_s1_chunk_0|wf07_d2_chunk_0|wf07_d3_chunk_0|wf07_d1_chunk_0|wf07_s5_chunk_0,wf07_s1_chunk_0
456,0,Writing a Motif widget X-Disclaimer: The views expressed in this,LangChain MMR,1,22.7769,ng_2255|ng_707|ng_2035|ng_1917|ng_1402,ng_2255
456,1,How to the disks copy protected. Originator: sehari@marge.ecss.iastate.edu Organ,LangChain MMR,1,29.5788,ng_2206|ng_1928|ng_1480|ng_2053|ng_899,ng_2206
456,2,Subject: Re: Off the shelf cheap DES keyseach machine (Was:,LangChain MMR,0,22.4653,ng_763|ng_1365|ng_1773|ng_2144|ng_639,ng_399
456,3,Subject: Re: LCIII vs. Centris 610? Article-I.D.: news.C51s6w.9nr Organization: ,LangChain MMR,0,29.7624,ng_903|ng_2204|ng_1148|ng_871|ng_129,ng_1070
456,4,Subject: Re: LC III NuBus Capable? Reply-To: hades@Dartmouth.Edu Organization: D,LangChain MMR,1,25.2683,ng_1413|ng_1477|ng_2099|wf17_d1_chunk_0|ng_676,ng_1413
456,5,Problem with dni and OW 3.0 Organization: The Internet Lines:,LangChain MMR,0,23.1294,ng_731|ng_1379|ng_38|ng_1629|ng_242,ng_887
456,6,"problem with Tek xterminal Organization: Basic Arrhythmia Laboratory, Duke Univ.",LangChain MMR,1,24.2701,ng_926|ng_1372|ng_1653|ng_316|ng_600,ng_926
456,7,Re: xterm build problem in Solaris2.1 Organization: western geophysical explorat,LangChain MMR,1,25.3204,ng_1581|ng_1554|ng_214|ng_1390|ng_2018,ng_1581
456,8,Subject: Re: The [secret] source of that announcement Organization: Stanford,LangChain MMR,1,23.7253,ng_1489|wf20_d2_chunk_0|ng_1681|ng_910|ng_2205,ng_910
456,9,Re: What do Nuclear Site's Cooling Towers do? Organization: NETCOM,LangChain MMR,0,22.5077,ng_2032|ng_1987|ng_2027|ng_1644|ng_2099,ng_271
456,10,Subject: Polaroid Range finder interference-Help! Organization: /etc/organizatio,LangChain MMR,1,25.3967,ng_1245|ng_2115|ng_561|ng_2281|ng_1824,ng_1245
456,11,Icon Animation Lines: 17 Reply-To: s_ledoux@csc32.enet.dec.com (Scott LeDoux) Or,LangChain MMR,0,28.7012,ng_2111|ng_2027|ng_2170|ng_2056|ng_663,ng_1703
456,12,Re: Radio Shack Battery of the Month Club Organization: University,LangChain MMR,1,22.048,ng_1136|ng_1829|ng_1786|ng_2120|ng_2074,ng_1136
456,13,to Mactinosh PGP 2.2 in C available Organization: capriccioso X-Newsreader:,LangChain MMR,1,25.8706,ng_1485|ng_1644|ng_1435|ng_451|ng_1637,ng_1485
456,14,waiting for a specific event/callback Keywords: event handling Reply-To: Huub.Ba,LangChain MMR,1,37.7467,ng_2035|ng_1379|wf17_d2_chunk_0|wf14_s4_chunk_0|wf07_s1_chunk_0,ng_2035
456,15,Re: Hard drive security for FBI targets Reply-To: pdc@dcs.ed.ac.uk (Paul,LangChain MMR,0,29.4397,ng_687|ng_1911|ng_302|ng_888|ng_1783,ng_2210
456,16,"Re: Power, signal surges in home... Organization: NASA Langley Research",LangChain MMR,0,26.6031,ng_268|ng_274|ng_1024|ng_1611|ng_450,ng_1153
456,17,Re: mysterious TV problem -- source? Nntp-Posting-Host: chip Reply-To: vanderby@,LangChain MMR,1,32.9426,ng_205|ng_676|ng_1942|ng_1161|wf18_s2_chunk_0,ng_205
456,18,Subject: Re: Organized Lobbying for Cryptography Organization: Netcom - Online,LangChain MMR,1,24.7196,ng_38|ng_180|ng_1489|ng_1543|ng_1771,ng_1543
456,19,"FAQ for this group Distribution: usa Organization: Personal Library Software,",LangChain MMR,1,22.6031,ng_1562|ng_101|ng_1015|ng_1144|wf04_s1_chunk_0,ng_1562
456,20,Mattern)) Subject: Re: Do we need the clipper for cheap,LangChain MMR,0,22.9942,ng_1347|ng_2268|ng_900|ng_3|ng_448,ng_1679
456,21,Clipper- business as usual? Article-I.D.: ole.1993Apr20.173039.4722 Organization,LangChain MMR,0,28.2322,ng_1347|wf04_d3_chunk_0|ng_442|ng_2126|ng_455,ng_1599
456,22,Subject: ADB and graphics tablet help! Organization: Institute Of Systems,LangChain MMR,1,21.305,ng_1384|ng_1586|ng_722|ng_929|ng_1592,ng_1384
456,23,"Using message passing with XtAddInput Organization: 3M Company, 3M Center,",LangChain MMR,1,24.678,ng_2190|ng_945|wf17_d3_chunk_0|ng_1558|ng_1752,ng_2190
456,24,The [secret] source of that announcement Organization: capriccioso X-Newsreader:,LangChain MMR,1,24.9559,ng_1435|ng_964|ng_1489|ng_819|ng_147,ng_964
456,25,Need Info on DSP project Summary: General info on building,LangChain MMR,0,21.1557,ng_834|ng_12|ng_1333|ng_490|ng_1201,ng_1753
456,26,Subject: Stereo sound problem (?) on mac games Organization: UC,LangChain MMR,0,22.1994,ng_1414|ng_1305|ng_813|ng_1753|ng_745,ng_2044
456,27,"Screw the people, crypto is for hard-core hackers & spooks",LangChain MMR,0,23.4167,ng_302|ng_1296|ng_884|ng_1756|ng_48,ng_1359
456,28,"Re: Electric power line ""balls"" Article-I.D.: larc.babb-060493164354 Distributio",LangChain MMR,1,30.8249,ng_1854|ng_396|ng_1415|ng_2346|ng_1750,ng_1854
456,29,Re: The [secret] source of that announcement Organization: PANIX Public,LangChain MMR,0,21.8261,ng_2337|ng_976|ng_2150|ng_38|ng_1473,ng_963
456,30,"ATTN: H. Wheaton, UCal Davis Nntp-Posting-Host: 136.182.211.36 Organization: Mot",LangChain MMR,1,28.9868,ng_2286|ng_676|ng_669|ng_1616|ng_2233,ng_2286
456,31,"ideas? Organization: Free University of Berlin, Germany Lines: 7 Have",LangChain MMR,0,21.4566,ng_1843|ng_1543|ng_2205|ng_2039|ng_1086,ng_1770
456,32,xrolo/SPACRC/SunOS4.1.1/audio Organization: The Internet Lines: 21 NNTP-Posting-,LangChain MMR,1,41.5119,ng_2163|ng_1829|ng_423|ng_512|ng_1372,ng_2163
456,33,Re: How large are commercial keys? Nntp-Posting-Host: mizzou1.missouri.edu Organ,LangChain MMR,0,26.7898,ng_2031|ng_1379|ng_1208|ng_2094|ng_2294,ng_1114
456,34,Telephone On Hook/Off Hok Lines: 17 AllMichael CovingtonTelephone on hook/off,LangChain MMR,1,26.6347,ng_353|ng_1346|ng_981|ng_1126|ng_629,ng_353
456,35,Re: Non-Apple Mini-Docks available? Nntp-Posting-Host: bolero Reply-To: jonathan,LangChain MMR,1,32.5142,ng_2151|ng_1464|wf13_s5_chunk_0|ng_328|ng_1375,ng_2151
456,36,07/10 - Digital Signatures Organization: The Crypt Cabal Lines: 85,LangChain MMR,0,22.7456,ng_1296|ng_302|ng_865|ng_2287|ng_2091,ng_1237
456,37,Subject: Centris 610/tms 120 drive Article-I.D.: world.C5Jq8A.3I9 Organization: ,LangChain MMR,1,29.7111,ng_1928|ng_170|ng_1514|ng_2160|ng_676,ng_1928
456,38,Subject: Re: Help with SIMM configuration Reply-To: hades@Dartmouth.Edu Organiza,LangChain MMR,0,26.1419,ng_1799|ng_2027|ng_1001|wf17_s2_chunk_0|ng_553,ng_1048
456,39,Re: Dmm Advice Needed Article-I.D.: doug.1993Apr17.020555.6004 Organization: U o,LangChain MMR,0,30.4493,ng_101|ng_403|ng_492|ng_1251|wf04_d1_chunk_0,ng_971
456,40,Re: Recommendations for removable storage media wanted Lines: 25 Nntp-Posting-Ho,LangChain MMR,0,24.3821,ng_159|ng_676|ng_959|ng_1566|ng_2072,ng_185
456,41,A little political philosophy worth reading. Lines: 66 Nntp-Posting-Host: snarfb,LangChain MMR,0,28.0357,ng_676|ng_2266|ng_2058|ng_1449|ng_2079,ng_1376
456,42,"How to mask the left button? Organization: Informix Software, Inc.",LangChain MMR,1,21.4638,ng_1188|ng_1287|ng_1739|ng_1302|ng_2322,ng_1188
456,43,Re: Police radar....Just how does it work?? Reply-To: dtmedin@catbyte.b30.ingr.c,LangChain MMR,0,33.2099,ng_261|ng_284|ng_739|ng_1243|ng_359,ng_148
456,44,Xsun not finding default font (Sol2.1) Organization: The Internet Lines:,LangChain MMR,1,23.743,ng_857|ng_242|ng_328|ng_1739|ng_1723,ng_857
456,45,xterm and default text cursor color Reply-To: carlj@cyclone.bt.co.uk Organizatio,LangChain MMR,1,28.9969,ng_320|ng_767|ng_241|ng_1650|ng_1937,ng_320
456,46,Re: Wanted: A to D hardware for a PC To:,LangChain MMR,0,23.5459,ng_231|ng_1461|ng_676|ng_968|ng_860,ng_1315
456,47,"S1, S2 Organization: Express Access Online Communications, Greenbelt, MD USA",LangChain MMR,0,25.5314,ng_1629|ng_1748|ng_512|ng_61|ng_744,ng_2292
456,48,"Re: Once tapped, your code is no good any more.",LangChain MMR,0,21.7687,ng_691|ng_1290|ng_2254|ng_2266|ng_1295,ng_283
456,49,EICO tube tester repairs? Reply-To: ...futserv.austin.ibm.com!rg Organization: I,LangChain MMR,1,30.1532,ng_1431|ng_703|ng_1186|ng_1804|wf19_d3_chunk_0,ng_1431
456,50,Re: text of White House announcement and Q&As on clipper,LangChain MMR,0,23.9985,ng_1331|ng_1724|ng_1371|ng_849|ng_820,ng_1944
456,51,Subject: Re: The battle is joined Originator: rdippold@qualcom.qualcomm.com Nntp,LangChain MMR,0,34.75,ng_1449|ng_1379|ng_1958|ng_1581|ng_1290,ng_1002
456,52,An Open Letter to Mr. Clinton Nntp-Posting-Host: dolores.lance.colostate.edu Org,LangChain MMR,0,33.7059,ng_361|ng_255|ng_384|ng_1560|ng_1969,ng_258
456,53,Need to find out number to a phone line Nntp-Posting-Host:,LangChain MMR,0,35.8042,ng_2065|ng_235|ng_29|ng_2286|ng_1476,ng_181
456,54,comp.windows.x: Getting more performance out of X. FAQ Summary: This,LangChain MMR,1,29.9031,ng_487|ng_2348|ng_474|ng_2198|ng_1519,ng_487
456,55,Yale CS Mail/News Gateway Lines: 24 >This actually supports Bill's,LangChain MMR,0,24.9777,ng_2094|ng_367|ng_768|ng_1331|ng_1968,ng_97
456,56,for VGA Monitors Lines: 51 Does anyone know who makes,LangChain MMR,0,22.5507,ng_1083|ng_824|ng_2070|ng_1215|ng_818,ng_1106
456,57,Subject: Re: Secret algorithm [Re: Clipper Chip and crypto key-escrow],LangChain MMR,0,25.1028,ng_509|ng_144|ng_21|ng_1664|ng_448,ng_1565
456,58,"Re: 14"" monitors In-Reply-To: fredm@media.mit.edu's message of Wed, 31 Mar",LangChain MMR,0,27.4912,ng_656|ng_77|ng_87|ng_2124|ng_1738,ng_346
456,59,Subject: Another key registration body bites the dust (IMHO) Organization:,LangChain MMR,1,21.6677,ng_750|ng_2304|wf02_s5_chunk_0|ng_2136|ng_364,ng_2136
456,60,Re: text of White House announcement and Q&As on clipper,LangChain MMR,0,21.2832,ng_1331|ng_1724|ng_1371|ng_849|ng_820,ng_1322
456,61,Re: Clipper and Ranting Libertarians Organization: Microsoft Corp. Keywords: cli,LangChain MMR,1,23.51,ng_455|ng_962|ng_283|ng_1288|ng_2337,ng_455
456,62,Problems with OpenWindows Organization: Dept. of Statistics Lines: 22 After,LangChain MMR,0,22.2168,ng_729|ng_2278|ng_2083|ng_1435|ng_1512,ng_1982
456,63,Re: Secret algorithm [Re: Clipper Chip and crypto key-escrow] Keywords:,LangChain MMR,1,24.7138,ng_509|ng_1175|ng_21|ng_2|ng_1664,ng_509
456,64,Subject: Re: What do Nuclear Site's Cooling Towers do? Organization:,LangChain MMR,0,23.3508,ng_2032|ng_1716|ng_1644|wf08_s1_chunk_0|ng_1724,ng_2169
456,65,Corporate acceptance of the wiretap chip Nntp-Posting-Host: mizzou1.missouri.edu,LangChain MMR,1,27.7234,ng_335|ng_1969|ng_409|ng_1143|ng_469,ng_335
456,66,Subject: Re: Trouble compiling X11R5 on SunOS_4.1.3 Article-I.D.: ast.1993Apr6.1,LangChain MMR,1,35.2698,ng_1102|ng_25|ng_378|ng_2018|ng_1018,ng_1102
456,67,Subject: Re: Rumours about New Duos !!!!! Article-I.D.: manta.kitchel.734892133 ,LangChain MMR,0,31.0389,ng_1956|ng_1649|ng_117|ng_223|ng_86,ng_2259
456,68,RE-Re: Quadra SCSI Problems??? X-Mailer: TeleFinder (version 3.0) Organization: ,LangChain MMR,1,28.9404,ng_2090|ng_378|ng_1897|ng_1813|ng_1063,ng_2090
456,69,Re: Secret algorithm [Re: Clipper Chip and crypto key-escrow] Organization:,LangChain MMR,0,24.517,ng_509|ng_1175|ng_1771|ng_21|ng_495,ng_331
456,70,Re: info on apple 8*24GC requested. Organization: Comedy Company Lines:,LangChain MMR,1,23.3017,ng_286|ng_976|ng_1274|ng_1649|ng_2286,ng_286
456,71,"Subject: Re: Interesting ADB behaviour on C650 Organization: Project GLUE,",LangChain MMR,1,23.4009,ng_2145|ng_992|wf19_s1_chunk_0|ng_2279|ng_2117,ng_2145
456,72,references... Distribution: world Organization: Commodore Computer Club / PaNorA,LangChain MMR,0,23.5656,ng_2160|ng_1283|ng_1176|ng_1904|ng_2027,ng_677
456,73,Re: wise to remove fan in Classic? Organization: Real/Time Communications,LangChain MMR,1,22.8629,ng_907|wf14_s4_chunk_0|ng_2027|wf17_s3_chunk_0|ng_1301,ng_907
456,74,"Mix GL with X (Xlib,Xt,mwm) Organization: The Internet Lines: 38",LangChain MMR,1,27.1168,ng_1200|ng_2027|ng_2163|ng_488|ng_73,ng_1200
456,75,Anyone got 200+ Schadow switches with LED? X-Xxmessage-Id: <A7FC6A05A602655F@dia,LangChain MMR,1,44.2405,ng_1421|ng_1529|ng_945|ng_724|ng_1309,ng_1421
456,76,McGillan) Subject: DXF format display Organization: University of Wisconsin -,LangChain MMR,1,29.3704,ng_621|ng_1379|ng_1419|ng_1261|ng_351,ng_621
456,77,Subject: xlock Organization: Lawrence Livermore National Laboratory Lines: 11 Di,LangChain MMR,0,24.3235,ng_384|ng_1156|wf05_d2_chunk_0|ng_843|ng_2325,ng_325
456,78,Forcing a window manager to accept specific coordinates for a,LangChain MMR,1,20.4819,ng_1099|ng_1428|ng_996|ng_1973|ng_1039,ng_1099
456,79,core dump from getcons(?) Organization: American Institute of Physics Lines:,LangChain MMR,1,23.2268,ng_1117|ng_941|ng_1391|ng_2115|ng_399,ng_1117
456,80,Re: Off the shelf cheap DES keyseach machine Organization: AT&T,LangChain MMR,0,22.5368,ng_763|ng_2303|ng_220|ng_1599|ng_1617,ng_702
456,81,mac portable ram problems; coprocessor not installed? Organization: Jack's Amazi,LangChain MMR,1,27.4537,ng_2309|ng_465|ng_562|ng_930|ng_2138,ng_2309
456,82,"Subject: X-window for PC Organization: DAIMI: Computer Science Department, Aarhu",LangChain MMR,1,25.1832,ng_116|ng_1379|ng_1261|ng_2097|ng_676,ng_116
456,83,Subject: Re: HELP_WITH_TRACKING_DEVICE Summary: underground and underwater wirel,LangChain MMR,1,31.0218,ng_1760|ng_271|wf14_s4_chunk_0|ng_615|ng_1815,ng_1760
456,84,A StyleWriter II question Nntp-Posting-Host: top.magnus.acs.ohio-state.edu Organ,LangChain MMR,0,31.005,ng_235|ng_230|ng_1267|ng_2094|ng_803,ng_1604
456,85,Re: Monthly Question about XCopyArea() and Expose Events Reply-To: mikey@sgi.com,LangChain MMR,0,26.9314,ng_970|ng_1180|ng_1435|ng_446|ng_1100,ng_1353
456,86,Re: How often are SIMMs bad (mail order)? Organization: Inst.,LangChain MMR,1,24.1864,ng_553|ng_2233|ng_1156|ng_904|ng_1771,ng_553
456,87,"finding out state of state keys (eg, CapsLock and NumLock)",LangChain MMR,1,22.4482,ng_1584|ng_350|ng_637|ng_66|ng_1349,ng_1584
456,88,Re: HELP! Duo 230 problems Organization: NETCOM On-line Communication Services,LangChain MMR,1,22.1763,ng_1423|ng_490|ng_757|ng_2123|ng_1736,ng_1423
456,89,Need to find out numb Distribution: world Organization: Ozone Online,LangChain MMR,1,21.531,ng_2249|ng_2344|ng_405|ng_843|ng_846,ng_2249
456,90,Used To Collect XYZ Coordinates From: ganter@ifi.unibas.ch (Robert Ganter) Organ,LangChain MMR,1,26.9406,ng_493|ng_612|ng_1415|ng_957|ng_1968,ng_493
456,91,"Speaker design software? Organization: Computer Science Dept., Univ. of Western",LangChain MMR,1,21.8776,ng_1876|ng_1414|ng_1482|ng_1498|ng_1833,ng_1876
456,92,Subject: Re: Exploding TV! Organization: The Portal System (TM) Distribution:,LangChain MMR,1,34.0133,ng_1186|ng_1379|ng_1500|ng_2160|ng_859,ng_1186
456,93,I need modem selection help! (especially vocabulary) Organization: Bucknell Univ,LangChain MMR,1,31.1909,ng_1089|ng_1843|ng_834|ng_1897|ng_665,ng_1089
456,94,Subject: Re: Why the clipper algorithm is secret Organization: Duke,LangChain MMR,0,24.7954,ng_2126|ng_820|ng_1874|ng_940|ng_3,ng_1957
456,95,Re: Clipper chip -- technical details Organization: AT&T Bell Laboratories,LangChain MMR,0,22.4193,ng_1448|ng_1023|ng_1407|ng_1802|ng_1378,ng_253
456,96,Subject: Re: More technical details Organization: Partnership for an America,LangChain MMR,0,21.0505,ng_1829|wf04_s1_chunk_0|ng_816|ng_2278|ng_1904,ng_2281
456,97,Subject: Re: What is Zero dB???? Organization: University of Illinois,LangChain MMR,0,22.8551,ng_530|ng_1998|ng_1477|wf15_d1_chunk_0|ng_1394,ng_517
456,98,Re: Pinout needed for TIL311 Reply-To: jott@scarecrow.cse.nd.edu (John Ott) Orga,LangChain MMR,1,29.5851,ng_824|ng_2148|ng_1489|ng_492|ng_925,ng_824
456,99,Subject: ADCOM GTP500II IR sensor & repeater spec's? Organization: HP,LangChain MMR,1,24.5615,ng_2295|ng_619|ng_739|ng_2127|ng_2063,ng_2295
456,100,What is the JWT expiry policy for JWT Authentication?,LangChain MMR,0,21.5144,wf01_s5_chunk_0|ng_53|ng_500|wf06_d1_chunk_0|ng_373,wf01_s1_chunk_0
456,101,How is JWT expiry implemented using PyJWT+Redis?,LangChain MMR,1,23.723,wf01_s1_chunk_0|ng_1604|ng_2073|ng_994|wf06_s5_chunk_0,wf01_s1_chunk_0
456,102,Find the backend standard for session token lifetime.,LangChain MMR,0,20.0956,wf01_d3_chunk_0|ng_1356|wf06_s3_chunk_0|wf18_s5_chunk_0|wf07_s4_chunk_0,wf01_s1_chunk_0|wf01_s4_chunk_0
456,103,Summarise the technical decision on session token lifetime during JWT Authentica,LangChain MMR,0,23.365,wf01_d3_chunk_0|ng_1356|wf06_s3_chunk_0|ng_781|ng_2222,wf01_s4_chunk_0
456,104,What is the final JWT expiry rule deployed to production after the sprint overri,LangChain MMR,1,23.0661,wf01_s5_chunk_0|wf09_s3_chunk_0|ng_638|wf15_s5_chunk_0|wf07_s3_chunk_0,wf01_s5_chunk_0
456,105,"Was the temporary 60-minute expiry change kept, or did we revert to the original",LangChain MMR,0,26.0061,wf01_d2_chunk_0|ng_1244|wf16_s2_chunk_0|wf07_d3_chunk_0|wf11_s2_chunk_0,wf01_s3_chunk_0|wf01_s5_chunk_0
456,106,Which document defines 15-minute expiry as the approved JWT expiry setting?,LangChain MMR,0,23.3277,wf01_d1_chunk_0|wf06_d2_chunk_0|ng_1037|wf07_s1_chunk_0|ng_196,wf01_s1_chunk_0
456,107,Confirm the architecture decision that adopted 15-minute expiry for JWT Authenti,LangChain MMR,0,22.3327,wf01_s5_chunk_0|wf07_d3_chunk_0|wf20_s1_chunk_0|ng_373|ng_731,wf01_s1_chunk_0
456,108,What is the primary keys policy for Database Schema?,LangChain MMR,0,20.5043,wf02_d1_chunk_0|ng_678|wf15_d2_chunk_0|ng_1329|wf03_s3_chunk_0,wf02_s1_chunk_0
456,109,How is primary keys implemented using Alembic+PostgreSQL?,LangChain MMR,1,22.1858,wf02_s1_chunk_0|ng_1023|ng_795|ng_1590|ng_946,wf02_s1_chunk_0
456,110,Find the backend standard for row identifier scheme.,LangChain MMR,1,20.8055,wf02_s4_chunk_0|ng_1535|ng_1961|ng_2308|ng_2059,wf02_s1_chunk_0|wf02_s4_chunk_0
456,111,Summarise the technical decision on row identifier scheme during Database Schema,LangChain MMR,1,23.3382,wf02_s4_chunk_0|ng_2275|ng_798|wf19_d2_chunk_0|wf15_d1_chunk_0,wf02_s4_chunk_0
456,112,What is the final primary keys rule deployed to production after the sprint over,LangChain MMR,1,23.3089,wf02_s5_chunk_0|ng_1101|wf18_s3_chunk_0|wf12_s3_chunk_0|ng_637,wf02_s5_chunk_0
456,113,"Was the temporary auto-incrementing integer PKs change kept, or did we revert to",LangChain MMR,1,27.7201,wf02_s3_chunk_0|ng_1221|ng_56|ng_1422|ng_347,wf02_s3_chunk_0|wf02_s5_chunk_0
456,114,Which document defines UUID primary keys as the approved primary keys setting?,LangChain MMR,1,21.8771,wf02_s1_chunk_0|ng_314|wf11_d3_chunk_0|ng_364|ng_1420,wf02_s1_chunk_0
456,115,Confirm the architecture decision that adopted UUID primary keys for Database Sc,LangChain MMR,0,22.2471,wf02_s5_chunk_0|ng_913|wf12_s1_chunk_0|ng_2341|wf15_s2_chunk_0,wf02_s1_chunk_0
456,116,What is the domain boundary policy for Microservice Context?,LangChain MMR,0,21.7857,wf03_d1_chunk_0|wf16_d2_chunk_0|ng_424|ng_912|ng_1624,wf03_s1_chunk_0
456,117,How is domain boundary implemented using gRPC+Protobuf?,LangChain MMR,1,23.7773,wf03_s1_chunk_0|ng_1442|ng_172|ng_1275|ng_2190,wf03_s1_chunk_0
456,118,Find the architecture standard for inter-service coupling.,LangChain MMR,0,21.5735,wf03_d3_chunk_0|ng_1395|ng_781|wf12_s1_chunk_0|ng_669,wf03_s1_chunk_0|wf03_s4_chunk_0
456,119,Summarise the technical decision on inter-service coupling during Microservice C,LangChain MMR,0,40.5259,wf03_d3_chunk_0|ng_1168|ng_1837|ng_669|ng_2172,wf03_s4_chunk_0
456,120,What is the final domain boundary rule deployed to production after the sprint o,LangChain MMR,1,38.0034,wf03_s5_chunk_0|wf16_s3_chunk_0|wf09_s3_chunk_0|wf15_d1_chunk_0|wf17_s3_chunk_0,wf03_s5_chunk_0
456,121,"Was the temporary shared database schema change kept, or did we revert to the or",LangChain MMR,1,45.1334,wf03_s3_chunk_0|ng_1213|wf19_s1_chunk_0|wf15_d2_chunk_0|wf07_s5_chunk_0,wf03_s3_chunk_0|wf03_s5_chunk_0
456,122,Which document defines strict domain boundary as the approved domain boundary se,LangChain MMR,0,35.432,wf03_s5_chunk_0|ng_1073|ng_24|wf16_d2_chunk_0|wf11_d1_chunk_0,wf03_s1_chunk_0
456,123,Confirm the architecture decision that adopted strict domain boundary for Micros,LangChain MMR,0,37.0818,wf03_s5_chunk_0|wf08_s1_chunk_0|ng_882|ng_2296|wf15_d1_chunk_0,wf03_s1_chunk_0
456,124,What is the PR approvals policy for CI/CD Pipeline?,LangChain MMR,0,31.4105,wf04_d2_chunk_0|ng_101|ng_52|wf16_s5_chunk_0|ng_1969,wf04_s1_chunk_0
456,125,How is PR approvals implemented using GitHub Actions?,LangChain MMR,1,32.422,wf04_s1_chunk_0|ng_532|ng_97|ng_1339|ng_628,wf04_s1_chunk_0
456,126,Find the devops standard for merge gate policy.,LangChain MMR,1,28.8268,wf04_s4_chunk_0|wf16_d2_chunk_0|ng_2341|wf03_s5_chunk_0|ng_2336,wf04_s1_chunk_0|wf04_s4_chunk_0
456,127,Summarise the technical decision on merge gate policy during CI/CD Pipeline desi,LangChain MMR,0,33.3546,wf04_d3_chunk_0|ng_1846|ng_722|ng_122|ng_1659,wf04_s4_chunk_0
456,128,What is the final PR approvals rule deployed to production after the sprint over,LangChain MMR,1,35.8538,wf04_s5_chunk_0|wf05_s3_chunk_0|wf16_d2_chunk_0|wf08_s5_chunk_0|wf06_s5_chunk_0,wf04_s5_chunk_0
456,129,"Was the temporary admin bypass override change kept, or did we revert to the ori",LangChain MMR,1,40.1902,wf04_s3_chunk_0|ng_1213|wf01_s2_chunk_0|ng_1193|wf15_s4_chunk_0,wf04_s3_chunk_0|wf04_s5_chunk_0
456,130,Which document defines require 2 PR approvals as the approved PR approvals setti,LangChain MMR,0,38.4948,wf04_d2_chunk_0|ng_1034|wf02_d1_chunk_0|ng_1595|wf11_d3_chunk_0,wf04_s1_chunk_0
456,131,Confirm the architecture decision that adopted require 2 PR approvals for CI/CD ,LangChain MMR,1,45.2124,wf04_s1_chunk_0|wf17_s5_chunk_0|ng_871|wf09_s2_chunk_0|wf19_d3_chunk_0,wf04_s1_chunk_0
456,132,What is the trace sampling policy for Observability Stack?,LangChain MMR,0,33.2808,wf05_d2_chunk_0|wf16_d1_chunk_0|ng_1861|wf17_s5_chunk_0|wf12_s1_chunk_0,wf05_s1_chunk_0
456,133,How is trace sampling implemented using OpenTelemetry?,LangChain MMR,1,29.3175,wf05_s1_chunk_0|ng_261|ng_2332|ng_1879|ng_1941,wf05_s1_chunk_0
456,134,Find the devops standard for telemetry capture rate.,LangChain MMR,1,32.2524,wf05_s4_chunk_0|ng_300|ng_757|wf06_s1_chunk_0|ng_469,wf05_s1_chunk_0|wf05_s4_chunk_0
456,135,Summarise the technical decision on telemetry capture rate during Observability ,LangChain MMR,0,36.0696,wf05_s1_chunk_0|ng_191|ng_1984|ng_1020|ng_2040,wf05_s4_chunk_0
456,136,What is the final trace sampling rule deployed to production after the sprint ov,LangChain MMR,0,34.7799,wf05_s3_chunk_0|wf04_s5_chunk_0|wf09_d2_chunk_0|ng_1861|wf06_d1_chunk_0,wf05_s5_chunk_0
456,137,"Was the temporary 100% full trace sampling change kept, or did we revert to the ",LangChain MMR,0,39.0804,wf05_d2_chunk_0|ng_1070|ng_1599|ng_728|ng_1861,wf05_s3_chunk_0|wf05_s5_chunk_0
456,138,Which document defines 10% trace sampling as the approved trace sampling setting,LangChain MMR,0,31.9511,wf05_d2_chunk_0|wf04_d1_chunk_0|ng_111|ng_1480|ng_1060,wf05_s1_chunk_0
456,139,Confirm the architecture decision that adopted 10% trace sampling for Observabil,LangChain MMR,1,41.2864,wf05_s1_chunk_0|wf17_s5_chunk_0|ng_1848|ng_257|wf20_s2_chunk_0,wf05_s1_chunk_0
456,140,What is the rate limit policy for API Gateway Rate Limiting?,LangChain MMR,0,33.208,wf06_d2_chunk_0|wf16_d1_chunk_0|ng_2087|wf01_s5_chunk_0|ng_1420,wf06_s1_chunk_0
456,141,How is rate limit implemented using nginx+Lua?,LangChain MMR,1,31.3091,wf06_s1_chunk_0|ng_1056|ng_570|ng_2087|wf16_d1_chunk_0,wf06_s1_chunk_0
456,142,Find the backend standard for inbound request throttle.,LangChain MMR,1,30.8873,wf06_s4_chunk_0|wf17_s5_chunk_0|ng_235|ng_321|ng_143,wf06_s1_chunk_0|wf06_s4_chunk_0
456,143,Summarise the technical decision on inbound request throttle during API Gateway ,LangChain MMR,1,36.0689,wf06_s4_chunk_0|ng_781|ng_321|ng_1290|wf05_s5_chunk_0,wf06_s4_chunk_0
456,144,What is the final rate limit rule deployed to production after the sprint overri,LangChain MMR,0,33.5089,wf06_s3_chunk_0|wf09_s5_chunk_0|ng_534|wf16_d1_chunk_0|wf12_s3_chunk_0,wf06_s5_chunk_0
456,145,"Was the temporary unlimited bursting change kept, or did we revert to the origin",LangChain MMR,1,36.8992,wf06_s3_chunk_0|ng_1806|ng_321|wf17_s5_chunk_0|wf18_d1_chunk_0,wf06_s3_chunk_0|wf06_s5_chunk_0
456,146,Which document defines 100 RPM rate limit as the approved rate limit setting?,LangChain MMR,0,31.9271,wf06_d2_chunk_0|wf04_d1_chunk_0|ng_1081|ng_324|ng_22,wf06_s1_chunk_0
456,147,Confirm the architecture decision that adopted 100 RPM rate limit for API Gatewa,LangChain MMR,0,33.5695,wf06_d3_chunk_0|wf17_d2_chunk_0|ng_1483|wf11_s3_chunk_0|wf05_s1_chunk_0,wf06_s1_chunk_0
456,148,What is the cache TTL policy for Distributed Caching?,LangChain MMR,0,30.7093,wf07_d2_chunk_0|ng_155|wf17_s1_chunk_0|ng_1138|wf18_s4_chunk_0,wf07_s1_chunk_0
456,149,How is cache TTL implemented using redis-py?,LangChain MMR,1,33.2165,wf07_s1_chunk_0|ng_1937|ng_112|ng_2250|wf12_s3_chunk_0,wf07_s1_chunk_0
456,0,Writing a Motif widget X-Disclaimer: The views expressed in this,LlamaIndex,1,32.4685,ng_2255|ng_1962|ng_2191|ng_2013,ng_2255
456,1,How to the disks copy protected. Originator: sehari@marge.ecss.iastate.edu Organ,LlamaIndex,1,44.13,ng_2206|ng_2207|ng_2192|ng_775|ng_2223,ng_2206
456,2,Subject: Re: Off the shelf cheap DES keyseach machine (Was:,LlamaIndex,0,32.1911,ng_763|ng_466|ng_1439|ng_2294|ng_139,ng_399
456,3,Subject: Re: LCIII vs. Centris 610? Article-I.D.: news.C51s6w.9nr Organization: ,LlamaIndex,1,44.0753,ng_903|ng_1070|ng_607|ng_2185,ng_1070
456,4,Subject: Re: LC III NuBus Capable? Reply-To: hades@Dartmouth.Edu Organization: D,LlamaIndex,1,39.0043,ng_1413|ng_2141|ng_679|ng_569|ng_1776,ng_1413
456,5,Problem with dni and OW 3.0 Organization: The Internet Lines:,LlamaIndex,0,44.2852,,ng_887
456,6,"problem with Tek xterminal Organization: Basic Arrhythmia Laboratory, Duke Univ.",LlamaIndex,1,38.7995,ng_926,ng_926
456,7,Re: xterm build problem in Solaris2.1 Organization: western geophysical explorat,LlamaIndex,1,37.554,ng_1581|ng_1452|ng_1145|ng_1765|ng_1515,ng_1581
456,8,Subject: Re: The [secret] source of that announcement Organization: Stanford,LlamaIndex,0,32.3445,ng_1489|ng_1829|ng_1144|ng_1565|ng_976,ng_910
456,9,Re: What do Nuclear Site's Cooling Towers do? Organization: NETCOM,LlamaIndex,1,32.7863,ng_2032|ng_271|ng_1767|ng_12|ng_7,ng_271
456,10,Subject: Polaroid Range finder interference-Help! Organization: /etc/organizatio,LlamaIndex,1,37.4828,ng_1245,ng_1245
456,11,Icon Animation Lines: 17 Reply-To: s_ledoux@csc32.enet.dec.com (Scott LeDoux) Or,LlamaIndex,0,41.7669,ng_2111,ng_1703
456,12,Re: Radio Shack Battery of the Month Club Organization: University,LlamaIndex,1,28.798,ng_1136,ng_1136
456,13,to Mactinosh PGP 2.2 in C available Organization: capriccioso X-Newsreader:,LlamaIndex,1,38.6305,ng_1485|ng_989,ng_1485
456,14,waiting for a specific event/callback Keywords: event handling Reply-To: Huub.Ba,LlamaIndex,1,37.7294,ng_2035|ng_858,ng_2035
456,15,Re: Hard drive security for FBI targets Reply-To: pdc@dcs.ed.ac.uk (Paul,LlamaIndex,0,36.5014,ng_687|ng_471|ng_598|ng_1524|ng_1313,ng_2210
456,16,"Re: Power, signal surges in home... Organization: NASA Langley Research",LlamaIndex,0,33.7722,ng_268|ng_2312|ng_688,ng_1153
456,17,Re: mysterious TV problem -- source? Nntp-Posting-Host: chip Reply-To: vanderby@,LlamaIndex,1,45.295,ng_205|ng_1062|ng_1638|ng_846|ng_178,ng_205
456,18,Subject: Re: Organized Lobbying for Cryptography Organization: Netcom - Online,LlamaIndex,1,35.3807,ng_38|ng_1543|ng_180|ng_1123|ng_1998,ng_1543
456,19,"FAQ for this group Distribution: usa Organization: Personal Library Software,",LlamaIndex,1,33.3213,ng_1562|ng_976|ng_1144,ng_1562
456,20,Mattern)) Subject: Re: Do we need the clipper for cheap,LlamaIndex,0,35.9245,ng_1347|ng_40|ng_1808|ng_1599|ng_329,ng_1679
456,21,Clipper- business as usual? Article-I.D.: ole.1993Apr20.173039.4722 Organization,LlamaIndex,1,44.8504,ng_1347|ng_455|ng_1599,ng_1599
456,22,Subject: ADB and graphics tablet help! Organization: Institute Of Systems,LlamaIndex,1,31.9533,ng_1384,ng_1384
456,23,"Using message passing with XtAddInput Organization: 3M Company, 3M Center,",LlamaIndex,1,33.3121,ng_2190,ng_2190
456,24,The [secret] source of that announcement Organization: capriccioso X-Newsreader:,LlamaIndex,0,39.0051,ng_1435|ng_1144|ng_1829,ng_964
456,25,Need Info on DSP project Summary: General info on building,LlamaIndex,1,31.5806,ng_834|ng_1753|ng_1904|ng_1763|ng_929,ng_1753
456,26,Subject: Stereo sound problem (?) on mac games Organization: UC,LlamaIndex,1,31.1487,ng_1414|ng_355|ng_1607|ng_1437|ng_2044,ng_2044
456,27,"Screw the people, crypto is for hard-core hackers & spooks",LlamaIndex,1,34.4912,ng_302|ng_1660|ng_1359|ng_1680|ng_1923,ng_1359
456,28,"Re: Electric power line ""balls"" Article-I.D.: larc.babb-060493164354 Distributio",LlamaIndex,1,51.3267,ng_1854|ng_1611|ng_688|ng_833|ng_1824,ng_1854
456,29,Re: The [secret] source of that announcement Organization: PANIX Public,LlamaIndex,0,32.6133,ng_2337|ng_2218,ng_963
456,30,"ATTN: H. Wheaton, UCal Davis Nntp-Posting-Host: 136.182.211.36 Organization: Mot",LlamaIndex,1,44.4691,ng_2286|ng_1143|ng_2279|ng_255|ng_235,ng_2286
456,31,"ideas? Organization: Free University of Berlin, Germany Lines: 7 Have",LlamaIndex,0,28.5035,,ng_1770
456,32,xrolo/SPACRC/SunOS4.1.1/audio Organization: The Internet Lines: 21 NNTP-Posting-,LlamaIndex,1,43.6539,ng_2163|ng_235|ng_255|ng_1577|ng_1372,ng_2163
456,33,Re: How large are commercial keys? Nntp-Posting-Host: mizzou1.missouri.edu Organ,LlamaIndex,1,32.7,ng_2031|ng_1114|ng_1497|ng_1489,ng_1114
456,34,Telephone On Hook/Off Hok Lines: 17 AllMichael CovingtonTelephone on hook/off,LlamaIndex,1,32.9079,ng_353|ng_181|ng_2249|ng_1872|ng_154,ng_353
456,35,Re: Non-Apple Mini-Docks available? Nntp-Posting-Host: bolero Reply-To: jonathan,LlamaIndex,1,30.1054,ng_2151|ng_1474|ng_2024|wf13_s4_chunk_0,ng_2151
456,36,07/10 - Digital Signatures Organization: The Crypt Cabal Lines: 85,LlamaIndex,1,21.2759,ng_1296|ng_1237|ng_2200|ng_1565|ng_1073,ng_1237
456,37,Subject: Centris 610/tms 120 drive Article-I.D.: world.C5Jq8A.3I9 Organization: ,LlamaIndex,0,28.5882,,ng_1928
456,38,Subject: Re: Help with SIMM configuration Reply-To: hades@Dartmouth.Edu Organiza,LlamaIndex,1,23.5633,ng_1799|ng_616|ng_1048|ng_852|ng_1344,ng_1048
456,39,Re: Dmm Advice Needed Article-I.D.: doug.1993Apr17.020555.6004 Organization: U o,LlamaIndex,0,28.4246,,ng_971
456,40,Re: Recommendations for removable storage media wanted Lines: 25 Nntp-Posting-Ho,LlamaIndex,1,23.1721,ng_159|ng_2192|ng_185,ng_185
456,41,A little political philosophy worth reading. Lines: 66 Nntp-Posting-Host: snarfb,LlamaIndex,0,26.6746,ng_676|ng_846|ng_235,ng_1376
456,42,"How to mask the left button? Organization: Informix Software, Inc.",LlamaIndex,1,20.9556,ng_1188|ng_244,ng_1188
456,43,Re: Police radar....Just how does it work?? Reply-To: dtmedin@catbyte.b30.ingr.c,LlamaIndex,0,31.0793,ng_261|ng_1557|ng_2273|ng_359|ng_2245,ng_148
456,44,Xsun not finding default font (Sol2.1) Organization: The Internet Lines:,LlamaIndex,1,23.7687,ng_857|ng_706,ng_857
456,45,xterm and default text cursor color Reply-To: carlj@cyclone.bt.co.uk Organizatio,LlamaIndex,1,26.3578,ng_320|ng_890|ng_1012|ng_210|ng_439,ng_320
456,46,Re: Wanted: A to D hardware for a PC To:,LlamaIndex,0,20.9002,,ng_1315
456,47,"S1, S2 Organization: Express Access Online Communications, Greenbelt, MD USA",LlamaIndex,0,21.9982,ng_1629,ng_2292
456,48,"Re: Once tapped, your code is no good any more.",LlamaIndex,0,23.9186,,ng_283
456,49,EICO tube tester repairs? Reply-To: ...futserv.austin.ibm.com!rg Organization: I,LlamaIndex,1,28.7266,ng_1431,ng_1431
456,50,Re: text of White House announcement and Q&As on clipper,LlamaIndex,0,21.0437,ng_1331|ng_277|ng_1449|ng_1347|ng_820,ng_1944
456,51,Subject: Re: The battle is joined Originator: rdippold@qualcom.qualcomm.com Nntp,LlamaIndex,1,33.6245,ng_1449|ng_1002,ng_1002
456,52,An Open Letter to Mr. Clinton Nntp-Posting-Host: dolores.lance.colostate.edu Org,LlamaIndex,1,26.9849,ng_361|ng_283|ng_258|ng_1035|ng_1969,ng_258
456,53,Need to find out number to a phone line Nntp-Posting-Host:,LlamaIndex,1,21.8974,ng_2065|ng_181|ng_1591|ng_1346|ng_1277,ng_181
456,54,comp.windows.x: Getting more performance out of X. FAQ Summary: This,LlamaIndex,1,22.8245,ng_487|ng_1988|ng_1061|ng_2317|ng_818,ng_487
456,55,Yale CS Mail/News Gateway Lines: 24 >This actually supports Bill's,LlamaIndex,0,21.9091,,ng_97
456,56,for VGA Monitors Lines: 51 Does anyone know who makes,LlamaIndex,1,20.6106,ng_1083|ng_1106|ng_87|ng_1638|ng_1148,ng_1106
456,57,Subject: Re: Secret algorithm [Re: Clipper Chip and crypto key-escrow],LlamaIndex,0,22.6226,ng_509|ng_21|ng_1382|ng_1021|ng_1626,ng_1565
456,58,"Re: 14"" monitors In-Reply-To: fredm@media.mit.edu's message of Wed, 31 Mar",LlamaIndex,0,25.8429,ng_656|ng_31|ng_1823|ng_1419|ng_1738,ng_346
456,59,Subject: Another key registration body bites the dust (IMHO) Organization:,LlamaIndex,0,22.5809,,ng_2136
456,60,Re: text of White House announcement and Q&As on clipper,LlamaIndex,0,21.1749,ng_1331|ng_277|ng_1449|ng_1347|ng_820,ng_1322
456,61,Re: Clipper and Ranting Libertarians Organization: Microsoft Corp. Keywords: cli,LlamaIndex,1,22.3683,ng_455|ng_1347|ng_1288|ng_283|ng_2218,ng_455
456,62,Problems with OpenWindows Organization: Dept. of Statistics Lines: 22 After,LlamaIndex,1,21.1359,ng_729|ng_1982,ng_1982
456,63,Re: Secret algorithm [Re: Clipper Chip and crypto key-escrow] Keywords:,LlamaIndex,1,24.339,ng_509|ng_1382|ng_21|ng_122|ng_1021,ng_509
456,64,Subject: Re: What do Nuclear Site's Cooling Towers do? Organization:,LlamaIndex,0,23.4454,ng_2032|ng_1728|ng_1767|ng_1921|ng_12,ng_2169
456,65,Corporate acceptance of the wiretap chip Nntp-Posting-Host: mizzou1.missouri.edu,LlamaIndex,1,33.8092,ng_335|ng_1359|ng_2061|ng_797|ng_2222,ng_335
456,66,Subject: Re: Trouble compiling X11R5 on SunOS_4.1.3 Article-I.D.: ast.1993Apr6.1,LlamaIndex,1,36.5878,ng_1102|ng_1368|ng_484|ng_437|ng_498,ng_1102
456,67,Subject: Re: Rumours about New Duos !!!!! Article-I.D.: manta.kitchel.734892133 ,LlamaIndex,0,29.2931,,ng_2259
456,68,RE-Re: Quadra SCSI Problems??? X-Mailer: TeleFinder (version 3.0) Organization: ,LlamaIndex,1,27.7096,ng_2090|ng_435|ng_923|ng_1546|ng_1537,ng_2090
456,69,Re: Secret algorithm [Re: Clipper Chip and crypto key-escrow] Organization:,LlamaIndex,0,23.5561,ng_509|ng_21|ng_1382|ng_1021|ng_122,ng_331
456,70,Re: info on apple 8*24GC requested. Organization: Comedy Company Lines:,LlamaIndex,1,22.4533,ng_286,ng_286
456,71,"Subject: Re: Interesting ADB behaviour on C650 Organization: Project GLUE,",LlamaIndex,1,23.8281,ng_2145|ng_1527,ng_2145
456,72,references... Distribution: world Organization: Commodore Computer Club / PaNorA,LlamaIndex,0,23.4486,ng_2160|ng_1743,ng_677
456,73,Re: wise to remove fan in Classic? Organization: Real/Time Communications,LlamaIndex,0,21.3492,,ng_907
456,74,"Mix GL with X (Xlib,Xt,mwm) Organization: The Internet Lines: 38",LlamaIndex,1,30.7635,ng_1200|ng_2181|ng_911|ng_43|ng_1563,ng_1200
456,75,Anyone got 200+ Schadow switches with LED? X-Xxmessage-Id: <A7FC6A05A602655F@dia,LlamaIndex,1,65.3808,ng_1421,ng_1421
456,76,McGillan) Subject: DXF format display Organization: University of Wisconsin -,LlamaIndex,1,27.1652,ng_621|ng_1480,ng_621
456,77,Subject: xlock Organization: Lawrence Livermore National Laboratory Lines: 11 Di,LlamaIndex,0,20.9329,,ng_325
456,78,Forcing a window manager to accept specific coordinates for a,LlamaIndex,1,19.608,ng_1099|ng_1538|ng_847|ng_1273|ng_1197,ng_1099
456,79,core dump from getcons(?) Organization: American Institute of Physics Lines:,LlamaIndex,1,21.9317,ng_1117|ng_1235|ng_1767|ng_1585,ng_1117
456,80,Re: Off the shelf cheap DES keyseach machine Organization: AT&T,LlamaIndex,0,20.5431,ng_763|ng_2091|ng_2341|ng_317|ng_399,ng_702
456,81,mac portable ram problems; coprocessor not installed? Organization: Jack's Amazi,LlamaIndex,1,23.1578,ng_2309|ng_2051|ng_2293|ng_958|ng_562,ng_2309
456,82,"Subject: X-window for PC Organization: DAIMI: Computer Science Department, Aarhu",LlamaIndex,1,23.8947,ng_116|ng_474,ng_116
456,83,Subject: Re: HELP_WITH_TRACKING_DEVICE Summary: underground and underwater wirel,LlamaIndex,1,24.1445,ng_1760,ng_1760
456,84,A StyleWriter II question Nntp-Posting-Host: top.magnus.acs.ohio-state.edu Organ,LlamaIndex,0,28.3741,,ng_1604
456,85,Re: Monthly Question about XCopyArea() and Expose Events Reply-To: mikey@sgi.com,LlamaIndex,1,25.7446,ng_970|ng_1367|ng_1713|ng_578|ng_1353,ng_1353
456,86,Re: How often are SIMMs bad (mail order)? Organization: Inst.,LlamaIndex,1,22.8142,ng_553|ng_1278,ng_553
456,87,"finding out state of state keys (eg, CapsLock and NumLock)",LlamaIndex,1,25.4692,ng_1584|ng_460|ng_2114,ng_1584
456,88,Re: HELP! Duo 230 problems Organization: NETCOM On-line Communication Services,LlamaIndex,1,26.3015,ng_1423|ng_671,ng_1423
456,89,Need to find out numb Distribution: world Organization: Ozone Online,LlamaIndex,1,20.169,ng_2249,ng_2249
456,90,Used To Collect XYZ Coordinates From: ganter@ifi.unibas.ch (Robert Ganter) Organ,LlamaIndex,1,25.8415,ng_493,ng_493
456,91,"Speaker design software? Organization: Computer Science Dept., Univ. of Western",LlamaIndex,1,21.8922,ng_1876|ng_834|ng_1503,ng_1876
456,92,Subject: Re: Exploding TV! Organization: The Portal System (TM) Distribution:,LlamaIndex,1,22.5217,ng_1186|ng_846,ng_1186
456,93,I need modem selection help! (especially vocabulary) Organization: Bucknell Univ,LlamaIndex,1,21.4726,ng_1089|ng_2027|ng_220|ng_1800|ng_2178,ng_1089
456,94,Subject: Re: Why the clipper algorithm is secret Organization: Duke,LlamaIndex,0,20.7349,ng_2126|ng_2213|ng_1635|ng_893|ng_940,ng_1957
456,95,Re: Clipper chip -- technical details Organization: AT&T Bell Laboratories,LlamaIndex,0,22.5542,ng_1448|ng_1674|ng_383|ng_2061|ng_849,ng_253
456,96,Subject: Re: More technical details Organization: Partnership for an America,LlamaIndex,0,20.3951,,ng_2281
456,97,Subject: Re: What is Zero dB???? Organization: University of Illinois,LlamaIndex,1,21.9236,ng_530|ng_279|ng_141|ng_1979|ng_517,ng_517
456,98,Re: Pinout needed for TIL311 Reply-To: jott@scarecrow.cse.nd.edu (John Ott) Orga,LlamaIndex,1,28.1141,ng_824,ng_824
456,99,Subject: ADCOM GTP500II IR sensor & repeater spec's? Organization: HP,LlamaIndex,1,24.6443,ng_2295|ng_1535,ng_2295
456,100,What is the JWT expiry policy for JWT Authentication?,LlamaIndex,1,21.1278,wf01_s5_chunk_0|wf01_s1_chunk_0|wf01_d1_chunk_0|wf01_d2_chunk_0|wf01_d3_chunk_0,wf01_s1_chunk_0
456,101,How is JWT expiry implemented using PyJWT+Redis?,LlamaIndex,1,26.0074,wf01_s1_chunk_0|wf01_s3_chunk_0|wf01_s4_chunk_0|wf01_d2_chunk_0|wf01_s5_chunk_0,wf01_s1_chunk_0
456,102,Find the backend standard for session token lifetime.,LlamaIndex,1,24.719,wf01_d3_chunk_0|wf01_d2_chunk_0|wf01_s1_chunk_0|wf01_s5_chunk_0,wf01_s1_chunk_0|wf01_s4_chunk_0
456,103,Summarise the technical decision on session token lifetime during JWT Authentica,LlamaIndex,0,21.3346,wf01_d3_chunk_0|wf01_d2_chunk_0|wf01_s5_chunk_0|wf01_d1_chunk_0|wf01_s1_chunk_0,wf01_s4_chunk_0
456,104,What is the final JWT expiry rule deployed to production after the sprint overri,LlamaIndex,1,23.7115,wf01_s5_chunk_0|wf01_s3_chunk_0|wf01_s1_chunk_0|wf01_d1_chunk_0|wf01_d2_chunk_0,wf01_s5_chunk_0
456,105,"Was the temporary 60-minute expiry change kept, or did we revert to the original",LlamaIndex,1,25.4218,wf01_d2_chunk_0|wf01_d3_chunk_0|wf01_d1_chunk_0|wf01_s5_chunk_0|wf01_s3_chunk_0,wf01_s3_chunk_0|wf01_s5_chunk_0
456,106,Which document defines 15-minute expiry as the approved JWT expiry setting?,LlamaIndex,1,25.5064,wf01_d1_chunk_0|wf01_s5_chunk_0|wf01_d2_chunk_0|wf01_s1_chunk_0|wf01_s3_chunk_0,wf01_s1_chunk_0
456,107,Confirm the architecture decision that adopted 15-minute expiry for JWT Authenti,LlamaIndex,1,21.9834,wf01_s5_chunk_0|wf01_d1_chunk_0|wf01_s1_chunk_0|wf01_d2_chunk_0|wf01_d3_chunk_0,wf01_s1_chunk_0
456,108,What is the primary keys policy for Database Schema?,LlamaIndex,1,19.7002,wf02_d1_chunk_0|wf02_d2_chunk_0|wf02_s5_chunk_0|wf02_s1_chunk_0|wf02_d3_chunk_0,wf02_s1_chunk_0
456,109,How is primary keys implemented using Alembic+PostgreSQL?,LlamaIndex,1,21.6067,wf02_s1_chunk_0|wf02_d2_chunk_0|wf02_d1_chunk_0|wf02_s3_chunk_0|wf02_s4_chunk_0,wf02_s1_chunk_0
456,110,Find the backend standard for row identifier scheme.,LlamaIndex,1,20.8848,wf02_s4_chunk_0,wf02_s1_chunk_0|wf02_s4_chunk_0
456,111,Summarise the technical decision on row identifier scheme during Database Schema,LlamaIndex,1,23.5672,wf02_s4_chunk_0|wf02_d3_chunk_0|wf02_d1_chunk_0|wf02_s1_chunk_0,wf02_s4_chunk_0
456,112,What is the final primary keys rule deployed to production after the sprint over,LlamaIndex,1,22.6944,wf02_s5_chunk_0|wf02_d1_chunk_0|wf02_d2_chunk_0,wf02_s5_chunk_0
456,113,"Was the temporary auto-incrementing integer PKs change kept, or did we revert to",LlamaIndex,1,26.1671,wf02_s3_chunk_0,wf02_s3_chunk_0|wf02_s5_chunk_0
456,114,Which document defines UUID primary keys as the approved primary keys setting?,LlamaIndex,1,20.7752,wf02_s1_chunk_0|wf02_s5_chunk_0|wf02_d2_chunk_0|wf02_d1_chunk_0|wf02_d3_chunk_0,wf02_s1_chunk_0
456,115,Confirm the architecture decision that adopted UUID primary keys for Database Sc,LlamaIndex,1,21.0503,wf02_s5_chunk_0|wf02_s1_chunk_0|wf02_d3_chunk_0|wf02_d2_chunk_0|wf02_d1_chunk_0,wf02_s1_chunk_0
456,116,What is the domain boundary policy for Microservice Context?,LlamaIndex,1,21.0421,wf03_d1_chunk_0|wf03_s5_chunk_0|wf03_s1_chunk_0|wf03_d2_chunk_0|wf03_d3_chunk_0,wf03_s1_chunk_0
456,117,How is domain boundary implemented using gRPC+Protobuf?,LlamaIndex,1,20.2922,wf03_s1_chunk_0|wf14_s1_chunk_0|wf14_d2_chunk_0|wf14_d3_chunk_0|wf14_d1_chunk_0,wf03_s1_chunk_0
456,118,Find the architecture standard for inter-service coupling.,LlamaIndex,1,22.2996,wf03_d3_chunk_0|wf03_s1_chunk_0|wf03_s4_chunk_0|wf03_d2_chunk_0,wf03_s1_chunk_0|wf03_s4_chunk_0
456,119,Summarise the technical decision on inter-service coupling during Microservice C,LlamaIndex,1,35.167,wf03_d3_chunk_0|wf03_d2_chunk_0|wf03_d1_chunk_0|wf03_s1_chunk_0|wf03_s4_chunk_0,wf03_s4_chunk_0
456,120,What is the final domain boundary rule deployed to production after the sprint o,LlamaIndex,1,21.7068,wf03_s5_chunk_0,wf03_s5_chunk_0
456,121,"Was the temporary shared database schema change kept, or did we revert to the or",LlamaIndex,1,25.7948,wf03_s3_chunk_0|wf15_s4_chunk_0|wf03_d3_chunk_0,wf03_s3_chunk_0|wf03_s5_chunk_0
456,122,Which document defines strict domain boundary as the approved domain boundary se,LlamaIndex,0,21.5923,wf03_s5_chunk_0,wf03_s1_chunk_0
456,123,Confirm the architecture decision that adopted strict domain boundary for Micros,LlamaIndex,1,21.8493,wf03_s5_chunk_0|wf03_d1_chunk_0|wf03_s1_chunk_0|wf03_d3_chunk_0|wf03_d2_chunk_0,wf03_s1_chunk_0
456,124,What is the PR approvals policy for CI/CD Pipeline?,LlamaIndex,1,20.3712,wf04_d2_chunk_0|wf04_s5_chunk_0|wf04_d1_chunk_0|wf04_s1_chunk_0|wf04_d3_chunk_0,wf04_s1_chunk_0
456,125,How is PR approvals implemented using GitHub Actions?,LlamaIndex,1,20.6398,wf04_s1_chunk_0|wf04_d2_chunk_0,wf04_s1_chunk_0
456,126,Find the devops standard for merge gate policy.,LlamaIndex,1,20.0202,wf04_s4_chunk_0|wf04_d3_chunk_0,wf04_s1_chunk_0|wf04_s4_chunk_0
456,127,Summarise the technical decision on merge gate policy during CI/CD Pipeline desi,LlamaIndex,1,22.9575,wf04_d3_chunk_0|wf04_s4_chunk_0|wf04_s1_chunk_0|wf04_s5_chunk_0|wf04_d2_chunk_0,wf04_s4_chunk_0
456,128,What is the final PR approvals rule deployed to production after the sprint over,LlamaIndex,1,23.0274,wf04_s5_chunk_0,wf04_s5_chunk_0
456,129,"Was the temporary admin bypass override change kept, or did we revert to the ori",LlamaIndex,0,25.9539,,wf04_s3_chunk_0|wf04_s5_chunk_0
456,130,Which document defines require 2 PR approvals as the approved PR approvals setti,LlamaIndex,1,21.7158,wf04_d2_chunk_0|wf04_d1_chunk_0|wf04_s5_chunk_0|wf04_s1_chunk_0,wf04_s1_chunk_0
456,131,Confirm the architecture decision that adopted require 2 PR approvals for CI/CD ,LlamaIndex,1,22.6976,wf04_s1_chunk_0|wf04_d2_chunk_0|wf04_s5_chunk_0|wf04_d1_chunk_0|wf04_d3_chunk_0,wf04_s1_chunk_0
456,132,What is the trace sampling policy for Observability Stack?,LlamaIndex,1,20.8269,wf05_d2_chunk_0|wf05_s5_chunk_0|wf05_d1_chunk_0|wf05_s1_chunk_0|wf05_d3_chunk_0,wf05_s1_chunk_0
456,133,How is trace sampling implemented using OpenTelemetry?,LlamaIndex,1,20.5897,wf05_s1_chunk_0|wf05_d2_chunk_0|wf05_s3_chunk_0|wf05_d3_chunk_0|wf05_d1_chunk_0,wf05_s1_chunk_0
456,134,Find the devops standard for telemetry capture rate.,LlamaIndex,1,20.7044,wf05_s4_chunk_0|ng_2127,wf05_s1_chunk_0|wf05_s4_chunk_0
456,135,Summarise the technical decision on telemetry capture rate during Observability ,LlamaIndex,1,22.4694,wf05_s1_chunk_0|wf05_s4_chunk_0|wf05_d1_chunk_0|wf05_d3_chunk_0|wf05_s3_chunk_0,wf05_s4_chunk_0
456,136,What is the final trace sampling rule deployed to production after the sprint ov,LlamaIndex,1,21.9481,wf05_s3_chunk_0|wf05_s5_chunk_0|wf05_d2_chunk_0|wf05_d1_chunk_0|wf05_d3_chunk_0,wf05_s5_chunk_0
456,137,"Was the temporary 100% full trace sampling change kept, or did we revert to the ",LlamaIndex,1,25.4899,wf05_d2_chunk_0|wf05_s3_chunk_0|wf05_d1_chunk_0|wf05_s1_chunk_0|wf05_s5_chunk_0,wf05_s3_chunk_0|wf05_s5_chunk_0
456,138,Which document defines 10% trace sampling as the approved trace sampling setting,LlamaIndex,1,20.8784,wf05_d2_chunk_0|wf05_d1_chunk_0|wf05_s5_chunk_0|wf05_s1_chunk_0|wf05_d3_chunk_0,wf05_s1_chunk_0
456,139,Confirm the architecture decision that adopted 10% trace sampling for Observabil,LlamaIndex,1,22.4714,wf05_s1_chunk_0|wf05_d2_chunk_0|wf05_s5_chunk_0|wf05_d1_chunk_0|wf05_d3_chunk_0,wf05_s1_chunk_0
456,140,What is the rate limit policy for API Gateway Rate Limiting?,LlamaIndex,0,22.4759,wf06_d2_chunk_0|wf06_s5_chunk_0|wf06_d1_chunk_0|wf06_d3_chunk_0|wf06_s4_chunk_0,wf06_s1_chunk_0
456,141,How is rate limit implemented using nginx+Lua?,LlamaIndex,1,20.1881,wf06_s1_chunk_0|wf06_s3_chunk_0|wf06_s4_chunk_0|wf06_d2_chunk_0,wf06_s1_chunk_0
456,142,Find the backend standard for inbound request throttle.,LlamaIndex,1,20.1767,wf06_s4_chunk_0|wf06_s5_chunk_0|wf06_d3_chunk_0|wf06_s1_chunk_0|wf06_d1_chunk_0,wf06_s1_chunk_0|wf06_s4_chunk_0
456,143,Summarise the technical decision on inbound request throttle during API Gateway ,LlamaIndex,1,24.5915,wf06_s4_chunk_0|wf06_d3_chunk_0|wf06_d1_chunk_0|wf06_s5_chunk_0|wf06_d2_chunk_0,wf06_s4_chunk_0
456,144,What is the final rate limit rule deployed to production after the sprint overri,LlamaIndex,1,22.084,wf06_s3_chunk_0|wf06_s5_chunk_0,wf06_s5_chunk_0
456,145,"Was the temporary unlimited bursting change kept, or did we revert to the origin",LlamaIndex,1,24.4126,wf06_s3_chunk_0|wf06_s5_chunk_0|wf06_d3_chunk_0|wf06_d1_chunk_0,wf06_s3_chunk_0|wf06_s5_chunk_0
456,146,Which document defines 100 RPM rate limit as the approved rate limit setting?,LlamaIndex,1,21.0451,wf06_d2_chunk_0|wf06_d1_chunk_0|wf06_s1_chunk_0|wf06_d3_chunk_0|wf06_s5_chunk_0,wf06_s1_chunk_0
456,147,Confirm the architecture decision that adopted 100 RPM rate limit for API Gatewa,LlamaIndex,1,21.8334,wf06_d3_chunk_0|wf06_s5_chunk_0|wf06_d2_chunk_0|wf06_d1_chunk_0|wf06_s1_chunk_0,wf06_s1_chunk_0
456,148,What is the cache TTL policy for Distributed Caching?,LlamaIndex,1,22.9951,wf07_d2_chunk_0|wf07_s5_chunk_0|wf07_d1_chunk_0|wf07_d3_chunk_0|wf07_s1_chunk_0,wf07_s1_chunk_0
456,149,How is cache TTL implemented using redis-py?,LlamaIndex,1,25.5103,wf07_s1_chunk_0|wf07_d2_chunk_0|wf07_d3_chunk_0|wf07_s3_chunk_0|wf07_s5_chunk_0,wf07_s1_chunk_0
456,0,Writing a Motif widget X-Disclaimer: The views expressed in this,Pinecone (sim),1,231.3182,ng_2255|ng_1962|ng_2191|ng_2013|ng_1852,ng_2255
456,1,How to the disks copy protected. Originator: sehari@marge.ecss.iastate.edu Organ,Pinecone (sim),1,194.7809,ng_2206|ng_2207|ng_2192|ng_775|ng_2223,ng_2206
456,2,Subject: Re: Off the shelf cheap DES keyseach machine (Was:,Pinecone (sim),0,244.0862,ng_763|ng_466|ng_1439|ng_2294|ng_139,ng_399
456,3,Subject: Re: LCIII vs. Centris 610? Article-I.D.: news.C51s6w.9nr Organization: ,Pinecone (sim),1,255.9527,ng_903|ng_1070|ng_607|ng_2185|ng_282,ng_1070
456,4,Subject: Re: LC III NuBus Capable? Reply-To: hades@Dartmouth.Edu Organization: D,Pinecone (sim),1,165.6893,ng_1413|ng_2141|ng_679|ng_569|ng_1776,ng_1413
456,5,Problem with dni and OW 3.0 Organization: The Internet Lines:,Pinecone (sim),1,181.8214,ng_731|ng_1143|ng_887|ng_255|ng_1747,ng_887
456,6,"problem with Tek xterminal Organization: Basic Arrhythmia Laboratory, Duke Univ.",Pinecone (sim),1,227.0331,ng_926|ng_1521|ng_78|ng_1145|ng_627,ng_926
456,7,Re: xterm build problem in Solaris2.1 Organization: western geophysical explorat,Pinecone (sim),1,212.9764,ng_1581|ng_1452|ng_1145|ng_1765|ng_1515,ng_1581
456,8,Subject: Re: The [secret] source of that announcement Organization: Stanford,Pinecone (sim),0,220.078,ng_1489|ng_1829|ng_1144|ng_1565|ng_976,ng_910
456,9,Re: What do Nuclear Site's Cooling Towers do? Organization: NETCOM,Pinecone (sim),1,195.0576,ng_2032|ng_271|ng_1767|ng_12|ng_7,ng_271
456,10,Subject: Polaroid Range finder interference-Help! Organization: /etc/organizatio,Pinecone (sim),1,254.5565,ng_1245|ng_2153|ng_1113|ng_2159|ng_1224,ng_1245
456,11,Icon Animation Lines: 17 Reply-To: s_ledoux@csc32.enet.dec.com (Scott LeDoux) Or,Pinecone (sim),1,256.3109,ng_2111|ng_1703|ng_1936|ng_2253|ng_2148,ng_1703
456,12,Re: Radio Shack Battery of the Month Club Organization: University,Pinecone (sim),1,222.4067,ng_1136|ng_8|ng_751|ng_156|ng_870,ng_1136
456,13,to Mactinosh PGP 2.2 in C available Organization: capriccioso X-Newsreader:,Pinecone (sim),1,258.1109,ng_1485|ng_989|ng_771|ng_1595|ng_767,ng_1485
456,14,waiting for a specific event/callback Keywords: event handling Reply-To: Huub.Ba,Pinecone (sim),1,239.1327,ng_2035|ng_858|ng_446|wf05_s4_chunk_0|wf17_s4_chunk_0,ng_2035
456,15,Re: Hard drive security for FBI targets Reply-To: pdc@dcs.ed.ac.uk (Paul,Pinecone (sim),0,198.9269,ng_687|ng_471|ng_598|ng_1524|ng_1313,ng_2210
456,16,"Re: Power, signal surges in home... Organization: NASA Langley Research",Pinecone (sim),0,232.4931,ng_268|ng_2312|ng_688|ng_170|ng_917,ng_1153
456,17,Re: mysterious TV problem -- source? Nntp-Posting-Host: chip Reply-To: vanderby@,Pinecone (sim),1,199.6376,ng_205|ng_1062|ng_1638|ng_846|ng_178,ng_205
456,18,Subject: Re: Organized Lobbying for Cryptography Organization: Netcom - Online,Pinecone (sim),1,247.8087,ng_38|ng_1543|ng_180|ng_1123|ng_1998,ng_1543
456,19,"FAQ for this group Distribution: usa Organization: Personal Library Software,",Pinecone (sim),1,218.2678,ng_1562|ng_976|ng_1144|ng_1491|ng_1036,ng_1562
456,20,Mattern)) Subject: Re: Do we need the clipper for cheap,Pinecone (sim),0,214.9055,ng_1347|ng_40|ng_1808|ng_1599|ng_329,ng_1679
456,21,Clipper- business as usual? Article-I.D.: ole.1993Apr20.173039.4722 Organization,Pinecone (sim),1,208.7901,ng_1347|ng_455|ng_1599|ng_953|ng_40,ng_1599
456,22,Subject: ADB and graphics tablet help! Organization: Institute Of Systems,Pinecone (sim),1,258.5915,ng_1384|ng_1738|ng_916|ng_638|ng_1419,ng_1384
456,23,"Using message passing with XtAddInput Organization: 3M Company, 3M Center,",Pinecone (sim),1,218.5934,ng_2190|ng_2035|wf17_s2_chunk_0|ng_73|ng_1430,ng_2190
456,24,The [secret] source of that announcement Organization: capriccioso X-Newsreader:,Pinecone (sim),0,211.6274,ng_1435|ng_1144|ng_1829|ng_1565|ng_2218,ng_964
456,25,Need Info on DSP project Summary: General info on building,Pinecone (sim),1,209.8164,ng_834|ng_1753|ng_1904|ng_1763|ng_929,ng_1753
456,26,Subject: Stereo sound problem (?) on mac games Organization: UC,Pinecone (sim),1,236.4499,ng_1414|ng_355|ng_1607|ng_1437|ng_2044,ng_2044
456,27,"Screw the people, crypto is for hard-core hackers & spooks",Pinecone (sim),1,232.9022,ng_302|ng_1660|ng_1359|ng_1680|ng_1923,ng_1359
456,28,"Re: Electric power line ""balls"" Article-I.D.: larc.babb-060493164354 Distributio",Pinecone (sim),1,241.0337,ng_1854|ng_1611|ng_688|ng_833|ng_1824,ng_1854
456,29,Re: The [secret] source of that announcement Organization: PANIX Public,Pinecone (sim),1,233.8073,ng_2337|ng_2218|ng_963|ng_1829|ng_1489,ng_963
456,30,"ATTN: H. Wheaton, UCal Davis Nntp-Posting-Host: 136.182.211.36 Organization: Mot",Pinecone (sim),1,292.5355,ng_2286|ng_1143|ng_2279|ng_255|ng_235,ng_2286
456,31,"ideas? Organization: Free University of Berlin, Germany Lines: 7 Have",Pinecone (sim),0,210.9306,ng_1843|ng_1829|ng_1379|ng_1036|ng_1562,ng_1770
456,32,xrolo/SPACRC/SunOS4.1.1/audio Organization: The Internet Lines: 21 NNTP-Posting-,Pinecone (sim),1,237.625,ng_2163|ng_235|ng_255|ng_1577|ng_1372,ng_2163
456,33,Re: How large are commercial keys? Nntp-Posting-Host: mizzou1.missouri.edu Organ,Pinecone (sim),1,201.9327,ng_2031|ng_1114|ng_1497|ng_1489|ng_235,ng_1114
456,34,Telephone On Hook/Off Hok Lines: 17 AllMichael CovingtonTelephone on hook/off,Pinecone (sim),1,243.3353,ng_353|ng_181|ng_2249|ng_1872|ng_154,ng_353
456,35,Re: Non-Apple Mini-Docks available? Nntp-Posting-Host: bolero Reply-To: jonathan,Pinecone (sim),1,264.2674,ng_2151|ng_1474|ng_2024|wf13_s4_chunk_0|ng_1357,ng_2151
456,36,07/10 - Digital Signatures Organization: The Crypt Cabal Lines: 85,Pinecone (sim),1,217.9514,ng_1296|ng_1237|ng_2200|ng_1565|ng_1073,ng_1237
456,37,Subject: Centris 610/tms 120 drive Article-I.D.: world.C5Jq8A.3I9 Organization: ,Pinecone (sim),1,203.8409,ng_1928|ng_676|ng_81|ng_1880|ng_2141,ng_1928
456,38,Subject: Re: Help with SIMM configuration Reply-To: hades@Dartmouth.Edu Organiza,Pinecone (sim),1,198.5061,ng_1799|ng_616|ng_1048|ng_852|ng_1344,ng_1048
456,39,Re: Dmm Advice Needed Article-I.D.: doug.1993Apr17.020555.6004 Organization: U o,Pinecone (sim),0,249.3605,ng_101|ng_976|ng_1251|ng_1002|ng_492,ng_971
456,40,Re: Recommendations for removable storage media wanted Lines: 25 Nntp-Posting-Ho,Pinecone (sim),1,247.6214,ng_159|ng_2192|ng_185|ng_1797|ng_775,ng_185
456,41,A little political philosophy worth reading. Lines: 66 Nntp-Posting-Host: snarfb,Pinecone (sim),0,244.3997,ng_676|ng_846|ng_235|ng_48|ng_424,ng_1376
456,42,"How to mask the left button? Organization: Informix Software, Inc.",Pinecone (sim),1,201.3242,ng_1188|ng_244|ng_1666|ng_1071|ng_1936,ng_1188
456,43,Re: Police radar....Just how does it work?? Reply-To: dtmedin@catbyte.b30.ingr.c,Pinecone (sim),0,236.7235,ng_261|ng_1557|ng_2273|ng_359|ng_2245,ng_148
456,44,Xsun not finding default font (Sol2.1) Organization: The Internet Lines:,Pinecone (sim),1,226.1386,ng_857|ng_706|ng_241|ng_1573|ng_78,ng_857
456,45,xterm and default text cursor color Reply-To: carlj@cyclone.bt.co.uk Organizatio,Pinecone (sim),1,231.9964,ng_320|ng_890|ng_1012|ng_210|ng_439,ng_320
456,46,Re: Wanted: A to D hardware for a PC To:,Pinecone (sim),0,245.7558,ng_231|ng_860|ng_1912|ng_1060|ng_703,ng_1315
456,47,"S1, S2 Organization: Express Access Online Communications, Greenbelt, MD USA",Pinecone (sim),0,227.7927,ng_1629|ng_2027|ng_906|ng_1748|ng_1736,ng_2292
456,48,"Re: Once tapped, your code is no good any more.",Pinecone (sim),0,240.2345,ng_691|ng_1507|ng_2254|ng_1137|ng_1700,ng_283
456,49,EICO tube tester repairs? Reply-To: ...futserv.austin.ibm.com!rg Organization: I,Pinecone (sim),1,231.931,ng_1431|ng_217|ng_2145|ng_1186|ng_1773,ng_1431
456,50,Re: text of White House announcement and Q&As on clipper,Pinecone (sim),0,234.4642,ng_1331|ng_277|ng_1449|ng_1347|ng_820,ng_1944
456,51,Subject: Re: The battle is joined Originator: rdippold@qualcom.qualcomm.com Nntp,Pinecone (sim),1,256.4628,ng_1449|ng_1002|ng_744|ng_1489|ng_1802,ng_1002
456,52,An Open Letter to Mr. Clinton Nntp-Posting-Host: dolores.lance.colostate.edu Org,Pinecone (sim),1,182.7197,ng_361|ng_283|ng_258|ng_1035|ng_1969,ng_258
456,53,Need to find out number to a phone line Nntp-Posting-Host:,Pinecone (sim),1,212.5164,ng_2065|ng_181|ng_1591|ng_1346|ng_1277,ng_181
456,54,comp.windows.x: Getting more performance out of X. FAQ Summary: This,Pinecone (sim),1,208.0748,ng_487|ng_1988|ng_1061|ng_2317|ng_818,ng_487
456,55,Yale CS Mail/News Gateway Lines: 24 >This actually supports Bill's,Pinecone (sim),0,202.1747,ng_2094|ng_2139|ng_73|ng_176|ng_1589,ng_97
456,56,for VGA Monitors Lines: 51 Does anyone know who makes,Pinecone (sim),1,212.2413,ng_1083|ng_1106|ng_87|ng_1638|ng_1148,ng_1106
456,57,Subject: Re: Secret algorithm [Re: Clipper Chip and crypto key-escrow],Pinecone (sim),0,267.9878,ng_509|ng_21|ng_1382|ng_1021|ng_1626,ng_1565
456,58,"Re: 14"" monitors In-Reply-To: fredm@media.mit.edu's message of Wed, 31 Mar",Pinecone (sim),0,200.855,ng_656|ng_31|ng_1823|ng_1419|ng_1738,ng_346
456,59,Subject: Another key registration body bites the dust (IMHO) Organization:,Pinecone (sim),1,250.0626,ng_750|ng_878|ng_2296|ng_1294|ng_2136,ng_2136
456,60,Re: text of White House announcement and Q&As on clipper,Pinecone (sim),0,169.8258,ng_1331|ng_277|ng_1449|ng_1347|ng_820,ng_1322
456,61,Re: Clipper and Ranting Libertarians Organization: Microsoft Corp. Keywords: cli,Pinecone (sim),1,213.0703,ng_455|ng_1347|ng_1288|ng_283|ng_2218,ng_455
456,62,Problems with OpenWindows Organization: Dept. of Statistics Lines: 22 After,Pinecone (sim),1,227.4656,ng_729|ng_1982|ng_1065|ng_1090|ng_1996,ng_1982
456,63,Re: Secret algorithm [Re: Clipper Chip and crypto key-escrow] Keywords:,Pinecone (sim),1,241.0161,ng_509|ng_1382|ng_21|ng_122|ng_1021,ng_509
456,64,Subject: Re: What do Nuclear Site's Cooling Towers do? Organization:,Pinecone (sim),0,242.38,ng_2032|ng_1728|ng_1767|ng_1921|ng_12,ng_2169
456,65,Corporate acceptance of the wiretap chip Nntp-Posting-Host: mizzou1.missouri.edu,Pinecone (sim),1,250.1938,ng_335|ng_1359|ng_2061|ng_797|ng_2222,ng_335
456,66,Subject: Re: Trouble compiling X11R5 on SunOS_4.1.3 Article-I.D.: ast.1993Apr6.1,Pinecone (sim),1,224.1089,ng_1102|ng_1368|ng_484|ng_437|ng_498,ng_1102
456,67,Subject: Re: Rumours about New Duos !!!!! Article-I.D.: manta.kitchel.734892133 ,Pinecone (sim),1,215.5041,ng_1956|ng_2259|ng_1594|ng_2051|ng_86,ng_2259
456,68,RE-Re: Quadra SCSI Problems??? X-Mailer: TeleFinder (version 3.0) Organization: ,Pinecone (sim),1,255.2204,ng_2090|ng_435|ng_923|ng_1546|ng_1537,ng_2090
456,69,Re: Secret algorithm [Re: Clipper Chip and crypto key-escrow] Organization:,Pinecone (sim),0,217.9349,ng_509|ng_21|ng_1382|ng_1021|ng_122,ng_331
456,70,Re: info on apple 8*24GC requested. Organization: Comedy Company Lines:,Pinecone (sim),1,185.9357,ng_286|ng_1460|ng_1164|ng_572|ng_1823,ng_286
456,71,"Subject: Re: Interesting ADB behaviour on C650 Organization: Project GLUE,",Pinecone (sim),1,188.6203,ng_2145|ng_1527|ng_991|ng_686|ng_1049,ng_2145
456,72,references... Distribution: world Organization: Commodore Computer Club / PaNorA,Pinecone (sim),0,205.9402,ng_2160|ng_1743|ng_387|ng_1261|ng_1829,ng_677
456,73,Re: wise to remove fan in Classic? Organization: Real/Time Communications,Pinecone (sim),1,238.9943,ng_907|ng_1829|ng_1144|ng_1383|ng_2027,ng_907
456,74,"Mix GL with X (Xlib,Xt,mwm) Organization: The Internet Lines: 38",Pinecone (sim),1,227.8049,ng_1200|ng_2181|ng_911|ng_43|ng_1563,ng_1200
456,75,Anyone got 200+ Schadow switches with LED? X-Xxmessage-Id: <A7FC6A05A602655F@dia,Pinecone (sim),1,259.0383,ng_1421|ng_382|ng_439|ng_95|ng_1888,ng_1421
456,76,McGillan) Subject: DXF format display Organization: University of Wisconsin -,Pinecone (sim),1,208.4616,ng_621|ng_1480|ng_351|ng_818|ng_1419,ng_621
456,77,Subject: xlock Organization: Lawrence Livermore National Laboratory Lines: 11 Di,Pinecone (sim),0,225.571,ng_384|ng_690|ng_1096|ng_1252|ng_651,ng_325
456,78,Forcing a window manager to accept specific coordinates for a,Pinecone (sim),1,237.0013,ng_1099|ng_1538|ng_847|ng_1273|ng_1197,ng_1099
456,79,core dump from getcons(?) Organization: American Institute of Physics Lines:,Pinecone (sim),1,212.3134,ng_1117|ng_1235|ng_1767|ng_1585|ng_1489,ng_1117
456,80,Re: Off the shelf cheap DES keyseach machine Organization: AT&T,Pinecone (sim),0,235.4007,ng_763|ng_2091|ng_2341|ng_317|ng_399,ng_702
456,81,mac portable ram problems; coprocessor not installed? Organization: Jack's Amazi,Pinecone (sim),1,203.0212,ng_2309|ng_2051|ng_2293|ng_958|ng_562,ng_2309
456,82,"Subject: X-window for PC Organization: DAIMI: Computer Science Department, Aarhu",Pinecone (sim),1,210.9595,ng_116|ng_474|ng_1988|ng_1061|ng_1171,ng_116
456,83,Subject: Re: HELP_WITH_TRACKING_DEVICE Summary: underground and underwater wirel,Pinecone (sim),1,211.7271,ng_1760|ng_1094|ng_1113|ng_431|ng_2153,ng_1760
456,84,A StyleWriter II question Nntp-Posting-Host: top.magnus.acs.ohio-state.edu Organ,Pinecone (sim),0,190.8066,ng_235|ng_176|ng_744|ng_1379|ng_2094,ng_1604
456,85,Re: Monthly Question about XCopyArea() and Expose Events Reply-To: mikey@sgi.com,Pinecone (sim),1,239.5663,ng_970|ng_1367|ng_1713|ng_578|ng_1353,ng_1353
456,86,Re: How often are SIMMs bad (mail order)? Organization: Inst.,Pinecone (sim),1,208.2696,ng_553|ng_1278|ng_1068|ng_1671|ng_808,ng_553
456,87,"finding out state of state keys (eg, CapsLock and NumLock)",Pinecone (sim),1,222.1327,ng_1584|ng_460|ng_2114|ng_1632|ng_938,ng_1584
456,88,Re: HELP! Duo 230 problems Organization: NETCOM On-line Communication Services,Pinecone (sim),1,235.3,ng_1423|ng_671|ng_490|ng_1754|ng_1594,ng_1423
456,89,Need to find out numb Distribution: world Organization: Ozone Online,Pinecone (sim),1,233.3547,ng_2249|ng_976|ng_740|ng_1144|ng_1717,ng_2249
456,90,Used To Collect XYZ Coordinates From: ganter@ifi.unibas.ch (Robert Ganter) Organ,Pinecone (sim),1,247.7419,ng_493|ng_1308|ng_957|ng_1558|ng_461,ng_493
456,91,"Speaker design software? Organization: Computer Science Dept., Univ. of Western",Pinecone (sim),1,222.8994,ng_1876|ng_834|ng_1503|ng_1753|ng_2161,ng_1876
456,92,Subject: Re: Exploding TV! Organization: The Portal System (TM) Distribution:,Pinecone (sim),1,213.9741,ng_1186|ng_846|ng_1829|ng_2027|ng_2160,ng_1186
456,93,I need modem selection help! (especially vocabulary) Organization: Bucknell Univ,Pinecone (sim),1,218.5888,ng_1089|ng_2027|ng_220|ng_1800|ng_2178,ng_1089
456,94,Subject: Re: Why the clipper algorithm is secret Organization: Duke,Pinecone (sim),0,169.3118,ng_2126|ng_2213|ng_1635|ng_893|ng_940,ng_1957
456,95,Re: Clipper chip -- technical details Organization: AT&T Bell Laboratories,Pinecone (sim),0,177.4166,ng_1448|ng_1674|ng_383|ng_2061|ng_849,ng_253
456,96,Subject: Re: More technical details Organization: Partnership for an America,Pinecone (sim),0,180.7018,ng_1829|ng_2218|ng_816|ng_1379|ng_1144,ng_2281
456,97,Subject: Re: What is Zero dB???? Organization: University of Illinois,Pinecone (sim),1,191.6321,ng_530|ng_279|ng_141|ng_1979|ng_517,ng_517
456,98,Re: Pinout needed for TIL311 Reply-To: jott@scarecrow.cse.nd.edu (John Ott) Orga,Pinecone (sim),1,240.2382,ng_824|ng_176|ng_683|ng_1799|ng_1807,ng_824
456,99,Subject: ADCOM GTP500II IR sensor & repeater spec's? Organization: HP,Pinecone (sim),1,197.3572,ng_2295|ng_1535|ng_2063|ng_2265|ng_2166,ng_2295
456,100,What is the JWT expiry policy for JWT Authentication?,Pinecone (sim),1,208.7638,wf01_s5_chunk_0|wf01_s1_chunk_0|wf01_d1_chunk_0|wf01_d2_chunk_0|wf01_d3_chunk_0,wf01_s1_chunk_0
456,101,How is JWT expiry implemented using PyJWT+Redis?,Pinecone (sim),1,260.559,wf01_s1_chunk_0|wf01_s3_chunk_0|wf01_s4_chunk_0|wf01_d2_chunk_0|wf01_s5_chunk_0,wf01_s1_chunk_0
456,102,Find the backend standard for session token lifetime.,Pinecone (sim),1,208.7225,wf01_d3_chunk_0|wf01_d2_chunk_0|wf01_s1_chunk_0|wf01_s5_chunk_0|wf01_s3_chunk_0,wf01_s1_chunk_0|wf01_s4_chunk_0
456,103,Summarise the technical decision on session token lifetime during JWT Authentica,Pinecone (sim),0,242.859,wf01_d3_chunk_0|wf01_d2_chunk_0|wf01_s5_chunk_0|wf01_d1_chunk_0|wf01_s1_chunk_0,wf01_s4_chunk_0
456,104,What is the final JWT expiry rule deployed to production after the sprint overri,Pinecone (sim),1,193.9714,wf01_s5_chunk_0|wf01_s3_chunk_0|wf01_s1_chunk_0|wf01_d1_chunk_0|wf01_d2_chunk_0,wf01_s5_chunk_0
456,105,"Was the temporary 60-minute expiry change kept, or did we revert to the original",Pinecone (sim),1,218.2459,wf01_d2_chunk_0|wf01_d3_chunk_0|wf01_d1_chunk_0|wf01_s5_chunk_0|wf01_s3_chunk_0,wf01_s3_chunk_0|wf01_s5_chunk_0
456,106,Which document defines 15-minute expiry as the approved JWT expiry setting?,Pinecone (sim),1,193.6227,wf01_d1_chunk_0|wf01_s5_chunk_0|wf01_d2_chunk_0|wf01_s1_chunk_0|wf01_s3_chunk_0,wf01_s1_chunk_0
456,107,Confirm the architecture decision that adopted 15-minute expiry for JWT Authenti,Pinecone (sim),1,211.4931,wf01_s5_chunk_0|wf01_d1_chunk_0|wf01_s1_chunk_0|wf01_d2_chunk_0|wf01_d3_chunk_0,wf01_s1_chunk_0
456,108,What is the primary keys policy for Database Schema?,Pinecone (sim),1,244.2106,wf02_d1_chunk_0|wf02_d2_chunk_0|wf02_s5_chunk_0|wf02_s1_chunk_0|wf02_d3_chunk_0,wf02_s1_chunk_0
456,109,How is primary keys implemented using Alembic+PostgreSQL?,Pinecone (sim),1,168.666,wf02_s1_chunk_0|wf02_d2_chunk_0|wf02_d1_chunk_0|wf02_s3_chunk_0|wf02_s4_chunk_0,wf02_s1_chunk_0
456,110,Find the backend standard for row identifier scheme.,Pinecone (sim),1,232.4232,wf02_s4_chunk_0|wf02_s1_chunk_0|wf02_d3_chunk_0|wf02_d2_chunk_0|ng_1395,wf02_s1_chunk_0|wf02_s4_chunk_0
456,111,Summarise the technical decision on row identifier scheme during Database Schema,Pinecone (sim),1,229.6346,wf02_s4_chunk_0|wf02_d3_chunk_0|wf02_d1_chunk_0|wf02_s1_chunk_0|wf02_d2_chunk_0,wf02_s4_chunk_0
456,112,What is the final primary keys rule deployed to production after the sprint over,Pinecone (sim),1,203.9069,wf02_s5_chunk_0|wf02_d1_chunk_0|wf02_d2_chunk_0|wf02_s1_chunk_0|wf02_s3_chunk_0,wf02_s5_chunk_0
456,113,"Was the temporary auto-incrementing integer PKs change kept, or did we revert to",Pinecone (sim),1,183.4482,wf02_s3_chunk_0|wf02_s5_chunk_0|wf02_s1_chunk_0|wf02_d3_chunk_0|ng_637,wf02_s3_chunk_0|wf02_s5_chunk_0
456,114,Which document defines UUID primary keys as the approved primary keys setting?,Pinecone (sim),1,222.9988,wf02_s1_chunk_0|wf02_s5_chunk_0|wf02_d2_chunk_0|wf02_d1_chunk_0|wf02_d3_chunk_0,wf02_s1_chunk_0
456,115,Confirm the architecture decision that adopted UUID primary keys for Database Sc,Pinecone (sim),1,205.8327,wf02_s5_chunk_0|wf02_s1_chunk_0|wf02_d3_chunk_0|wf02_d2_chunk_0|wf02_d1_chunk_0,wf02_s1_chunk_0
456,116,What is the domain boundary policy for Microservice Context?,Pinecone (sim),1,227.098,wf03_d1_chunk_0|wf03_s5_chunk_0|wf03_s1_chunk_0|wf03_d2_chunk_0|wf03_d3_chunk_0,wf03_s1_chunk_0
456,117,How is domain boundary implemented using gRPC+Protobuf?,Pinecone (sim),1,228.7691,wf03_s1_chunk_0|wf14_s1_chunk_0|wf14_d2_chunk_0|wf14_d3_chunk_0|wf14_d1_chunk_0,wf03_s1_chunk_0
456,118,Find the architecture standard for inter-service coupling.,Pinecone (sim),1,277.3838,wf03_d3_chunk_0|wf03_s1_chunk_0|wf03_s4_chunk_0|wf03_d2_chunk_0|wf19_s4_chunk_0,wf03_s1_chunk_0|wf03_s4_chunk_0
456,119,Summarise the technical decision on inter-service coupling during Microservice C,Pinecone (sim),1,215.916,wf03_d3_chunk_0|wf03_d2_chunk_0|wf03_d1_chunk_0|wf03_s1_chunk_0|wf03_s4_chunk_0,wf03_s4_chunk_0
456,120,What is the final domain boundary rule deployed to production after the sprint o,Pinecone (sim),1,190.0726,wf03_s5_chunk_0|wf03_d1_chunk_0|wf04_s3_chunk_0|wf15_s3_chunk_0|wf18_s3_chunk_0,wf03_s5_chunk_0
456,121,"Was the temporary shared database schema change kept, or did we revert to the or",Pinecone (sim),1,228.7962,wf03_s3_chunk_0|wf15_s4_chunk_0|wf03_d3_chunk_0|wf15_d3_chunk_0|wf15_s3_chunk_0,wf03_s3_chunk_0|wf03_s5_chunk_0
456,122,Which document defines strict domain boundary as the approved domain boundary se,Pinecone (sim),1,226.6926,wf03_s5_chunk_0|wf03_s1_chunk_0|wf03_d1_chunk_0|wf16_d1_chunk_0|wf04_s5_chunk_0,wf03_s1_chunk_0
456,123,Confirm the architecture decision that adopted strict domain boundary for Micros,Pinecone (sim),1,261.6579,wf03_s5_chunk_0|wf03_d1_chunk_0|wf03_s1_chunk_0|wf03_d3_chunk_0|wf03_d2_chunk_0,wf03_s1_chunk_0
456,124,What is the PR approvals policy for CI/CD Pipeline?,Pinecone (sim),1,245.4276,wf04_d2_chunk_0|wf04_s5_chunk_0|wf04_d1_chunk_0|wf04_s1_chunk_0|wf04_d3_chunk_0,wf04_s1_chunk_0
456,125,How is PR approvals implemented using GitHub Actions?,Pinecone (sim),1,231.8137,wf04_s1_chunk_0|wf04_d2_chunk_0|wf04_s5_chunk_0|wf04_d1_chunk_0|ng_628,wf04_s1_chunk_0
456,126,Find the devops standard for merge gate policy.,Pinecone (sim),1,263.0104,wf04_s4_chunk_0|wf04_d3_chunk_0|wf04_s1_chunk_0|wf04_s5_chunk_0|wf19_s5_chunk_0,wf04_s1_chunk_0|wf04_s4_chunk_0
456,127,Summarise the technical decision on merge gate policy during CI/CD Pipeline desi,Pinecone (sim),1,186.3026,wf04_d3_chunk_0|wf04_s4_chunk_0|wf04_s1_chunk_0|wf04_s5_chunk_0|wf04_d2_chunk_0,wf04_s4_chunk_0
456,128,What is the final PR approvals rule deployed to production after the sprint over,Pinecone (sim),1,202.2683,wf04_s5_chunk_0|wf04_s3_chunk_0|wf04_d1_chunk_0|wf05_s3_chunk_0|wf04_d2_chunk_0,wf04_s5_chunk_0
456,129,"Was the temporary admin bypass override change kept, or did we revert to the ori",Pinecone (sim),1,196.6071,wf04_s3_chunk_0|wf19_s5_chunk_0|wf15_s5_chunk_0|wf16_s3_chunk_0|wf01_s5_chunk_0,wf04_s3_chunk_0|wf04_s5_chunk_0
456,130,Which document defines require 2 PR approvals as the approved PR approvals setti,Pinecone (sim),1,209.2261,wf04_d2_chunk_0|wf04_d1_chunk_0|wf04_s5_chunk_0|wf04_s1_chunk_0|wf16_d1_chunk_0,wf04_s1_chunk_0
456,131,Confirm the architecture decision that adopted require 2 PR approvals for CI/CD ,Pinecone (sim),1,180.1209,wf04_s1_chunk_0|wf04_d2_chunk_0|wf04_s5_chunk_0|wf04_d1_chunk_0|wf04_d3_chunk_0,wf04_s1_chunk_0
456,132,What is the trace sampling policy for Observability Stack?,Pinecone (sim),1,238.9011,wf05_d2_chunk_0|wf05_s5_chunk_0|wf05_d1_chunk_0|wf05_s1_chunk_0|wf05_d3_chunk_0,wf05_s1_chunk_0
456,133,How is trace sampling implemented using OpenTelemetry?,Pinecone (sim),1,212.711,wf05_s1_chunk_0|wf05_d2_chunk_0|wf05_s3_chunk_0|wf05_d3_chunk_0|wf05_d1_chunk_0,wf05_s1_chunk_0
456,134,Find the devops standard for telemetry capture rate.,Pinecone (sim),1,176.3742,wf05_s4_chunk_0|ng_2127|wf05_s1_chunk_0|wf05_d2_chunk_0|wf05_d1_chunk_0,wf05_s1_chunk_0|wf05_s4_chunk_0
456,135,Summarise the technical decision on telemetry capture rate during Observability ,Pinecone (sim),1,194.7622,wf05_s1_chunk_0|wf05_s4_chunk_0|wf05_d1_chunk_0|wf05_d3_chunk_0|wf05_s3_chunk_0,wf05_s4_chunk_0
456,136,What is the final trace sampling rule deployed to production after the sprint ov,Pinecone (sim),1,236.85,wf05_s3_chunk_0|wf05_s5_chunk_0|wf05_d2_chunk_0|wf05_d1_chunk_0|wf05_d3_chunk_0,wf05_s5_chunk_0
456,137,"Was the temporary 100% full trace sampling change kept, or did we revert to the ",Pinecone (sim),1,254.5507,wf05_d2_chunk_0|wf05_s3_chunk_0|wf05_d1_chunk_0|wf05_s1_chunk_0|wf05_s5_chunk_0,wf05_s3_chunk_0|wf05_s5_chunk_0
456,138,Which document defines 10% trace sampling as the approved trace sampling setting,Pinecone (sim),1,280.3773,wf05_d2_chunk_0|wf05_d1_chunk_0|wf05_s5_chunk_0|wf05_s1_chunk_0|wf05_d3_chunk_0,wf05_s1_chunk_0
456,139,Confirm the architecture decision that adopted 10% trace sampling for Observabil,Pinecone (sim),1,309.2236,wf05_s1_chunk_0|wf05_d2_chunk_0|wf05_s5_chunk_0|wf05_d1_chunk_0|wf05_d3_chunk_0,wf05_s1_chunk_0
456,140,What is the rate limit policy for API Gateway Rate Limiting?,Pinecone (sim),0,233.0238,wf06_d2_chunk_0|wf06_s5_chunk_0|wf06_d1_chunk_0|wf06_d3_chunk_0|wf06_s4_chunk_0,wf06_s1_chunk_0
456,141,How is rate limit implemented using nginx+Lua?,Pinecone (sim),1,190.542,wf06_s1_chunk_0|wf06_s3_chunk_0|wf06_s4_chunk_0|wf06_d2_chunk_0|wf06_d1_chunk_0,wf06_s1_chunk_0
456,142,Find the backend standard for inbound request throttle.,Pinecone (sim),1,155.5456,wf06_s4_chunk_0|wf06_s5_chunk_0|wf06_d3_chunk_0|wf06_s1_chunk_0|wf06_d1_chunk_0,wf06_s1_chunk_0|wf06_s4_chunk_0
456,143,Summarise the technical decision on inbound request throttle during API Gateway ,Pinecone (sim),1,231.8414,wf06_s4_chunk_0|wf06_d3_chunk_0|wf06_d1_chunk_0|wf06_s5_chunk_0|wf06_d2_chunk_0,wf06_s4_chunk_0
456,144,What is the final rate limit rule deployed to production after the sprint overri,Pinecone (sim),1,198.4725,wf06_s3_chunk_0|wf06_s5_chunk_0|wf06_d1_chunk_0|wf06_d2_chunk_0|wf06_s1_chunk_0,wf06_s5_chunk_0
456,145,"Was the temporary unlimited bursting change kept, or did we revert to the origin",Pinecone (sim),1,210.7113,wf06_s3_chunk_0|wf06_s5_chunk_0|wf06_d3_chunk_0|wf06_d1_chunk_0|wf06_s4_chunk_0,wf06_s3_chunk_0|wf06_s5_chunk_0
456,146,Which document defines 100 RPM rate limit as the approved rate limit setting?,Pinecone (sim),1,201.9684,wf06_d2_chunk_0|wf06_d1_chunk_0|wf06_s1_chunk_0|wf06_d3_chunk_0|wf06_s5_chunk_0,wf06_s1_chunk_0
456,147,Confirm the architecture decision that adopted 100 RPM rate limit for API Gatewa,Pinecone (sim),1,218.3493,wf06_d3_chunk_0|wf06_s5_chunk_0|wf06_d2_chunk_0|wf06_d1_chunk_0|wf06_s1_chunk_0,wf06_s1_chunk_0
456,148,What is the cache TTL policy for Distributed Caching?,Pinecone (sim),1,251.552,wf07_d2_chunk_0|wf07_s5_chunk_0|wf07_d1_chunk_0|wf07_d3_chunk_0|wf07_s1_chunk_0,wf07_s1_chunk_0
456,149,How is cache TTL implemented using redis-py?,Pinecone (sim),1,224.3852,wf07_s1_chunk_0|wf07_d2_chunk_0|wf07_d3_chunk_0|wf07_s3_chunk_0|wf07_s5_chunk_0,wf07_s1_chunk_0
456,0,Writing a Motif widget X-Disclaimer: The views expressed in this,CogniSync (Hybrid),1,25.9256,ng_2255|ng_1962|ng_2191|ng_2013|ng_130,ng_2255
456,1,How to the disks copy protected. Originator: sehari@marge.ecss.iastate.edu Organ,CogniSync (Hybrid),1,29.9005,ng_2206|ng_2207|ng_2192|ng_775|ng_2223,ng_2206
456,2,Subject: Re: Off the shelf cheap DES keyseach machine (Was:,CogniSync (Hybrid),0,24.6626,ng_763|ng_466|ng_139|ng_1439|ng_2091,ng_399
456,3,Subject: Re: LCIII vs. Centris 610? Article-I.D.: news.C51s6w.9nr Organization: ,CogniSync (Hybrid),1,30.1397,ng_903|ng_1070|ng_607|ng_2185|ng_282,ng_1070
456,4,Subject: Re: LC III NuBus Capable? Reply-To: hades@Dartmouth.Edu Organization: D,CogniSync (Hybrid),1,26.546,ng_1413|ng_2141|ng_679|ng_569|ng_1776,ng_1413
456,5,Problem with dni and OW 3.0 Organization: The Internet Lines:,CogniSync (Hybrid),1,26.2549,ng_731|ng_887|ng_1143|ng_255|ng_2335,ng_887
456,6,"problem with Tek xterminal Organization: Basic Arrhythmia Laboratory, Duke Univ.",CogniSync (Hybrid),1,26.1883,ng_926|ng_1521|ng_627|ng_499|ng_78,ng_926
456,7,Re: xterm build problem in Solaris2.1 Organization: western geophysical explorat,CogniSync (Hybrid),1,28.3209,ng_1581|ng_1452|ng_1145|ng_1765|ng_1515,ng_1581
456,8,Subject: Re: The [secret] source of that announcement Organization: Stanford,CogniSync (Hybrid),0,26.5173,ng_1489|ng_1829|ng_1144|ng_1565|ng_976,ng_910
456,9,Re: What do Nuclear Site's Cooling Towers do? Organization: NETCOM,CogniSync (Hybrid),1,24.5199,ng_1728|ng_271|ng_2032|ng_1767|ng_12,ng_271
456,10,Subject: Polaroid Range finder interference-Help! Organization: /etc/organizatio,CogniSync (Hybrid),1,26.5325,ng_1245|ng_2153|ng_1113|ng_1126|ng_2159,ng_1245
456,11,Icon Animation Lines: 17 Reply-To: s_ledoux@csc32.enet.dec.com (Scott LeDoux) Or,CogniSync (Hybrid),1,33.6292,ng_2111|ng_1703|ng_1936|ng_2253|ng_2148,ng_1703
456,12,Re: Radio Shack Battery of the Month Club Organization: University,CogniSync (Hybrid),1,23.0671,ng_1136|ng_8|ng_751|ng_156|ng_870,ng_1136
456,13,to Mactinosh PGP 2.2 in C available Organization: capriccioso X-Newsreader:,CogniSync (Hybrid),1,26.6001,ng_1485|ng_989|ng_1595|ng_771|ng_767,ng_1485
456,14,waiting for a specific event/callback Keywords: event handling Reply-To: Huub.Ba,CogniSync (Hybrid),1,28.2173,ng_2035|ng_858|ng_446|wf05_s4_chunk_0|wf17_s4_chunk_0,ng_2035
456,15,Re: Hard drive security for FBI targets Reply-To: pdc@dcs.ed.ac.uk (Paul,CogniSync (Hybrid),0,29.3592,ng_687|ng_471|ng_598|ng_1524|ng_1313,ng_2210
456,16,"Re: Power, signal surges in home... Organization: NASA Langley Research",CogniSync (Hybrid),0,41.8427,ng_268|ng_170|ng_2312|ng_688|ng_2216,ng_1153
456,17,Re: mysterious TV problem -- source? Nntp-Posting-Host: chip Reply-To: vanderby@,CogniSync (Hybrid),1,33.9256,ng_205|ng_1062|ng_1638|ng_846|ng_178,ng_205
456,18,Subject: Re: Organized Lobbying for Cryptography Organization: Netcom - Online,CogniSync (Hybrid),1,26.3066,ng_38|ng_1543|ng_180|ng_1987|ng_1123,ng_1543
456,19,"FAQ for this group Distribution: usa Organization: Personal Library Software,",CogniSync (Hybrid),1,23.9981,ng_1562|ng_976|ng_1144|ng_1491|ng_1036,ng_1562
456,20,Mattern)) Subject: Re: Do we need the clipper for cheap,CogniSync (Hybrid),0,31.3795,ng_1347|ng_40|ng_1808|ng_209|ng_1599,ng_1679
456,21,Clipper- business as usual? Article-I.D.: ole.1993Apr20.173039.4722 Organization,CogniSync (Hybrid),1,30.8758,ng_1347|ng_455|ng_1599|ng_383|ng_953,ng_1599
456,22,Subject: ADB and graphics tablet help! Organization: Institute Of Systems,CogniSync (Hybrid),1,24.4062,ng_1384|ng_1738|ng_916|ng_638|ng_1419,ng_1384
456,23,"Using message passing with XtAddInput Organization: 3M Company, 3M Center,",CogniSync (Hybrid),1,26.0139,ng_2190|ng_2035|wf17_s2_chunk_0|ng_1430|ng_73,ng_2190
456,24,The [secret] source of that announcement Organization: capriccioso X-Newsreader:,CogniSync (Hybrid),0,31.1229,ng_1435|ng_1144|ng_1829|ng_1565|ng_2218,ng_964
456,25,Need Info on DSP project Summary: General info on building,CogniSync (Hybrid),1,25.1138,ng_1753|ng_834|ng_1904|ng_929|ng_1763,ng_1753
456,26,Subject: Stereo sound problem (?) on mac games Organization: UC,CogniSync (Hybrid),1,24.0051,ng_1414|ng_355|ng_1607|ng_1437|ng_2044,ng_2044
456,27,"Screw the people, crypto is for hard-core hackers & spooks",CogniSync (Hybrid),1,27.575,ng_302|ng_1660|ng_1359|ng_1680|ng_1984,ng_1359
456,28,"Re: Electric power line ""balls"" Article-I.D.: larc.babb-060493164354 Distributio",CogniSync (Hybrid),1,34.0497,ng_1854|ng_1611|ng_688|ng_833|ng_2015,ng_1854
456,29,Re: The [secret] source of that announcement Organization: PANIX Public,CogniSync (Hybrid),1,28.7126,ng_2337|ng_2218|ng_963|ng_1829|ng_1565,ng_963
456,30,"ATTN: H. Wheaton, UCal Davis Nntp-Posting-Host: 136.182.211.36 Organization: Mot",CogniSync (Hybrid),1,30.1532,ng_2286|ng_1143|ng_2279|ng_255|ng_235,ng_2286
456,31,"ideas? Organization: Free University of Berlin, Germany Lines: 7 Have",CogniSync (Hybrid),0,23.6589,ng_1843|ng_1829|ng_1379|ng_1839|ng_1036,ng_1770
456,32,xrolo/SPACRC/SunOS4.1.1/audio Organization: The Internet Lines: 21 NNTP-Posting-,CogniSync (Hybrid),1,45.9579,ng_2163|ng_255|ng_235|ng_1372|ng_1577,ng_2163
456,33,Re: How large are commercial keys? Nntp-Posting-Host: mizzou1.missouri.edu Organ,CogniSync (Hybrid),1,30.1261,ng_2031|ng_1114|ng_1497|ng_1489|ng_235,ng_1114
456,34,Telephone On Hook/Off Hok Lines: 17 AllMichael CovingtonTelephone on hook/off,CogniSync (Hybrid),1,27.6613,ng_952|ng_353|ng_181|ng_26|ng_2249,ng_353
456,35,Re: Non-Apple Mini-Docks available? Nntp-Posting-Host: bolero Reply-To: jonathan,CogniSync (Hybrid),1,33.3,ng_2151|ng_1474|ng_2024|wf13_s4_chunk_0|ng_1259,ng_2151
456,36,07/10 - Digital Signatures Organization: The Crypt Cabal Lines: 85,CogniSync (Hybrid),1,27.6107,ng_1296|ng_1237|ng_2200|ng_1565|ng_1073,ng_1237
456,37,Subject: Centris 610/tms 120 drive Article-I.D.: world.C5Jq8A.3I9 Organization: ,CogniSync (Hybrid),1,31.3717,ng_1928|ng_676|ng_81|ng_1880|ng_2141,ng_1928
456,38,Subject: Re: Help with SIMM configuration Reply-To: hades@Dartmouth.Edu Organiza,CogniSync (Hybrid),1,25.9199,ng_1799|ng_616|ng_1048|ng_852|ng_958,ng_1048
456,39,Re: Dmm Advice Needed Article-I.D.: doug.1993Apr17.020555.6004 Organization: U o,CogniSync (Hybrid),0,32.1157,ng_101|ng_976|ng_1251|ng_492|ng_1002,ng_971
456,40,Re: Recommendations for removable storage media wanted Lines: 25 Nntp-Posting-Ho,CogniSync (Hybrid),1,26.0713,ng_159|ng_2192|ng_185|ng_1797|ng_775,ng_185
456,41,A little political philosophy worth reading. Lines: 66 Nntp-Posting-Host: snarfb,CogniSync (Hybrid),0,34.9115,ng_676|ng_846|ng_235|ng_48|ng_1332,ng_1376
456,42,"How to mask the left button? Organization: Informix Software, Inc.",CogniSync (Hybrid),1,24.7885,ng_1188|ng_244|ng_1666|ng_1071|ng_1936,ng_1188
456,43,Re: Police radar....Just how does it work?? Reply-To: dtmedin@catbyte.b30.ingr.c,CogniSync (Hybrid),0,34.4332,ng_261|ng_1557|ng_359|ng_1539|ng_2273,ng_148
456,44,Xsun not finding default font (Sol2.1) Organization: The Internet Lines:,CogniSync (Hybrid),1,25.7177,ng_857|ng_706|ng_241|ng_1573|ng_524,ng_857
456,45,xterm and default text cursor color Reply-To: carlj@cyclone.bt.co.uk Organizatio,CogniSync (Hybrid),1,28.5627,ng_320|ng_890|ng_1012|ng_210|ng_439,ng_320
456,46,Re: Wanted: A to D hardware for a PC To:,CogniSync (Hybrid),0,25.5361,ng_231|ng_860|ng_675|ng_1912|ng_1159,ng_1315
456,47,"S1, S2 Organization: Express Access Online Communications, Greenbelt, MD USA",CogniSync (Hybrid),0,27.2242,ng_1629|ng_2027|ng_906|ng_1748|ng_1736,ng_2292
456,48,"Re: Once tapped, your code is no good any more.",CogniSync (Hybrid),0,25.7324,ng_691|ng_1507|ng_1137|ng_1700|ng_2254,ng_283
456,49,EICO tube tester repairs? Reply-To: ...futserv.austin.ibm.com!rg Organization: I,CogniSync (Hybrid),1,32.37,ng_1431|ng_217|ng_2145|ng_1966|ng_1186,ng_1431
456,50,Re: text of White House announcement and Q&As on clipper,CogniSync (Hybrid),0,25.4208,ng_1331|ng_277|ng_1449|ng_849|ng_1347,ng_1944
456,51,Subject: Re: The battle is joined Originator: rdippold@qualcom.qualcomm.com Nntp,CogniSync (Hybrid),1,51.1662,ng_1449|ng_1002|ng_1489|ng_1802|ng_744,ng_1002
456,52,An Open Letter to Mr. Clinton Nntp-Posting-Host: dolores.lance.colostate.edu Org,CogniSync (Hybrid),1,31.9295,ng_361|ng_283|ng_258|ng_902|ng_1035,ng_258
456,53,Need to find out number to a phone line Nntp-Posting-Host:,CogniSync (Hybrid),1,26.5077,ng_2065|ng_181|ng_1591|ng_1346|ng_1277,ng_181
456,54,comp.windows.x: Getting more performance out of X. FAQ Summary: This,CogniSync (Hybrid),1,35.2736,ng_487|ng_1988|ng_2317|ng_1061|ng_1519,ng_487
456,55,Yale CS Mail/News Gateway Lines: 24 >This actually supports Bill's,CogniSync (Hybrid),0,23.3,ng_2094|ng_2139|ng_73|ng_176|ng_1589,ng_97
456,56,for VGA Monitors Lines: 51 Does anyone know who makes,CogniSync (Hybrid),1,22.5087,ng_1083|ng_1106|ng_1638|ng_1445|ng_87,ng_1106
456,57,Subject: Re: Secret algorithm [Re: Clipper Chip and crypto key-escrow],CogniSync (Hybrid),0,31.3396,ng_509|ng_21|ng_1382|ng_122|ng_1021,ng_1565
456,58,"Re: 14"" monitors In-Reply-To: fredm@media.mit.edu's message of Wed, 31 Mar",CogniSync (Hybrid),0,35.2835,ng_656|ng_31|ng_1823|ng_1083|ng_1419,ng_346
456,59,Subject: Another key registration body bites the dust (IMHO) Organization:,CogniSync (Hybrid),1,28.8273,ng_750|ng_878|ng_2296|ng_1294|ng_2136,ng_2136
456,60,Re: text of White House announcement and Q&As on clipper,CogniSync (Hybrid),0,25.1521,ng_1331|ng_277|ng_1449|ng_849|ng_1347,ng_1322
456,61,Re: Clipper and Ranting Libertarians Organization: Microsoft Corp. Keywords: cli,CogniSync (Hybrid),1,26.6031,ng_455|ng_1347|ng_1378|ng_1288|ng_283,ng_455
456,62,Problems with OpenWindows Organization: Dept. of Statistics Lines: 22 After,CogniSync (Hybrid),1,27.3714,ng_729|ng_1982|ng_1065|ng_1090|ng_1996,ng_1982
456,63,Re: Secret algorithm [Re: Clipper Chip and crypto key-escrow] Keywords:,CogniSync (Hybrid),1,27.047,ng_509|ng_122|ng_1382|ng_21|ng_1796,ng_509
456,64,Subject: Re: What do Nuclear Site's Cooling Towers do? Organization:,CogniSync (Hybrid),0,23.734,ng_1728|ng_2032|ng_1767|ng_1921|ng_12,ng_2169
456,65,Corporate acceptance of the wiretap chip Nntp-Posting-Host: mizzou1.missouri.edu,CogniSync (Hybrid),1,29.4181,ng_335|ng_2061|ng_1359|ng_797|ng_2222,ng_335
456,66,Subject: Re: Trouble compiling X11R5 on SunOS_4.1.3 Article-I.D.: ast.1993Apr6.1,CogniSync (Hybrid),1,37.6885,ng_1102|ng_1368|ng_484|ng_437|ng_498,ng_1102
456,67,Subject: Re: Rumours about New Duos !!!!! Article-I.D.: manta.kitchel.734892133 ,CogniSync (Hybrid),1,33.0657,ng_2259|ng_1956|ng_1594|ng_2051|ng_86,ng_2259
456,68,RE-Re: Quadra SCSI Problems??? X-Mailer: TeleFinder (version 3.0) Organization: ,CogniSync (Hybrid),1,32.1947,ng_2090|ng_435|ng_923|ng_1546|ng_1537,ng_2090
456,69,Re: Secret algorithm [Re: Clipper Chip and crypto key-escrow] Organization:,CogniSync (Hybrid),0,27.5916,ng_509|ng_122|ng_21|ng_1382|ng_1021,ng_331
456,70,Re: info on apple 8*24GC requested. Organization: Comedy Company Lines:,CogniSync (Hybrid),1,25.5085,ng_286|ng_1460|ng_1164|ng_572|ng_1823,ng_286
456,71,"Subject: Re: Interesting ADB behaviour on C650 Organization: Project GLUE,",CogniSync (Hybrid),1,24.154,ng_2145|ng_1527|ng_991|ng_686|ng_1049,ng_2145
456,72,references... Distribution: world Organization: Commodore Computer Club / PaNorA,CogniSync (Hybrid),0,23.3688,ng_2160|ng_1743|ng_387|ng_1261|ng_1829,ng_677
456,73,Re: wise to remove fan in Classic? Organization: Real/Time Communications,CogniSync (Hybrid),1,23.6656,ng_907|ng_1829|ng_1383|ng_1144|ng_2027,ng_907
456,74,"Mix GL with X (Xlib,Xt,mwm) Organization: The Internet Lines: 38",CogniSync (Hybrid),1,25.9247,ng_1200|ng_2181|ng_911|ng_43|ng_1563,ng_1200
456,75,Anyone got 200+ Schadow switches with LED? X-Xxmessage-Id: <A7FC6A05A602655F@dia,CogniSync (Hybrid),1,42.6438,ng_1421|ng_382|ng_439|ng_95|ng_1888,ng_1421
456,76,McGillan) Subject: DXF format display Organization: University of Wisconsin -,CogniSync (Hybrid),1,27.5852,ng_621|ng_1480|ng_351|ng_818|ng_1419,ng_621
456,77,Subject: xlock Organization: Lawrence Livermore National Laboratory Lines: 11 Di,CogniSync (Hybrid),0,24.797,ng_384|ng_690|ng_1096|ng_1252|ng_651,ng_325
456,78,Forcing a window manager to accept specific coordinates for a,CogniSync (Hybrid),1,22.978,ng_1099|ng_1538|ng_847|ng_1273|ng_1197,ng_1099
456,79,core dump from getcons(?) Organization: American Institute of Physics Lines:,CogniSync (Hybrid),1,27.3032,ng_1117|ng_1235|ng_1767|ng_1585|ng_1489,ng_1117
456,80,Re: Off the shelf cheap DES keyseach machine Organization: AT&T,CogniSync (Hybrid),0,24.8517,ng_763|ng_2091|ng_2341|ng_399|ng_317,ng_702
456,81,mac portable ram problems; coprocessor not installed? Organization: Jack's Amazi,CogniSync (Hybrid),1,24.9499,ng_2309|ng_2051|ng_2293|ng_958|ng_562,ng_2309
456,82,"Subject: X-window for PC Organization: DAIMI: Computer Science Department, Aarhu",CogniSync (Hybrid),1,29.7257,ng_116|ng_474|ng_1988|ng_1061|ng_1171,ng_116
456,83,Subject: Re: HELP_WITH_TRACKING_DEVICE Summary: underground and underwater wirel,CogniSync (Hybrid),1,25.7663,ng_1760|ng_1094|ng_1113|ng_2153|ng_1024,ng_1760
456,84,A StyleWriter II question Nntp-Posting-Host: top.magnus.acs.ohio-state.edu Organ,CogniSync (Hybrid),0,32.2415,ng_235|ng_176|ng_2094|ng_744|ng_1379,ng_1604
456,85,Re: Monthly Question about XCopyArea() and Expose Events Reply-To: mikey@sgi.com,CogniSync (Hybrid),1,30.3531,ng_970|ng_1367|ng_1713|ng_1353|ng_578,ng_1353
456,86,Re: How often are SIMMs bad (mail order)? Organization: Inst.,CogniSync (Hybrid),1,28.0376,ng_553|ng_1278|ng_1068|ng_1671|ng_2113,ng_553
456,87,"finding out state of state keys (eg, CapsLock and NumLock)",CogniSync (Hybrid),1,34.3995,ng_1584|ng_460|ng_2114|ng_1632|ng_938,ng_1584
456,88,Re: HELP! Duo 230 problems Organization: NETCOM On-line Communication Services,CogniSync (Hybrid),1,30.378,ng_1423|ng_671|ng_1556|ng_757|ng_1594,ng_1423
456,89,Need to find out numb Distribution: world Organization: Ozone Online,CogniSync (Hybrid),1,23.7172,ng_2249|ng_976|ng_740|ng_1717|ng_1489,ng_2249
456,90,Used To Collect XYZ Coordinates From: ganter@ifi.unibas.ch (Robert Ganter) Organ,CogniSync (Hybrid),1,31.2715,ng_493|ng_1308|ng_957|ng_1558|ng_461,ng_493
456,91,"Speaker design software? Organization: Computer Science Dept., Univ. of Western",CogniSync (Hybrid),1,23.6953,ng_1876|ng_834|ng_1503|ng_1753|ng_2161,ng_1876
456,92,Subject: Re: Exploding TV! Organization: The Portal System (TM) Distribution:,CogniSync (Hybrid),1,24.9743,ng_1186|ng_846|ng_1481|ng_1829|ng_2160,ng_1186
456,93,I need modem selection help! (especially vocabulary) Organization: Bucknell Univ,CogniSync (Hybrid),1,23.0835,ng_1089|ng_2027|ng_220|ng_1800|ng_2178,ng_1089
456,94,Subject: Re: Why the clipper algorithm is secret Organization: Duke,CogniSync (Hybrid),0,29.3528,ng_2126|ng_2213|ng_1635|ng_940|ng_893,ng_1957
456,95,Re: Clipper chip -- technical details Organization: AT&T Bell Laboratories,CogniSync (Hybrid),0,27.8441,ng_1448|ng_1674|ng_383|ng_2061|ng_849,ng_253
456,96,Subject: Re: More technical details Organization: Partnership for an America,CogniSync (Hybrid),0,25.3897,ng_1829|ng_2218|ng_816|ng_1144|ng_1379,ng_2281
456,97,Subject: Re: What is Zero dB???? Organization: University of Illinois,CogniSync (Hybrid),1,26.8082,ng_530|ng_279|ng_141|ng_1979|ng_517,ng_517
456,98,Re: Pinout needed for TIL311 Reply-To: jott@scarecrow.cse.nd.edu (John Ott) Orga,CogniSync (Hybrid),1,34.9747,ng_824|ng_176|ng_683|ng_1799|ng_2059,ng_824
456,99,Subject: ADCOM GTP500II IR sensor & repeater spec's? Organization: HP,CogniSync (Hybrid),1,24.9658,ng_2295|ng_1535|ng_2265|ng_2063|ng_2166,ng_2295
456,100,What is the JWT expiry policy for JWT Authentication?,CogniSync (Hybrid),1,24.094,wf01_s5_chunk_0|wf01_s1_chunk_0|wf01_d1_chunk_0|wf01_d2_chunk_0|wf01_d3_chunk_0,wf01_s1_chunk_0
456,101,How is JWT expiry implemented using PyJWT+Redis?,CogniSync (Hybrid),1,24.8972,wf01_s1_chunk_0|wf01_s3_chunk_0|wf01_s4_chunk_0|wf01_d2_chunk_0|wf01_s5_chunk_0,wf01_s1_chunk_0
456,102,Find the backend standard for session token lifetime.,CogniSync (Hybrid),1,20.8564,wf01_d3_chunk_0|wf01_d2_chunk_0|wf01_s1_chunk_0|wf01_s5_chunk_0|wf01_s3_chunk_0,wf01_s1_chunk_0|wf01_s4_chunk_0
456,103,Summarise the technical decision on session token lifetime during JWT Authentica,CogniSync (Hybrid),0,25.5263,wf01_d3_chunk_0|wf01_d2_chunk_0|wf01_s5_chunk_0|wf01_d1_chunk_0|wf01_s1_chunk_0,wf01_s4_chunk_0
456,104,What is the final JWT expiry rule deployed to production after the sprint overri,CogniSync (Hybrid),1,25.4423,wf01_s5_chunk_0|wf01_s3_chunk_0|wf01_s1_chunk_0|wf01_d1_chunk_0|wf01_d2_chunk_0,wf01_s5_chunk_0
456,105,"Was the temporary 60-minute expiry change kept, or did we revert to the original",CogniSync (Hybrid),1,29.2683,wf01_d2_chunk_0|wf01_d3_chunk_0|wf01_d1_chunk_0|wf01_s5_chunk_0|wf01_s3_chunk_0,wf01_s3_chunk_0|wf01_s5_chunk_0
456,106,Which document defines 15-minute expiry as the approved JWT expiry setting?,CogniSync (Hybrid),1,28.6576,wf01_d1_chunk_0|wf01_s5_chunk_0|wf01_d2_chunk_0|wf01_s1_chunk_0|wf01_s3_chunk_0,wf01_s1_chunk_0
456,107,Confirm the architecture decision that adopted 15-minute expiry for JWT Authenti,CogniSync (Hybrid),1,24.0676,wf01_s5_chunk_0|wf01_d1_chunk_0|wf01_s1_chunk_0|wf01_d2_chunk_0|wf01_d3_chunk_0,wf01_s1_chunk_0
456,108,What is the primary keys policy for Database Schema?,CogniSync (Hybrid),1,22.24,wf02_d1_chunk_0|wf02_d2_chunk_0|wf02_s5_chunk_0|wf02_s1_chunk_0|wf02_d3_chunk_0,wf02_s1_chunk_0
456,109,How is primary keys implemented using Alembic+PostgreSQL?,CogniSync (Hybrid),1,24.0233,wf02_s1_chunk_0|wf02_d2_chunk_0|wf02_d1_chunk_0|wf02_s3_chunk_0|wf02_s4_chunk_0,wf02_s1_chunk_0
456,110,Find the backend standard for row identifier scheme.,CogniSync (Hybrid),1,23.1949,wf02_s4_chunk_0|wf02_s1_chunk_0|wf02_d3_chunk_0|wf02_d2_chunk_0|ng_1395,wf02_s1_chunk_0|wf02_s4_chunk_0
456,111,Summarise the technical decision on row identifier scheme during Database Schema,CogniSync (Hybrid),1,27.2273,wf02_s4_chunk_0|wf02_d3_chunk_0|wf02_d1_chunk_0|wf02_s1_chunk_0|wf02_d2_chunk_0,wf02_s4_chunk_0
456,112,What is the final primary keys rule deployed to production after the sprint over,CogniSync (Hybrid),1,27.512,wf02_s5_chunk_0|wf02_d1_chunk_0|wf02_d2_chunk_0|wf02_s3_chunk_0|wf02_s1_chunk_0,wf02_s5_chunk_0
456,113,"Was the temporary auto-incrementing integer PKs change kept, or did we revert to",CogniSync (Hybrid),1,32.2112,wf02_s3_chunk_0|wf02_s5_chunk_0|wf02_s1_chunk_0|wf02_d3_chunk_0|ng_637,wf02_s3_chunk_0|wf02_s5_chunk_0
456,114,Which document defines UUID primary keys as the approved primary keys setting?,CogniSync (Hybrid),1,24.9929,wf02_s1_chunk_0|wf02_s5_chunk_0|wf02_d2_chunk_0|wf02_d1_chunk_0|wf02_d3_chunk_0,wf02_s1_chunk_0
456,115,Confirm the architecture decision that adopted UUID primary keys for Database Sc,CogniSync (Hybrid),1,25.2552,wf02_s5_chunk_0|wf02_s1_chunk_0|wf02_d3_chunk_0|wf02_d2_chunk_0|wf02_d1_chunk_0,wf02_s1_chunk_0
456,116,What is the domain boundary policy for Microservice Context?,CogniSync (Hybrid),1,23.0049,wf03_d1_chunk_0|wf03_s5_chunk_0|wf03_s1_chunk_0|wf03_d2_chunk_0|wf03_d3_chunk_0,wf03_s1_chunk_0
456,117,How is domain boundary implemented using gRPC+Protobuf?,CogniSync (Hybrid),1,23.1474,wf03_s1_chunk_0|wf14_s1_chunk_0|wf14_d2_chunk_0|wf14_d3_chunk_0|wf14_d1_chunk_0,wf03_s1_chunk_0
456,118,Find the architecture standard for inter-service coupling.,CogniSync (Hybrid),1,21.7518,wf03_d3_chunk_0|wf03_s1_chunk_0|wf03_s4_chunk_0|wf03_d2_chunk_0|ng_2165,wf03_s1_chunk_0|wf03_s4_chunk_0
456,119,Summarise the technical decision on inter-service coupling during Microservice C,CogniSync (Hybrid),1,25.7414,wf03_d3_chunk_0|wf03_d2_chunk_0|wf03_d1_chunk_0|wf03_s1_chunk_0|wf03_s4_chunk_0,wf03_s4_chunk_0
456,120,What is the final domain boundary rule deployed to production after the sprint o,CogniSync (Hybrid),1,23.9467,wf03_s5_chunk_0|wf03_d1_chunk_0|wf04_s3_chunk_0|wf15_s3_chunk_0|wf18_s3_chunk_0,wf03_s5_chunk_0
456,121,"Was the temporary shared database schema change kept, or did we revert to the or",CogniSync (Hybrid),1,27.9588,wf03_s3_chunk_0|wf15_s4_chunk_0|wf03_d3_chunk_0|wf15_s3_chunk_0|wf15_d3_chunk_0,wf03_s3_chunk_0|wf03_s5_chunk_0
456,122,Which document defines strict domain boundary as the approved domain boundary se,CogniSync (Hybrid),1,25.6575,wf03_s5_chunk_0|wf03_s1_chunk_0|wf03_d1_chunk_0|wf16_d1_chunk_0|wf04_s5_chunk_0,wf03_s1_chunk_0
456,123,Confirm the architecture decision that adopted strict domain boundary for Micros,CogniSync (Hybrid),1,24.9495,wf03_s5_chunk_0|wf03_s1_chunk_0|wf03_d1_chunk_0|wf03_d3_chunk_0|wf03_d2_chunk_0,wf03_s1_chunk_0
456,124,What is the PR approvals policy for CI/CD Pipeline?,CogniSync (Hybrid),1,23.6514,wf04_d2_chunk_0|wf04_s5_chunk_0|wf04_s1_chunk_0|wf04_d1_chunk_0|wf04_d3_chunk_0,wf04_s1_chunk_0
456,125,How is PR approvals implemented using GitHub Actions?,CogniSync (Hybrid),1,23.8335,wf04_s1_chunk_0|wf04_d2_chunk_0|wf04_s5_chunk_0|wf04_d1_chunk_0|ng_628,wf04_s1_chunk_0
456,126,Find the devops standard for merge gate policy.,CogniSync (Hybrid),1,21.3036,wf04_s4_chunk_0|wf04_d3_chunk_0|wf04_s1_chunk_0|wf04_s5_chunk_0|wf19_s5_chunk_0,wf04_s1_chunk_0|wf04_s4_chunk_0
456,127,Summarise the technical decision on merge gate policy during CI/CD Pipeline desi,CogniSync (Hybrid),1,31.2603,wf04_d3_chunk_0|wf04_s4_chunk_0|wf04_s1_chunk_0|wf04_s5_chunk_0|wf04_d2_chunk_0,wf04_s4_chunk_0
456,128,What is the final PR approvals rule deployed to production after the sprint over,CogniSync (Hybrid),1,32.3361,wf04_s5_chunk_0|wf04_s3_chunk_0|wf05_s3_chunk_0|wf04_d1_chunk_0|wf04_d2_chunk_0,wf04_s5_chunk_0
456,129,"Was the temporary admin bypass override change kept, or did we revert to the ori",CogniSync (Hybrid),1,26.3308,wf04_s3_chunk_0|wf19_s5_chunk_0|wf16_s3_chunk_0|wf15_s5_chunk_0|wf01_s5_chunk_0,wf04_s3_chunk_0|wf04_s5_chunk_0
456,130,Which document defines require 2 PR approvals as the approved PR approvals setti,CogniSync (Hybrid),1,22.8547,wf04_d2_chunk_0|wf04_d1_chunk_0|wf04_s5_chunk_0|wf04_s1_chunk_0|wf16_d1_chunk_0,wf04_s1_chunk_0
456,131,Confirm the architecture decision that adopted require 2 PR approvals for CI/CD ,CogniSync (Hybrid),1,25.1001,wf04_s1_chunk_0|wf04_d2_chunk_0|wf04_s5_chunk_0|wf04_d1_chunk_0|wf04_d3_chunk_0,wf04_s1_chunk_0
456,132,What is the trace sampling policy for Observability Stack?,CogniSync (Hybrid),1,23.1126,wf05_d2_chunk_0|wf05_s5_chunk_0|wf05_d1_chunk_0|wf05_s1_chunk_0|wf05_d3_chunk_0,wf05_s1_chunk_0
456,133,How is trace sampling implemented using OpenTelemetry?,CogniSync (Hybrid),1,29.8222,wf05_s1_chunk_0|wf05_d2_chunk_0|wf05_s3_chunk_0|wf05_d3_chunk_0|wf05_d1_chunk_0,wf05_s1_chunk_0
456,134,Find the devops standard for telemetry capture rate.,CogniSync (Hybrid),1,23.9083,wf05_s4_chunk_0|ng_2127|wf05_s1_chunk_0|wf05_d2_chunk_0|wf05_d1_chunk_0,wf05_s1_chunk_0|wf05_s4_chunk_0
456,135,Summarise the technical decision on telemetry capture rate during Observability ,CogniSync (Hybrid),1,26.0057,wf05_s1_chunk_0|wf05_s4_chunk_0|wf05_d1_chunk_0|wf05_d3_chunk_0|wf05_s3_chunk_0,wf05_s4_chunk_0
456,136,What is the final trace sampling rule deployed to production after the sprint ov,CogniSync (Hybrid),1,24.6966,wf05_s3_chunk_0|wf05_s5_chunk_0|wf05_d2_chunk_0|wf05_d1_chunk_0|wf05_d3_chunk_0,wf05_s5_chunk_0
456,137,"Was the temporary 100% full trace sampling change kept, or did we revert to the ",CogniSync (Hybrid),1,30.0563,wf05_d2_chunk_0|wf05_s3_chunk_0|wf05_d1_chunk_0|wf05_s1_chunk_0|wf05_s5_chunk_0,wf05_s3_chunk_0|wf05_s5_chunk_0
456,138,Which document defines 10% trace sampling as the approved trace sampling setting,CogniSync (Hybrid),1,24.2047,wf05_d2_chunk_0|wf05_d1_chunk_0|wf05_s5_chunk_0|wf05_s1_chunk_0|wf05_d3_chunk_0,wf05_s1_chunk_0
456,139,Confirm the architecture decision that adopted 10% trace sampling for Observabil,CogniSync (Hybrid),1,23.4131,wf05_s1_chunk_0|wf05_s5_chunk_0|wf05_d2_chunk_0|wf05_d1_chunk_0|wf05_d3_chunk_0,wf05_s1_chunk_0
456,140,What is the rate limit policy for API Gateway Rate Limiting?,CogniSync (Hybrid),1,21.687,wf06_d2_chunk_0|wf06_s5_chunk_0|wf06_d1_chunk_0|wf06_d3_chunk_0|wf06_s1_chunk_0,wf06_s1_chunk_0
456,141,How is rate limit implemented using nginx+Lua?,CogniSync (Hybrid),1,23.0281,wf06_s1_chunk_0|wf06_s3_chunk_0|wf06_s4_chunk_0|wf06_d2_chunk_0|wf06_d1_chunk_0,wf06_s1_chunk_0
456,142,Find the backend standard for inbound request throttle.,CogniSync (Hybrid),1,23.1091,wf06_s4_chunk_0|wf06_s5_chunk_0|wf06_d3_chunk_0|ng_418|wf06_s1_chunk_0,wf06_s1_chunk_0|wf06_s4_chunk_0
456,143,Summarise the technical decision on inbound request throttle during API Gateway ,CogniSync (Hybrid),1,26.1305,wf06_s4_chunk_0|wf06_d3_chunk_0|wf06_d1_chunk_0|wf06_s5_chunk_0|wf06_d2_chunk_0,wf06_s4_chunk_0
456,144,What is the final rate limit rule deployed to production after the sprint overri,CogniSync (Hybrid),1,24.4603,wf06_s3_chunk_0|wf06_s5_chunk_0|wf06_d1_chunk_0|wf06_d2_chunk_0|wf06_s1_chunk_0,wf06_s5_chunk_0
456,145,"Was the temporary unlimited bursting change kept, or did we revert to the origin",CogniSync (Hybrid),1,26.5748,wf06_s3_chunk_0|wf06_s5_chunk_0|wf06_d3_chunk_0|wf06_d1_chunk_0|wf06_s4_chunk_0,wf06_s3_chunk_0|wf06_s5_chunk_0
456,146,Which document defines 100 RPM rate limit as the approved rate limit setting?,CogniSync (Hybrid),1,22.8537,wf06_d2_chunk_0|wf06_d1_chunk_0|wf06_s1_chunk_0|wf06_d3_chunk_0|wf06_s5_chunk_0,wf06_s1_chunk_0
456,147,Confirm the architecture decision that adopted 100 RPM rate limit for API Gatewa,CogniSync (Hybrid),1,23.4449,wf06_d3_chunk_0|wf06_s5_chunk_0|wf06_d2_chunk_0|wf06_d1_chunk_0|wf06_s1_chunk_0,wf06_s1_chunk_0
456,148,What is the cache TTL policy for Distributed Caching?,CogniSync (Hybrid),1,22.3979,wf07_d2_chunk_0|wf07_s5_chunk_0|wf07_d1_chunk_0|wf07_d3_chunk_0|wf07_s1_chunk_0,wf07_s1_chunk_0
456,149,How is cache TTL implemented using redis-py?,CogniSync (Hybrid),1,21.8853,wf07_s1_chunk_0|wf07_d2_chunk_0|wf07_d3_chunk_0|wf07_s3_chunk_0|wf07_s5_chunk_0,wf07_s1_chunk_0
789,0,"Using message passing with XtAddInput Organization: 3M Company, 3M Center,",Vanilla RAG,1,23.2602,ng_2190|ng_2035|wf17_s2_chunk_0|ng_73|ng_1430,ng_2190
789,1,"Subject: Re: SE Serial Port Speed???? Organization: Sophomore, Mechanical Engine",Vanilla RAG,1,23.1702,ng_1054|ng_744|ng_1379|ng_1904|ng_400,ng_1054
789,2,"Re: Q800 Video RAM Questions Distribution: na Organization: Apple Computer,",Vanilla RAG,1,21.8557,ng_76|ng_968|ng_2194|ng_438|ng_978,ng_76
789,3,Subject: Re: More technical details Organization: Partnership for an America,Vanilla RAG,0,21.3072,ng_1829|ng_2218|ng_816|ng_1379|ng_1144,ng_2281
789,4,Re: text of White House announcement and Q&As on clipper,Vanilla RAG,0,20.2827,ng_1331|ng_277|ng_1449|ng_1347|ng_820,ng_146
789,5,Re: A question about 120VAC outlet wiring.. Keywords: outlet Article-I.D.:,Vanilla RAG,1,23.386,ng_1750|ng_536|ng_749|ng_659|ng_263,ng_536
789,6,"Subject: SE rom Keywords: roms, grayscale, select 300 Organization: NETCOM",Vanilla RAG,1,24.1746,ng_741|ng_1011|ng_387|ng_2278|ng_757,ng_741
789,7,Re: text of White House announcement and Q&As on clipper,Vanilla RAG,0,19.8757,ng_1331|ng_277|ng_1449|ng_1347|ng_820,ng_1944
789,8,"Re: Title for XTerm Organization: Dept. of Computer Science, TU",Vanilla RAG,1,21.069,ng_474|ng_1012|ng_654|ng_1264|ng_943,ng_654
789,9,Re: NUTEK FACES APPLE'S WRATH (article!!!!!!) READ Article-I.D.: rpi.j3g5bwq Org,Vanilla RAG,0,30.1335,ng_2323|ng_1649|ng_1375|ng_811|ng_1206,ng_1275
789,10,"Organization: Industrial Research Ltd., New Zealand. NNTP-Posting-Host: grv.grac",Vanilla RAG,0,28.3919,ng_271|ng_690|ng_424|ng_1736|ng_1379,ng_2267
789,11,Re: your opinion of the LaserWriter Select 310? Article-I.D.: usenet.1prg8a$psr,Vanilla RAG,1,26.894,ng_248|ng_908|ng_52|ng_1598|ng_1910,ng_908
789,12,Re: Hard drive security for FBI targets Reply-To: pdc@dcs.ed.ac.uk (Paul,Vanilla RAG,0,25.7489,ng_687|ng_471|ng_598|ng_1524|ng_1313,ng_2210
789,13,Subject: Dynamic changing of the title bar Organization: Xerox X-Newsreader:,Vanilla RAG,1,23.071,ng_1628|ng_2240|ng_50|ng_818|ng_767,ng_1628
789,14,"Quadra 700 memory upgrade Organization: Univ. of Strathclyde, Glasgow, UK",Vanilla RAG,1,22.8442,ng_44|ng_2293|ng_2351|ng_2049|ng_1583,ng_44
789,15,Re: HV diodes Reply-To: dtmedin@catbyte.b30.ingr.com Organization: Intergraph Co,Vanilla RAG,1,28.3406,ng_541|ng_515|ng_796|ng_1085|ng_1411,ng_796
789,16,Re: Forcing a window manager to accept specific coordinates for,Vanilla RAG,1,19.3193,ng_1099|ng_1538|ng_847|ng_1197|ng_704,ng_847
789,17,MICROPHONE PRE-AMP/LOW NOISE/PHANTOM POWERED Nntp-Posting-Host: liu.cns.nyu.edu ,Vanilla RAG,1,32.208,ng_1067|ng_1447|ng_512|ng_1833|ng_1080,ng_1067
789,18,Re: An Open Letter to Mr. Clinton Organization: Totally Unorganized,Vanilla RAG,0,20.5895,ng_1331|ng_258|ng_361|ng_283|ng_1035,ng_1334
789,19,How do I find my AppContext? Organization: San Diego State,Vanilla RAG,1,20.0767,ng_972|ng_1699|ng_319|ng_2094|ng_2187,ng_972
789,20,"Re: Would ""clipper"" make a good cover for other encryption",Vanilla RAG,1,21.4862,ng_900|ng_1808|ng_19|ng_329|ng_102,ng_900
789,21,Re: CD300 & 300i Nntp-Posting-Host: christian.informatik.uni-ulm.de Organization,Vanilla RAG,0,30.0232,ng_255|ng_676|ng_1143|ng_1379|ng_1969,ng_1741
789,22,An Open Letter to Mr. Clinton Nntp-Posting-Host: dolores.lance.colostate.edu Org,Vanilla RAG,1,26.5691,ng_361|ng_283|ng_258|ng_1035|ng_1969,ng_258
789,23,Re: Need to find out number to a phone line,Vanilla RAG,1,20.0833,ng_154|ng_2065|ng_1591|ng_577|ng_181,ng_1591
789,24,"Subject: Re: REPOST: Accelerators/Translations Keywords: Accelerator, case Organ",Vanilla RAG,1,24.3027,ng_1883|ng_1379|ng_1505|ng_86|ng_1402,ng_1505
789,25,Re: Forcing a window manager to accept specific coordinates for,Vanilla RAG,1,19.6175,ng_1099|ng_1538|ng_847|ng_1197|ng_704,ng_1538
789,26,Re: How to detect use of an illegal cipher? Organization:,Vanilla RAG,1,20.4774,ng_950|ng_1073|ng_304|ng_1660|ng_742,ng_304
789,27,Subject: X for PC Organization: Youngstown State/Youngstown Free-Net Lines: 18,Vanilla RAG,1,26.163,ng_1829|ng_1379|ng_545|ng_254|ng_403,ng_545
789,28,Trade Mac SE system for Color Mac??? Article-I.D.: wixer.1993Apr16.181557.11264 ,Vanilla RAG,1,44.9165,ng_222|ng_481|ng_1726|ng_566|ng_1011,ng_222
789,29,Re: Fifth Amendment and Passwords Organization: Little to None Lines:,Vanilla RAG,1,20.4605,ng_1408|ng_812|ng_153|ng_1366|ng_2147,ng_812
789,30,"Re: Pgp, PEM, and RFC's (Was: Cryptography Patents) Organization: Oce",Vanilla RAG,1,29.88,ng_1433|ng_1998|ng_38|ng_109|ng_736,ng_109
789,31,Subject: Re: Drawing Lines (inverse/xor) In-Reply-To: singg@alf.uib.no's message,Vanilla RAG,1,31.1231,ng_2020|ng_2056|ng_746|ng_1163|ng_378,ng_2020
789,32,Re: Accelerating the MacPlus...;) Nntp-Posting-Host: michigan.aero.org Organizat,Vanilla RAG,1,27.3287,ng_1269|ng_1969|ng_2323|ng_1977|ng_2278,ng_1977
789,33,"Re: Organized Lobbying for Cryptography Organization: Test Systems Strategies, I",Vanilla RAG,0,21.2521,ng_38|ng_1073|ng_1998|ng_1718|ng_1123,ng_657
789,34,Re: Clipper Chip and crypto key-escrow Organization: Memex Information Systems,Vanilla RAG,0,22.1914,ng_1021|ng_21|ng_122|ng_1771|ng_509,ng_865
789,35,x86 ~= 680x0 ?? (How do they compare?) Organization: FidoNet,Vanilla RAG,1,22.9257,ng_173|ng_2299|ng_1081|ng_1630|ng_1645,ng_1630
789,36,Some Questions (was: REVISED SUMMARY) Organization: Swiss Federal Institute of,Vanilla RAG,0,20.0749,ng_101|ng_38|ng_1998|ng_1489|ng_944,ng_2268
789,37,xv -root with vue? (was Re: xloadimage -onroot ...) Article-I.D.:,Vanilla RAG,1,27.184,ng_70|ng_1520|ng_1620|ng_1163|ng_432,ng_1520
789,38,Subject: Re: Telephone Controlled Power Bar Needed Organization: Netcom -,Vanilla RAG,1,20.6548,ng_629|ng_2026|ng_2027|ng_952|ng_1987,ng_2026
789,39,"Re: Once tapped, your code is no good any more.",Vanilla RAG,0,19.8119,ng_691|ng_1507|ng_2254|ng_1137|ng_1700,ng_1747
789,40,"LCD (was: Re: Once tapped...) Organization: Management Graphics, Inc. Lines:",Vanilla RAG,0,23.5232,ng_1419|ng_1738|ng_818|ng_77|ng_1888,ng_917
789,41,spook <rick@ee.uwm.edu> Subject: Alternate *legal* wiretaps. Organization: Just ,Vanilla RAG,1,27.1667,ng_920|ng_1815|ng_2332|ng_1717|ng_691,ng_920
789,42,"grimwood@ccu1.aukuni.ac.nz (Tony Grimwood) Organization: University of Auckland,",Vanilla RAG,0,27.4666,ng_1379|ng_1843|ng_2080|ng_1277|ng_744,ng_829
789,43,Re: Circular Motif Widgets In-Reply-To: dev@hollywood.acsc.com's message of 16 A,Vanilla RAG,0,25.8313,ng_1852|ng_130|ng_2255|ng_1968|ng_2191,ng_475
789,44,Re: Radio Shack Battery of the Month Club Organization: University,Vanilla RAG,1,21.7711,ng_1136|ng_8|ng_751|ng_156|ng_870,ng_1136
789,45,Subject: Re: Forcing a window manager to accept specific coordinates,Vanilla RAG,0,20.2283,ng_1099|ng_1538|ng_847|ng_1197|ng_704,ng_552
789,46,Re: Wanted: A to D hardware for a PC Article-I.D.:,Vanilla RAG,0,24.3488,ng_231|ng_387|ng_1519|ng_1912|ng_286,ng_675
789,47,Subject: Re: what to do with old 256k SIMMs? Organization:,Vanilla RAG,0,20.8728,ng_2113|ng_1417|ng_747|ng_1068|ng_616,ng_2011
789,48,"& Pirbhai help... Lines: 12 Hello, Has anyone used the",Vanilla RAG,1,21.3167,ng_1888|ng_273|ng_1184|ng_1958|ng_106,ng_1184
789,49,"Re: Organized Lobbying for Cryptography Organization: Stratus Computer, Software",Vanilla RAG,0,22.0486,ng_38|ng_1718|ng_1998|ng_660|ng_1073,ng_1560
789,50,Subject: New England Ham - Electronic Fleamarket Dates ** 1,Vanilla RAG,1,20.7432,ng_276|ng_1415|ng_1616|ng_860|ng_1829,ng_276
789,51,Re: IIci -> Q700 upgrade? Nntp-Posting-Host: daeron.mcrcim.mcgill.edu Organizati,Vanilla RAG,1,29.3691,ng_1583|ng_2282|ng_1567|ng_2340|ng_2007,ng_1583
789,52,Subject: Re: text of White House announcement and Q&As on,Vanilla RAG,0,20.702,ng_1724|ng_1449|ng_1124|ng_277|ng_949,ng_2226
789,53,Re: Macs suck! Buy a PC! Nntp-Posting-Host: molbio.cbs.umn.edu Organization: Uni,Vanilla RAG,1,27.4816,ng_2323|ng_177|ng_2329|ng_1268|ng_465,ng_2323
789,54,ext. 8056) Subject: Re: What do Nuclear Site's Cooling Towers,Vanilla RAG,0,22.6006,ng_1767|ng_2032|ng_1728|ng_12|ng_526,ng_2037
789,55,"Re: Once tapped, your code is no good any more.",Vanilla RAG,0,19.9306,ng_691|ng_1507|ng_2254|ng_1137|ng_1700,ng_1479
789,56,Organization: The Internet Lines: 5 NNTP-Posting-Host: enterpoop.mit.edu To: XPE,Vanilla RAG,1,31.7747,ng_255|ng_1379|ng_1143|ng_235|ng_676,ng_255
789,57,xwd segmentation fault Keywords: xwd X11 Organization: JHU/Applied Physics Labor,Vanilla RAG,1,23.4471,ng_1906|ng_1655|ng_356|ng_1368|ng_1000,ng_1906
789,58,Re: I want use DeskJet on System7 Nntp-Posting-Host: bcarh1ee Organization:,Vanilla RAG,1,24.9889,ng_674|ng_787|ng_1088|ng_676|ng_1951,ng_674
789,59,Re: Suggestions on Audio relays ??? Organization: Megatest Corporation Lines:,Vanilla RAG,1,21.6128,ng_1853|ng_1305|ng_2203|ng_2162|ng_1341,ng_1853
789,60,"4-plane Xterminal (Do I want one?) Keywords: plane, Xterminal Organization:",Vanilla RAG,1,25.0489,ng_2262|ng_1333|ng_780|ng_1276|ng_1012,ng_2262
789,61,High level language compilers for uControllers ? Article-I.D.: stellenb.mabbot.3,Vanilla RAG,1,26.8199,ng_447|ng_1047|ng_451|ng_2030|ng_1532,ng_447
789,62,"Subject: Why do I need ""xrdb -m"" when .Xdefaults unchanged?",Vanilla RAG,1,23.4006,ng_1573|ng_1266|ng_2156|ng_1430|ng_1895,ng_1266
789,63,Re: Fighting the Clipper Initiative Organization: Express Access Online Communic,Vanilla RAG,0,20.8023,ng_772|ng_726|ng_2212|ng_2061|ng_906,ng_2052
789,64,Subject: Re: Fifth Amendment and Passwords Organization: Brought to you,Vanilla RAG,0,20.4781,ng_1408|ng_812|ng_153|ng_1366|ng_2147,ng_944
789,65,"Re: Once tapped, your code is no good any more.",Vanilla RAG,0,19.6445,ng_691|ng_1507|ng_2254|ng_1137|ng_1700,ng_2104
789,66,"Subject: Voltage Multiplier Problem. Organization: Computer Science, Liverpool U",Vanilla RAG,1,21.7605,ng_1257|ng_541|ng_1606|ng_2087|ng_2120,ng_1257
789,67,<news> Subject: Re: Xt intrinsics: slow popups Nntp-Posting-Host: tweety Reply-T,Vanilla RAG,1,26.2358,ng_1806|ng_1711|ng_1044|ng_2348|ng_1179,ng_1711
789,68,"Subject: Re: Dayton Hamfest Organization: Senior, Electrical and Computer Engine",Vanilla RAG,1,20.4781,ng_1616|ng_610|ng_2074|ng_271|ng_1216,ng_610
789,69,"Keysym database problems Keywords: X, Motif Organization: CATT Centre at",Vanilla RAG,1,20.3556,ng_2326|ng_1505|wf02_d3_chunk_0|ng_1891|ng_1340,ng_2326
789,70,R5 table widget causing trouble with XtQueryGeometry Organization: Universitaet ,Vanilla RAG,1,27.3585,ng_805|ng_32|ng_328|ng_1276|ng_1820,ng_805
789,71,Re: Telephone on hook/off hok ok circuit Organization: Megatest Corporation,Vanilla RAG,1,32.9693,ng_952|ng_2249|ng_2139|ng_26|ng_181,ng_26
789,72,"Re: Animation with XPutImage()? Organization: Dept. of Computer Science, TU",Vanilla RAG,1,29.5,ng_2111|ng_817|ng_1352|ng_2202|ng_1108,ng_1352
789,73,Re: x86 ~= 680x0 ?? (How do they compare?) Organization:,Vanilla RAG,0,24.4205,ng_2299|ng_173|ng_1081|ng_1645|ng_2168,ng_685
789,74,Subject: Laser Writer IINTX upgrade kit Organization: Royal Melbourne Institute,Vanilla RAG,1,20.8901,ng_855|ng_1863|ng_52|ng_1910|ng_908,ng_855
789,75,"Subject: Re: Mix GL with X (Xlib,Xt,mwm) Nntp-Posting-Host: 211.2.1.65 Organizat",Vanilla RAG,1,30.2198,ng_2181|ng_863|ng_1200|ng_648|ng_994,ng_994
789,76,Subject: Keyboard map for UK type 5 keyboard under X11/R5?,Vanilla RAG,1,22.3385,ng_1733|ng_106|ng_1576|ng_1340|ng_1826,ng_1733
789,77,Subject: Re: The source of that announcement Organization: NETCOM On-line,Vanilla RAG,1,21.4531,ng_2218|ng_690|ng_2027|ng_1829|ng_757,ng_2218
789,78,anybody have patched version of xroach for tvtwm??? Organization: NASA,Vanilla RAG,1,23.4317,ng_1620|ng_1807|ng_439|ng_1430|ng_2156,ng_1620
789,79,A StyleWriter II question Nntp-Posting-Host: miniac.etu.gel.ulaval.ca Organizati,Vanilla RAG,0,27.9574,ng_1379|ng_235|ng_2027|ng_2304|ng_255,ng_510
789,80,"Re: tvtwm & xsetroot, X11R5 and SPARCstation 10 keyboard Organization:",Vanilla RAG,1,26.2206,ng_1430|ng_2156|ng_1576|ng_1826|ng_106,ng_2156
789,81,Can you share one monitor w/ 2 cpus? Organization: Case,Vanilla RAG,1,21.8491,ng_1919|ng_1513|ng_738|ng_1500|ng_1034,ng_1919
789,82,Subject: Can Radio Freq. Be Used To Measure Distance? Organization:,Vanilla RAG,1,22.3015,ng_165|ng_2107|ng_1301|ng_641|ng_971,ng_165
789,83,Subject: Re: your opinion of the LaserWriter Select 310? Article-I.D.:,Vanilla RAG,1,24.248,ng_248|ng_52|ng_908|ng_1910|ng_1598,ng_248
789,84,"Subject: Re: How do I find my AppContext? Keywords: Context,",Vanilla RAG,1,24.6877,ng_972|ng_319|ng_1699|ng_1858|ng_2187,ng_319
789,85,Re: Help with ultra-long timing Organization: Macquarie University Lines: 39,Vanilla RAG,1,23.167,ng_1938|ng_2197|ng_1493|ng_684|ng_2118,ng_684
789,86,"Subject: Re: HELP INSTALL RAM ON CENTRIS 610 Organization: Sophomore,",Vanilla RAG,1,23.6896,ng_958|ng_562|ng_326|ng_149|ng_2309,ng_958
789,87,SI clock reports Summary: Request for SI clock poll Keywords:,Vanilla RAG,1,21.871,ng_1869|ng_505|ng_2106|ng_1058|ng_1081,ng_2106
789,88,Re: Fifth Amendment and Passwords Nntp-Posting-Host: bistromath.mitre.org Organi,Vanilla RAG,1,29.2376,ng_1408|ng_1128|ng_944|ng_153|ng_1297,ng_1128
789,89,Subject: need ACS tutorial and/or netlist examples Originator: tsp@sp1 Keywords:,Vanilla RAG,1,26.3837,ng_1877|ng_672|ng_271|ng_1379|ng_400,ng_1877
789,90,Radar detector DETECTORS? Organization: At UT? That's a joke. Lines:,Vanilla RAG,1,23.5696,ng_2153|ng_2215|ng_1688|ng_406|ng_2273,ng_2215
789,91,"Ask the ftp address of ""Kerberos Version 5 draft RFC""",Vanilla RAG,1,23.6041,ng_235|wf11_d1_chunk_0|ng_2157|ng_373|ng_1464,ng_235
789,92,Re: electronic odometers (was: Used BMW Question ..... ???) Organization:,Vanilla RAG,1,26.2058,ng_1516|ng_1292|ng_324|ng_694|ng_71,ng_71
789,93,"Dept Info in Austrailia From: MATGBB@LURE.LATROBE.EDU.AU (BYRNES,Graham) Organiz",Vanilla RAG,1,30.1172,ng_2080|ng_1843|ng_1277|ng_744|ng_223,ng_2080
789,94,"""similarity"" too Organization: capriccioso X-Newsreader: TIN [version 1.1 PL6] L",Vanilla RAG,0,27.6663,ng_1435|ng_1888|ng_767|ng_1086|ng_1723,ng_2311
789,95,Re: text of White House announcement and Q&As on clipper,Vanilla RAG,0,21.5533,ng_1331|ng_277|ng_1449|ng_1347|ng_820,ng_849
789,96,built in video Article-I.D.: geraldo.1pqt5nINN605 Reply-To: bruceg@ccwf.cc.utexa,Vanilla RAG,0,39.9348,ng_1489|ng_2194|ng_1807|ng_1361|ng_1799,ng_1465
789,97,hand scanners? Organization: Lafayette College Lines: 6 Originator: news@lafcol ,Vanilla RAG,1,26.9242,ng_1698|ng_28|ng_298|ng_2094|ng_384,ng_1698
789,98,"Any recent information on Frescoe? Organization: CenterLine Software, Inc. Lines",Vanilla RAG,1,22.5008,ng_2150|ng_819|ng_1261|ng_1333|ng_74,ng_2150
789,99,Re: Cable TVI interference Keywords: catv cable television tvi Organization:,Vanilla RAG,1,22.2039,ng_2159|ng_454|ng_1224|ng_2009|ng_1942,ng_2159
789,100,What is the JWT expiry policy for JWT Authentication?,Vanilla RAG,1,20.5358,wf01_s5_chunk_0|wf01_s1_chunk_0|wf01_d1_chunk_0|wf01_d2_chunk_0|wf01_d3_chunk_0,wf01_s1_chunk_0
789,101,How is JWT expiry implemented using PyJWT+Redis?,Vanilla RAG,1,21.8493,wf01_s1_chunk_0|wf01_s3_chunk_0|wf01_s4_chunk_0|wf01_d2_chunk_0|wf01_s5_chunk_0,wf01_s1_chunk_0
789,102,Find the backend standard for session token lifetime.,Vanilla RAG,1,18.7703,wf01_d3_chunk_0|wf01_d2_chunk_0|wf01_s1_chunk_0|wf01_s5_chunk_0|wf01_s3_chunk_0,wf01_s1_chunk_0|wf01_s4_chunk_0
789,103,Summarise the technical decision on session token lifetime during JWT Authentica,Vanilla RAG,0,21.4615,wf01_d3_chunk_0|wf01_d2_chunk_0|wf01_s5_chunk_0|wf01_d1_chunk_0|wf01_s1_chunk_0,wf01_s4_chunk_0
789,104,What is the final JWT expiry rule deployed to production after the sprint overri,Vanilla RAG,1,23.9769,wf01_s5_chunk_0|wf01_s3_chunk_0|wf01_s1_chunk_0|wf01_d1_chunk_0|wf01_d2_chunk_0,wf01_s5_chunk_0
789,105,"Was the temporary 60-minute expiry change kept, or did we revert to the original",Vanilla RAG,1,26.1888,wf01_d2_chunk_0|wf01_d3_chunk_0|wf01_d1_chunk_0|wf01_s5_chunk_0|wf01_s3_chunk_0,wf01_s3_chunk_0|wf01_s5_chunk_0
789,106,Which document defines 15-minute expiry as the approved JWT expiry setting?,Vanilla RAG,1,22.058,wf01_d1_chunk_0|wf01_s5_chunk_0|wf01_d2_chunk_0|wf01_s1_chunk_0|wf01_s3_chunk_0,wf01_s1_chunk_0
789,107,Confirm the architecture decision that adopted 15-minute expiry for JWT Authenti,Vanilla RAG,1,22.2547,wf01_s5_chunk_0|wf01_d1_chunk_0|wf01_s1_chunk_0|wf01_d2_chunk_0|wf01_d3_chunk_0,wf01_s1_chunk_0
789,108,What is the primary keys policy for Database Schema?,Vanilla RAG,1,19.7858,wf02_d1_chunk_0|wf02_d2_chunk_0|wf02_s5_chunk_0|wf02_s1_chunk_0|wf02_d3_chunk_0,wf02_s1_chunk_0
789,109,How is primary keys implemented using Alembic+PostgreSQL?,Vanilla RAG,1,21.56,wf02_s1_chunk_0|wf02_d2_chunk_0|wf02_d1_chunk_0|wf02_s3_chunk_0|wf02_s4_chunk_0,wf02_s1_chunk_0
789,110,Find the backend standard for row identifier scheme.,Vanilla RAG,1,20.2027,wf02_s4_chunk_0|wf02_s1_chunk_0|wf02_d3_chunk_0|wf02_d2_chunk_0|ng_1395,wf02_s1_chunk_0|wf02_s4_chunk_0
789,111,Summarise the technical decision on row identifier scheme during Database Schema,Vanilla RAG,1,26.4858,wf02_s4_chunk_0|wf02_d3_chunk_0|wf02_d1_chunk_0|wf02_s1_chunk_0|wf02_d2_chunk_0,wf02_s4_chunk_0
789,112,What is the final primary keys rule deployed to production after the sprint over,Vanilla RAG,1,21.7114,wf02_s5_chunk_0|wf02_d1_chunk_0|wf02_d2_chunk_0|wf02_s1_chunk_0|wf02_s3_chunk_0,wf02_s5_chunk_0
789,113,"Was the temporary auto-incrementing integer PKs change kept, or did we revert to",Vanilla RAG,1,37.5592,wf02_s3_chunk_0|wf02_s5_chunk_0|wf02_s1_chunk_0|wf02_d3_chunk_0|ng_637,wf02_s3_chunk_0|wf02_s5_chunk_0
789,114,Which document defines UUID primary keys as the approved primary keys setting?,Vanilla RAG,1,27.8279,wf02_s1_chunk_0|wf02_s5_chunk_0|wf02_d2_chunk_0|wf02_d1_chunk_0|wf02_d3_chunk_0,wf02_s1_chunk_0
789,115,Confirm the architecture decision that adopted UUID primary keys for Database Sc,Vanilla RAG,1,21.2167,wf02_s5_chunk_0|wf02_s1_chunk_0|wf02_d3_chunk_0|wf02_d2_chunk_0|wf02_d1_chunk_0,wf02_s1_chunk_0
789,116,What is the domain boundary policy for Microservice Context?,Vanilla RAG,1,20.2566,wf03_d1_chunk_0|wf03_s5_chunk_0|wf03_s1_chunk_0|wf03_d2_chunk_0|wf03_d3_chunk_0,wf03_s1_chunk_0
789,117,How is domain boundary implemented using gRPC+Protobuf?,Vanilla RAG,1,20.4364,wf03_s1_chunk_0|wf14_s1_chunk_0|wf14_d2_chunk_0|wf14_d3_chunk_0|wf14_d1_chunk_0,wf03_s1_chunk_0
789,118,Find the architecture standard for inter-service coupling.,Vanilla RAG,1,18.7685,wf03_d3_chunk_0|wf03_s1_chunk_0|wf03_s4_chunk_0|wf03_d2_chunk_0|wf19_s4_chunk_0,wf03_s1_chunk_0|wf03_s4_chunk_0
789,119,Summarise the technical decision on inter-service coupling during Microservice C,Vanilla RAG,1,22.2999,wf03_d3_chunk_0|wf03_d2_chunk_0|wf03_d1_chunk_0|wf03_s1_chunk_0|wf03_s4_chunk_0,wf03_s4_chunk_0
789,120,What is the final domain boundary rule deployed to production after the sprint o,Vanilla RAG,1,21.2362,wf03_s5_chunk_0|wf03_d1_chunk_0|wf04_s3_chunk_0|wf15_s3_chunk_0|wf18_s3_chunk_0,wf03_s5_chunk_0
789,121,"Was the temporary shared database schema change kept, or did we revert to the or",Vanilla RAG,1,25.2384,wf03_s3_chunk_0|wf15_s4_chunk_0|wf03_d3_chunk_0|wf15_d3_chunk_0|wf15_s3_chunk_0,wf03_s3_chunk_0|wf03_s5_chunk_0
789,122,Which document defines strict domain boundary as the approved domain boundary se,Vanilla RAG,1,20.503,wf03_s5_chunk_0|wf03_s1_chunk_0|wf03_d1_chunk_0|wf16_d1_chunk_0|wf04_s5_chunk_0,wf03_s1_chunk_0
789,123,Confirm the architecture decision that adopted strict domain boundary for Micros,Vanilla RAG,1,21.3048,wf03_s5_chunk_0|wf03_d1_chunk_0|wf03_s1_chunk_0|wf03_d3_chunk_0|wf03_d2_chunk_0,wf03_s1_chunk_0
789,124,What is the PR approvals policy for CI/CD Pipeline?,Vanilla RAG,1,20.1335,wf04_d2_chunk_0|wf04_s5_chunk_0|wf04_d1_chunk_0|wf04_s1_chunk_0|wf04_d3_chunk_0,wf04_s1_chunk_0
789,125,How is PR approvals implemented using GitHub Actions?,Vanilla RAG,1,21.1062,wf04_s1_chunk_0|wf04_d2_chunk_0|wf04_s5_chunk_0|wf04_d1_chunk_0|ng_628,wf04_s1_chunk_0
789,126,Find the devops standard for merge gate policy.,Vanilla RAG,1,19.3912,wf04_s4_chunk_0|wf04_d3_chunk_0|wf04_s1_chunk_0|wf04_s5_chunk_0|wf19_s5_chunk_0,wf04_s1_chunk_0|wf04_s4_chunk_0
789,127,Summarise the technical decision on merge gate policy during CI/CD Pipeline desi,Vanilla RAG,1,23.2191,wf04_d3_chunk_0|wf04_s4_chunk_0|wf04_s1_chunk_0|wf04_s5_chunk_0|wf04_d2_chunk_0,wf04_s4_chunk_0
789,128,What is the final PR approvals rule deployed to production after the sprint over,Vanilla RAG,1,23.6922,wf04_s5_chunk_0|wf04_s3_chunk_0|wf04_d1_chunk_0|wf05_s3_chunk_0|wf04_d2_chunk_0,wf04_s5_chunk_0
789,129,"Was the temporary admin bypass override change kept, or did we revert to the ori",Vanilla RAG,1,24.9513,wf04_s3_chunk_0|wf19_s5_chunk_0|wf15_s5_chunk_0|wf16_s3_chunk_0|wf01_s5_chunk_0,wf04_s3_chunk_0|wf04_s5_chunk_0
789,130,Which document defines require 2 PR approvals as the approved PR approvals setti,Vanilla RAG,1,22.5256,wf04_d2_chunk_0|wf04_d1_chunk_0|wf04_s5_chunk_0|wf04_s1_chunk_0|wf16_d1_chunk_0,wf04_s1_chunk_0
789,131,Confirm the architecture decision that adopted require 2 PR approvals for CI/CD ,Vanilla RAG,1,23.5401,wf04_s1_chunk_0|wf04_d2_chunk_0|wf04_s5_chunk_0|wf04_d1_chunk_0|wf04_d3_chunk_0,wf04_s1_chunk_0
789,132,What is the trace sampling policy for Observability Stack?,Vanilla RAG,1,20.02,wf05_d2_chunk_0|wf05_s5_chunk_0|wf05_d1_chunk_0|wf05_s1_chunk_0|wf05_d3_chunk_0,wf05_s1_chunk_0
789,133,How is trace sampling implemented using OpenTelemetry?,Vanilla RAG,1,20.1142,wf05_s1_chunk_0|wf05_d2_chunk_0|wf05_s3_chunk_0|wf05_d3_chunk_0|wf05_d1_chunk_0,wf05_s1_chunk_0
789,134,Find the devops standard for telemetry capture rate.,Vanilla RAG,1,20.8003,wf05_s4_chunk_0|ng_2127|wf05_s1_chunk_0|wf05_d2_chunk_0|wf05_d1_chunk_0,wf05_s1_chunk_0|wf05_s4_chunk_0
789,135,Summarise the technical decision on telemetry capture rate during Observability ,Vanilla RAG,1,23.1788,wf05_s1_chunk_0|wf05_s4_chunk_0|wf05_d1_chunk_0|wf05_d3_chunk_0|wf05_s3_chunk_0,wf05_s4_chunk_0
789,136,What is the final trace sampling rule deployed to production after the sprint ov,Vanilla RAG,1,21.8851,wf05_s3_chunk_0|wf05_s5_chunk_0|wf05_d2_chunk_0|wf05_d1_chunk_0|wf05_d3_chunk_0,wf05_s5_chunk_0
789,137,"Was the temporary 100% full trace sampling change kept, or did we revert to the ",Vanilla RAG,1,25.0789,wf05_d2_chunk_0|wf05_s3_chunk_0|wf05_d1_chunk_0|wf05_s1_chunk_0|wf05_s5_chunk_0,wf05_s3_chunk_0|wf05_s5_chunk_0
789,138,Which document defines 10% trace sampling as the approved trace sampling setting,Vanilla RAG,1,20.4397,wf05_d2_chunk_0|wf05_d1_chunk_0|wf05_s5_chunk_0|wf05_s1_chunk_0|wf05_d3_chunk_0,wf05_s1_chunk_0
789,139,Confirm the architecture decision that adopted 10% trace sampling for Observabil,Vanilla RAG,1,22.6614,wf05_s1_chunk_0|wf05_d2_chunk_0|wf05_s5_chunk_0|wf05_d1_chunk_0|wf05_d3_chunk_0,wf05_s1_chunk_0
789,140,What is the rate limit policy for API Gateway Rate Limiting?,Vanilla RAG,0,20.4881,wf06_d2_chunk_0|wf06_s5_chunk_0|wf06_d1_chunk_0|wf06_d3_chunk_0|wf06_s4_chunk_0,wf06_s1_chunk_0
789,141,How is rate limit implemented using nginx+Lua?,Vanilla RAG,1,20.1403,wf06_s1_chunk_0|wf06_s3_chunk_0|wf06_s4_chunk_0|wf06_d2_chunk_0|wf06_d1_chunk_0,wf06_s1_chunk_0
789,142,Find the backend standard for inbound request throttle.,Vanilla RAG,1,20.7554,wf06_s4_chunk_0|wf06_s5_chunk_0|wf06_d3_chunk_0|wf06_s1_chunk_0|wf06_d1_chunk_0,wf06_s1_chunk_0|wf06_s4_chunk_0
789,143,Summarise the technical decision on inbound request throttle during API Gateway ,Vanilla RAG,1,22.6531,wf06_s4_chunk_0|wf06_d3_chunk_0|wf06_d1_chunk_0|wf06_s5_chunk_0|wf06_d2_chunk_0,wf06_s4_chunk_0
789,144,What is the final rate limit rule deployed to production after the sprint overri,Vanilla RAG,1,21.0672,wf06_s3_chunk_0|wf06_s5_chunk_0|wf06_d1_chunk_0|wf06_d2_chunk_0|wf06_s1_chunk_0,wf06_s5_chunk_0
789,145,"Was the temporary unlimited bursting change kept, or did we revert to the origin",Vanilla RAG,1,23.0782,wf06_s3_chunk_0|wf06_s5_chunk_0|wf06_d3_chunk_0|wf06_d1_chunk_0|wf06_s4_chunk_0,wf06_s3_chunk_0|wf06_s5_chunk_0
789,146,Which document defines 100 RPM rate limit as the approved rate limit setting?,Vanilla RAG,1,20.131,wf06_d2_chunk_0|wf06_d1_chunk_0|wf06_s1_chunk_0|wf06_d3_chunk_0|wf06_s5_chunk_0,wf06_s1_chunk_0
789,147,Confirm the architecture decision that adopted 100 RPM rate limit for API Gatewa,Vanilla RAG,1,21.3433,wf06_d3_chunk_0|wf06_s5_chunk_0|wf06_d2_chunk_0|wf06_d1_chunk_0|wf06_s1_chunk_0,wf06_s1_chunk_0
789,148,What is the cache TTL policy for Distributed Caching?,Vanilla RAG,1,20.5989,wf07_d2_chunk_0|wf07_s5_chunk_0|wf07_d1_chunk_0|wf07_d3_chunk_0|wf07_s1_chunk_0,wf07_s1_chunk_0
789,149,How is cache TTL implemented using redis-py?,Vanilla RAG,1,20.6276,wf07_s1_chunk_0|wf07_d2_chunk_0|wf07_d3_chunk_0|wf07_s3_chunk_0|wf07_s5_chunk_0,wf07_s1_chunk_0
789,0,"Using message passing with XtAddInput Organization: 3M Company, 3M Center,",MemGPT (approx),1,34.0883,ng_2190|ng_2035|wf17_s2_chunk_0|ng_73|ng_1430,ng_2190
789,1,"Subject: Re: SE Serial Port Speed???? Organization: Sophomore, Mechanical Engine",MemGPT (approx),1,32.7706,ng_1054|ng_744|ng_1379|ng_1904|ng_400,ng_1054
789,2,"Re: Q800 Video RAM Questions Distribution: na Organization: Apple Computer,",MemGPT (approx),1,30.7819,ng_76|ng_968|ng_2194|ng_438|ng_978,ng_76
789,3,Subject: Re: More technical details Organization: Partnership for an America,MemGPT (approx),0,29.4087,ng_1379|ng_1904|ng_1829|ng_2218|ng_816,ng_2281
789,4,Re: text of White House announcement and Q&As on clipper,MemGPT (approx),0,32.4641,ng_2218|ng_1331|ng_277|ng_1449|ng_1347,ng_146
789,5,Re: A question about 120VAC outlet wiring.. Keywords: outlet Article-I.D.:,MemGPT (approx),1,35.5973,ng_1750|ng_536|ng_400|ng_749|ng_659,ng_536
789,6,"Subject: SE rom Keywords: roms, grayscale, select 300 Organization: NETCOM",MemGPT (approx),1,36.1624,ng_744|ng_741|ng_1011|ng_387|ng_2278,ng_741
789,7,Re: text of White House announcement and Q&As on clipper,MemGPT (approx),0,31.6616,ng_1331|ng_277|ng_1449|ng_1347|ng_2218,ng_1944
789,8,"Re: Title for XTerm Organization: Dept. of Computer Science, TU",MemGPT (approx),1,33.7348,ng_73|ng_474|ng_1012|ng_654|ng_1264,ng_654
789,9,Re: NUTEK FACES APPLE'S WRATH (article!!!!!!) READ Article-I.D.: rpi.j3g5bwq Org,MemGPT (approx),0,51.7093,ng_2323|ng_1649|ng_1375|ng_811|ng_1206,ng_1275
789,10,"Organization: Industrial Research Ltd., New Zealand. NNTP-Posting-Host: grv.grac",MemGPT (approx),0,43.4597,ng_400|ng_271|ng_690|ng_424|ng_1736,ng_2267
789,11,Re: your opinion of the LaserWriter Select 310? Article-I.D.: usenet.1prg8a$psr,MemGPT (approx),1,45.0703,ng_248|ng_908|ng_52|ng_1598|ng_1910,ng_908
789,12,Re: Hard drive security for FBI targets Reply-To: pdc@dcs.ed.ac.uk (Paul,MemGPT (approx),0,40.9012,ng_687|ng_471|ng_598|ng_1524|ng_1313,ng_2210
789,13,Subject: Dynamic changing of the title bar Organization: Xerox X-Newsreader:,MemGPT (approx),1,38.3624,ng_1628|ng_654|ng_2240|ng_50|ng_818,ng_1628
789,14,"Quadra 700 memory upgrade Organization: Univ. of Strathclyde, Glasgow, UK",MemGPT (approx),1,38.4455,ng_44|ng_2293|ng_2351|ng_2049|ng_1583,ng_44
789,15,Re: HV diodes Reply-To: dtmedin@catbyte.b30.ingr.com Organization: Intergraph Co,MemGPT (approx),1,44.7221,ng_659|ng_541|ng_515|ng_796|ng_1085,ng_796
789,16,Re: Forcing a window manager to accept specific coordinates for,MemGPT (approx),1,28.6218,ng_50|ng_1099|ng_1538|ng_847|ng_1197,ng_847
789,17,MICROPHONE PRE-AMP/LOW NOISE/PHANTOM POWERED Nntp-Posting-Host: liu.cns.nyu.edu ,MemGPT (approx),1,48.453,ng_1067|ng_1447|ng_512|ng_1833|ng_1080,ng_1067
789,18,Re: An Open Letter to Mr. Clinton Organization: Totally Unorganized,MemGPT (approx),0,29.2971,ng_1331|ng_258|ng_361|ng_283|ng_1035,ng_1334
789,19,How do I find my AppContext? Organization: San Diego State,MemGPT (approx),1,28.818,ng_972|ng_1699|ng_319|ng_2094|ng_2187,ng_972
789,20,"Re: Would ""clipper"" make a good cover for other encryption",MemGPT (approx),1,31.4105,ng_102|ng_900|ng_1808|ng_19|ng_329,ng_900
789,21,Re: CD300 & 300i Nntp-Posting-Host: christian.informatik.uni-ulm.de Organization,MemGPT (approx),0,47.0967,ng_255|ng_676|ng_1143|ng_1379|ng_1969,ng_1741
789,22,An Open Letter to Mr. Clinton Nntp-Posting-Host: dolores.lance.colostate.edu Org,MemGPT (approx),1,42.6682,ng_361|ng_283|ng_258|ng_1035|ng_1969,ng_258
789,23,Re: Need to find out number to a phone line,MemGPT (approx),1,31.927,ng_2094|ng_154|ng_2065|ng_1591|ng_577,ng_1591
789,24,"Subject: Re: REPOST: Accelerators/Translations Keywords: Accelerator, case Organ",MemGPT (approx),1,39.8393,ng_1883|ng_1379|ng_1505|ng_86|ng_1402,ng_1505
789,25,Re: Forcing a window manager to accept specific coordinates for,MemGPT (approx),1,28.4609,ng_1538|ng_1197|ng_50|ng_1099|ng_847,ng_1538
789,26,Re: How to detect use of an illegal cipher? Organization:,MemGPT (approx),1,30.2145,ng_950|ng_1073|ng_304|ng_1660|ng_742,ng_304
789,27,Subject: X for PC Organization: Youngstown State/Youngstown Free-Net Lines: 18,MemGPT (approx),1,33.2088,ng_1379|ng_2323|ng_271|ng_1829|ng_545,ng_545
789,28,Trade Mac SE system for Color Mac??? Article-I.D.: wixer.1993Apr16.181557.11264 ,MemGPT (approx),1,46.1892,ng_1011|ng_2323|ng_222|ng_481|ng_1726,ng_222
789,29,Re: Fifth Amendment and Passwords Organization: Little to None Lines:,MemGPT (approx),1,38.5379,ng_1408|ng_812|ng_153|ng_1366|ng_2147,ng_812
789,30,"Re: Pgp, PEM, and RFC's (Was: Cryptography Patents) Organization: Oce",MemGPT (approx),1,39.0249,ng_1073|ng_1433|ng_1998|ng_38|ng_109,ng_109
789,31,Subject: Re: Drawing Lines (inverse/xor) In-Reply-To: singg@alf.uib.no's message,MemGPT (approx),1,44.6991,ng_86|ng_2020|ng_2056|ng_746|ng_1163,ng_2020
789,32,Re: Accelerating the MacPlus...;) Nntp-Posting-Host: michigan.aero.org Organizat,MemGPT (approx),1,44.073,ng_2323|ng_481|ng_1269|ng_1969|ng_1977,ng_1977
789,33,"Re: Organized Lobbying for Cryptography Organization: Test Systems Strategies, I",MemGPT (approx),0,38.9204,ng_38|ng_1073|ng_1998|ng_1718|ng_1123,ng_657
789,34,Re: Clipper Chip and crypto key-escrow Organization: Memex Information Systems,MemGPT (approx),0,38.0175,ng_1021|ng_21|ng_122|ng_1771|ng_509,ng_865
789,35,x86 ~= 680x0 ?? (How do they compare?) Organization: FidoNet,MemGPT (approx),1,40.4333,ng_173|ng_2299|ng_1081|ng_1630|ng_1645,ng_1630
789,36,Some Questions (was: REVISED SUMMARY) Organization: Swiss Federal Institute of,MemGPT (approx),0,32.2333,ng_38|ng_1998|ng_1123|ng_101|ng_1489,ng_2268
789,37,xv -root with vue? (was Re: xloadimage -onroot ...) Article-I.D.:,MemGPT (approx),1,29.4834,ng_70|ng_1520|ng_1430|ng_1620|ng_1163,ng_1520
789,38,Subject: Re: Telephone Controlled Power Bar Needed Organization: Netcom -,MemGPT (approx),1,21.9932,ng_271|ng_629|ng_2026|ng_2027|ng_952,ng_2026
789,39,"Re: Once tapped, your code is no good any more.",MemGPT (approx),0,21.9031,ng_691|ng_1507|ng_2254|ng_1137|ng_1700,ng_1747
789,40,"LCD (was: Re: Once tapped...) Organization: Management Graphics, Inc. Lines:",MemGPT (approx),0,24.9096,ng_2027|ng_1419|ng_1738|ng_818|ng_77,ng_917
789,41,spook <rick@ee.uwm.edu> Subject: Alternate *legal* wiretaps. Organization: Just ,MemGPT (approx),1,30.6749,ng_920|ng_1815|ng_2332|ng_1717|ng_691,ng_920
789,42,"grimwood@ccu1.aukuni.ac.nz (Tony Grimwood) Organization: University of Auckland,",MemGPT (approx),0,28.4732,ng_1379|ng_1843|ng_2080|ng_1277|ng_744,ng_829
789,43,Re: Circular Motif Widgets In-Reply-To: dev@hollywood.acsc.com's message of 16 A,MemGPT (approx),0,26.6984,ng_1852|ng_130|ng_2255|ng_1968|ng_2191,ng_475
789,44,Re: Radio Shack Battery of the Month Club Organization: University,MemGPT (approx),1,21.5558,ng_1136|ng_8|ng_751|ng_156|ng_870,ng_1136
789,45,Subject: Re: Forcing a window manager to accept specific coordinates,MemGPT (approx),0,21.48,ng_1538|ng_1197|ng_50|ng_1099|ng_847,ng_552
789,46,Re: Wanted: A to D hardware for a PC Article-I.D.:,MemGPT (approx),0,23.9709,ng_231|ng_387|ng_1519|ng_1912|ng_286,ng_675
789,47,Subject: Re: what to do with old 256k SIMMs? Organization:,MemGPT (approx),0,22.4825,ng_2113|ng_1417|ng_747|ng_1068|ng_616,ng_2011
789,48,"& Pirbhai help... Lines: 12 Hello, Has anyone used the",MemGPT (approx),1,22.6037,ng_1888|ng_273|ng_1184|ng_1958|ng_106,ng_1184
789,49,"Re: Organized Lobbying for Cryptography Organization: Stratus Computer, Software",MemGPT (approx),0,23.3521,ng_1123|ng_38|ng_1718|ng_1998|ng_660,ng_1560
789,50,Subject: New England Ham - Electronic Fleamarket Dates ** 1,MemGPT (approx),1,21.4466,ng_276|ng_1415|ng_1616|ng_860|ng_1829,ng_276
789,51,Re: IIci -> Q700 upgrade? Nntp-Posting-Host: daeron.mcrcim.mcgill.edu Organizati,MemGPT (approx),1,30.0539,ng_1449|ng_1583|ng_860|ng_2282|ng_1567,ng_1583
789,52,Subject: Re: text of White House announcement and Q&As on,MemGPT (approx),0,20.1947,ng_1449|ng_1829|ng_1724|ng_1124|ng_277,ng_2226
789,53,Re: Macs suck! Buy a PC! Nntp-Posting-Host: molbio.cbs.umn.edu Organization: Uni,MemGPT (approx),1,27.5679,ng_2323|ng_177|ng_2329|ng_1268|ng_465,ng_2323
789,54,ext. 8056) Subject: Re: What do Nuclear Site's Cooling Towers,MemGPT (approx),0,22.0115,ng_271|ng_1767|ng_2032|ng_1728|ng_12,ng_2037
789,55,"Re: Once tapped, your code is no good any more.",MemGPT (approx),0,19.4518,ng_691|ng_1507|ng_2254|ng_1137|ng_1700,ng_1479
789,56,Organization: The Internet Lines: 5 NNTP-Posting-Host: enterpoop.mit.edu To: XPE,MemGPT (approx),1,32.9564,ng_271|ng_1904|ng_255|ng_1379|ng_1143,ng_255
789,57,xwd segmentation fault Keywords: xwd X11 Organization: JHU/Applied Physics Labor,MemGPT (approx),1,22.8619,ng_1430|ng_1906|ng_1655|ng_356|ng_1368,ng_1906
789,58,Re: I want use DeskJet on System7 Nntp-Posting-Host: bcarh1ee Organization:,MemGPT (approx),1,24.1381,ng_674|ng_255|ng_787|ng_1088|ng_676,ng_674
789,59,Re: Suggestions on Audio relays ??? Organization: Megatest Corporation Lines:,MemGPT (approx),1,21.1044,ng_1853|ng_1305|ng_2203|ng_2162|ng_1341,ng_1853
789,60,"4-plane Xterminal (Do I want one?) Keywords: plane, Xterminal Organization:",MemGPT (approx),1,30.1892,ng_2262|ng_1012|ng_1333|ng_780|ng_1276,ng_2262
789,61,High level language compilers for uControllers ? Article-I.D.: stellenb.mabbot.3,MemGPT (approx),1,27.7082,ng_447|ng_1047|ng_451|ng_2030|ng_1532,ng_447
789,62,"Subject: Why do I need ""xrdb -m"" when .Xdefaults unchanged?",MemGPT (approx),1,22.6943,ng_1430|ng_356|ng_1573|ng_1266|ng_2156,ng_1266
789,63,Re: Fighting the Clipper Initiative Organization: Express Access Online Communic,MemGPT (approx),0,20.0116,ng_1379|ng_772|ng_726|ng_2212|ng_2061,ng_2052
789,64,Subject: Re: Fifth Amendment and Passwords Organization: Brought to you,MemGPT (approx),0,19.9424,ng_1408|ng_812|ng_153|ng_1366|ng_2147,ng_944
789,65,"Re: Once tapped, your code is no good any more.",MemGPT (approx),0,19.8542,ng_691|ng_1507|ng_2254|ng_1137|ng_1700,ng_2104
789,66,"Subject: Voltage Multiplier Problem. Organization: Computer Science, Liverpool U",MemGPT (approx),1,21.2937,ng_1257|ng_1750|ng_541|ng_1606|ng_2087,ng_1257
789,67,<news> Subject: Re: Xt intrinsics: slow popups Nntp-Posting-Host: tweety Reply-T,MemGPT (approx),1,26.808,ng_1806|ng_1711|ng_1044|ng_2348|ng_1179,ng_1711
789,68,"Subject: Re: Dayton Hamfest Organization: Senior, Electrical and Computer Engine",MemGPT (approx),1,21.0659,ng_271|ng_1616|ng_610|ng_2074|ng_1216,ng_610
789,69,"Keysym database problems Keywords: X, Motif Organization: CATT Centre at",MemGPT (approx),1,20.7015,ng_2326|ng_1505|wf02_d3_chunk_0|ng_1891|ng_1340,ng_2326
789,70,R5 table widget causing trouble with XtQueryGeometry Organization: Universitaet ,MemGPT (approx),1,24.8393,ng_805|ng_2326|ng_32|ng_328|ng_1276,ng_805
789,71,Re: Telephone on hook/off hok ok circuit Organization: Megatest Corporation,MemGPT (approx),1,21.113,ng_26|ng_952|ng_2249|ng_2139|ng_181,ng_26
789,72,"Re: Animation with XPutImage()? Organization: Dept. of Computer Science, TU",MemGPT (approx),1,21.5992,ng_2111|ng_817|ng_1352|ng_2202|ng_1108,ng_1352
789,73,Re: x86 ~= 680x0 ?? (How do they compare?) Organization:,MemGPT (approx),0,23.0799,ng_1519|ng_2299|ng_173|ng_1081|ng_1645,ng_685
789,74,Subject: Laser Writer IINTX upgrade kit Organization: Royal Melbourne Institute,MemGPT (approx),1,20.1491,ng_248|ng_855|ng_1863|ng_52|ng_1910,ng_855
789,75,"Subject: Re: Mix GL with X (Xlib,Xt,mwm) Nntp-Posting-Host: 211.2.1.65 Organizat",MemGPT (approx),1,29.707,ng_2181|ng_863|ng_1200|ng_648|ng_994,ng_994
789,76,Subject: Keyboard map for UK type 5 keyboard under X11/R5?,MemGPT (approx),1,20.6882,ng_1733|ng_106|ng_1576|ng_1340|ng_1826,ng_1733
789,77,Subject: Re: The source of that announcement Organization: NETCOM On-line,MemGPT (approx),1,24.9597,ng_271|ng_1736|ng_1449|ng_2218|ng_690,ng_2218
789,78,anybody have patched version of xroach for tvtwm??? Organization: NASA,MemGPT (approx),1,32.5484,ng_1430|ng_1012|ng_106|ng_1620|ng_1807,ng_1620
789,79,A StyleWriter II question Nntp-Posting-Host: miniac.etu.gel.ulaval.ca Organizati,MemGPT (approx),0,27.1374,ng_1379|ng_235|ng_2027|ng_2304|ng_255,ng_510
789,80,"Re: tvtwm & xsetroot, X11R5 and SPARCstation 10 keyboard Organization:",MemGPT (approx),1,25.0449,ng_1430|ng_2156|ng_1576|ng_1826|ng_106,ng_2156
789,81,Can you share one monitor w/ 2 cpus? Organization: Case,MemGPT (approx),1,20.6347,ng_1919|ng_1513|ng_738|ng_1500|ng_1034,ng_1919
789,82,Subject: Can Radio Freq. Be Used To Measure Distance? Organization:,MemGPT (approx),1,21.241,ng_165|ng_2107|ng_1301|ng_641|ng_971,ng_165
789,83,Subject: Re: your opinion of the LaserWriter Select 310? Article-I.D.:,MemGPT (approx),1,25.2539,ng_248|ng_52|ng_908|ng_1910|ng_1598,ng_248
789,84,"Subject: Re: How do I find my AppContext? Keywords: Context,",MemGPT (approx),1,22.597,ng_2187|ng_972|ng_319|ng_1699|ng_1858,ng_319
789,85,Re: Help with ultra-long timing Organization: Macquarie University Lines: 39,MemGPT (approx),1,20.2668,ng_1938|ng_2197|ng_1493|ng_684|ng_2118,ng_684
789,86,"Subject: Re: HELP INSTALL RAM ON CENTRIS 610 Organization: Sophomore,",MemGPT (approx),1,21.1143,ng_958|ng_562|ng_326|ng_149|ng_2309,ng_958
789,87,SI clock reports Summary: Request for SI clock poll Keywords:,MemGPT (approx),1,20.1068,ng_1869|ng_505|ng_2106|ng_1058|ng_1081,ng_2106
789,88,Re: Fifth Amendment and Passwords Nntp-Posting-Host: bistromath.mitre.org Organi,MemGPT (approx),1,25.7197,ng_1449|ng_1408|ng_1128|ng_944|ng_153,ng_1128
789,89,Subject: need ACS tutorial and/or netlist examples Originator: tsp@sp1 Keywords:,MemGPT (approx),1,24.3054,ng_1877|ng_271|ng_1904|ng_672|ng_1379,ng_1877
789,90,Radar detector DETECTORS? Organization: At UT? That's a joke. Lines:,MemGPT (approx),1,21.2831,ng_2153|ng_2215|ng_1688|ng_406|ng_2273,ng_2215
789,91,"Ask the ftp address of ""Kerberos Version 5 draft RFC""",MemGPT (approx),1,20.8097,ng_235|wf11_d1_chunk_0|ng_2157|ng_373|ng_1464,ng_235
789,92,Re: electronic odometers (was: Used BMW Question ..... ???) Organization:,MemGPT (approx),1,23.805,ng_1516|ng_1292|ng_324|ng_694|ng_71,ng_71
789,93,"Dept Info in Austrailia From: MATGBB@LURE.LATROBE.EDU.AU (BYRNES,Graham) Organiz",MemGPT (approx),1,28.9733,ng_2080|ng_1843|ng_1277|ng_744|ng_223,ng_2080
789,94,"""similarity"" too Organization: capriccioso X-Newsreader: TIN [version 1.1 PL6] L",MemGPT (approx),0,25.7322,ng_1435|ng_1888|ng_767|ng_1086|ng_1723,ng_2311
789,95,Re: text of White House announcement and Q&As on clipper,MemGPT (approx),0,20.1083,ng_1449|ng_1331|ng_277|ng_1347|ng_820,ng_849
789,96,built in video Article-I.D.: geraldo.1pqt5nINN605 Reply-To: bruceg@ccwf.cc.utexa,MemGPT (approx),0,34.4788,ng_1489|ng_2194|ng_1807|ng_1361|ng_1799,ng_1465
789,97,hand scanners? Organization: Lafayette College Lines: 6 Originator: news@lafcol ,MemGPT (approx),1,24.8912,ng_1698|ng_28|ng_298|ng_2094|ng_384,ng_1698
789,98,"Any recent information on Frescoe? Organization: CenterLine Software, Inc. Lines",MemGPT (approx),1,23.2639,ng_2150|ng_819|ng_1435|ng_1261|ng_1333,ng_2150
789,99,Re: Cable TVI interference Keywords: catv cable television tvi Organization:,MemGPT (approx),1,23.1989,ng_2159|ng_454|ng_1224|ng_2009|ng_1942,ng_2159
789,100,What is the JWT expiry policy for JWT Authentication?,MemGPT (approx),1,21.2948,wf01_s5_chunk_0|wf01_s1_chunk_0|wf01_d1_chunk_0|wf01_d2_chunk_0|wf01_d3_chunk_0,wf01_s1_chunk_0
789,101,How is JWT expiry implemented using PyJWT+Redis?,MemGPT (approx),1,22.2974,wf01_s1_chunk_0|wf01_d2_chunk_0|wf01_s5_chunk_0|wf01_d3_chunk_0|wf01_d1_chunk_0,wf01_s1_chunk_0
789,102,Find the backend standard for session token lifetime.,MemGPT (approx),1,22.5124,wf01_d3_chunk_0|wf01_d2_chunk_0|wf01_s1_chunk_0|wf01_s5_chunk_0|wf01_d1_chunk_0,wf01_s1_chunk_0|wf01_s4_chunk_0
789,103,Summarise the technical decision on session token lifetime during JWT Authentica,MemGPT (approx),0,25.6536,wf01_d3_chunk_0|wf01_d2_chunk_0|wf01_s5_chunk_0|wf01_d1_chunk_0|wf01_s1_chunk_0,wf01_s4_chunk_0
789,104,What is the final JWT expiry rule deployed to production after the sprint overri,MemGPT (approx),1,22.86,wf01_s5_chunk_0|wf01_s1_chunk_0|wf01_d1_chunk_0|wf01_d2_chunk_0|wf01_d3_chunk_0,wf01_s5_chunk_0
789,105,"Was the temporary 60-minute expiry change kept, or did we revert to the original",MemGPT (approx),1,25.0418,wf01_d2_chunk_0|wf01_d3_chunk_0|wf01_d1_chunk_0|wf01_s5_chunk_0|wf01_s1_chunk_0,wf01_s3_chunk_0|wf01_s5_chunk_0
789,106,Which document defines 15-minute expiry as the approved JWT expiry setting?,MemGPT (approx),1,22.0627,wf01_d1_chunk_0|wf01_s5_chunk_0|wf01_d2_chunk_0|wf01_s1_chunk_0|wf01_d3_chunk_0,wf01_s1_chunk_0
789,107,Confirm the architecture decision that adopted 15-minute expiry for JWT Authenti,MemGPT (approx),1,21.6205,wf01_s5_chunk_0|wf01_d1_chunk_0|wf01_s1_chunk_0|wf01_d2_chunk_0|wf01_d3_chunk_0,wf01_s1_chunk_0
789,108,What is the primary keys policy for Database Schema?,MemGPT (approx),1,19.3398,wf02_d1_chunk_0|wf02_d2_chunk_0|wf02_s5_chunk_0|wf02_s1_chunk_0|wf02_d3_chunk_0,wf02_s1_chunk_0
789,109,How is primary keys implemented using Alembic+PostgreSQL?,MemGPT (approx),1,21.3368,wf02_s1_chunk_0|wf02_d2_chunk_0|wf02_d1_chunk_0|wf02_d3_chunk_0|wf02_s5_chunk_0,wf02_s1_chunk_0
789,110,Find the backend standard for row identifier scheme.,MemGPT (approx),1,20.0407,wf02_s1_chunk_0|wf02_d3_chunk_0|wf02_d2_chunk_0|wf02_s4_chunk_0|wf02_s5_chunk_0,wf02_s1_chunk_0|wf02_s4_chunk_0
789,111,Summarise the technical decision on row identifier scheme during Database Schema,MemGPT (approx),1,22.8296,wf02_s4_chunk_0|wf02_d3_chunk_0|wf02_d1_chunk_0|wf02_s1_chunk_0|wf02_d2_chunk_0,wf02_s4_chunk_0
789,112,What is the final primary keys rule deployed to production after the sprint over,MemGPT (approx),1,20.6229,wf02_s5_chunk_0|wf02_d1_chunk_0|wf02_d2_chunk_0|wf02_s1_chunk_0|wf02_d3_chunk_0,wf02_s5_chunk_0
789,113,"Was the temporary auto-incrementing integer PKs change kept, or did we revert to",MemGPT (approx),1,25.4808,wf02_s5_chunk_0|wf02_s1_chunk_0|wf02_d3_chunk_0|wf02_d2_chunk_0|wf02_s3_chunk_0,wf02_s3_chunk_0|wf02_s5_chunk_0
789,114,Which document defines UUID primary keys as the approved primary keys setting?,MemGPT (approx),1,19.8433,wf02_s1_chunk_0|wf02_s5_chunk_0|wf02_d2_chunk_0|wf02_d1_chunk_0|wf02_d3_chunk_0,wf02_s1_chunk_0
789,115,Confirm the architecture decision that adopted UUID primary keys for Database Sc,MemGPT (approx),1,19.9716,wf02_s5_chunk_0|wf02_s1_chunk_0|wf02_d3_chunk_0|wf02_d2_chunk_0|wf02_d1_chunk_0,wf02_s1_chunk_0
789,116,What is the domain boundary policy for Microservice Context?,MemGPT (approx),1,20.0787,wf03_d1_chunk_0|wf03_s5_chunk_0|wf03_s1_chunk_0|wf03_d2_chunk_0|wf03_d3_chunk_0,wf03_s1_chunk_0
789,117,How is domain boundary implemented using gRPC+Protobuf?,MemGPT (approx),1,19.9283,wf03_s1_chunk_0|wf03_d1_chunk_0|wf03_s5_chunk_0|wf14_s1_chunk_0|wf14_d2_chunk_0,wf03_s1_chunk_0
789,118,Find the architecture standard for inter-service coupling.,MemGPT (approx),1,18.72,wf03_d3_chunk_0|wf03_s1_chunk_0|wf03_d2_chunk_0|wf03_d1_chunk_0|wf14_s1_chunk_0,wf03_s1_chunk_0|wf03_s4_chunk_0
789,119,Summarise the technical decision on inter-service coupling during Microservice C,MemGPT (approx),0,24.1621,wf03_d3_chunk_0|wf03_d2_chunk_0|wf03_d1_chunk_0|wf03_s1_chunk_0|wf03_s5_chunk_0,wf03_s4_chunk_0
789,120,What is the final domain boundary rule deployed to production after the sprint o,MemGPT (approx),1,20.9931,wf03_s5_chunk_0|wf03_d1_chunk_0|wf03_s1_chunk_0|wf04_s3_chunk_0|wf15_s3_chunk_0,wf03_s5_chunk_0
789,121,"Was the temporary shared database schema change kept, or did we revert to the or",MemGPT (approx),1,24.9561,wf03_d3_chunk_0|wf15_s3_chunk_0|wf02_s5_chunk_0|wf03_d2_chunk_0|wf03_s5_chunk_0,wf03_s3_chunk_0|wf03_s5_chunk_0
789,122,Which document defines strict domain boundary as the approved domain boundary se,MemGPT (approx),1,24.1179,wf03_s5_chunk_0|wf03_s1_chunk_0|wf03_d1_chunk_0|wf16_d1_chunk_0|wf04_s5_chunk_0,wf03_s1_chunk_0
789,123,Confirm the architecture decision that adopted strict domain boundary for Micros,MemGPT (approx),1,31.1052,wf03_s5_chunk_0|wf03_d1_chunk_0|wf03_s1_chunk_0|wf03_d3_chunk_0|wf03_d2_chunk_0,wf03_s1_chunk_0
789,124,What is the PR approvals policy for CI/CD Pipeline?,MemGPT (approx),1,20.332,wf04_s5_chunk_0|wf04_s3_chunk_0|wf04_d2_chunk_0|wf04_d1_chunk_0|wf04_s1_chunk_0,wf04_s1_chunk_0
789,125,How is PR approvals implemented using GitHub Actions?,MemGPT (approx),1,22.2395,wf04_s1_chunk_0|wf04_d2_chunk_0|wf04_s5_chunk_0|wf04_d1_chunk_0|wf04_s3_chunk_0,wf04_s1_chunk_0
789,126,Find the devops standard for merge gate policy.,MemGPT (approx),1,19.5488,wf04_s1_chunk_0|wf04_s5_chunk_0|wf04_d2_chunk_0|wf04_d1_chunk_0|wf03_s5_chunk_0,wf04_s1_chunk_0|wf04_s4_chunk_0
789,127,Summarise the technical decision on merge gate policy during CI/CD Pipeline desi,MemGPT (approx),0,24.0585,wf04_s1_chunk_0|wf04_s5_chunk_0|wf04_d2_chunk_0|wf04_d1_chunk_0|wf04_s3_chunk_0,wf04_s4_chunk_0
789,128,What is the final PR approvals rule deployed to production after the sprint over,MemGPT (approx),1,21.9437,wf04_s5_chunk_0|wf04_s3_chunk_0|wf04_d1_chunk_0|wf04_d2_chunk_0|wf15_s3_chunk_0,wf04_s5_chunk_0
789,129,"Was the temporary admin bypass override change kept, or did we revert to the ori",MemGPT (approx),1,24.882,wf04_s3_chunk_0|wf01_s5_chunk_0|wf04_s5_chunk_0|wf03_s5_chunk_0|wf19_s5_chunk_0,wf04_s3_chunk_0|wf04_s5_chunk_0
789,130,Which document defines require 2 PR approvals as the approved PR approvals setti,MemGPT (approx),1,23.67,wf04_d2_chunk_0|wf04_d1_chunk_0|wf04_s5_chunk_0|wf04_s1_chunk_0|wf16_d1_chunk_0,wf04_s1_chunk_0
789,131,Confirm the architecture decision that adopted require 2 PR approvals for CI/CD ,MemGPT (approx),1,22.3055,wf04_s1_chunk_0|wf04_d2_chunk_0|wf04_s5_chunk_0|wf04_d1_chunk_0|wf04_s3_chunk_0,wf04_s1_chunk_0
789,132,What is the trace sampling policy for Observability Stack?,MemGPT (approx),1,20.1657,wf05_d2_chunk_0|wf05_s5_chunk_0|wf05_d1_chunk_0|wf05_s1_chunk_0|wf05_d3_chunk_0,wf05_s1_chunk_0
789,133,How is trace sampling implemented using OpenTelemetry?,MemGPT (approx),1,19.8598,wf05_s1_chunk_0|wf05_d2_chunk_0|wf05_s3_chunk_0|wf05_d3_chunk_0|wf05_d1_chunk_0,wf05_s1_chunk_0
789,134,Find the devops standard for telemetry capture rate.,MemGPT (approx),1,20.2417,wf05_s1_chunk_0|wf05_d2_chunk_0|wf05_d1_chunk_0|wf05_s3_chunk_0|wf05_s4_chunk_0,wf05_s1_chunk_0|wf05_s4_chunk_0
789,135,Summarise the technical decision on telemetry capture rate during Observability ,MemGPT (approx),1,22.2601,wf05_s1_chunk_0|wf05_s4_chunk_0|wf05_d1_chunk_0|wf05_d3_chunk_0|wf05_s3_chunk_0,wf05_s4_chunk_0
789,136,What is the final trace sampling rule deployed to production after the sprint ov,MemGPT (approx),0,21.2572,wf05_s3_chunk_0|wf05_d2_chunk_0|wf05_d1_chunk_0|wf05_d3_chunk_0|wf05_s1_chunk_0,wf05_s5_chunk_0
789,137,"Was the temporary 100% full trace sampling change kept, or did we revert to the ",MemGPT (approx),1,25.347,wf05_d2_chunk_0|wf05_s3_chunk_0|wf05_d1_chunk_0|wf05_s1_chunk_0|wf05_d3_chunk_0,wf05_s3_chunk_0|wf05_s5_chunk_0
789,138,Which document defines 10% trace sampling as the approved trace sampling setting,MemGPT (approx),1,20.7762,wf05_d2_chunk_0|wf05_d1_chunk_0|wf05_s1_chunk_0|wf05_d3_chunk_0|wf05_s3_chunk_0,wf05_s1_chunk_0
789,139,Confirm the architecture decision that adopted 10% trace sampling for Observabil,MemGPT (approx),1,22.0821,wf05_s1_chunk_0|wf05_d2_chunk_0|wf05_d1_chunk_0|wf05_d3_chunk_0|wf05_s3_chunk_0,wf05_s1_chunk_0
789,140,What is the rate limit policy for API Gateway Rate Limiting?,MemGPT (approx),0,20.9421,wf06_d2_chunk_0|wf06_s5_chunk_0|wf06_d1_chunk_0|wf06_d3_chunk_0|wf06_s4_chunk_0,wf06_s1_chunk_0
789,141,How is rate limit implemented using nginx+Lua?,MemGPT (approx),1,19.6819,wf06_s4_chunk_0|wf06_d2_chunk_0|wf06_d1_chunk_0|wf06_s5_chunk_0|wf06_s1_chunk_0,wf06_s1_chunk_0
789,142,Find the backend standard for inbound request throttle.,MemGPT (approx),1,20.5928,wf06_s4_chunk_0|wf06_s5_chunk_0|wf06_d3_chunk_0|wf06_s1_chunk_0|wf06_d1_chunk_0,wf06_s1_chunk_0|wf06_s4_chunk_0
789,143,Summarise the technical decision on inbound request throttle during API Gateway ,MemGPT (approx),1,22.6981,wf06_s4_chunk_0|wf06_d3_chunk_0|wf06_d1_chunk_0|wf06_s5_chunk_0|wf06_d2_chunk_0,wf06_s4_chunk_0
789,144,What is the final rate limit rule deployed to production after the sprint overri,MemGPT (approx),1,23.5743,wf06_s5_chunk_0|wf06_d1_chunk_0|wf06_d2_chunk_0|wf06_s1_chunk_0|wf05_s3_chunk_0,wf06_s5_chunk_0
789,145,"Was the temporary unlimited bursting change kept, or did we revert to the origin",MemGPT (approx),1,23.476,wf06_s5_chunk_0|wf06_d3_chunk_0|wf06_d1_chunk_0|wf06_s4_chunk_0|wf06_d2_chunk_0,wf06_s3_chunk_0|wf06_s5_chunk_0
789,146,Which document defines 100 RPM rate limit as the approved rate limit setting?,MemGPT (approx),1,20.668,wf06_d2_chunk_0|wf06_d1_chunk_0|wf06_s1_chunk_0|wf06_d3_chunk_0|wf06_s5_chunk_0,wf06_s1_chunk_0
789,147,Confirm the architecture decision that adopted 100 RPM rate limit for API Gatewa,MemGPT (approx),1,23.3471,wf06_d3_chunk_0|wf06_s5_chunk_0|wf06_d2_chunk_0|wf06_d1_chunk_0|wf06_s1_chunk_0,wf06_s1_chunk_0
789,148,What is the cache TTL policy for Distributed Caching?,MemGPT (approx),1,25.7268,wf07_d2_chunk_0|wf07_s5_chunk_0|wf07_d1_chunk_0|wf07_d3_chunk_0|wf07_s1_chunk_0,wf07_s1_chunk_0
789,149,How is cache TTL implemented using redis-py?,MemGPT (approx),1,20.4943,wf07_s1_chunk_0|wf07_d2_chunk_0|wf07_d3_chunk_0|wf07_s5_chunk_0|wf07_d1_chunk_0,wf07_s1_chunk_0
789,0,"Using message passing with XtAddInput Organization: 3M Company, 3M Center,",MemoryBank (approx),1,23.12,ng_2190|ng_2035|wf17_s2_chunk_0|ng_73|ng_1430,ng_2190
789,1,"Subject: Re: SE Serial Port Speed???? Organization: Sophomore, Mechanical Engine",MemoryBank (approx),1,22.5168,ng_1054|ng_744|ng_1379|ng_1904|ng_400,ng_1054
789,2,"Re: Q800 Video RAM Questions Distribution: na Organization: Apple Computer,",MemoryBank (approx),1,21.3468,ng_76|ng_968|ng_2194|ng_438|ng_978,ng_76
789,3,Subject: Re: More technical details Organization: Partnership for an America,MemoryBank (approx),0,25.7747,ng_1379|ng_1904|ng_1829|ng_2218|ng_816,ng_2281
789,4,Re: text of White House announcement and Q&As on clipper,MemoryBank (approx),0,28.6341,ng_2218|ng_1331|ng_277|ng_1449|ng_1347,ng_146
789,5,Re: A question about 120VAC outlet wiring.. Keywords: outlet Article-I.D.:,MemoryBank (approx),1,22.6164,ng_400|ng_1750|ng_536|ng_749|ng_659,ng_536
789,6,"Subject: SE rom Keywords: roms, grayscale, select 300 Organization: NETCOM",MemoryBank (approx),1,22.9132,ng_2218|ng_744|ng_741|ng_1011|ng_387,ng_741
789,7,Re: text of White House announcement and Q&As on clipper,MemoryBank (approx),0,20.1523,ng_2218|ng_1331|ng_277|ng_1449|ng_1347,ng_1944
789,8,"Re: Title for XTerm Organization: Dept. of Computer Science, TU",MemoryBank (approx),1,20.9871,ng_1379|ng_73|ng_474|ng_1012|ng_654,ng_654
789,9,Re: NUTEK FACES APPLE'S WRATH (article!!!!!!) READ Article-I.D.: rpi.j3g5bwq Org,MemoryBank (approx),0,30.7855,ng_1829|ng_2323|ng_1649|ng_1375|ng_811,ng_1275
789,10,"Organization: Industrial Research Ltd., New Zealand. NNTP-Posting-Host: grv.grac",MemoryBank (approx),0,28.0547,ng_1379|ng_474|ng_2218|ng_744|ng_400,ng_2267
789,11,Re: your opinion of the LaserWriter Select 310? Article-I.D.: usenet.1prg8a$psr,MemoryBank (approx),1,26.7088,ng_248|ng_908|ng_52|ng_1598|ng_1910,ng_908
789,12,Re: Hard drive security for FBI targets Reply-To: pdc@dcs.ed.ac.uk (Paul,MemoryBank (approx),0,25.5512,ng_687|ng_471|ng_598|ng_1524|ng_1313,ng_2210
789,13,Subject: Dynamic changing of the title bar Organization: Xerox X-Newsreader:,MemoryBank (approx),1,22.629,ng_73|ng_654|ng_1430|ng_1628|ng_2240,ng_1628
789,14,"Quadra 700 memory upgrade Organization: Univ. of Strathclyde, Glasgow, UK",MemoryBank (approx),1,22.5746,ng_978|ng_968|ng_438|ng_44|ng_2293,ng_44
789,15,Re: HV diodes Reply-To: dtmedin@catbyte.b30.ingr.com Organization: Intergraph Co,MemoryBank (approx),1,29.4823,ng_659|ng_541|ng_515|ng_796|ng_1085,ng_796
789,16,Re: Forcing a window manager to accept specific coordinates for,MemoryBank (approx),1,21.3139,ng_1430|ng_1099|ng_1538|ng_847|ng_1197,ng_847
789,17,MICROPHONE PRE-AMP/LOW NOISE/PHANTOM POWERED Nntp-Posting-Host: liu.cns.nyu.edu ,MemoryBank (approx),1,35.731,ng_1067|ng_1447|ng_512|ng_1833|ng_1080,ng_1067
789,18,Re: An Open Letter to Mr. Clinton Organization: Totally Unorganized,MemoryBank (approx),0,21.5426,ng_1331|ng_258|ng_361|ng_283|ng_1035,ng_1334
789,19,How do I find my AppContext? Organization: San Diego State,MemoryBank (approx),1,20.9896,ng_744|ng_972|ng_1699|ng_319|ng_2094,ng_972
789,20,"Re: Would ""clipper"" make a good cover for other encryption",MemoryBank (approx),1,20.1163,ng_1347|ng_900|ng_1808|ng_19|ng_329,ng_900
789,21,Re: CD300 & 300i Nntp-Posting-Host: christian.informatik.uni-ulm.de Organization,MemoryBank (approx),0,29.8588,ng_73|ng_1379|ng_474|ng_1829|ng_255,ng_1741
789,22,An Open Letter to Mr. Clinton Nntp-Posting-Host: dolores.lance.colostate.edu Org,MemoryBank (approx),1,27.0045,ng_255|ng_1331|ng_361|ng_283|ng_258,ng_258
789,23,Re: Need to find out number to a phone line,MemoryBank (approx),1,21.0386,ng_2094|ng_154|ng_2065|ng_1591|ng_577,ng_1591
789,24,"Subject: Re: REPOST: Accelerators/Translations Keywords: Accelerator, case Organ",MemoryBank (approx),1,24.3225,ng_1379|ng_1829|ng_474|ng_1883|ng_1505,ng_1505
789,25,Re: Forcing a window manager to accept specific coordinates for,MemoryBank (approx),1,23.0099,ng_1430|ng_1099|ng_1538|ng_847|ng_1197,ng_1538
789,26,Re: How to detect use of an illegal cipher? Organization:,MemoryBank (approx),1,20.2553,ng_950|ng_1073|ng_304|ng_1660|ng_742,ng_304
789,27,Subject: X for PC Organization: Youngstown State/Youngstown Free-Net Lines: 18,MemoryBank (approx),0,22.7019,ng_1379|ng_1829|ng_474|ng_2094|ng_2323,ng_545
789,28,Trade Mac SE system for Color Mac??? Article-I.D.: wixer.1993Apr16.181557.11264 ,MemoryBank (approx),1,28.4908,ng_2323|ng_1011|ng_387|ng_222|ng_481,ng_222
789,29,Re: Fifth Amendment and Passwords Organization: Little to None Lines:,MemoryBank (approx),1,20.5194,ng_258|ng_1313|ng_1408|ng_812|ng_153,ng_812
789,30,"Re: Pgp, PEM, and RFC's (Was: Cryptography Patents) Organization: Oce",MemoryBank (approx),1,30.0221,ng_1073|ng_1433|ng_1998|ng_38|ng_109,ng_109
789,31,Subject: Re: Drawing Lines (inverse/xor) In-Reply-To: singg@alf.uib.no's message,MemoryBank (approx),1,31.4014,ng_1430|ng_847|ng_73|ng_2020|ng_2056,ng_2020
789,32,Re: Accelerating the MacPlus...;) Nntp-Posting-Host: michigan.aero.org Organizat,MemoryBank (approx),0,27.9286,ng_2323|ng_1829|ng_481|ng_744|ng_1054,ng_1977
789,33,"Re: Organized Lobbying for Cryptography Organization: Test Systems Strategies, I",MemoryBank (approx),0,21.4074,ng_38|ng_1073|ng_1998|ng_1660|ng_1718,ng_657
789,34,Re: Clipper Chip and crypto key-escrow Organization: Memex Information Systems,MemoryBank (approx),0,22.5438,ng_1021|ng_21|ng_122|ng_1771|ng_509,ng_865
789,35,x86 ~= 680x0 ?? (How do they compare?) Organization: FidoNet,MemoryBank (approx),0,23.2231,ng_968|ng_44|ng_2194|ng_173|ng_2299,ng_1630
789,36,Some Questions (was: REVISED SUMMARY) Organization: Swiss Federal Institute of,MemoryBank (approx),0,20.5661,ng_38|ng_1998|ng_1073|ng_1829|ng_2094,ng_2268
789,37,xv -root with vue? (was Re: xloadimage -onroot ...) Article-I.D.:,MemoryBank (approx),1,29.3049,ng_1430|ng_847|ng_70|ng_1520|ng_1620,ng_1520
789,38,Subject: Re: Telephone Controlled Power Bar Needed Organization: Netcom -,MemoryBank (approx),1,21.7812,ng_629|ng_2026|ng_2027|ng_952|ng_1987,ng_2026
789,39,"Re: Once tapped, your code is no good any more.",MemoryBank (approx),0,20.8072,ng_1313|ng_691|ng_1507|ng_2254|ng_1137,ng_1747
789,40,"LCD (was: Re: Once tapped...) Organization: Management Graphics, Inc. Lines:",MemoryBank (approx),0,23.5262,ng_2027|ng_1829|ng_1419|ng_1738|ng_818,ng_917
789,41,spook <rick@ee.uwm.edu> Subject: Alternate *legal* wiretaps. Organization: Just ,MemoryBank (approx),1,27.3859,ng_1313|ng_691|ng_1507|ng_920|ng_1815,ng_920
789,42,"grimwood@ccu1.aukuni.ac.nz (Tony Grimwood) Organization: University of Auckland,",MemoryBank (approx),0,27.8398,ng_1829|ng_2094|ng_38|ng_744|ng_1379,ng_829
789,43,Re: Circular Motif Widgets In-Reply-To: dev@hollywood.acsc.com's message of 16 A,MemoryBank (approx),0,26.0582,ng_1829|ng_1852|ng_130|ng_2255|ng_1968,ng_475
789,44,Re: Radio Shack Battery of the Month Club Organization: University,MemoryBank (approx),1,20.4505,ng_1829|ng_1998|ng_1136|ng_8|ng_751,ng_1136
789,45,Subject: Re: Forcing a window manager to accept specific coordinates,MemoryBank (approx),0,26.5246,ng_847|ng_1430|ng_1099|ng_1538|ng_1197,ng_552
789,46,Re: Wanted: A to D hardware for a PC Article-I.D.:,MemoryBank (approx),0,32.1276,ng_387|ng_231|ng_1519|ng_1912|ng_286,ng_675
789,47,Subject: Re: what to do with old 256k SIMMs? Organization:,MemoryBank (approx),0,21.6261,ng_968|ng_978|ng_76|ng_2113|ng_1417,ng_2011
789,48,"& Pirbhai help... Lines: 12 Hello, Has anyone used the",MemoryBank (approx),1,22.374,ng_2254|ng_1888|ng_273|ng_1184|ng_1958,ng_1184
789,49,"Re: Organized Lobbying for Cryptography Organization: Stratus Computer, Software",MemoryBank (approx),0,22.7254,ng_1998|ng_38|ng_1073|ng_1660|ng_509,ng_1560
789,50,Subject: New England Ham - Electronic Fleamarket Dates ** 1,MemoryBank (approx),1,21.4046,ng_1829|ng_276|ng_1415|ng_1616|ng_860,ng_276
789,51,Re: IIci -> Q700 upgrade? Nntp-Posting-Host: daeron.mcrcim.mcgill.edu Organizati,MemoryBank (approx),0,30.1237,ng_860|ng_76|ng_2194|ng_1449|wf17_s2_chunk_0,ng_1583
789,52,Subject: Re: text of White House announcement and Q&As on,MemoryBank (approx),0,20.9617,ng_1449|ng_1829|ng_1331|ng_2218|ng_1035,ng_2226
789,53,Re: Macs suck! Buy a PC! Nntp-Posting-Host: molbio.cbs.umn.edu Organization: Uni,MemoryBank (approx),1,28.4778,ng_2323|ng_481|ng_1054|ng_1375|ng_177,ng_2323
789,54,ext. 8056) Subject: Re: What do Nuclear Site's Cooling Towers,MemoryBank (approx),0,23.2569,ng_1998|ng_1379|ng_400|ng_1767|ng_2032,ng_2037
789,55,"Re: Once tapped, your code is no good any more.",MemoryBank (approx),0,21.0215,ng_2254|ng_1313|ng_691|ng_1507|ng_1137,ng_1479
789,56,Organization: The Internet Lines: 5 NNTP-Posting-Host: enterpoop.mit.edu To: XPE,MemoryBank (approx),0,31.2256,ng_1379|ng_1767|ng_1829|ng_744|ng_73,ng_255
789,57,xwd segmentation fault Keywords: xwd X11 Organization: JHU/Applied Physics Labor,MemoryBank (approx),1,23.162,ng_1430|ng_1519|ng_818|ng_1906|ng_1655,ng_1906
789,58,Re: I want use DeskJet on System7 Nntp-Posting-Host: bcarh1ee Organization:,MemoryBank (approx),1,26.9863,wf17_s2_chunk_0|ng_1958|ng_255|ng_1598|ng_674,ng_674
789,59,Re: Suggestions on Audio relays ??? Organization: Megatest Corporation Lines:,MemoryBank (approx),0,22.2321,ng_1829|ng_2254|ng_400|ng_1415|ng_512,ng_1853
789,60,"4-plane Xterminal (Do I want one?) Keywords: plane, Xterminal Organization:",MemoryBank (approx),0,24.8274,ng_2255|ng_2056|ng_2020|ng_654|ng_1012,ng_2262
789,61,High level language compilers for uControllers ? Article-I.D.: stellenb.mabbot.3,MemoryBank (approx),1,28.3673,ng_1519|ng_447|ng_1047|ng_451|ng_2030,ng_447
789,62,"Subject: Why do I need ""xrdb -m"" when .Xdefaults unchanged?",MemoryBank (approx),1,25.6479,ng_1430|ng_1655|ng_1505|ng_1573|ng_1266,ng_1266
789,63,Re: Fighting the Clipper Initiative Organization: Express Access Online Communic,MemoryBank (approx),0,21.2288,ng_1829|ng_1379|ng_2218|ng_1987|ng_772,ng_2052
789,64,Subject: Re: Fifth Amendment and Passwords Organization: Brought to you,MemoryBank (approx),0,21.3135,ng_1313|ng_38|ng_920|ng_1815|ng_258,ng_944
789,65,"Re: Once tapped, your code is no good any more.",MemoryBank (approx),0,21.9298,ng_1313|ng_2254|ng_691|ng_1507|ng_1137,ng_2104
789,66,"Subject: Voltage Multiplier Problem. Organization: Computer Science, Liverpool U",MemoryBank (approx),1,24.0837,ng_400|ng_541|ng_1750|ng_749|ng_1257,ng_1257
789,67,<news> Subject: Re: Xt intrinsics: slow popups Nntp-Posting-Host: tweety Reply-T,MemoryBank (approx),0,27.6349,ng_1573|ng_255|ng_73|ng_818|ng_2323,ng_1711
789,68,"Subject: Re: Dayton Hamfest Organization: Senior, Electrical and Computer Engine",MemoryBank (approx),0,21.6082,ng_400|ng_1829|ng_1379|ng_744|ng_1415,ng_610
789,69,"Keysym database problems Keywords: X, Motif Organization: CATT Centre at",MemoryBank (approx),1,21.7286,ng_1505|ng_2255|ng_1968|ng_1883|ng_2326,ng_2326
789,70,R5 table widget causing trouble with XtQueryGeometry Organization: Universitaet ,MemoryBank (approx),1,26.5402,ng_2255|ng_2326|ng_1573|ng_1266|ng_805,ng_805
789,71,Re: Telephone on hook/off hok ok circuit Organization: Megatest Corporation,MemoryBank (approx),0,27.0652,ng_1415|ng_1507|ng_2094|ng_2027|ng_952,ng_26
789,72,"Re: Animation with XPutImage()? Organization: Dept. of Computer Science, TU",MemoryBank (approx),1,23.2427,ng_818|ng_2111|ng_817|ng_1352|ng_2202,ng_1352
789,73,Re: x86 ~= 680x0 ?? (How do they compare?) Organization:,MemoryBank (approx),0,22.8083,ng_1519|ng_968|ng_387|ng_44|ng_2299,ng_685
789,74,Subject: Laser Writer IINTX upgrade kit Organization: Royal Melbourne Institute,MemoryBank (approx),0,20.2522,ng_1598|ng_474|ng_52|ng_1910|ng_908,ng_855
789,75,"Subject: Re: Mix GL with X (Xlib,Xt,mwm) Nntp-Posting-Host: 211.2.1.65 Organizat",MemoryBank (approx),0,30.2087,ng_1573|ng_73|ng_2181|ng_863|ng_1200,ng_994
789,76,Subject: Keyboard map for UK type 5 keyboard under X11/R5?,MemoryBank (approx),1,21.4666,ng_1430|ng_1733|ng_106|ng_1576|ng_1340,ng_1733
789,77,Subject: Re: The source of that announcement Organization: NETCOM On-line,MemoryBank (approx),1,21.1918,ng_1829|ng_2027|ng_1379|ng_744|ng_2218,ng_2218
789,78,anybody have patched version of xroach for tvtwm??? Organization: NASA,MemoryBank (approx),0,22.9421,ng_1430|ng_106|ng_1576|ng_1573|ng_818,ng_1620
789,79,A StyleWriter II question Nntp-Posting-Host: miniac.etu.gel.ulaval.ca Organizati,MemoryBank (approx),0,27.3427,ng_1379|ng_2027|ng_2255|ng_255|ng_1958,ng_510
789,80,"Re: tvtwm & xsetroot, X11R5 and SPARCstation 10 keyboard Organization:",MemoryBank (approx),0,24.6979,ng_1430|ng_1576|ng_106|ng_1340|ng_1733,ng_2156
789,81,Can you share one monitor w/ 2 cpus? Organization: Case,MemoryBank (approx),1,20.1213,ng_231|ng_438|ng_1919|ng_1513|ng_738,ng_1919
789,82,Subject: Can Radio Freq. Be Used To Measure Distance? Organization:,MemoryBank (approx),1,20.9226,ng_512|ng_165|ng_2107|ng_1301|ng_641,ng_165
789,83,Subject: Re: your opinion of the LaserWriter Select 310? Article-I.D.:,MemoryBank (approx),1,23.664,ng_1598|ng_52|ng_908|ng_1910|ng_248,ng_248
789,84,"Subject: Re: How do I find my AppContext? Keywords: Context,",MemoryBank (approx),0,23.5863,ng_744|ng_2094|ng_1505|ng_2326|ng_1968,ng_319
789,85,Re: Help with ultra-long timing Organization: Macquarie University Lines: 39,MemoryBank (approx),0,23.3529,ng_744|ng_1829|ng_2111|ng_1938|ng_2197,ng_684
789,86,"Subject: Re: HELP INSTALL RAM ON CENTRIS 610 Organization: Sophomore,",MemoryBank (approx),1,22.8868,ng_968|ng_44|ng_76|ng_2293|ng_958,ng_958
789,87,SI clock reports Summary: Request for SI clock poll Keywords:,MemoryBank (approx),1,21.7808,ng_387|ng_173|ng_1869|ng_505|ng_2106,ng_2106
789,88,Re: Fifth Amendment and Passwords Nntp-Posting-Host: bistromath.mitre.org Organi,MemoryBank (approx),0,34.6349,ng_2218|ng_258|ng_920|ng_1449|ng_1408,ng_1128
789,89,Subject: need ACS tutorial and/or netlist examples Originator: tsp@sp1 Keywords:,MemoryBank (approx),0,30.9724,ng_1379|ng_474|ng_400|ng_447|ng_1767,ng_1877
789,90,Radar detector DETECTORS? Organization: At UT? That's a joke. Lines:,MemoryBank (approx),1,22.9848,ng_512|ng_2153|ng_2215|ng_1688|ng_406,ng_2215
789,91,"Ask the ftp address of ""Kerberos Version 5 draft RFC""",MemoryBank (approx),1,21.89,ng_744|ng_255|ng_1073|ng_235|wf11_d1_chunk_0,ng_235
789,92,Re: electronic odometers (was: Used BMW Question ..... ???) Organization:,MemoryBank (approx),0,25.0291,ng_2153|ng_1415|ng_276|ng_577|ng_1516,ng_71
789,93,"Dept Info in Austrailia From: MATGBB@LURE.LATROBE.EDU.AU (BYRNES,Graham) Organiz",MemoryBank (approx),1,28.3726,ng_744|ng_1379|ng_474|ng_1968|ng_2080,ng_2080
789,94,"""similarity"" too Organization: capriccioso X-Newsreader: TIN [version 1.1 PL6] L",MemoryBank (approx),0,26.4873,ng_1829|ng_106|ng_818|ng_1733|ng_2323,ng_2311
789,95,Re: text of White House announcement and Q&As on clipper,MemoryBank (approx),0,21.2669,ng_2218|ng_1449|ng_1331|ng_1347|ng_361,ng_849
789,96,built in video Article-I.D.: geraldo.1pqt5nINN605 Reply-To: bruceg@ccwf.cc.utexa,MemoryBank (approx),0,37.6443,ng_818|ng_1767|ng_2111|ng_1998|ng_2194,ng_1465
789,97,hand scanners? Organization: Lafayette College Lines: 6 Originator: news@lafcol ,MemoryBank (approx),0,26.7834,ng_1829|ng_1379|ng_1415|ng_2094|ng_52,ng_1698
789,98,"Any recent information on Frescoe? Organization: CenterLine Software, Inc. Lines",MemoryBank (approx),0,23.0265,ng_1379|ng_1829|ng_1998|ng_1767|ng_447,ng_2150
789,99,Re: Cable TVI interference Keywords: catv cable television tvi Organization:,MemoryBank (approx),1,24.1275,ng_2027|ng_1301|ng_2159|ng_454|ng_1224,ng_2159
789,100,What is the JWT expiry policy for JWT Authentication?,MemoryBank (approx),1,20.1426,wf11_d1_chunk_0|wf01_s5_chunk_0|wf01_s1_chunk_0|wf01_d1_chunk_0|wf01_d2_chunk_0,wf01_s1_chunk_0
789,101,How is JWT expiry implemented using PyJWT+Redis?,MemoryBank (approx),1,22.2283,wf01_s1_chunk_0|wf01_d2_chunk_0|wf01_s5_chunk_0|wf01_d1_chunk_0|wf11_d1_chunk_0,wf01_s1_chunk_0
789,102,Find the backend standard for session token lifetime.,MemoryBank (approx),1,19.04,wf01_d2_chunk_0|wf01_s1_chunk_0|wf01_s5_chunk_0|wf01_d1_chunk_0|wf01_d3_chunk_0,wf01_s1_chunk_0|wf01_s4_chunk_0
789,103,Summarise the technical decision on session token lifetime during JWT Authentica,MemoryBank (approx),0,21.4816,wf01_d3_chunk_0|wf01_d2_chunk_0|wf01_s5_chunk_0|wf01_d1_chunk_0|wf01_s1_chunk_0,wf01_s4_chunk_0
789,104,What is the final JWT expiry rule deployed to production after the sprint overri,MemoryBank (approx),1,24.3095,wf01_s5_chunk_0|wf01_s1_chunk_0|wf01_d1_chunk_0|wf01_d2_chunk_0|wf01_d3_chunk_0,wf01_s5_chunk_0
789,105,"Was the temporary 60-minute expiry change kept, or did we revert to the original",MemoryBank (approx),1,25.3007,wf01_d2_chunk_0|wf01_d3_chunk_0|wf01_d1_chunk_0|wf01_s5_chunk_0|wf01_s1_chunk_0,wf01_s3_chunk_0|wf01_s5_chunk_0
789,106,Which document defines 15-minute expiry as the approved JWT expiry setting?,MemoryBank (approx),1,22.4791,wf01_d1_chunk_0|wf01_s5_chunk_0|wf01_d2_chunk_0|wf01_s1_chunk_0|wf01_d3_chunk_0,wf01_s1_chunk_0
789,107,Confirm the architecture decision that adopted 15-minute expiry for JWT Authenti,MemoryBank (approx),1,24.8583,wf01_s5_chunk_0|wf01_d1_chunk_0|wf01_s1_chunk_0|wf01_d2_chunk_0|wf01_d3_chunk_0,wf01_s1_chunk_0
789,108,What is the primary keys policy for Database Schema?,MemoryBank (approx),1,20.6017,wf02_d1_chunk_0|wf02_d2_chunk_0|wf02_s5_chunk_0|wf02_s1_chunk_0|wf02_d3_chunk_0,wf02_s1_chunk_0
789,109,How is primary keys implemented using Alembic+PostgreSQL?,MemoryBank (approx),1,21.404,wf02_s1_chunk_0|wf02_d2_chunk_0|wf02_d1_chunk_0|wf02_d3_chunk_0|wf02_s5_chunk_0,wf02_s1_chunk_0
789,110,Find the backend standard for row identifier scheme.,MemoryBank (approx),1,20.1327,wf02_s1_chunk_0|wf02_d3_chunk_0|wf02_d2_chunk_0|wf02_s5_chunk_0|wf02_d1_chunk_0,wf02_s1_chunk_0|wf02_s4_chunk_0
789,111,Summarise the technical decision on row identifier scheme during Database Schema,MemoryBank (approx),0,22.7743,wf02_d3_chunk_0|wf02_d1_chunk_0|wf02_s1_chunk_0|wf02_d2_chunk_0|wf02_s5_chunk_0,wf02_s4_chunk_0
789,112,What is the final primary keys rule deployed to production after the sprint over,MemoryBank (approx),1,24.9625,wf02_s5_chunk_0|wf02_d1_chunk_0|wf02_d2_chunk_0|wf02_s1_chunk_0|wf02_d3_chunk_0,wf02_s5_chunk_0
789,113,"Was the temporary auto-incrementing integer PKs change kept, or did we revert to",MemoryBank (approx),1,29.7901,wf02_s5_chunk_0|wf02_s1_chunk_0|wf02_d3_chunk_0|wf02_d2_chunk_0|wf02_d1_chunk_0,wf02_s3_chunk_0|wf02_s5_chunk_0
789,114,Which document defines UUID primary keys as the approved primary keys setting?,MemoryBank (approx),1,20.8682,wf02_s1_chunk_0|wf02_s5_chunk_0|wf02_d2_chunk_0|wf02_d1_chunk_0|wf02_d3_chunk_0,wf02_s1_chunk_0
789,115,Confirm the architecture decision that adopted UUID primary keys for Database Sc,MemoryBank (approx),1,20.7575,wf02_s5_chunk_0|wf02_s1_chunk_0|wf02_d3_chunk_0|wf02_d2_chunk_0|wf02_d1_chunk_0,wf02_s1_chunk_0
789,116,What is the domain boundary policy for Microservice Context?,MemoryBank (approx),1,20.0725,ng_2027|wf03_d1_chunk_0|wf03_s5_chunk_0|wf03_s1_chunk_0|wf03_d2_chunk_0,wf03_s1_chunk_0
789,117,How is domain boundary implemented using gRPC+Protobuf?,MemoryBank (approx),1,19.7407,wf03_s1_chunk_0|wf03_d1_chunk_0|wf03_s5_chunk_0|ng_235|ng_2190,wf03_s1_chunk_0
789,118,Find the architecture standard for inter-service coupling.,MemoryBank (approx),1,18.0894,wf03_s1_chunk_0|wf03_d1_chunk_0|wf03_s5_chunk_0|wf03_d2_chunk_0|ng_2027,wf03_s1_chunk_0|wf03_s4_chunk_0
789,119,Summarise the technical decision on inter-service coupling during Microservice C,MemoryBank (approx),0,22.2752,wf03_d2_chunk_0|wf03_d1_chunk_0|wf03_s1_chunk_0|wf03_s5_chunk_0|ng_2027,wf03_s4_chunk_0
789,120,What is the final domain boundary rule deployed to production after the sprint o,MemoryBank (approx),1,20.7663,wf03_s5_chunk_0|wf03_d1_chunk_0|wf03_s1_chunk_0|wf02_s5_chunk_0|wf04_s3_chunk_0,wf03_s5_chunk_0
789,121,"Was the temporary shared database schema change kept, or did we revert to the or",MemoryBank (approx),1,24.0696,wf02_s5_chunk_0|wf03_s5_chunk_0|wf03_d1_chunk_0|wf03_s1_chunk_0|wf03_d2_chunk_0,wf03_s3_chunk_0|wf03_s5_chunk_0
789,122,Which document defines strict domain boundary as the approved domain boundary se,MemoryBank (approx),1,19.6013,wf03_s5_chunk_0|wf03_s1_chunk_0|wf03_d1_chunk_0|ng_235|wf11_d1_chunk_0,wf03_s1_chunk_0
789,123,Confirm the architecture decision that adopted strict domain boundary for Micros,MemoryBank (approx),1,20.8904,wf03_s5_chunk_0|wf03_d1_chunk_0|wf03_s1_chunk_0|wf03_d2_chunk_0|wf03_d3_chunk_0,wf03_s1_chunk_0
789,124,What is the PR approvals policy for CI/CD Pipeline?,MemoryBank (approx),0,20.1037,wf04_s3_chunk_0|ng_52|wf04_d2_chunk_0|wf04_s5_chunk_0|wf04_d1_chunk_0,wf04_s1_chunk_0
789,125,How is PR approvals implemented using GitHub Actions?,MemoryBank (approx),0,20.2098,wf04_d2_chunk_0|wf04_s5_chunk_0|wf04_d1_chunk_0|wf04_s3_chunk_0|wf11_d1_chunk_0,wf04_s1_chunk_0
789,126,Find the devops standard for merge gate policy.,MemoryBank (approx),0,19.0602,wf04_s5_chunk_0|wf04_d2_chunk_0|wf04_d1_chunk_0|wf04_s3_chunk_0|wf03_s5_chunk_0,wf04_s1_chunk_0|wf04_s4_chunk_0
789,127,Summarise the technical decision on merge gate policy during CI/CD Pipeline desi,MemoryBank (approx),0,22.3911,wf04_s5_chunk_0|wf04_d2_chunk_0|wf04_d1_chunk_0|wf04_s3_chunk_0|wf03_d3_chunk_0,wf04_s4_chunk_0
789,128,What is the final PR approvals rule deployed to production after the sprint over,MemoryBank (approx),1,22.6712,wf04_s5_chunk_0|wf04_s3_chunk_0|wf04_d1_chunk_0|wf04_d2_chunk_0|wf03_s5_chunk_0,wf04_s5_chunk_0
789,129,"Was the temporary admin bypass override change kept, or did we revert to the ori",MemoryBank (approx),1,24.5625,wf04_s3_chunk_0|wf03_s5_chunk_0|wf04_s5_chunk_0|wf02_s5_chunk_0|wf01_s5_chunk_0,wf04_s3_chunk_0|wf04_s5_chunk_0
789,130,Which document defines require 2 PR approvals as the approved PR approvals setti,MemoryBank (approx),0,21.6152,wf04_s5_chunk_0|wf04_d2_chunk_0|wf04_d1_chunk_0|wf11_d1_chunk_0|ng_235,wf04_s1_chunk_0
789,131,Confirm the architecture decision that adopted require 2 PR approvals for CI/CD ,MemoryBank (approx),1,21.7775,wf04_d2_chunk_0|wf04_s5_chunk_0|wf04_d1_chunk_0|wf04_s3_chunk_0|wf04_s1_chunk_0,wf04_s1_chunk_0
789,132,What is the trace sampling policy for Observability Stack?,MemoryBank (approx),1,20.419,wf05_d2_chunk_0|wf05_s5_chunk_0|wf05_d1_chunk_0|wf05_s1_chunk_0|wf05_d3_chunk_0,wf05_s1_chunk_0
789,133,How is trace sampling implemented using OpenTelemetry?,MemoryBank (approx),1,28.441,wf05_s1_chunk_0|wf05_d2_chunk_0|wf05_d3_chunk_0|wf05_d1_chunk_0|wf05_s5_chunk_0,wf05_s1_chunk_0
789,134,Find the devops standard for telemetry capture rate.,MemoryBank (approx),1,29.0452,wf05_s1_chunk_0|wf05_d2_chunk_0|wf05_d1_chunk_0|wf05_d3_chunk_0|wf05_s5_chunk_0,wf05_s1_chunk_0|wf05_s4_chunk_0
789,135,Summarise the technical decision on telemetry capture rate during Observability ,MemoryBank (approx),0,23.8831,wf05_s1_chunk_0|wf05_d1_chunk_0|wf05_d3_chunk_0|wf05_d2_chunk_0|wf05_s5_chunk_0,wf05_s4_chunk_0
789,136,What is the final trace sampling rule deployed to production after the sprint ov,MemoryBank (approx),1,21.1419,wf05_s5_chunk_0|wf05_d2_chunk_0|wf05_d1_chunk_0|wf05_d3_chunk_0|wf05_s1_chunk_0,wf05_s5_chunk_0
789,137,"Was the temporary 100% full trace sampling change kept, or did we revert to the ",MemoryBank (approx),1,24.9577,wf05_d2_chunk_0|wf05_d1_chunk_0|wf05_s1_chunk_0|wf05_s5_chunk_0|wf05_d3_chunk_0,wf05_s3_chunk_0|wf05_s5_chunk_0
789,138,Which document defines 10% trace sampling as the approved trace sampling setting,MemoryBank (approx),1,20.978,wf05_d2_chunk_0|wf05_d1_chunk_0|wf05_s5_chunk_0|wf05_s1_chunk_0|wf05_d3_chunk_0,wf05_s1_chunk_0
789,139,Confirm the architecture decision that adopted 10% trace sampling for Observabil,MemoryBank (approx),1,23.2838,wf05_s1_chunk_0|wf05_d2_chunk_0|wf05_s5_chunk_0|wf05_d1_chunk_0|wf05_d3_chunk_0,wf05_s1_chunk_0
789,140,What is the rate limit policy for API Gateway Rate Limiting?,MemoryBank (approx),0,20.5585,wf01_s5_chunk_0|wf11_d1_chunk_0|wf01_s1_chunk_0|wf06_d2_chunk_0|wf06_s5_chunk_0,wf06_s1_chunk_0
789,141,How is rate limit implemented using nginx+Lua?,MemoryBank (approx),1,20.3042,wf06_d2_chunk_0|wf06_s5_chunk_0|wf01_s1_chunk_0|wf06_s1_chunk_0|wf06_s3_chunk_0,wf06_s1_chunk_0
789,142,Find the backend standard for inbound request throttle.,MemoryBank (approx),1,19.3973,wf06_s5_chunk_0|wf06_d2_chunk_0|wf06_s1_chunk_0|wf06_s3_chunk_0|wf05_s5_chunk_0,wf06_s1_chunk_0|wf06_s4_chunk_0
789,143,Summarise the technical decision on inbound request throttle during API Gateway ,MemoryBank (approx),0,22.9931,wf06_s5_chunk_0|wf06_d2_chunk_0|wf06_s1_chunk_0|wf06_s3_chunk_0|wf05_s5_chunk_0,wf06_s4_chunk_0
789,144,What is the final rate limit rule deployed to production after the sprint overri,MemoryBank (approx),1,23.5329,wf06_s5_chunk_0|wf06_s3_chunk_0|wf06_d2_chunk_0|wf06_s1_chunk_0|wf05_s5_chunk_0,wf06_s5_chunk_0
789,145,"Was the temporary unlimited bursting change kept, or did we revert to the origin",MemoryBank (approx),1,24.0219,wf06_s3_chunk_0|wf06_s5_chunk_0|wf06_d2_chunk_0|wf06_s1_chunk_0|wf05_s5_chunk_0,wf06_s3_chunk_0|wf06_s5_chunk_0
789,146,Which document defines 100 RPM rate limit as the approved rate limit setting?,MemoryBank (approx),1,21.6187,wf06_d2_chunk_0|wf06_s1_chunk_0|wf06_s5_chunk_0|wf06_s3_chunk_0|wf05_s5_chunk_0,wf06_s1_chunk_0
789,147,Confirm the architecture decision that adopted 100 RPM rate limit for API Gatewa,MemoryBank (approx),1,22.1856,wf06_s5_chunk_0|wf06_d2_chunk_0|wf06_s1_chunk_0|wf06_s3_chunk_0|wf05_s5_chunk_0,wf06_s1_chunk_0
789,148,What is the cache TTL policy for Distributed Caching?,MemoryBank (approx),1,21.6525,wf07_d2_chunk_0|wf07_s5_chunk_0|wf07_d1_chunk_0|wf07_d3_chunk_0|wf07_s1_chunk_0,wf07_s1_chunk_0
789,149,How is cache TTL implemented using redis-py?,MemoryBank (approx),1,21.3799,wf07_s1_chunk_0|wf07_d2_chunk_0|wf07_d3_chunk_0|wf07_s5_chunk_0|wf07_d1_chunk_0,wf07_s1_chunk_0
789,0,"Using message passing with XtAddInput Organization: 3M Company, 3M Center,",A-MEM (approx),1,23.646,ng_2190|ng_2035|ng_62|ng_2165|ng_2187,ng_2190
789,1,"Subject: Re: SE Serial Port Speed???? Organization: Sophomore, Mechanical Engine",A-MEM (approx),1,22.9571,ng_1054|ng_744|ng_1379|ng_368|ng_1754,ng_1054
789,2,"Re: Q800 Video RAM Questions Distribution: na Organization: Apple Computer,",A-MEM (approx),1,27.8089,ng_76|ng_968|ng_978|ng_438|ng_436,ng_76
789,3,Subject: Re: More technical details Organization: Partnership for an America,A-MEM (approx),0,21.3582,ng_1829|ng_2218|ng_1407|ng_1379|ng_1998,ng_2281
789,4,Re: text of White House announcement and Q&As on clipper,A-MEM (approx),0,20.8244,ng_1331|ng_277|ng_40|ng_1347|ng_1078,ng_146
789,5,Re: A question about 120VAC outlet wiring.. Keywords: outlet Article-I.D.:,A-MEM (approx),1,23.3826,ng_1750|ng_536|ng_749|ng_659|ng_263,ng_536
789,6,"Subject: SE rom Keywords: roms, grayscale, select 300 Organization: NETCOM",A-MEM (approx),1,23.1672,ng_741|ng_1011|ng_481|ng_387|ng_539,ng_741
789,7,Re: text of White House announcement and Q&As on clipper,A-MEM (approx),0,20.4802,ng_1331|ng_277|ng_40|ng_1347|ng_1078,ng_1944
789,8,"Re: Title for XTerm Organization: Dept. of Computer Science, TU",A-MEM (approx),0,20.6801,ng_474|ng_1012|ng_439|ng_943|ng_1171,ng_654
789,9,Re: NUTEK FACES APPLE'S WRATH (article!!!!!!) READ Article-I.D.: rpi.j3g5bwq Org,A-MEM (approx),0,30.3064,ng_2323|ng_1649|ng_269|ng_177|ng_1813,ng_1275
789,10,"Organization: Industrial Research Ltd., New Zealand. NNTP-Posting-Host: grv.grac",A-MEM (approx),0,27.8782,ng_271|ng_690|ng_1767|ng_676|ng_1969,ng_2267
789,11,Re: your opinion of the LaserWriter Select 310? Article-I.D.: usenet.1prg8a$psr,A-MEM (approx),1,26.5449,ng_248|ng_908|ng_52|ng_1910|ng_1598,ng_908
789,12,Re: Hard drive security for FBI targets Reply-To: pdc@dcs.ed.ac.uk (Paul,A-MEM (approx),0,25.2253,ng_687|ng_471|ng_598|ng_1313|ng_1524,ng_2210
789,13,Subject: Dynamic changing of the title bar Organization: Xerox X-Newsreader:,A-MEM (approx),1,22.3513,ng_1628|ng_2240|ng_50|ng_1103|ng_1703,ng_1628
789,14,"Quadra 700 memory upgrade Organization: Univ. of Strathclyde, Glasgow, UK",A-MEM (approx),1,22.8461,ng_44|ng_2293|ng_2049|ng_436|ng_978,ng_44
789,15,Re: HV diodes Reply-To: dtmedin@catbyte.b30.ingr.com Organization: Intergraph Co,A-MEM (approx),0,29.4136,ng_541|ng_515|ng_1411|ng_1085|ng_201,ng_796
789,16,Re: Forcing a window manager to accept specific coordinates for,A-MEM (approx),1,20.1285,ng_1099|ng_1538|ng_847|ng_1197|ng_1273,ng_847
789,17,MICROPHONE PRE-AMP/LOW NOISE/PHANTOM POWERED Nntp-Posting-Host: liu.cns.nyu.edu ,A-MEM (approx),1,32.066,ng_1067|ng_1447|ng_1362|ng_1255|ng_1833,ng_1067
789,18,Re: An Open Letter to Mr. Clinton Organization: Totally Unorganized,A-MEM (approx),1,20.6611,ng_1331|ng_258|ng_1334|ng_1673|ng_1944,ng_1334
789,19,How do I find my AppContext? Organization: San Diego State,A-MEM (approx),1,19.7965,ng_972|ng_319|ng_1699|ng_2187|ng_1858,ng_972
789,20,"Re: Would ""clipper"" make a good cover for other encryption",A-MEM (approx),1,19.9123,ng_900|ng_1808|ng_19|ng_329|ng_102,ng_900
789,21,Re: CD300 & 300i Nntp-Posting-Host: christian.informatik.uni-ulm.de Organization,A-MEM (approx),0,29.9935,ng_255|ng_676|ng_1143|ng_235|ng_1476,ng_1741
789,22,An Open Letter to Mr. Clinton Nntp-Posting-Host: dolores.lance.colostate.edu Org,A-MEM (approx),0,39.6632,ng_361|ng_283|ng_1673|ng_1035|ng_902,ng_258
789,23,Re: Need to find out number to a phone line,A-MEM (approx),1,21.7095,ng_154|ng_2065|ng_1591|ng_577|ng_181,ng_1591
789,24,"Subject: Re: REPOST: Accelerators/Translations Keywords: Accelerator, case Organ",A-MEM (approx),1,25.5103,ng_1883|ng_1379|ng_1505|ng_1402|ng_86,ng_1505
789,25,Re: Forcing a window manager to accept specific coordinates for,A-MEM (approx),1,20.0522,ng_1099|ng_1538|ng_847|ng_1197|ng_1273,ng_1538
789,26,Re: How to detect use of an illegal cipher? Organization:,A-MEM (approx),1,20.7462,ng_950|ng_1073|ng_304|ng_742|ng_38,ng_304
789,27,Subject: X for PC Organization: Youngstown State/Youngstown Free-Net Lines: 18,A-MEM (approx),0,23.2132,ng_1829|ng_1379|ng_1476|ng_1489|ng_255,ng_545
789,28,Trade Mac SE system for Color Mac??? Article-I.D.: wixer.1993Apr16.181557.11264 ,A-MEM (approx),1,28.228,ng_222|ng_481|ng_1011|ng_1726|ng_566,ng_222
789,29,Re: Fifth Amendment and Passwords Organization: Little to None Lines:,A-MEM (approx),1,20.6151,ng_1408|ng_812|ng_153|ng_1366|ng_2147,ng_812
789,30,"Re: Pgp, PEM, and RFC's (Was: Cryptography Patents) Organization: Oce",A-MEM (approx),1,23.9637,ng_1433|ng_1998|ng_736|ng_109|ng_38,ng_109
789,31,Subject: Re: Drawing Lines (inverse/xor) In-Reply-To: singg@alf.uib.no's message,A-MEM (approx),1,27.7432,ng_2020|ng_2056|ng_746|ng_468|ng_2181,ng_2020
789,32,Re: Accelerating the MacPlus...;) Nntp-Posting-Host: michigan.aero.org Organizat,A-MEM (approx),1,27.4769,ng_1269|ng_1969|ng_1977|ng_676|ng_1550,ng_1977
789,33,"Re: Organized Lobbying for Cryptography Organization: Test Systems Strategies, I",A-MEM (approx),1,21.9869,ng_38|ng_1073|ng_1923|ng_657|ng_949,ng_657
789,34,Re: Clipper Chip and crypto key-escrow Organization: Memex Information Systems,A-MEM (approx),0,23.5201,ng_1021|ng_21|ng_509|ng_1572|ng_335,ng_865
789,35,x86 ~= 680x0 ?? (How do they compare?) Organization: FidoNet,A-MEM (approx),0,23.9826,ng_173|ng_2299|ng_1645|ng_1081|ng_2168,ng_1630
789,36,Some Questions (was: REVISED SUMMARY) Organization: Swiss Federal Institute of,A-MEM (approx),0,23.2336,ng_101|ng_38|ng_1543|ng_628|ng_1560,ng_2268
789,37,xv -root with vue? (was Re: xloadimage -onroot ...) Article-I.D.:,A-MEM (approx),1,29.3508,ng_70|ng_1520|ng_1620|ng_1163|ng_973,ng_1520
789,38,Subject: Re: Telephone Controlled Power Bar Needed Organization: Netcom -,A-MEM (approx),1,20.2147,ng_629|ng_2026|ng_952|ng_181|ng_385,ng_2026
789,39,"Re: Once tapped, your code is no good any more.",A-MEM (approx),0,19.9809,ng_691|ng_1507|ng_1137|ng_1861|ng_1531,ng_1747
789,40,"LCD (was: Re: Once tapped...) Organization: Management Graphics, Inc. Lines:",A-MEM (approx),0,25.4654,ng_1419|ng_1738|ng_1948|ng_1404|ng_656,ng_917
789,41,spook <rick@ee.uwm.edu> Subject: Alternate *legal* wiretaps. Organization: Just ,A-MEM (approx),1,46.6835,ng_920|ng_1815|ng_2332|ng_1745|ng_691,ng_920
789,42,"grimwood@ccu1.aukuni.ac.nz (Tony Grimwood) Organization: University of Auckland,",A-MEM (approx),0,46.6691,ng_1379|ng_1843|ng_2080|ng_744|ng_1277,ng_829
789,43,Re: Circular Motif Widgets In-Reply-To: dev@hollywood.acsc.com's message of 16 A,A-MEM (approx),0,40.0479,ng_1852|ng_130|ng_2255|ng_2191|ng_1962,ng_475
789,44,Re: Radio Shack Battery of the Month Club Organization: University,A-MEM (approx),1,31.4873,ng_1136|ng_8|ng_156|ng_751|ng_870,ng_1136
789,45,Subject: Re: Forcing a window manager to accept specific coordinates,A-MEM (approx),0,30.5851,ng_1099|ng_1538|ng_847|ng_1197|ng_1273,ng_552
789,46,Re: Wanted: A to D hardware for a PC Article-I.D.:,A-MEM (approx),0,36.6695,ng_231|ng_387|ng_286|ng_2085|ng_427,ng_675
789,47,Subject: Re: what to do with old 256k SIMMs? Organization:,A-MEM (approx),0,31.4019,ng_2113|ng_1417|ng_747|ng_1068|ng_808,ng_2011
789,48,"& Pirbhai help... Lines: 12 Hello, Has anyone used the",A-MEM (approx),0,31.7644,ng_1888|ng_273|ng_106|ng_943|ng_10,ng_1184
789,49,"Re: Organized Lobbying for Cryptography Organization: Stratus Computer, Software",A-MEM (approx),1,31.2669,ng_38|ng_1718|ng_657|ng_1560|ng_1923,ng_1560
789,50,Subject: New England Ham - Electronic Fleamarket Dates ** 1,A-MEM (approx),1,30.8835,ng_276|ng_1415|ng_1616|ng_860|ng_2303,ng_276
789,51,Re: IIci -> Q700 upgrade? Nntp-Posting-Host: daeron.mcrcim.mcgill.edu Organizati,A-MEM (approx),1,45.7429,ng_1583|ng_2282|ng_2007|ng_2340|ng_1838,ng_1583
789,52,Subject: Re: text of White House announcement and Q&As on,A-MEM (approx),0,31.8784,ng_1724|ng_1449|ng_1124|ng_277|ng_1407,ng_2226
789,53,Re: Macs suck! Buy a PC! Nntp-Posting-Host: molbio.cbs.umn.edu Organization: Uni,A-MEM (approx),1,42.4317,ng_2323|ng_177|ng_2329|ng_1268|ng_481,ng_2323
789,54,ext. 8056) Subject: Re: What do Nuclear Site's Cooling Towers,A-MEM (approx),0,32.8525,ng_1767|ng_2032|ng_1728|ng_12|ng_1921,ng_2037
789,55,"Re: Once tapped, your code is no good any more.",A-MEM (approx),0,29.1266,ng_691|ng_1507|ng_1137|ng_1861|ng_1531,ng_1479
789,56,Organization: The Internet Lines: 5 NNTP-Posting-Host: enterpoop.mit.edu To: XPE,A-MEM (approx),1,54.867,ng_255|ng_1379|ng_1143|ng_1476|ng_235,ng_255
789,57,xwd segmentation fault Keywords: xwd X11 Organization: JHU/Applied Physics Labor,A-MEM (approx),1,42.1831,ng_1906|ng_1655|ng_356|ng_1895|ng_1521,ng_1906
789,58,Re: I want use DeskJet on System7 Nntp-Posting-Host: bcarh1ee Organization:,A-MEM (approx),1,40.2712,ng_674|ng_787|ng_1088|ng_1951|ng_1316,ng_674
789,59,Re: Suggestions on Audio relays ??? Organization: Megatest Corporation Lines:,A-MEM (approx),1,33.6833,ng_1853|ng_1305|ng_2162|ng_2203|ng_1341,ng_1853
789,60,"4-plane Xterminal (Do I want one?) Keywords: plane, Xterminal Organization:",A-MEM (approx),1,39.6133,ng_2262|ng_1333|ng_780|ng_1012|ng_1636,ng_2262
789,61,High level language compilers for uControllers ? Article-I.D.: stellenb.mabbot.3,A-MEM (approx),1,41.646,ng_447|ng_1047|ng_10|ng_1532|ng_2068,ng_447
789,62,"Subject: Why do I need ""xrdb -m"" when .Xdefaults unchanged?",A-MEM (approx),1,35.1282,ng_1573|ng_1266|ng_2156|ng_1430|ng_78,ng_1266
789,63,Re: Fighting the Clipper Initiative Organization: Express Access Online Communic,A-MEM (approx),0,29.9983,ng_772|ng_726|ng_473|ng_1075|ng_1599,ng_2052
789,64,Subject: Re: Fifth Amendment and Passwords Organization: Brought to you,A-MEM (approx),0,30.6101,ng_1408|ng_812|ng_153|ng_1366|ng_2147,ng_944
789,65,"Re: Once tapped, your code is no good any more.",A-MEM (approx),0,32.4095,ng_691|ng_1507|ng_1137|ng_1861|ng_1531,ng_2104
789,66,"Subject: Voltage Multiplier Problem. Organization: Computer Science, Liverpool U",A-MEM (approx),1,34.1061,ng_1257|ng_541|ng_2087|ng_1586|ng_647,ng_1257
789,67,<news> Subject: Re: Xt intrinsics: slow popups Nntp-Posting-Host: tweety Reply-T,A-MEM (approx),1,42.6266,ng_1806|ng_1711|ng_1044|ng_2348|ng_1179,ng_1711
789,68,"Subject: Re: Dayton Hamfest Organization: Senior, Electrical and Computer Engine",A-MEM (approx),1,32.6284,ng_1616|ng_610|ng_2074|ng_271|ng_1489,ng_610
789,69,"Keysym database problems Keywords: X, Motif Organization: CATT Centre at",A-MEM (approx),1,35.5658,ng_2326|ng_1505|ng_1402|ng_1340|ng_1891,ng_2326
789,70,R5 table widget causing trouble with XtQueryGeometry Organization: Universitaet ,A-MEM (approx),1,43.7244,ng_805|ng_32|ng_1276|ng_1573|ng_926,ng_805
789,71,Re: Telephone on hook/off hok ok circuit Organization: Megatest Corporation,A-MEM (approx),0,31.4848,ng_952|ng_2249|ng_181|ng_877|ng_1591,ng_26
789,72,"Re: Animation with XPutImage()? Organization: Dept. of Computer Science, TU",A-MEM (approx),1,34.1176,ng_2111|ng_817|ng_1108|ng_1352|ng_2202,ng_1352
789,73,Re: x86 ~= 680x0 ?? (How do they compare?) Organization:,A-MEM (approx),0,35.8295,ng_2299|ng_173|ng_1645|ng_2168|ng_1081,ng_685
789,74,Subject: Laser Writer IINTX upgrade kit Organization: Royal Melbourne Institute,A-MEM (approx),1,30.1465,ng_855|ng_1863|ng_908|ng_1387|ng_301,ng_855
789,75,"Subject: Re: Mix GL with X (Xlib,Xt,mwm) Nntp-Posting-Host: 211.2.1.65 Organizat",A-MEM (approx),0,46.4107,ng_2181|ng_863|ng_1200|ng_43|ng_1563,ng_994
789,76,Subject: Keyboard map for UK type 5 keyboard under X11/R5?,A-MEM (approx),1,30.7593,ng_1733|ng_106|ng_1576|ng_1340|ng_1826,ng_1733
789,77,Subject: Re: The source of that announcement Organization: NETCOM On-line,A-MEM (approx),1,30.7056,ng_2218|ng_690|ng_953|ng_820|ng_1407,ng_2218
789,78,anybody have patched version of xroach for tvtwm??? Organization: NASA,A-MEM (approx),1,33.6958,ng_1620|ng_1807|ng_1430|ng_2156|ng_439,ng_1620
789,79,A StyleWriter II question Nntp-Posting-Host: miniac.etu.gel.ulaval.ca Organizati,A-MEM (approx),0,42.6684,ng_1379|ng_235|ng_255|ng_676|ng_176,ng_510
789,80,"Re: tvtwm & xsetroot, X11R5 and SPARCstation 10 keyboard Organization:",A-MEM (approx),1,37.6,ng_1430|ng_2156|ng_1576|ng_1826|ng_1620,ng_2156
789,81,Can you share one monitor w/ 2 cpus? Organization: Case,A-MEM (approx),1,30.7113,ng_1919|ng_1513|ng_738|ng_1500|ng_1034,ng_1919
789,82,Subject: Can Radio Freq. Be Used To Measure Distance? Organization:,A-MEM (approx),1,31.4909,ng_165|ng_2107|ng_1301|ng_1903|ng_1488,ng_165
789,83,Subject: Re: your opinion of the LaserWriter Select 310? Article-I.D.:,A-MEM (approx),1,34.5479,ng_248|ng_52|ng_908|ng_1910|ng_1598,ng_248
789,84,"Subject: Re: How do I find my AppContext? Keywords: Context,",A-MEM (approx),1,34.0639,ng_972|ng_319|ng_1699|ng_1858|ng_2187,ng_319
789,85,Re: Help with ultra-long timing Organization: Macquarie University Lines: 39,A-MEM (approx),1,31.1299,ng_1938|ng_2197|ng_1493|ng_684|ng_2118,ng_684
789,86,"Subject: Re: HELP INSTALL RAM ON CENTRIS 610 Organization: Sophomore,",A-MEM (approx),1,30.1438,ng_958|ng_562|ng_149|ng_326|ng_968,ng_958
789,87,SI clock reports Summary: Request for SI clock poll Keywords:,A-MEM (approx),1,33.3137,ng_1869|ng_505|ng_2106|ng_1058|ng_1081,ng_2106
789,88,Re: Fifth Amendment and Passwords Nntp-Posting-Host: bistromath.mitre.org Organi,A-MEM (approx),1,47.56,ng_1408|ng_1128|ng_153|ng_2147|ng_1366,ng_1128
789,89,Subject: need ACS tutorial and/or netlist examples Originator: tsp@sp1 Keywords:,A-MEM (approx),1,38.378,ng_1877|ng_672|ng_271|ng_557|ng_1786,ng_1877
789,90,Radar detector DETECTORS? Organization: At UT? That's a joke. Lines:,A-MEM (approx),1,31.7804,ng_2153|ng_2215|ng_1945|ng_2273|ng_406,ng_2215
789,91,"Ask the ftp address of ""Kerberos Version 5 draft RFC""",A-MEM (approx),1,30.7159,ng_235|wf11_d1_chunk_0|ng_2335|ng_234|ng_176,ng_235
789,92,Re: electronic odometers (was: Used BMW Question ..... ???) Organization:,A-MEM (approx),1,37.4713,ng_1516|ng_1292|ng_324|ng_694|ng_71,ng_71
789,93,"Dept Info in Austrailia From: MATGBB@LURE.LATROBE.EDU.AU (BYRNES,Graham) Organiz",A-MEM (approx),1,47.253,ng_2080|ng_1843|ng_1277|ng_474|ng_2110,ng_2080
789,94,"""similarity"" too Organization: capriccioso X-Newsreader: TIN [version 1.1 PL6] L",A-MEM (approx),0,43.2661,ng_1435|ng_1888|ng_767|ng_2047|ng_85,ng_2311
789,95,Re: text of White House announcement and Q&As on clipper,A-MEM (approx),0,29.0583,ng_1331|ng_277|ng_40|ng_1347|ng_1078,ng_849
789,96,built in video Article-I.D.: geraldo.1pqt5nINN605 Reply-To: bruceg@ccwf.cc.utexa,A-MEM (approx),0,55.8156,ng_1489|ng_2194|ng_976|ng_1998|ng_1036,ng_1465
789,97,hand scanners? Organization: Lafayette College Lines: 6 Originator: news@lafcol ,A-MEM (approx),1,45.0798,ng_1698|ng_28|ng_298|ng_1503|ng_1419,ng_1698
789,98,"Any recent information on Frescoe? Organization: CenterLine Software, Inc. Lines",A-MEM (approx),1,36.9899,ng_2150|ng_819|ng_1261|ng_859|ng_1100,ng_2150
789,99,Re: Cable TVI interference Keywords: catv cable television tvi Organization:,A-MEM (approx),1,33.9085,ng_2159|ng_454|ng_1224|ng_1942|ng_2009,ng_2159
789,100,What is the JWT expiry policy for JWT Authentication?,A-MEM (approx),1,30.3269,wf01_s5_chunk_0|wf01_s1_chunk_0|wf01_d1_chunk_0|wf01_d2_chunk_0|wf01_d3_chunk_0,wf01_s1_chunk_0
789,101,How is JWT expiry implemented using PyJWT+Redis?,A-MEM (approx),1,36.9464,wf01_s1_chunk_0|wf01_s3_chunk_0|wf01_s4_chunk_0|wf01_s5_chunk_0|wf01_d2_chunk_0,wf01_s1_chunk_0
789,102,Find the backend standard for session token lifetime.,A-MEM (approx),1,29.9808,wf01_d3_chunk_0|wf01_d2_chunk_0|wf01_s1_chunk_0|wf01_s5_chunk_0|wf01_s3_chunk_0,wf01_s1_chunk_0|wf01_s4_chunk_0
789,103,Summarise the technical decision on session token lifetime during JWT Authentica,A-MEM (approx),0,31.2493,wf01_d3_chunk_0|wf01_d2_chunk_0|wf01_s5_chunk_0|wf01_d1_chunk_0|wf01_s1_chunk_0,wf01_s4_chunk_0
789,104,What is the final JWT expiry rule deployed to production after the sprint overri,A-MEM (approx),1,33.2409,wf01_s5_chunk_0|wf01_s3_chunk_0|wf01_s1_chunk_0|wf01_d1_chunk_0|wf01_d2_chunk_0,wf01_s5_chunk_0
789,105,"Was the temporary 60-minute expiry change kept, or did we revert to the original",A-MEM (approx),1,37.3192,wf01_d2_chunk_0|wf01_d3_chunk_0|wf01_d1_chunk_0|wf01_s5_chunk_0|wf01_s3_chunk_0,wf01_s3_chunk_0|wf01_s5_chunk_0
789,106,Which document defines 15-minute expiry as the approved JWT expiry setting?,A-MEM (approx),1,34.9016,wf01_d1_chunk_0|wf01_s5_chunk_0|wf01_d2_chunk_0|wf01_s1_chunk_0|wf01_s3_chunk_0,wf01_s1_chunk_0
789,107,Confirm the architecture decision that adopted 15-minute expiry for JWT Authenti,A-MEM (approx),1,32.6359,wf01_s5_chunk_0|wf01_d1_chunk_0|wf01_s1_chunk_0|wf01_d2_chunk_0|wf01_d3_chunk_0,wf01_s1_chunk_0
789,108,What is the primary keys policy for Database Schema?,A-MEM (approx),1,29.2776,wf02_d1_chunk_0|wf02_d2_chunk_0|wf02_d3_chunk_0|wf02_s5_chunk_0|wf02_s1_chunk_0,wf02_s1_chunk_0
789,109,How is primary keys implemented using Alembic+PostgreSQL?,A-MEM (approx),1,33.7823,wf02_s1_chunk_0|wf02_d2_chunk_0|wf02_d1_chunk_0|wf02_s3_chunk_0|wf02_s5_chunk_0,wf02_s1_chunk_0
789,110,Find the backend standard for row identifier scheme.,A-MEM (approx),1,32.5035,wf02_s4_chunk_0|wf02_s1_chunk_0|wf02_d3_chunk_0|wf12_s1_chunk_0|wf02_d2_chunk_0,wf02_s1_chunk_0|wf02_s4_chunk_0
789,111,Summarise the technical decision on row identifier scheme during Database Schema,A-MEM (approx),1,37.6096,wf02_s4_chunk_0|wf02_d3_chunk_0|wf02_d1_chunk_0|wf02_s1_chunk_0|wf02_d2_chunk_0,wf02_s4_chunk_0
789,112,What is the final primary keys rule deployed to production after the sprint over,A-MEM (approx),1,35.5483,wf02_s5_chunk_0|wf02_d1_chunk_0|wf02_d2_chunk_0|wf02_s1_chunk_0|wf02_s3_chunk_0,wf02_s5_chunk_0
789,113,"Was the temporary auto-incrementing integer PKs change kept, or did we revert to",A-MEM (approx),1,42.6165,wf02_s3_chunk_0|wf02_s5_chunk_0|wf02_s1_chunk_0|wf02_d3_chunk_0|wf02_s4_chunk_0,wf02_s3_chunk_0|wf02_s5_chunk_0
789,114,Which document defines UUID primary keys as the approved primary keys setting?,A-MEM (approx),1,32.4752,wf02_s1_chunk_0|wf02_s5_chunk_0|wf02_d2_chunk_0|wf02_d1_chunk_0|wf02_d3_chunk_0,wf02_s1_chunk_0
789,115,Confirm the architecture decision that adopted UUID primary keys for Database Sc,A-MEM (approx),1,31.8246,wf02_s5_chunk_0|wf02_s1_chunk_0|wf02_d3_chunk_0|wf02_d2_chunk_0|wf02_d1_chunk_0,wf02_s1_chunk_0
789,116,What is the domain boundary policy for Microservice Context?,A-MEM (approx),1,30.6205,wf03_d1_chunk_0|wf03_s5_chunk_0|wf03_s1_chunk_0|wf03_d2_chunk_0|wf03_d3_chunk_0,wf03_s1_chunk_0
789,117,How is domain boundary implemented using gRPC+Protobuf?,A-MEM (approx),1,31.2617,wf03_s1_chunk_0|wf14_s1_chunk_0|wf14_d3_chunk_0|wf14_d2_chunk_0|wf03_s4_chunk_0,wf03_s1_chunk_0
789,118,Find the architecture standard for inter-service coupling.,A-MEM (approx),1,31.6351,wf03_d3_chunk_0|wf03_s1_chunk_0|wf03_s4_chunk_0|wf03_d2_chunk_0|wf03_d1_chunk_0,wf03_s1_chunk_0|wf03_s4_chunk_0
789,119,Summarise the technical decision on inter-service coupling during Microservice C,A-MEM (approx),0,52.1218,wf03_d3_chunk_0|wf03_d2_chunk_0|wf03_d1_chunk_0|wf03_s1_chunk_0|wf03_s5_chunk_0,wf03_s4_chunk_0
789,120,What is the final domain boundary rule deployed to production after the sprint o,A-MEM (approx),1,37.2688,wf03_s5_chunk_0|wf03_d1_chunk_0|wf03_s1_chunk_0|wf03_s3_chunk_0|wf14_s5_chunk_0,wf03_s5_chunk_0
789,121,"Was the temporary shared database schema change kept, or did we revert to the or",A-MEM (approx),1,41.728,wf03_s3_chunk_0|wf15_s4_chunk_0|wf15_d3_chunk_0|wf03_d3_chunk_0|wf15_s5_chunk_0,wf03_s3_chunk_0|wf03_s5_chunk_0
789,122,Which document defines strict domain boundary as the approved domain boundary se,A-MEM (approx),1,31.7206,wf03_s5_chunk_0|wf03_s1_chunk_0|wf03_d1_chunk_0|wf03_s4_chunk_0|wf14_d3_chunk_0,wf03_s1_chunk_0
789,123,Confirm the architecture decision that adopted strict domain boundary for Micros,A-MEM (approx),1,33.8635,wf03_s5_chunk_0|wf03_d1_chunk_0|wf03_s1_chunk_0|wf03_d3_chunk_0|wf03_d2_chunk_0,wf03_s1_chunk_0
789,124,What is the PR approvals policy for CI/CD Pipeline?,A-MEM (approx),1,31.7121,wf04_d2_chunk_0|wf04_s5_chunk_0|wf04_s1_chunk_0|wf04_d1_chunk_0|wf04_d3_chunk_0,wf04_s1_chunk_0
789,125,How is PR approvals implemented using GitHub Actions?,A-MEM (approx),1,31.2773,wf04_s1_chunk_0|wf04_d2_chunk_0|wf04_s5_chunk_0|wf04_d1_chunk_0|wf04_s4_chunk_0,wf04_s1_chunk_0
789,126,Find the devops standard for merge gate policy.,A-MEM (approx),1,23.1275,wf04_s4_chunk_0|wf04_d3_chunk_0|wf04_s1_chunk_0|wf04_s5_chunk_0|wf04_d2_chunk_0,wf04_s1_chunk_0|wf04_s4_chunk_0
789,127,Summarise the technical decision on merge gate policy during CI/CD Pipeline desi,A-MEM (approx),1,21.4116,wf04_d3_chunk_0|wf04_s4_chunk_0|wf04_s1_chunk_0|wf04_s5_chunk_0|wf04_d2_chunk_0,wf04_s4_chunk_0
789,128,What is the final PR approvals rule deployed to production after the sprint over,A-MEM (approx),1,22.8215,wf04_s5_chunk_0|wf04_s3_chunk_0|wf04_d2_chunk_0|wf04_d1_chunk_0|wf04_s1_chunk_0,wf04_s5_chunk_0
789,129,"Was the temporary admin bypass override change kept, or did we revert to the ori",A-MEM (approx),1,24.4552,wf04_s3_chunk_0|wf19_s5_chunk_0|wf04_s5_chunk_0|wf04_s4_chunk_0|wf16_s3_chunk_0,wf04_s3_chunk_0|wf04_s5_chunk_0
789,130,Which document defines require 2 PR approvals as the approved PR approvals setti,A-MEM (approx),1,21.2241,wf04_d2_chunk_0|wf04_d1_chunk_0|wf04_s5_chunk_0|wf04_s1_chunk_0|wf16_d1_chunk_0,wf04_s1_chunk_0
789,131,Confirm the architecture decision that adopted require 2 PR approvals for CI/CD ,A-MEM (approx),1,21.5595,wf04_s1_chunk_0|wf04_d2_chunk_0|wf04_s5_chunk_0|wf04_d1_chunk_0|wf04_d3_chunk_0,wf04_s1_chunk_0
789,132,What is the trace sampling policy for Observability Stack?,A-MEM (approx),1,19.6829,wf05_d2_chunk_0|wf05_s5_chunk_0|wf05_s1_chunk_0|wf05_d1_chunk_0|wf05_d3_chunk_0,wf05_s1_chunk_0
789,133,How is trace sampling implemented using OpenTelemetry?,A-MEM (approx),1,19.3783,wf05_s1_chunk_0|wf05_d2_chunk_0|wf05_s3_chunk_0|wf05_d3_chunk_0|wf05_d1_chunk_0,wf05_s1_chunk_0
789,134,Find the devops standard for telemetry capture rate.,A-MEM (approx),1,23.7511,wf05_s4_chunk_0|ng_2127|wf05_s1_chunk_0|wf05_d2_chunk_0|wf05_d1_chunk_0,wf05_s1_chunk_0|wf05_s4_chunk_0
789,135,Summarise the technical decision on telemetry capture rate during Observability ,A-MEM (approx),1,23.4736,wf05_s1_chunk_0|wf05_s4_chunk_0|wf05_d1_chunk_0|wf05_d3_chunk_0|wf05_d2_chunk_0,wf05_s4_chunk_0
789,136,What is the final trace sampling rule deployed to production after the sprint ov,A-MEM (approx),1,21.4978,wf05_s3_chunk_0|wf05_s5_chunk_0|wf05_d2_chunk_0|wf05_d1_chunk_0|wf05_d3_chunk_0,wf05_s5_chunk_0
789,137,"Was the temporary 100% full trace sampling change kept, or did we revert to the ",A-MEM (approx),1,24.9052,wf05_d2_chunk_0|wf05_s3_chunk_0|wf05_s1_chunk_0|wf05_d1_chunk_0|wf05_s5_chunk_0,wf05_s3_chunk_0|wf05_s5_chunk_0
789,138,Which document defines 10% trace sampling as the approved trace sampling setting,A-MEM (approx),1,21.9371,wf05_d2_chunk_0|wf05_d1_chunk_0|wf05_s5_chunk_0|wf05_s1_chunk_0|wf05_d3_chunk_0,wf05_s1_chunk_0
789,139,Confirm the architecture decision that adopted 10% trace sampling for Observabil,A-MEM (approx),1,22.1613,wf05_s1_chunk_0|wf05_d2_chunk_0|wf05_d1_chunk_0|wf05_s5_chunk_0|wf05_d3_chunk_0,wf05_s1_chunk_0
789,140,What is the rate limit policy for API Gateway Rate Limiting?,A-MEM (approx),1,19.9102,wf06_d2_chunk_0|wf06_s5_chunk_0|wf06_d3_chunk_0|wf06_d1_chunk_0|wf06_s1_chunk_0,wf06_s1_chunk_0
789,141,How is rate limit implemented using nginx+Lua?,A-MEM (approx),1,20.828,wf06_s1_chunk_0|wf06_s3_chunk_0|wf06_s4_chunk_0|wf06_d2_chunk_0|wf06_d1_chunk_0,wf06_s1_chunk_0
789,142,Find the backend standard for inbound request throttle.,A-MEM (approx),1,20.4285,wf06_s4_chunk_0|wf06_s5_chunk_0|wf06_s1_chunk_0|wf06_d3_chunk_0|wf06_d2_chunk_0,wf06_s1_chunk_0|wf06_s4_chunk_0
789,143,Summarise the technical decision on inbound request throttle during API Gateway ,A-MEM (approx),1,23.4571,wf06_s4_chunk_0|wf06_d3_chunk_0|wf06_d1_chunk_0|wf06_s5_chunk_0|wf06_d2_chunk_0,wf06_s4_chunk_0
789,144,What is the final rate limit rule deployed to production after the sprint overri,A-MEM (approx),1,21.5449,wf06_s3_chunk_0|wf06_s5_chunk_0|wf06_d1_chunk_0|wf06_d2_chunk_0|wf06_s1_chunk_0,wf06_s5_chunk_0
789,145,"Was the temporary unlimited bursting change kept, or did we revert to the origin",A-MEM (approx),1,23.57,wf06_s3_chunk_0|wf06_s5_chunk_0|wf06_d3_chunk_0|wf06_d1_chunk_0|wf06_s4_chunk_0,wf06_s3_chunk_0|wf06_s5_chunk_0
789,146,Which document defines 100 RPM rate limit as the approved rate limit setting?,A-MEM (approx),1,20.4764,wf06_d2_chunk_0|wf06_d1_chunk_0|wf06_d3_chunk_0|wf06_s5_chunk_0|wf06_s1_chunk_0,wf06_s1_chunk_0
789,147,Confirm the architecture decision that adopted 100 RPM rate limit for API Gatewa,A-MEM (approx),1,22.4649,wf06_d3_chunk_0|wf06_s5_chunk_0|wf06_d1_chunk_0|wf06_d2_chunk_0|wf06_s1_chunk_0,wf06_s1_chunk_0
789,148,What is the cache TTL policy for Distributed Caching?,A-MEM (approx),1,22.5377,wf07_d2_chunk_0|wf07_s5_chunk_0|wf07_d3_chunk_0|wf07_d1_chunk_0|wf07_s1_chunk_0,wf07_s1_chunk_0
789,149,How is cache TTL implemented using redis-py?,A-MEM (approx),1,28.4399,wf07_s1_chunk_0|wf07_d2_chunk_0|wf07_d3_chunk_0|wf07_d1_chunk_0|wf07_s5_chunk_0,wf07_s1_chunk_0
789,0,"Using message passing with XtAddInput Organization: 3M Company, 3M Center,",LangChain MMR,1,24.6591,ng_2190|ng_945|wf17_d3_chunk_0|ng_1558|ng_1752,ng_2190
789,1,"Subject: Re: SE Serial Port Speed???? Organization: Sophomore, Mechanical Engine",LangChain MMR,1,23.5777,ng_1054|ng_1379|ng_1499|wf06_d1_chunk_0|ng_604,ng_1054
789,2,"Re: Q800 Video RAM Questions Distribution: na Organization: Apple Computer,",LangChain MMR,1,23.2948,ng_76|ng_566|ng_2293|ng_260|ng_295,ng_76
789,3,Subject: Re: More technical details Organization: Partnership for an America,LangChain MMR,0,21.2583,ng_1829|wf04_s1_chunk_0|ng_816|ng_2278|ng_1904,ng_2281
789,4,Re: text of White House announcement and Q&As on clipper,LangChain MMR,0,21.7019,ng_1331|ng_1724|ng_1371|ng_849|ng_820,ng_146
789,5,Re: A question about 120VAC outlet wiring.. Keywords: outlet Article-I.D.:,LangChain MMR,0,24.9479,ng_1750|ng_382|ng_976|ng_310|ng_920,ng_536
789,6,"Subject: SE rom Keywords: roms, grayscale, select 300 Organization: NETCOM",LangChain MMR,1,24.0142,ng_741|ng_1261|ng_744|ng_757|ng_2027,ng_741
789,7,Re: text of White House announcement and Q&As on clipper,LangChain MMR,0,21.2333,ng_1331|ng_1724|ng_1371|ng_849|ng_820,ng_1944
789,8,"Re: Title for XTerm Organization: Dept. of Computer Science, TU",LangChain MMR,1,22.5807,ng_474|ng_890|ng_933|ng_1581|ng_654,ng_654
789,9,Re: NUTEK FACES APPLE'S WRATH (article!!!!!!) READ Article-I.D.: rpi.j3g5bwq Org,LangChain MMR,1,31.4812,ng_2323|ng_1194|ng_2296|ng_897|ng_1275,ng_1275
789,10,"Organization: Industrial Research Ltd., New Zealand. NNTP-Posting-Host: grv.grac",LangChain MMR,1,29.1718,ng_271|ng_2267|ng_1827|ng_977|ng_1261,ng_2267
789,11,Re: your opinion of the LaserWriter Select 310? Article-I.D.: usenet.1prg8a$psr,LangChain MMR,0,27.5946,ng_248|ng_953|ng_185|ng_1893|ng_201,ng_908
789,12,Re: Hard drive security for FBI targets Reply-To: pdc@dcs.ed.ac.uk (Paul,LangChain MMR,0,25.8921,ng_687|ng_1911|ng_302|ng_888|ng_1783,ng_2210
789,13,Subject: Dynamic changing of the title bar Organization: Xerox X-Newsreader:,LangChain MMR,1,24.7299,ng_1628|ng_73|ng_196|ng_1705|ng_654,ng_1628
789,14,"Quadra 700 memory upgrade Organization: Univ. of Strathclyde, Glasgow, UK",LangChain MMR,1,23.3974,ng_44|ng_281|ng_2309|ng_1880|ng_2282,ng_44
789,15,Re: HV diodes Reply-To: dtmedin@catbyte.b30.ingr.com Organization: Intergraph Co,LangChain MMR,0,29.7179,ng_541|ng_917|ng_870|ng_276|ng_2265,ng_796
789,16,Re: Forcing a window manager to accept specific coordinates for,LangChain MMR,0,20.7305,ng_1099|ng_1428|ng_996|ng_1039|ng_414,ng_847
789,17,MICROPHONE PRE-AMP/LOW NOISE/PHANTOM POWERED Nntp-Posting-Host: liu.cns.nyu.edu ,LangChain MMR,1,35.0067,ng_1067|ng_1228|ng_1954|ng_1892|ng_1057,ng_1067
789,18,Re: An Open Letter to Mr. Clinton Organization: Totally Unorganized,LangChain MMR,0,22.5321,ng_1331|ng_1629|ng_1332|ng_635|ng_628,ng_1334
789,19,How do I find my AppContext? Organization: San Diego State,LangChain MMR,1,21.5579,ng_972|ng_403|ng_98|ng_2057|ng_1339,ng_972
789,20,"Re: Would ""clipper"" make a good cover for other encryption",LangChain MMR,1,21.5963,ng_900|ng_1347|ng_1706|ng_1623|ng_792,ng_900
789,21,Re: CD300 & 300i Nntp-Posting-Host: christian.informatik.uni-ulm.de Organization,LangChain MMR,0,32.9154,ng_255|ng_447|ng_864|ng_1144|ng_690,ng_1741
789,22,An Open Letter to Mr. Clinton Nntp-Posting-Host: dolores.lance.colostate.edu Org,LangChain MMR,0,28.3343,ng_361|ng_255|ng_384|ng_1560|ng_1969,ng_258
789,23,Re: Need to find out number to a phone line,LangChain MMR,0,21.7389,ng_154|ng_651|ng_1172|ng_935|ng_1126,ng_1591
789,24,"Subject: Re: REPOST: Accelerators/Translations Keywords: Accelerator, case Organ",LangChain MMR,0,25.8602,ng_1883|ng_834|ng_1379|ng_1290|ng_2254,ng_1505
789,25,Re: Forcing a window manager to accept specific coordinates for,LangChain MMR,0,20.7822,ng_1099|ng_1428|ng_996|ng_1039|ng_414,ng_1538
789,26,Re: How to detect use of an illegal cipher? Organization:,LangChain MMR,0,21.2171,ng_950|ng_1932|ng_1300|ng_2311|ng_1660,ng_304
789,27,Subject: X for PC Organization: Youngstown State/Youngstown Free-Net Lines: 18,LangChain MMR,0,25.1664,ng_1829|ng_2074|ng_1094|ng_672|ng_2079,ng_545
789,28,Trade Mac SE system for Color Mac??? Article-I.D.: wixer.1993Apr16.181557.11264 ,LangChain MMR,1,30.5863,ng_222|ng_439|ng_2330|ng_572|ng_2323,ng_222
789,29,Re: Fifth Amendment and Passwords Organization: Little to None Lines:,LangChain MMR,0,23.6337,ng_1408|ng_258|ng_1553|wf20_d1_chunk_0|ng_1313,ng_812
789,30,"Re: Pgp, PEM, and RFC's (Was: Cryptography Patents) Organization: Oce",LangChain MMR,0,40.9309,ng_1433|ng_849|ng_1998|ng_365|ng_660,ng_109
789,31,Subject: Re: Drawing Lines (inverse/xor) In-Reply-To: singg@alf.uib.no's message,LangChain MMR,1,29.3689,ng_2020|ng_1648|ng_943|ng_767|ng_1163,ng_2020
789,32,Re: Accelerating the MacPlus...;) Nntp-Posting-Host: michigan.aero.org Organizat,LangChain MMR,0,28.0231,ng_1269|ng_676|ng_989|ng_1212|ng_218,ng_1977
789,33,"Re: Organized Lobbying for Cryptography Organization: Test Systems Strategies, I",LangChain MMR,0,21.7123,ng_38|ng_302|ng_1489|ng_660|ng_2212,ng_657
789,34,Re: Clipper Chip and crypto key-escrow Organization: Memex Information Systems,LangChain MMR,1,23.069,ng_1021|ng_68|ng_308|ng_865|ng_1565,ng_865
789,35,x86 ~= 680x0 ?? (How do they compare?) Organization: FidoNet,LangChain MMR,0,23.5127,ng_173|ng_986|ng_5|ng_622|ng_903,ng_1630
789,36,Some Questions (was: REVISED SUMMARY) Organization: Swiss Federal Institute of,LangChain MMR,0,24.8144,ng_101|ng_2150|ng_2094|ng_1562|ng_2205,ng_2268
789,37,xv -root with vue? (was Re: xloadimage -onroot ...) Article-I.D.:,LangChain MMR,0,33.7147,ng_70|wf20_s2_chunk_0|ng_847|ng_539|ng_1651,ng_1520
789,38,Subject: Re: Telephone Controlled Power Bar Needed Organization: Netcom -,LangChain MMR,0,22.9401,ng_629|ng_409|ng_2027|ng_485|ng_1556,ng_2026
789,39,"Re: Once tapped, your code is no good any more.",LangChain MMR,0,21.416,ng_691|ng_1290|ng_2254|ng_2266|ng_1295,ng_1747
789,40,"LCD (was: Re: Once tapped...) Organization: Management Graphics, Inc. Lines:",LangChain MMR,0,23.9101,ng_1419|ng_2027|ng_1409|ng_1261|ng_1333,ng_917
789,41,spook <rick@ee.uwm.edu> Subject: Alternate *legal* wiretaps. Organization: Just ,LangChain MMR,1,28.7461,ng_920|ng_1560|ng_1589|ng_1249|ng_1170,ng_920
789,42,"grimwood@ccu1.aukuni.ac.nz (Tony Grimwood) Organization: University of Auckland,",LangChain MMR,0,28.2859,ng_1379|ng_2080|ng_283|ng_1477|ng_1267,ng_829
789,43,Re: Circular Motif Widgets In-Reply-To: dev@hollywood.acsc.com's message of 16 A,LangChain MMR,0,26.7226,ng_1852|ng_1829|ng_1807|ng_724|ng_1261,ng_475
789,44,Re: Radio Shack Battery of the Month Club Organization: University,LangChain MMR,1,21.697,ng_1136|ng_1829|ng_1786|ng_2120|ng_2074,ng_1136
789,45,Subject: Re: Forcing a window manager to accept specific coordinates,LangChain MMR,0,22.2208,ng_1099|ng_1428|ng_722|ng_1039|ng_996,ng_552
789,46,Re: Wanted: A to D hardware for a PC Article-I.D.:,LangChain MMR,0,25.5008,ng_231|ng_676|ng_1869|ng_763|ng_1863,ng_675
789,47,Subject: Re: what to do with old 256k SIMMs? Organization:,LangChain MMR,0,21.8814,ng_2113|ng_1799|ng_968|ng_852|ng_711,ng_2011
789,48,"& Pirbhai help... Lines: 12 Hello, Has anyone used the",LangChain MMR,1,23.2109,ng_1888|ng_1184|ng_2180|ng_1157|ng_2233,ng_1184
789,49,"Re: Organized Lobbying for Cryptography Organization: Stratus Computer, Software",LangChain MMR,0,22.81,ng_38|ng_302|ng_1489|ng_660|ng_2212,ng_1560
789,50,Subject: New England Ham - Electronic Fleamarket Dates ** 1,LangChain MMR,1,21.5822,ng_276|ng_700|ng_767|ng_2294|ng_1829,ng_276
789,51,Re: IIci -> Q700 upgrade? Nntp-Posting-Host: daeron.mcrcim.mcgill.edu Organizati,LangChain MMR,1,31.1268,ng_1583|ng_676|wf19_s2_chunk_0|ng_860|ng_1449,ng_1583
789,52,Subject: Re: text of White House announcement and Q&As on,LangChain MMR,0,21.6371,ng_1724|ng_1988|ng_1829|ng_1250|ng_1331,ng_2226
789,53,Re: Macs suck! Buy a PC! Nntp-Posting-Host: molbio.cbs.umn.edu Organization: Uni,LangChain MMR,1,28.9312,ng_2323|ng_61|ng_1464|ng_1424|ng_93,ng_2323
789,54,ext. 8056) Subject: Re: What do Nuclear Site's Cooling Towers,LangChain MMR,0,24.0705,ng_1767|ng_1013|ng_1716|ng_2153|ng_1235,ng_2037
789,55,"Re: Once tapped, your code is no good any more.",LangChain MMR,0,21.801,ng_691|ng_1290|ng_2254|ng_2266|ng_1295,ng_1479
789,56,Organization: The Internet Lines: 5 NNTP-Posting-Host: enterpoop.mit.edu To: XPE,LangChain MMR,1,33.6706,ng_255|ng_1339|ng_1767|ng_1829|ng_2284,ng_255
789,57,xwd segmentation fault Keywords: xwd X11 Organization: JHU/Applied Physics Labor,LangChain MMR,1,25.248,ng_1906|ng_2317|ng_25|ng_1374|ng_802,ng_1906
789,58,Re: I want use DeskJet on System7 Nntp-Posting-Host: bcarh1ee Organization:,LangChain MMR,1,26.1577,ng_674|ng_1969|ng_1958|ng_1598|ng_560,ng_674
789,59,Re: Suggestions on Audio relays ??? Organization: Megatest Corporation Lines:,LangChain MMR,1,22.7788,ng_1853|ng_1415|ng_1747|ng_525|ng_1255,ng_1853
789,60,"4-plane Xterminal (Do I want one?) Keywords: plane, Xterminal Organization:",LangChain MMR,1,26.1459,ng_2262|ng_654|ng_1333|ng_2255|ng_1409,ng_2262
789,61,High level language compilers for uControllers ? Article-I.D.: stellenb.mabbot.3,LangChain MMR,1,30.0051,ng_447|ng_1354|ng_1578|ng_1020|ng_2030,ng_447
789,62,"Subject: Why do I need ""xrdb -m"" when .Xdefaults unchanged?",LangChain MMR,0,24.9102,ng_1573|ng_1731|ng_204|ng_196|ng_389,ng_1266
789,63,Re: Fighting the Clipper Initiative Organization: Express Access Online Communic,LangChain MMR,0,21.5915,ng_772|ng_1379|ng_29|ng_2178|ng_2218,ng_2052
789,64,Subject: Re: Fifth Amendment and Passwords Organization: Brought to you,LangChain MMR,0,20.6176,ng_1408|ng_258|ng_1553|wf20_d1_chunk_0|ng_546,ng_944
789,65,"Re: Once tapped, your code is no good any more.",LangChain MMR,0,21.7329,ng_691|ng_1290|ng_2254|ng_2266|ng_1295,ng_2104
789,66,"Subject: Voltage Multiplier Problem. Organization: Computer Science, Liverpool U",LangChain MMR,1,23.7297,ng_1257|ng_1586|ng_1042|ng_1529|ng_310,ng_1257
789,67,<news> Subject: Re: Xt intrinsics: slow popups Nntp-Posting-Host: tweety Reply-T,LangChain MMR,0,30.643,ng_1806|ng_73|ng_2323|ng_2148|ng_78,ng_1711
789,68,"Subject: Re: Dayton Hamfest Organization: Senior, Electrical and Computer Engine",LangChain MMR,0,23.8067,ng_1616|ng_1499|ng_1379|ng_403|ng_1998,ng_610
789,69,"Keysym database problems Keywords: X, Motif Organization: CATT Centre at",LangChain MMR,1,22.4423,ng_2326|ng_2304|wf02_d3_chunk_0|ng_1917|ng_2228,ng_2326
789,70,R5 table widget causing trouble with XtQueryGeometry Organization: Universitaet ,LangChain MMR,1,33.7078,ng_805|ng_1339|ng_141|ng_1435|ng_2140,ng_805
789,71,Re: Telephone on hook/off hok ok circuit Organization: Megatest Corporation,LangChain MMR,0,31.0915,ng_952|ng_594|ng_2057|ng_444|ng_1872,ng_26
789,72,"Re: Animation with XPutImage()? Organization: Dept. of Computer Science, TU",LangChain MMR,0,23.5089,ng_2111|ng_564|ng_191|ng_887|ng_1286,ng_1352
789,73,Re: x86 ~= 680x0 ?? (How do they compare?) Organization:,LangChain MMR,0,23.8747,ng_2299|ng_1395|ng_44|ng_986|ng_1817,ng_685
789,74,Subject: Laser Writer IINTX upgrade kit Organization: Royal Melbourne Institute,LangChain MMR,1,20.8685,ng_855|ng_219|ng_192|ng_1592|ng_1797,ng_855
789,75,"Subject: Re: Mix GL with X (Xlib,Xt,mwm) Nntp-Posting-Host: 211.2.1.65 Organizat",LangChain MMR,0,32.2137,ng_2181|ng_235|ng_73|ng_1573|ng_490,ng_994
789,76,Subject: Keyboard map for UK type 5 keyboard under X11/R5?,LangChain MMR,1,28.4619,ng_1733|ng_735|ng_1698|ng_1774|ng_35,ng_1733
789,77,Subject: Re: The source of that announcement Organization: NETCOM On-line,LangChain MMR,1,22.9935,ng_2218|ng_1476|ng_619|ng_490|ng_1736,ng_2218
789,78,anybody have patched version of xroach for tvtwm??? Organization: NASA,LangChain MMR,1,24.5974,ng_1620|ng_655|ng_2150|ng_106|ng_435,ng_1620
789,79,A StyleWriter II question Nntp-Posting-Host: miniac.etu.gel.ulaval.ca Organizati,LangChain MMR,0,28.7027,ng_1379|ng_2097|ng_2191|ng_367|ng_1876,ng_510
789,80,"Re: tvtwm & xsetroot, X11R5 and SPARCstation 10 keyboard Organization:",LangChain MMR,0,25.8192,ng_1430|ng_1461|ng_1917|ng_724|ng_1505,ng_2156
789,81,Can you share one monitor w/ 2 cpus? Organization: Case,LangChain MMR,1,21.4173,ng_1919|ng_2259|ng_599|ng_458|ng_1409,ng_1919
789,82,Subject: Can Radio Freq. Be Used To Measure Distance? Organization:,LangChain MMR,1,21.8037,ng_165|ng_1879|ng_2110|ng_971|ng_512,ng_165
789,83,Subject: Re: your opinion of the LaserWriter Select 310? Article-I.D.:,LangChain MMR,1,24.1103,ng_248|ng_662|ng_542|ng_2052|ng_342,ng_248
789,84,"Subject: Re: How do I find my AppContext? Keywords: Context,",LangChain MMR,0,24.1108,ng_972|ng_2286|wf03_s2_chunk_0|ng_577|ng_1117,ng_319
789,85,Re: Help with ultra-long timing Organization: Macquarie University Lines: 39,LangChain MMR,0,21.6941,ng_1938|ng_1261|ng_2022|ng_2111|ng_979,ng_684
789,86,"Subject: Re: HELP INSTALL RAM ON CENTRIS 610 Organization: Sophomore,",LangChain MMR,1,21.7696,ng_958|ng_1213|ng_1084|ng_1596|ng_178,ng_958
789,87,SI clock reports Summary: Request for SI clock poll Keywords:,LangChain MMR,0,20.8839,ng_1869|ng_1207|ng_1240|ng_1489|ng_998,ng_2106
789,88,Re: Fifth Amendment and Passwords Nntp-Posting-Host: bistromath.mitre.org Organi,LangChain MMR,0,27.7659,ng_1408|ng_176|ng_2315|ng_657|ng_1553,ng_1128
789,89,Subject: need ACS tutorial and/or netlist examples Originator: tsp@sp1 Keywords:,LangChain MMR,1,29.3334,ng_1877|ng_1379|ng_1988|ng_1261|ng_2165,ng_1877
789,90,Radar detector DETECTORS? Organization: At UT? That's a joke. Lines:,LangChain MMR,0,24.2503,ng_2153|ng_2204|ng_2110|ng_594|ng_512,ng_2215
789,91,"Ask the ftp address of ""Kerberos Version 5 draft RFC""",LangChain MMR,1,22.4545,ng_235|wf11_s5_chunk_0|wf14_d2_chunk_0|ng_378|ng_590,ng_235
789,92,Re: electronic odometers (was: Used BMW Question ..... ???) Organization:,LangChain MMR,0,25.8263,ng_1516|ng_594|ng_1156|ng_1212|ng_1431,ng_71
789,93,"Dept Info in Austrailia From: MATGBB@LURE.LATROBE.EDU.AU (BYRNES,Graham) Organiz",LangChain MMR,1,29.1325,ng_2080|ng_101|ng_2150|ng_1267|ng_1642,ng_2080
789,94,"""similarity"" too Organization: capriccioso X-Newsreader: TIN [version 1.1 PL6] L",LangChain MMR,1,27.5557,ng_1435|ng_2311|ng_1723|ng_2108|ng_1628,ng_2311
789,95,Re: text of White House announcement and Q&As on clipper,LangChain MMR,1,22.3432,ng_1331|ng_1724|ng_1371|ng_849|ng_820,ng_849
789,96,built in video Article-I.D.: geraldo.1pqt5nINN605 Reply-To: bruceg@ccwf.cc.utexa,LangChain MMR,0,36.5174,ng_1489|ng_203|ng_1807|ng_74|ng_1361,ng_1465
789,97,hand scanners? Organization: Lafayette College Lines: 6 Originator: news@lafcol ,LangChain MMR,1,27.2455,ng_1698|ng_1379|ng_1473|ng_669|ng_594,ng_1698
789,98,"Any recent information on Frescoe? Organization: CenterLine Software, Inc. Lines",LangChain MMR,1,23.5709,ng_2150|wf19_s4_chunk_0|ng_1562|ng_1333|ng_1678,ng_2150
789,99,Re: Cable TVI interference Keywords: catv cable television tvi Organization:,LangChain MMR,1,23.7733,ng_2159|ng_1029|ng_268|ng_1075|ng_1720,ng_2159
789,100,What is the JWT expiry policy for JWT Authentication?,LangChain MMR,0,22.458,wf01_s5_chunk_0|ng_53|ng_500|wf06_d1_chunk_0|ng_373,wf01_s1_chunk_0
789,101,How is JWT expiry implemented using PyJWT+Redis?,LangChain MMR,1,24.1983,wf01_s1_chunk_0|ng_1604|ng_2073|ng_994|wf06_s5_chunk_0,wf01_s1_chunk_0
789,102,Find the backend standard for session token lifetime.,LangChain MMR,0,20.566,wf01_d3_chunk_0|ng_1356|wf06_s3_chunk_0|wf18_s5_chunk_0|wf07_s4_chunk_0,wf01_s1_chunk_0|wf01_s4_chunk_0
789,103,Summarise the technical decision on session token lifetime during JWT Authentica,LangChain MMR,0,22.8025,wf01_d3_chunk_0|ng_1356|wf06_s3_chunk_0|ng_781|ng_2222,wf01_s4_chunk_0
789,104,What is the final JWT expiry rule deployed to production after the sprint overri,LangChain MMR,1,24.2305,wf01_s5_chunk_0|wf09_s3_chunk_0|ng_638|wf15_s5_chunk_0|wf07_s3_chunk_0,wf01_s5_chunk_0
789,105,"Was the temporary 60-minute expiry change kept, or did we revert to the original",LangChain MMR,0,26.1705,wf01_d2_chunk_0|ng_1244|wf16_s2_chunk_0|wf07_d3_chunk_0|wf11_s2_chunk_0,wf01_s3_chunk_0|wf01_s5_chunk_0
789,106,Which document defines 15-minute expiry as the approved JWT expiry setting?,LangChain MMR,0,25.6247,wf01_d1_chunk_0|wf06_d2_chunk_0|ng_1037|wf07_s1_chunk_0|ng_196,wf01_s1_chunk_0
789,107,Confirm the architecture decision that adopted 15-minute expiry for JWT Authenti,LangChain MMR,0,23.7607,wf01_s5_chunk_0|wf07_d3_chunk_0|wf20_s1_chunk_0|ng_373|ng_731,wf01_s1_chunk_0
789,108,What is the primary keys policy for Database Schema?,LangChain MMR,0,21.3224,wf02_d1_chunk_0|ng_678|wf15_d2_chunk_0|ng_1329|wf03_s3_chunk_0,wf02_s1_chunk_0
789,109,How is primary keys implemented using Alembic+PostgreSQL?,LangChain MMR,1,22.3607,wf02_s1_chunk_0|ng_1023|ng_795|ng_1590|ng_946,wf02_s1_chunk_0
789,110,Find the backend standard for row identifier scheme.,LangChain MMR,1,24.6273,wf02_s4_chunk_0|ng_1535|ng_1961|ng_2308|ng_2059,wf02_s1_chunk_0|wf02_s4_chunk_0
789,111,Summarise the technical decision on row identifier scheme during Database Schema,LangChain MMR,1,23.7027,wf02_s4_chunk_0|ng_2275|ng_798|wf19_d2_chunk_0|wf15_d1_chunk_0,wf02_s4_chunk_0
789,112,What is the final primary keys rule deployed to production after the sprint over,LangChain MMR,1,32.6484,wf02_s5_chunk_0|ng_1101|wf18_s3_chunk_0|wf12_s3_chunk_0|ng_637,wf02_s5_chunk_0
789,113,"Was the temporary auto-incrementing integer PKs change kept, or did we revert to",LangChain MMR,1,30.8373,wf02_s3_chunk_0|ng_1221|ng_56|ng_1422|ng_347,wf02_s3_chunk_0|wf02_s5_chunk_0
789,114,Which document defines UUID primary keys as the approved primary keys setting?,LangChain MMR,1,21.5689,wf02_s1_chunk_0|ng_314|wf11_d3_chunk_0|ng_364|ng_1420,wf02_s1_chunk_0
789,115,Confirm the architecture decision that adopted UUID primary keys for Database Sc,LangChain MMR,0,22.5043,wf02_s5_chunk_0|ng_913|wf12_s1_chunk_0|ng_2341|wf15_s2_chunk_0,wf02_s1_chunk_0
789,116,What is the domain boundary policy for Microservice Context?,LangChain MMR,0,27.1888,wf03_d1_chunk_0|wf16_d2_chunk_0|ng_424|ng_912|ng_1624,wf03_s1_chunk_0
789,117,How is domain boundary implemented using gRPC+Protobuf?,LangChain MMR,1,23.0325,wf03_s1_chunk_0|ng_1442|ng_172|ng_1275|ng_2190,wf03_s1_chunk_0
789,118,Find the architecture standard for inter-service coupling.,LangChain MMR,0,19.6394,wf03_d3_chunk_0|ng_1395|ng_781|wf12_s1_chunk_0|ng_669,wf03_s1_chunk_0|wf03_s4_chunk_0
789,119,Summarise the technical decision on inter-service coupling during Microservice C,LangChain MMR,0,23.6383,wf03_d3_chunk_0|ng_1168|ng_1837|ng_669|ng_2172,wf03_s4_chunk_0
789,120,What is the final domain boundary rule deployed to production after the sprint o,LangChain MMR,1,21.7652,wf03_s5_chunk_0|wf16_s3_chunk_0|wf09_s3_chunk_0|wf15_d1_chunk_0|wf17_s3_chunk_0,wf03_s5_chunk_0
789,121,"Was the temporary shared database schema change kept, or did we revert to the or",LangChain MMR,1,24.891,wf03_s3_chunk_0|ng_1213|wf19_s1_chunk_0|wf15_d2_chunk_0|wf07_s5_chunk_0,wf03_s3_chunk_0|wf03_s5_chunk_0
789,122,Which document defines strict domain boundary as the approved domain boundary se,LangChain MMR,0,20.7315,wf03_s5_chunk_0|ng_1073|ng_24|wf16_d2_chunk_0|wf11_d1_chunk_0,wf03_s1_chunk_0
789,123,Confirm the architecture decision that adopted strict domain boundary for Micros,LangChain MMR,0,21.7926,wf03_s5_chunk_0|wf08_s1_chunk_0|ng_882|ng_2296|wf15_d1_chunk_0,wf03_s1_chunk_0
789,124,What is the PR approvals policy for CI/CD Pipeline?,LangChain MMR,0,21.1441,wf04_d2_chunk_0|ng_101|ng_52|wf16_s5_chunk_0|ng_1969,wf04_s1_chunk_0
789,125,How is PR approvals implemented using GitHub Actions?,LangChain MMR,1,21.788,wf04_s1_chunk_0|ng_532|ng_97|ng_1339|ng_628,wf04_s1_chunk_0
789,126,Find the devops standard for merge gate policy.,LangChain MMR,1,20.1979,wf04_s4_chunk_0|wf16_d2_chunk_0|ng_2341|wf03_s5_chunk_0|ng_2336,wf04_s1_chunk_0|wf04_s4_chunk_0
789,127,Summarise the technical decision on merge gate policy during CI/CD Pipeline desi,LangChain MMR,0,23.6255,wf04_d3_chunk_0|ng_1846|ng_722|ng_122|ng_1659,wf04_s4_chunk_0
789,128,What is the final PR approvals rule deployed to production after the sprint over,LangChain MMR,1,22.9105,wf04_s5_chunk_0|wf05_s3_chunk_0|wf16_d2_chunk_0|wf08_s5_chunk_0|wf06_s5_chunk_0,wf04_s5_chunk_0
789,129,"Was the temporary admin bypass override change kept, or did we revert to the ori",LangChain MMR,1,26.5802,wf04_s3_chunk_0|ng_1213|wf01_s2_chunk_0|ng_1193|wf15_s4_chunk_0,wf04_s3_chunk_0|wf04_s5_chunk_0
789,130,Which document defines require 2 PR approvals as the approved PR approvals setti,LangChain MMR,0,23.816,wf04_d2_chunk_0|ng_1034|wf02_d1_chunk_0|ng_1595|wf11_d3_chunk_0,wf04_s1_chunk_0
789,131,Confirm the architecture decision that adopted require 2 PR approvals for CI/CD ,LangChain MMR,1,23.8687,wf04_s1_chunk_0|wf17_s5_chunk_0|ng_871|wf09_s2_chunk_0|wf19_d3_chunk_0,wf04_s1_chunk_0
789,132,What is the trace sampling policy for Observability Stack?,LangChain MMR,0,22.0737,wf05_d2_chunk_0|wf16_d1_chunk_0|ng_1861|wf17_s5_chunk_0|wf12_s1_chunk_0,wf05_s1_chunk_0
789,133,How is trace sampling implemented using OpenTelemetry?,LangChain MMR,1,21.3385,wf05_s1_chunk_0|ng_261|ng_2332|ng_1879|ng_1941,wf05_s1_chunk_0
789,134,Find the devops standard for telemetry capture rate.,LangChain MMR,1,21.3835,wf05_s4_chunk_0|ng_300|ng_757|wf06_s1_chunk_0|ng_469,wf05_s1_chunk_0|wf05_s4_chunk_0
789,135,Summarise the technical decision on telemetry capture rate during Observability ,LangChain MMR,0,24.0175,wf05_s1_chunk_0|ng_191|ng_1984|ng_1020|ng_2040,wf05_s4_chunk_0
789,136,What is the final trace sampling rule deployed to production after the sprint ov,LangChain MMR,0,22.0351,wf05_s3_chunk_0|wf04_s5_chunk_0|wf09_d2_chunk_0|ng_1861|wf06_d1_chunk_0,wf05_s5_chunk_0
789,137,"Was the temporary 100% full trace sampling change kept, or did we revert to the ",LangChain MMR,0,27.034,wf05_d2_chunk_0|ng_1070|ng_1599|ng_728|ng_1861,wf05_s3_chunk_0|wf05_s5_chunk_0
789,138,Which document defines 10% trace sampling as the approved trace sampling setting,LangChain MMR,0,22.5798,wf05_d2_chunk_0|wf04_d1_chunk_0|ng_111|ng_1480|ng_1060,wf05_s1_chunk_0
789,139,Confirm the architecture decision that adopted 10% trace sampling for Observabil,LangChain MMR,1,23.9527,wf05_s1_chunk_0|wf17_s5_chunk_0|ng_1848|ng_257|wf20_s2_chunk_0,wf05_s1_chunk_0
789,140,What is the rate limit policy for API Gateway Rate Limiting?,LangChain MMR,0,21.7058,wf06_d2_chunk_0|wf16_d1_chunk_0|ng_2087|wf01_s5_chunk_0|ng_1420,wf06_s1_chunk_0
789,141,How is rate limit implemented using nginx+Lua?,LangChain MMR,1,21.1005,wf06_s1_chunk_0|ng_1056|ng_570|ng_2087|wf16_d1_chunk_0,wf06_s1_chunk_0
789,142,Find the backend standard for inbound request throttle.,LangChain MMR,1,20.715,wf06_s4_chunk_0|wf17_s5_chunk_0|ng_235|ng_321|ng_143,wf06_s1_chunk_0|wf06_s4_chunk_0
789,143,Summarise the technical decision on inbound request throttle during API Gateway ,LangChain MMR,1,24.1919,wf06_s4_chunk_0|ng_781|ng_321|ng_1290|wf05_s5_chunk_0,wf06_s4_chunk_0
789,144,What is the final rate limit rule deployed to production after the sprint overri,LangChain MMR,0,23.4929,wf06_s3_chunk_0|wf09_s5_chunk_0|ng_534|wf16_d1_chunk_0|wf12_s3_chunk_0,wf06_s5_chunk_0
789,145,"Was the temporary unlimited bursting change kept, or did we revert to the origin",LangChain MMR,1,25.1561,wf06_s3_chunk_0|ng_1806|ng_321|wf17_s5_chunk_0|wf18_d1_chunk_0,wf06_s3_chunk_0|wf06_s5_chunk_0
789,146,Which document defines 100 RPM rate limit as the approved rate limit setting?,LangChain MMR,0,21.3155,wf06_d2_chunk_0|wf04_d1_chunk_0|ng_1081|ng_324|ng_22,wf06_s1_chunk_0
789,147,Confirm the architecture decision that adopted 100 RPM rate limit for API Gatewa,LangChain MMR,0,22.5942,wf06_d3_chunk_0|wf17_d2_chunk_0|ng_1483|wf11_s3_chunk_0|wf05_s1_chunk_0,wf06_s1_chunk_0
789,148,What is the cache TTL policy for Distributed Caching?,LangChain MMR,0,21.2297,wf07_d2_chunk_0|ng_155|wf17_s1_chunk_0|ng_1138|wf18_s4_chunk_0,wf07_s1_chunk_0
789,149,How is cache TTL implemented using redis-py?,LangChain MMR,1,21.2229,wf07_s1_chunk_0|ng_1937|ng_112|ng_2250|wf12_s3_chunk_0,wf07_s1_chunk_0
789,0,"Using message passing with XtAddInput Organization: 3M Company, 3M Center,",LlamaIndex,1,27.1306,ng_2190,ng_2190
789,1,"Subject: Re: SE Serial Port Speed???? Organization: Sophomore, Mechanical Engine",LlamaIndex,0,22.6372,,ng_1054
789,2,"Re: Q800 Video RAM Questions Distribution: na Organization: Apple Computer,",LlamaIndex,1,20.9359,ng_76|ng_968|ng_2194|ng_438|ng_978,ng_76
789,3,Subject: Re: More technical details Organization: Partnership for an America,LlamaIndex,0,19.696,,ng_2281
789,4,Re: text of White House announcement and Q&As on clipper,LlamaIndex,0,20.3492,ng_1331|ng_277|ng_1449|ng_1347|ng_820,ng_146
789,5,Re: A question about 120VAC outlet wiring.. Keywords: outlet Article-I.D.:,LlamaIndex,1,25.7596,ng_1750|ng_536|ng_749|ng_659|ng_263,ng_536
789,6,"Subject: SE rom Keywords: roms, grayscale, select 300 Organization: NETCOM",LlamaIndex,1,22.7825,ng_741,ng_741
789,7,Re: text of White House announcement and Q&As on clipper,LlamaIndex,0,21.1933,ng_1331|ng_277|ng_1449|ng_1347|ng_820,ng_1944
789,8,"Re: Title for XTerm Organization: Dept. of Computer Science, TU",LlamaIndex,1,25.2881,ng_474|ng_1012|ng_654|ng_1264|ng_943,ng_654
789,9,Re: NUTEK FACES APPLE'S WRATH (article!!!!!!) READ Article-I.D.: rpi.j3g5bwq Org,LlamaIndex,0,31.4096,,ng_1275
789,10,"Organization: Industrial Research Ltd., New Zealand. NNTP-Posting-Host: grv.grac",LlamaIndex,0,27.8376,ng_271|ng_690,ng_2267
789,11,Re: your opinion of the LaserWriter Select 310? Article-I.D.: usenet.1prg8a$psr,LlamaIndex,1,26.8384,ng_248|ng_908|ng_52|ng_1598|ng_1910,ng_908
789,12,Re: Hard drive security for FBI targets Reply-To: pdc@dcs.ed.ac.uk (Paul,LlamaIndex,0,24.5665,ng_687|ng_471|ng_598|ng_1524|ng_1313,ng_2210
789,13,Subject: Dynamic changing of the title bar Organization: Xerox X-Newsreader:,LlamaIndex,1,22.279,ng_1628,ng_1628
789,14,"Quadra 700 memory upgrade Organization: Univ. of Strathclyde, Glasgow, UK",LlamaIndex,1,21.8289,ng_44|ng_2293|ng_2351|ng_2049|ng_1583,ng_44
789,15,Re: HV diodes Reply-To: dtmedin@catbyte.b30.ingr.com Organization: Intergraph Co,LlamaIndex,0,31.0198,,ng_796
789,16,Re: Forcing a window manager to accept specific coordinates for,LlamaIndex,1,32.2998,ng_1099|ng_1538|ng_847|ng_1197|ng_704,ng_847
789,17,MICROPHONE PRE-AMP/LOW NOISE/PHANTOM POWERED Nntp-Posting-Host: liu.cns.nyu.edu ,LlamaIndex,1,34.0239,ng_1067|ng_1447|ng_512,ng_1067
789,18,Re: An Open Letter to Mr. Clinton Organization: Totally Unorganized,LlamaIndex,0,21.4472,ng_1331|ng_258|ng_361,ng_1334
789,19,How do I find my AppContext? Organization: San Diego State,LlamaIndex,1,19.9332,ng_972,ng_972
789,20,"Re: Would ""clipper"" make a good cover for other encryption",LlamaIndex,1,19.779,ng_900|ng_1808|ng_19|ng_329|ng_102,ng_900
789,21,Re: CD300 & 300i Nntp-Posting-Host: christian.informatik.uni-ulm.de Organization,LlamaIndex,0,28.7593,ng_255|ng_676|ng_1143|ng_1379|ng_1969,ng_1741
789,22,An Open Letter to Mr. Clinton Nntp-Posting-Host: dolores.lance.colostate.edu Org,LlamaIndex,1,29.2398,ng_361|ng_283|ng_258|ng_1035|ng_1969,ng_258
789,23,Re: Need to find out number to a phone line,LlamaIndex,1,21.0572,ng_154|ng_2065|ng_1591|ng_577|ng_181,ng_1591
789,24,"Subject: Re: REPOST: Accelerators/Translations Keywords: Accelerator, case Organ",LlamaIndex,0,25.0293,ng_1883,ng_1505
789,25,Re: Forcing a window manager to accept specific coordinates for,LlamaIndex,1,19.1679,ng_1099|ng_1538|ng_847|ng_1197|ng_704,ng_1538
789,26,Re: How to detect use of an illegal cipher? Organization:,LlamaIndex,1,19.6526,ng_950|ng_1073|ng_304|ng_1660|ng_742,ng_304
789,27,Subject: X for PC Organization: Youngstown State/Youngstown Free-Net Lines: 18,LlamaIndex,0,22.4027,ng_1829,ng_545
789,28,Trade Mac SE system for Color Mac??? Article-I.D.: wixer.1993Apr16.181557.11264 ,LlamaIndex,1,28.2733,ng_222|ng_481|ng_1726|ng_566|ng_1011,ng_222
789,29,Re: Fifth Amendment and Passwords Organization: Little to None Lines:,LlamaIndex,1,21.461,ng_1408|ng_812|ng_153|ng_1366|ng_2147,ng_812
789,30,"Re: Pgp, PEM, and RFC's (Was: Cryptography Patents) Organization: Oce",LlamaIndex,1,24.2125,ng_1433|ng_1998|ng_38|ng_109|ng_736,ng_109
789,31,Subject: Re: Drawing Lines (inverse/xor) In-Reply-To: singg@alf.uib.no's message,LlamaIndex,1,28.1704,ng_2020|ng_2056,ng_2020
789,32,Re: Accelerating the MacPlus...;) Nntp-Posting-Host: michigan.aero.org Organizat,LlamaIndex,1,28.2654,ng_1269|ng_1969|ng_2323|ng_1977|ng_2278,ng_1977
789,33,"Re: Organized Lobbying for Cryptography Organization: Test Systems Strategies, I",LlamaIndex,0,21.153,ng_38|ng_1073|ng_1998|ng_1718|ng_1123,ng_657
789,34,Re: Clipper Chip and crypto key-escrow Organization: Memex Information Systems,LlamaIndex,0,22.1717,ng_1021|ng_21|ng_122|ng_1771|ng_509,ng_865
789,35,x86 ~= 680x0 ?? (How do they compare?) Organization: FidoNet,LlamaIndex,1,24.995,ng_173|ng_2299|ng_1081|ng_1630|ng_1645,ng_1630
789,36,Some Questions (was: REVISED SUMMARY) Organization: Swiss Federal Institute of,LlamaIndex,0,20.8328,,ng_2268
789,37,xv -root with vue? (was Re: xloadimage -onroot ...) Article-I.D.:,LlamaIndex,1,26.6614,ng_70|ng_1520|ng_1620,ng_1520
789,38,Subject: Re: Telephone Controlled Power Bar Needed Organization: Netcom -,LlamaIndex,1,19.7818,ng_629|ng_2026|ng_2027,ng_2026
789,39,"Re: Once tapped, your code is no good any more.",LlamaIndex,0,19.3097,,ng_1747
789,40,"LCD (was: Re: Once tapped...) Organization: Management Graphics, Inc. Lines:",LlamaIndex,0,22.5814,ng_1419|ng_1738,ng_917
789,41,spook <rick@ee.uwm.edu> Subject: Alternate *legal* wiretaps. Organization: Just ,LlamaIndex,1,29.7872,ng_920|ng_1815|ng_2332|ng_1717|ng_691,ng_920
789,42,"grimwood@ccu1.aukuni.ac.nz (Tony Grimwood) Organization: University of Auckland,",LlamaIndex,0,27.4764,ng_1379|ng_1843|ng_2080,ng_829
789,43,Re: Circular Motif Widgets In-Reply-To: dev@hollywood.acsc.com's message of 16 A,LlamaIndex,0,24.7686,ng_1852|ng_130|ng_2255|ng_1968|ng_2191,ng_475
789,44,Re: Radio Shack Battery of the Month Club Organization: University,LlamaIndex,1,19.6103,ng_1136,ng_1136
789,45,Subject: Re: Forcing a window manager to accept specific coordinates,LlamaIndex,0,20.3184,ng_1099|ng_1538|ng_847|ng_1197|ng_704,ng_552
789,46,Re: Wanted: A to D hardware for a PC Article-I.D.:,LlamaIndex,0,22.724,,ng_675
789,47,Subject: Re: what to do with old 256k SIMMs? Organization:,LlamaIndex,0,21.0065,ng_2113|ng_1417|ng_747|ng_1068|ng_616,ng_2011
789,48,"& Pirbhai help... Lines: 12 Hello, Has anyone used the",LlamaIndex,0,21.2893,,ng_1184
789,49,"Re: Organized Lobbying for Cryptography Organization: Stratus Computer, Software",LlamaIndex,0,23.3183,ng_38|ng_1718|ng_1998|ng_660|ng_1073,ng_1560
789,50,Subject: New England Ham - Electronic Fleamarket Dates ** 1,LlamaIndex,1,19.8683,ng_276,ng_276
789,51,Re: IIci -> Q700 upgrade? Nntp-Posting-Host: daeron.mcrcim.mcgill.edu Organizati,LlamaIndex,1,27.5193,ng_1583|ng_2282|ng_1567|ng_2340,ng_1583
789,52,Subject: Re: text of White House announcement and Q&As on,LlamaIndex,0,19.549,ng_1724|ng_1449|ng_1124,ng_2226
789,53,Re: Macs suck! Buy a PC! Nntp-Posting-Host: molbio.cbs.umn.edu Organization: Uni,LlamaIndex,1,26.8404,ng_2323|ng_177|ng_2329|ng_1268|ng_465,ng_2323
789,54,ext. 8056) Subject: Re: What do Nuclear Site's Cooling Towers,LlamaIndex,0,21.5182,ng_1767|ng_2032|ng_1728|ng_12|ng_526,ng_2037
789,55,"Re: Once tapped, your code is no good any more.",LlamaIndex,0,20.3582,,ng_1479
789,56,Organization: The Internet Lines: 5 NNTP-Posting-Host: enterpoop.mit.edu To: XPE,LlamaIndex,1,31.6425,ng_255|ng_1379|ng_1143|ng_235|ng_676,ng_255
789,57,xwd segmentation fault Keywords: xwd X11 Organization: JHU/Applied Physics Labor,LlamaIndex,1,24.3865,ng_1906|ng_1655|ng_356|ng_1368|ng_1000,ng_1906
789,58,Re: I want use DeskJet on System7 Nntp-Posting-Host: bcarh1ee Organization:,LlamaIndex,1,30.6807,ng_674|ng_787,ng_674
789,59,Re: Suggestions on Audio relays ??? Organization: Megatest Corporation Lines:,LlamaIndex,1,34.0208,ng_1853|ng_1305|ng_2203|ng_2162|ng_1341,ng_1853
789,60,"4-plane Xterminal (Do I want one?) Keywords: plane, Xterminal Organization:",LlamaIndex,1,25.6372,ng_2262,ng_2262
789,61,High level language compilers for uControllers ? Article-I.D.: stellenb.mabbot.3,LlamaIndex,1,26.1172,ng_447|ng_1047|ng_451,ng_447
789,62,"Subject: Why do I need ""xrdb -m"" when .Xdefaults unchanged?",LlamaIndex,1,22.3372,ng_1573|ng_1266|ng_2156|ng_1430|ng_1895,ng_1266
789,63,Re: Fighting the Clipper Initiative Organization: Express Access Online Communic,LlamaIndex,0,19.565,ng_772|ng_726|ng_2212|ng_2061|ng_906,ng_2052
789,64,Subject: Re: Fifth Amendment and Passwords Organization: Brought to you,LlamaIndex,0,22.3765,ng_1408|ng_812|ng_153|ng_1366|ng_2147,ng_944
789,65,"Re: Once tapped, your code is no good any more.",LlamaIndex,0,20.6786,,ng_2104
789,66,"Subject: Voltage Multiplier Problem. Organization: Computer Science, Liverpool U",LlamaIndex,1,22.366,ng_1257,ng_1257
789,67,<news> Subject: Re: Xt intrinsics: slow popups Nntp-Posting-Host: tweety Reply-T,LlamaIndex,1,26.7499,ng_1806|ng_1711|ng_1044|ng_2348|ng_1179,ng_1711
789,68,"Subject: Re: Dayton Hamfest Organization: Senior, Electrical and Computer Engine",LlamaIndex,1,21.166,ng_1616|ng_610|ng_2074,ng_610
789,69,"Keysym database problems Keywords: X, Motif Organization: CATT Centre at",LlamaIndex,1,21.7797,ng_2326|ng_1505,ng_2326
789,70,R5 table widget causing trouble with XtQueryGeometry Organization: Universitaet ,LlamaIndex,1,24.5371,ng_805|ng_32,ng_805
789,71,Re: Telephone on hook/off hok ok circuit Organization: Megatest Corporation,LlamaIndex,1,21.5672,ng_952|ng_2249|ng_2139|ng_26|ng_181,ng_26
789,72,"Re: Animation with XPutImage()? Organization: Dept. of Computer Science, TU",LlamaIndex,1,22.0499,ng_2111|ng_817|ng_1352|ng_2202|ng_1108,ng_1352
789,73,Re: x86 ~= 680x0 ?? (How do they compare?) Organization:,LlamaIndex,0,24.1072,ng_2299|ng_173|ng_1081|ng_1645|ng_2168,ng_685
789,74,Subject: Laser Writer IINTX upgrade kit Organization: Royal Melbourne Institute,LlamaIndex,1,20.6426,ng_855|ng_1863|ng_52|ng_1910|ng_908,ng_855
789,75,"Subject: Re: Mix GL with X (Xlib,Xt,mwm) Nntp-Posting-Host: 211.2.1.65 Organizat",LlamaIndex,1,31.703,ng_2181|ng_863|ng_1200|ng_648|ng_994,ng_994
789,76,Subject: Keyboard map for UK type 5 keyboard under X11/R5?,LlamaIndex,1,22.2106,ng_1733|ng_106|ng_1576|ng_1340|ng_1826,ng_1733
789,77,Subject: Re: The source of that announcement Organization: NETCOM On-line,LlamaIndex,1,21.384,ng_2218|ng_690|ng_2027|ng_1829|ng_757,ng_2218
789,78,anybody have patched version of xroach for tvtwm??? Organization: NASA,LlamaIndex,1,23.0296,ng_1620|ng_1807|ng_439|ng_1430|ng_2156,ng_1620
789,79,A StyleWriter II question Nntp-Posting-Host: miniac.etu.gel.ulaval.ca Organizati,LlamaIndex,0,28.3774,,ng_510
789,80,"Re: tvtwm & xsetroot, X11R5 and SPARCstation 10 keyboard Organization:",LlamaIndex,1,25.8128,ng_1430|ng_2156|ng_1576|ng_1826|ng_106,ng_2156
789,81,Can you share one monitor w/ 2 cpus? Organization: Case,LlamaIndex,1,22.3917,ng_1919|ng_1513|ng_738,ng_1919
789,82,Subject: Can Radio Freq. Be Used To Measure Distance? Organization:,LlamaIndex,1,21.5558,ng_165|ng_2107,ng_165
789,83,Subject: Re: your opinion of the LaserWriter Select 310? Article-I.D.:,LlamaIndex,1,22.8442,ng_248|ng_52|ng_908|ng_1910|ng_1598,ng_248
789,84,"Subject: Re: How do I find my AppContext? Keywords: Context,",LlamaIndex,1,22.4735,ng_972|ng_319|ng_1699|ng_1858|ng_2187,ng_319
789,85,Re: Help with ultra-long timing Organization: Macquarie University Lines: 39,LlamaIndex,1,20.0865,ng_1938|ng_2197|ng_1493|ng_684,ng_684
789,86,"Subject: Re: HELP INSTALL RAM ON CENTRIS 610 Organization: Sophomore,",LlamaIndex,1,20.4794,ng_958|ng_562|ng_326|ng_149|ng_2309,ng_958
789,87,SI clock reports Summary: Request for SI clock poll Keywords:,LlamaIndex,1,22.0605,ng_1869|ng_505|ng_2106|ng_1058|ng_1081,ng_2106
789,88,Re: Fifth Amendment and Passwords Nntp-Posting-Host: bistromath.mitre.org Organi,LlamaIndex,1,27.097,ng_1408|ng_1128|ng_944|ng_153|ng_1297,ng_1128
789,89,Subject: need ACS tutorial and/or netlist examples Originator: tsp@sp1 Keywords:,LlamaIndex,1,25.2151,ng_1877,ng_1877
789,90,Radar detector DETECTORS? Organization: At UT? That's a joke. Lines:,LlamaIndex,1,22.4124,ng_2153|ng_2215|ng_1688|ng_406|ng_2273,ng_2215
789,91,"Ask the ftp address of ""Kerberos Version 5 draft RFC""",LlamaIndex,1,25.1061,ng_235,ng_235
789,92,Re: electronic odometers (was: Used BMW Question ..... ???) Organization:,LlamaIndex,1,26.3586,ng_1516|ng_1292|ng_324|ng_694|ng_71,ng_71
789,93,"Dept Info in Austrailia From: MATGBB@LURE.LATROBE.EDU.AU (BYRNES,Graham) Organiz",LlamaIndex,1,29.7836,ng_2080|ng_1843|ng_1277,ng_2080
789,94,"""similarity"" too Organization: capriccioso X-Newsreader: TIN [version 1.1 PL6] L",LlamaIndex,0,25.7907,ng_1435|ng_1888,ng_2311
789,95,Re: text of White House announcement and Q&As on clipper,LlamaIndex,0,20.6915,ng_1331|ng_277|ng_1449|ng_1347|ng_820,ng_849
789,96,built in video Article-I.D.: geraldo.1pqt5nINN605 Reply-To: bruceg@ccwf.cc.utexa,LlamaIndex,0,34.7019,ng_1489,ng_1465
789,97,hand scanners? Organization: Lafayette College Lines: 6 Originator: news@lafcol ,LlamaIndex,1,25.6174,ng_1698|ng_28|ng_298|ng_2094,ng_1698
789,98,"Any recent information on Frescoe? Organization: CenterLine Software, Inc. Lines",LlamaIndex,1,21.764,ng_2150|ng_819,ng_2150
789,99,Re: Cable TVI interference Keywords: catv cable television tvi Organization:,LlamaIndex,1,27.3505,ng_2159|ng_454|ng_1224|ng_2009|ng_1942,ng_2159
789,100,What is the JWT expiry policy for JWT Authentication?,LlamaIndex,1,21.461,wf01_s5_chunk_0|wf01_s1_chunk_0|wf01_d1_chunk_0|wf01_d2_chunk_0|wf01_d3_chunk_0,wf01_s1_chunk_0
789,101,How is JWT expiry implemented using PyJWT+Redis?,LlamaIndex,1,20.8795,wf01_s1_chunk_0|wf01_s3_chunk_0|wf01_s4_chunk_0|wf01_d2_chunk_0|wf01_s5_chunk_0,wf01_s1_chunk_0
789,102,Find the backend standard for session token lifetime.,LlamaIndex,1,26.4545,wf01_d3_chunk_0|wf01_d2_chunk_0|wf01_s1_chunk_0|wf01_s5_chunk_0,wf01_s1_chunk_0|wf01_s4_chunk_0
789,103,Summarise the technical decision on session token lifetime during JWT Authentica,LlamaIndex,0,27.4944,wf01_d3_chunk_0|wf01_d2_chunk_0|wf01_s5_chunk_0|wf01_d1_chunk_0|wf01_s1_chunk_0,wf01_s4_chunk_0
789,104,What is the final JWT expiry rule deployed to production after the sprint overri,LlamaIndex,1,22.4984,wf01_s5_chunk_0|wf01_s3_chunk_0|wf01_s1_chunk_0|wf01_d1_chunk_0|wf01_d2_chunk_0,wf01_s5_chunk_0
789,105,"Was the temporary 60-minute expiry change kept, or did we revert to the original",LlamaIndex,1,24.4193,wf01_d2_chunk_0|wf01_d3_chunk_0|wf01_d1_chunk_0|wf01_s5_chunk_0|wf01_s3_chunk_0,wf01_s3_chunk_0|wf01_s5_chunk_0
789,106,Which document defines 15-minute expiry as the approved JWT expiry setting?,LlamaIndex,1,25.5278,wf01_d1_chunk_0|wf01_s5_chunk_0|wf01_d2_chunk_0|wf01_s1_chunk_0|wf01_s3_chunk_0,wf01_s1_chunk_0
789,107,Confirm the architecture decision that adopted 15-minute expiry for JWT Authenti,LlamaIndex,1,21.7193,wf01_s5_chunk_0|wf01_d1_chunk_0|wf01_s1_chunk_0|wf01_d2_chunk_0|wf01_d3_chunk_0,wf01_s1_chunk_0
789,108,What is the primary keys policy for Database Schema?,LlamaIndex,1,19.4232,wf02_d1_chunk_0|wf02_d2_chunk_0|wf02_s5_chunk_0|wf02_s1_chunk_0|wf02_d3_chunk_0,wf02_s1_chunk_0
789,109,How is primary keys implemented using Alembic+PostgreSQL?,LlamaIndex,1,20.8747,wf02_s1_chunk_0|wf02_d2_chunk_0|wf02_d1_chunk_0|wf02_s3_chunk_0|wf02_s4_chunk_0,wf02_s1_chunk_0
789,110,Find the backend standard for row identifier scheme.,LlamaIndex,1,19.7575,wf02_s4_chunk_0,wf02_s1_chunk_0|wf02_s4_chunk_0
789,111,Summarise the technical decision on row identifier scheme during Database Schema,LlamaIndex,1,22.4589,wf02_s4_chunk_0|wf02_d3_chunk_0|wf02_d1_chunk_0|wf02_s1_chunk_0,wf02_s4_chunk_0
789,112,What is the final primary keys rule deployed to production after the sprint over,LlamaIndex,1,21.3012,wf02_s5_chunk_0|wf02_d1_chunk_0|wf02_d2_chunk_0,wf02_s5_chunk_0
789,113,"Was the temporary auto-incrementing integer PKs change kept, or did we revert to",LlamaIndex,1,25.5466,wf02_s3_chunk_0,wf02_s3_chunk_0|wf02_s5_chunk_0
789,114,Which document defines UUID primary keys as the approved primary keys setting?,LlamaIndex,1,19.3388,wf02_s1_chunk_0|wf02_s5_chunk_0|wf02_d2_chunk_0|wf02_d1_chunk_0|wf02_d3_chunk_0,wf02_s1_chunk_0
789,115,Confirm the architecture decision that adopted UUID primary keys for Database Sc,LlamaIndex,1,20.0422,wf02_s5_chunk_0|wf02_s1_chunk_0|wf02_d3_chunk_0|wf02_d2_chunk_0|wf02_d1_chunk_0,wf02_s1_chunk_0
789,116,What is the domain boundary policy for Microservice Context?,LlamaIndex,1,19.5232,wf03_d1_chunk_0|wf03_s5_chunk_0|wf03_s1_chunk_0|wf03_d2_chunk_0|wf03_d3_chunk_0,wf03_s1_chunk_0
789,117,How is domain boundary implemented using gRPC+Protobuf?,LlamaIndex,1,19.4754,wf03_s1_chunk_0|wf14_s1_chunk_0|wf14_d2_chunk_0|wf14_d3_chunk_0|wf14_d1_chunk_0,wf03_s1_chunk_0
789,118,Find the architecture standard for inter-service coupling.,LlamaIndex,1,18.6251,wf03_d3_chunk_0|wf03_s1_chunk_0|wf03_s4_chunk_0|wf03_d2_chunk_0,wf03_s1_chunk_0|wf03_s4_chunk_0
789,119,Summarise the technical decision on inter-service coupling during Microservice C,LlamaIndex,1,23.0561,wf03_d3_chunk_0|wf03_d2_chunk_0|wf03_d1_chunk_0|wf03_s1_chunk_0|wf03_s4_chunk_0,wf03_s4_chunk_0
789,120,What is the final domain boundary rule deployed to production after the sprint o,LlamaIndex,1,21.3206,wf03_s5_chunk_0,wf03_s5_chunk_0
789,121,"Was the temporary shared database schema change kept, or did we revert to the or",LlamaIndex,1,23.9002,wf03_s3_chunk_0|wf15_s4_chunk_0|wf03_d3_chunk_0,wf03_s3_chunk_0|wf03_s5_chunk_0
789,122,Which document defines strict domain boundary as the approved domain boundary se,LlamaIndex,0,20.0927,wf03_s5_chunk_0,wf03_s1_chunk_0
789,123,Confirm the architecture decision that adopted strict domain boundary for Micros,LlamaIndex,1,20.5265,wf03_s5_chunk_0|wf03_d1_chunk_0|wf03_s1_chunk_0|wf03_d3_chunk_0|wf03_d2_chunk_0,wf03_s1_chunk_0
789,124,What is the PR approvals policy for CI/CD Pipeline?,LlamaIndex,1,19.211,wf04_d2_chunk_0|wf04_s5_chunk_0|wf04_d1_chunk_0|wf04_s1_chunk_0|wf04_d3_chunk_0,wf04_s1_chunk_0
789,125,How is PR approvals implemented using GitHub Actions?,LlamaIndex,1,19.6984,wf04_s1_chunk_0|wf04_d2_chunk_0,wf04_s1_chunk_0
789,126,Find the devops standard for merge gate policy.,LlamaIndex,1,18.621,wf04_s4_chunk_0|wf04_d3_chunk_0,wf04_s1_chunk_0|wf04_s4_chunk_0
789,127,Summarise the technical decision on merge gate policy during CI/CD Pipeline desi,LlamaIndex,1,21.4134,wf04_d3_chunk_0|wf04_s4_chunk_0|wf04_s1_chunk_0|wf04_s5_chunk_0|wf04_d2_chunk_0,wf04_s4_chunk_0
789,128,What is the final PR approvals rule deployed to production after the sprint over,LlamaIndex,1,21.2206,wf04_s5_chunk_0,wf04_s5_chunk_0
789,129,"Was the temporary admin bypass override change kept, or did we revert to the ori",LlamaIndex,0,23.6426,,wf04_s3_chunk_0|wf04_s5_chunk_0
789,130,Which document defines require 2 PR approvals as the approved PR approvals setti,LlamaIndex,1,21.0832,wf04_d2_chunk_0|wf04_d1_chunk_0|wf04_s5_chunk_0|wf04_s1_chunk_0,wf04_s1_chunk_0
789,131,Confirm the architecture decision that adopted require 2 PR approvals for CI/CD ,LlamaIndex,1,21.0221,wf04_s1_chunk_0|wf04_d2_chunk_0|wf04_s5_chunk_0|wf04_d1_chunk_0|wf04_d3_chunk_0,wf04_s1_chunk_0
789,132,What is the trace sampling policy for Observability Stack?,LlamaIndex,1,19.7923,wf05_d2_chunk_0|wf05_s5_chunk_0|wf05_d1_chunk_0|wf05_s1_chunk_0|wf05_d3_chunk_0,wf05_s1_chunk_0
789,133,How is trace sampling implemented using OpenTelemetry?,LlamaIndex,1,18.7287,wf05_s1_chunk_0|wf05_d2_chunk_0|wf05_s3_chunk_0|wf05_d3_chunk_0|wf05_d1_chunk_0,wf05_s1_chunk_0
789,134,Find the devops standard for telemetry capture rate.,LlamaIndex,1,19.9539,wf05_s4_chunk_0|ng_2127,wf05_s1_chunk_0|wf05_s4_chunk_0
789,135,Summarise the technical decision on telemetry capture rate during Observability ,LlamaIndex,1,22.8101,wf05_s1_chunk_0|wf05_s4_chunk_0|wf05_d1_chunk_0|wf05_d3_chunk_0|wf05_s3_chunk_0,wf05_s4_chunk_0
789,136,What is the final trace sampling rule deployed to production after the sprint ov,LlamaIndex,1,24.0757,wf05_s3_chunk_0|wf05_s5_chunk_0|wf05_d2_chunk_0|wf05_d1_chunk_0|wf05_d3_chunk_0,wf05_s5_chunk_0
789,137,"Was the temporary 100% full trace sampling change kept, or did we revert to the ",LlamaIndex,1,24.9774,wf05_d2_chunk_0|wf05_s3_chunk_0|wf05_d1_chunk_0|wf05_s1_chunk_0|wf05_s5_chunk_0,wf05_s3_chunk_0|wf05_s5_chunk_0
789,138,Which document defines 10% trace sampling as the approved trace sampling setting,LlamaIndex,1,20.131,wf05_d2_chunk_0|wf05_d1_chunk_0|wf05_s5_chunk_0|wf05_s1_chunk_0|wf05_d3_chunk_0,wf05_s1_chunk_0
789,139,Confirm the architecture decision that adopted 10% trace sampling for Observabil,LlamaIndex,1,22.5621,wf05_s1_chunk_0|wf05_d2_chunk_0|wf05_s5_chunk_0|wf05_d1_chunk_0|wf05_d3_chunk_0,wf05_s1_chunk_0
789,140,What is the rate limit policy for API Gateway Rate Limiting?,LlamaIndex,0,23.5166,wf06_d2_chunk_0|wf06_s5_chunk_0|wf06_d1_chunk_0|wf06_d3_chunk_0|wf06_s4_chunk_0,wf06_s1_chunk_0
789,141,How is rate limit implemented using nginx+Lua?,LlamaIndex,1,23.1862,wf06_s1_chunk_0|wf06_s3_chunk_0|wf06_s4_chunk_0|wf06_d2_chunk_0,wf06_s1_chunk_0
789,142,Find the backend standard for inbound request throttle.,LlamaIndex,1,19.1841,wf06_s4_chunk_0|wf06_s5_chunk_0|wf06_d3_chunk_0|wf06_s1_chunk_0|wf06_d1_chunk_0,wf06_s1_chunk_0|wf06_s4_chunk_0
789,143,Summarise the technical decision on inbound request throttle during API Gateway ,LlamaIndex,1,22.2504,wf06_s4_chunk_0|wf06_d3_chunk_0|wf06_d1_chunk_0|wf06_s5_chunk_0|wf06_d2_chunk_0,wf06_s4_chunk_0
789,144,What is the final rate limit rule deployed to production after the sprint overri,LlamaIndex,1,20.5614,wf06_s3_chunk_0|wf06_s5_chunk_0,wf06_s5_chunk_0
789,145,"Was the temporary unlimited bursting change kept, or did we revert to the origin",LlamaIndex,1,28.5271,wf06_s3_chunk_0|wf06_s5_chunk_0|wf06_d3_chunk_0|wf06_d1_chunk_0,wf06_s3_chunk_0|wf06_s5_chunk_0
789,146,Which document defines 100 RPM rate limit as the approved rate limit setting?,LlamaIndex,1,20.374,wf06_d2_chunk_0|wf06_d1_chunk_0|wf06_s1_chunk_0|wf06_d3_chunk_0|wf06_s5_chunk_0,wf06_s1_chunk_0
789,147,Confirm the architecture decision that adopted 100 RPM rate limit for API Gatewa,LlamaIndex,1,20.2952,wf06_d3_chunk_0|wf06_s5_chunk_0|wf06_d2_chunk_0|wf06_d1_chunk_0|wf06_s1_chunk_0,wf06_s1_chunk_0
789,148,What is the cache TTL policy for Distributed Caching?,LlamaIndex,1,19.467,wf07_d2_chunk_0|wf07_s5_chunk_0|wf07_d1_chunk_0|wf07_d3_chunk_0|wf07_s1_chunk_0,wf07_s1_chunk_0
789,149,How is cache TTL implemented using redis-py?,LlamaIndex,1,19.1918,wf07_s1_chunk_0|wf07_d2_chunk_0|wf07_d3_chunk_0|wf07_s3_chunk_0|wf07_s5_chunk_0,wf07_s1_chunk_0
789,0,"Using message passing with XtAddInput Organization: 3M Company, 3M Center,",Pinecone (sim),1,232.0704,ng_2190|ng_2035|wf17_s2_chunk_0|ng_73|ng_1430,ng_2190
789,1,"Subject: Re: SE Serial Port Speed???? Organization: Sophomore, Mechanical Engine",Pinecone (sim),1,192.0195,ng_1054|ng_744|ng_1379|ng_1904|ng_400,ng_1054
789,2,"Re: Q800 Video RAM Questions Distribution: na Organization: Apple Computer,",Pinecone (sim),1,244.8894,ng_76|ng_968|ng_2194|ng_438|ng_978,ng_76
789,3,Subject: Re: More technical details Organization: Partnership for an America,Pinecone (sim),0,249.4259,ng_1829|ng_2218|ng_816|ng_1379|ng_1144,ng_2281
789,4,Re: text of White House announcement and Q&As on clipper,Pinecone (sim),0,162.4549,ng_1331|ng_277|ng_1449|ng_1347|ng_820,ng_146
789,5,Re: A question about 120VAC outlet wiring.. Keywords: outlet Article-I.D.:,Pinecone (sim),1,186.491,ng_1750|ng_536|ng_749|ng_659|ng_263,ng_536
789,6,"Subject: SE rom Keywords: roms, grayscale, select 300 Organization: NETCOM",Pinecone (sim),1,226.7194,ng_741|ng_1011|ng_387|ng_2278|ng_757,ng_741
789,7,Re: text of White House announcement and Q&As on clipper,Pinecone (sim),0,210.2866,ng_1331|ng_277|ng_1449|ng_1347|ng_820,ng_1944
789,8,"Re: Title for XTerm Organization: Dept. of Computer Science, TU",Pinecone (sim),1,220.5066,ng_474|ng_1012|ng_654|ng_1264|ng_943,ng_654
789,9,Re: NUTEK FACES APPLE'S WRATH (article!!!!!!) READ Article-I.D.: rpi.j3g5bwq Org,Pinecone (sim),0,204.5841,ng_2323|ng_1649|ng_1375|ng_811|ng_1206,ng_1275
789,10,"Organization: Industrial Research Ltd., New Zealand. NNTP-Posting-Host: grv.grac",Pinecone (sim),0,253.2306,ng_271|ng_690|ng_424|ng_1736|ng_1379,ng_2267
789,11,Re: your opinion of the LaserWriter Select 310? Article-I.D.: usenet.1prg8a$psr,Pinecone (sim),1,254.4046,ng_248|ng_908|ng_52|ng_1598|ng_1910,ng_908
789,12,Re: Hard drive security for FBI targets Reply-To: pdc@dcs.ed.ac.uk (Paul,Pinecone (sim),0,230.0499,ng_687|ng_471|ng_598|ng_1524|ng_1313,ng_2210
789,13,Subject: Dynamic changing of the title bar Organization: Xerox X-Newsreader:,Pinecone (sim),1,256.4069,ng_1628|ng_2240|ng_50|ng_818|ng_767,ng_1628
789,14,"Quadra 700 memory upgrade Organization: Univ. of Strathclyde, Glasgow, UK",Pinecone (sim),1,237.6173,ng_44|ng_2293|ng_2351|ng_2049|ng_1583,ng_44
789,15,Re: HV diodes Reply-To: dtmedin@catbyte.b30.ingr.com Organization: Intergraph Co,Pinecone (sim),1,202.9454,ng_541|ng_515|ng_796|ng_1085|ng_1411,ng_796
789,16,Re: Forcing a window manager to accept specific coordinates for,Pinecone (sim),1,230.6286,ng_1099|ng_1538|ng_847|ng_1197|ng_704,ng_847
789,17,MICROPHONE PRE-AMP/LOW NOISE/PHANTOM POWERED Nntp-Posting-Host: liu.cns.nyu.edu ,Pinecone (sim),1,218.4197,ng_1067|ng_1447|ng_512|ng_1833|ng_1080,ng_1067
789,18,Re: An Open Letter to Mr. Clinton Organization: Totally Unorganized,Pinecone (sim),0,248.1295,ng_1331|ng_258|ng_361|ng_283|ng_1035,ng_1334
789,19,How do I find my AppContext? Organization: San Diego State,Pinecone (sim),1,218.5783,ng_972|ng_1699|ng_319|ng_2094|ng_2187,ng_972
789,20,"Re: Would ""clipper"" make a good cover for other encryption",Pinecone (sim),1,214.5308,ng_900|ng_1808|ng_19|ng_329|ng_102,ng_900
789,21,Re: CD300 & 300i Nntp-Posting-Host: christian.informatik.uni-ulm.de Organization,Pinecone (sim),0,208.9789,ng_255|ng_676|ng_1143|ng_1379|ng_1969,ng_1741
789,22,An Open Letter to Mr. Clinton Nntp-Posting-Host: dolores.lance.colostate.edu Org,Pinecone (sim),1,263.4095,ng_361|ng_283|ng_258|ng_1035|ng_1969,ng_258
789,23,Re: Need to find out number to a phone line,Pinecone (sim),1,215.8654,ng_154|ng_2065|ng_1591|ng_577|ng_181,ng_1591
789,24,"Subject: Re: REPOST: Accelerators/Translations Keywords: Accelerator, case Organ",Pinecone (sim),1,213.7191,ng_1883|ng_1379|ng_1505|ng_86|ng_1402,ng_1505
789,25,Re: Forcing a window manager to accept specific coordinates for,Pinecone (sim),1,210.2345,ng_1099|ng_1538|ng_847|ng_1197|ng_704,ng_1538
789,26,Re: How to detect use of an illegal cipher? Organization:,Pinecone (sim),1,236.4498,ng_950|ng_1073|ng_304|ng_1660|ng_742,ng_304
789,27,Subject: X for PC Organization: Youngstown State/Youngstown Free-Net Lines: 18,Pinecone (sim),1,233.6634,ng_1829|ng_1379|ng_545|ng_254|ng_403,ng_545
789,28,Trade Mac SE system for Color Mac??? Article-I.D.: wixer.1993Apr16.181557.11264 ,Pinecone (sim),1,240.5302,ng_222|ng_481|ng_1726|ng_566|ng_1011,ng_222
789,29,Re: Fifth Amendment and Passwords Organization: Little to None Lines:,Pinecone (sim),1,233.2569,ng_1408|ng_812|ng_153|ng_1366|ng_2147,ng_812
789,30,"Re: Pgp, PEM, and RFC's (Was: Cryptography Patents) Organization: Oce",Pinecone (sim),1,288.6974,ng_1433|ng_1998|ng_38|ng_109|ng_736,ng_109
789,31,Subject: Re: Drawing Lines (inverse/xor) In-Reply-To: singg@alf.uib.no's message,Pinecone (sim),1,216.3529,ng_2020|ng_2056|ng_746|ng_1163|ng_378,ng_2020
789,32,Re: Accelerating the MacPlus...;) Nntp-Posting-Host: michigan.aero.org Organizat,Pinecone (sim),1,212.7894,ng_1269|ng_1969|ng_2323|ng_1977|ng_2278,ng_1977
789,33,"Re: Organized Lobbying for Cryptography Organization: Test Systems Strategies, I",Pinecone (sim),0,197.6768,ng_38|ng_1073|ng_1998|ng_1718|ng_1123,ng_657
789,34,Re: Clipper Chip and crypto key-escrow Organization: Memex Information Systems,Pinecone (sim),0,241.8281,ng_1021|ng_21|ng_122|ng_1771|ng_509,ng_865
789,35,x86 ~= 680x0 ?? (How do they compare?) Organization: FidoNet,Pinecone (sim),1,257.0599,ng_173|ng_2299|ng_1081|ng_1630|ng_1645,ng_1630
789,36,Some Questions (was: REVISED SUMMARY) Organization: Swiss Federal Institute of,Pinecone (sim),0,216.6347,ng_101|ng_38|ng_1998|ng_1489|ng_944,ng_2268
789,37,xv -root with vue? (was Re: xloadimage -onroot ...) Article-I.D.:,Pinecone (sim),1,201.8151,ng_70|ng_1520|ng_1620|ng_1163|ng_432,ng_1520
789,38,Subject: Re: Telephone Controlled Power Bar Needed Organization: Netcom -,Pinecone (sim),1,196.5964,ng_629|ng_2026|ng_2027|ng_952|ng_1987,ng_2026
789,39,"Re: Once tapped, your code is no good any more.",Pinecone (sim),0,239.0225,ng_691|ng_1507|ng_2254|ng_1137|ng_1700,ng_1747
789,40,"LCD (was: Re: Once tapped...) Organization: Management Graphics, Inc. Lines:",Pinecone (sim),0,244.8494,ng_1419|ng_1738|ng_818|ng_77|ng_1888,ng_917
789,41,spook <rick@ee.uwm.edu> Subject: Alternate *legal* wiretaps. Organization: Just ,Pinecone (sim),1,243.2048,ng_920|ng_1815|ng_2332|ng_1717|ng_691,ng_920
789,42,"grimwood@ccu1.aukuni.ac.nz (Tony Grimwood) Organization: University of Auckland,",Pinecone (sim),0,207.1523,ng_1379|ng_1843|ng_2080|ng_1277|ng_744,ng_829
789,43,Re: Circular Motif Widgets In-Reply-To: dev@hollywood.acsc.com's message of 16 A,Pinecone (sim),0,234.1804,ng_1852|ng_130|ng_2255|ng_1968|ng_2191,ng_475
789,44,Re: Radio Shack Battery of the Month Club Organization: University,Pinecone (sim),1,225.9406,ng_1136|ng_8|ng_751|ng_156|ng_870,ng_1136
789,45,Subject: Re: Forcing a window manager to accept specific coordinates,Pinecone (sim),0,227.8874,ng_1099|ng_1538|ng_847|ng_1197|ng_704,ng_552
789,46,Re: Wanted: A to D hardware for a PC Article-I.D.:,Pinecone (sim),0,252.372,ng_231|ng_387|ng_1519|ng_1912|ng_286,ng_675
789,47,Subject: Re: what to do with old 256k SIMMs? Organization:,Pinecone (sim),0,227.8968,ng_2113|ng_1417|ng_747|ng_1068|ng_616,ng_2011
789,48,"& Pirbhai help... Lines: 12 Hello, Has anyone used the",Pinecone (sim),1,241.9861,ng_1888|ng_273|ng_1184|ng_1958|ng_106,ng_1184
789,49,"Re: Organized Lobbying for Cryptography Organization: Stratus Computer, Software",Pinecone (sim),0,223.4516,ng_38|ng_1718|ng_1998|ng_660|ng_1073,ng_1560
789,50,Subject: New England Ham - Electronic Fleamarket Dates ** 1,Pinecone (sim),1,228.2973,ng_276|ng_1415|ng_1616|ng_860|ng_1829,ng_276
789,51,Re: IIci -> Q700 upgrade? Nntp-Posting-Host: daeron.mcrcim.mcgill.edu Organizati,Pinecone (sim),1,247.2043,ng_1583|ng_2282|ng_1567|ng_2340|ng_2007,ng_1583
789,52,Subject: Re: text of White House announcement and Q&As on,Pinecone (sim),0,180.4484,ng_1724|ng_1449|ng_1124|ng_277|ng_949,ng_2226
789,53,Re: Macs suck! Buy a PC! Nntp-Posting-Host: molbio.cbs.umn.edu Organization: Uni,Pinecone (sim),1,219.6984,ng_2323|ng_177|ng_2329|ng_1268|ng_465,ng_2323
789,54,ext. 8056) Subject: Re: What do Nuclear Site's Cooling Towers,Pinecone (sim),0,208.472,ng_1767|ng_2032|ng_1728|ng_12|ng_526,ng_2037
789,55,"Re: Once tapped, your code is no good any more.",Pinecone (sim),0,200.4626,ng_691|ng_1507|ng_2254|ng_1137|ng_1700,ng_1479
789,56,Organization: The Internet Lines: 5 NNTP-Posting-Host: enterpoop.mit.edu To: XPE,Pinecone (sim),1,221.2312,ng_255|ng_1379|ng_1143|ng_235|ng_676,ng_255
789,57,xwd segmentation fault Keywords: xwd X11 Organization: JHU/Applied Physics Labor,Pinecone (sim),1,267.1197,ng_1906|ng_1655|ng_356|ng_1368|ng_1000,ng_1906
789,58,Re: I want use DeskJet on System7 Nntp-Posting-Host: bcarh1ee Organization:,Pinecone (sim),1,197.7231,ng_674|ng_787|ng_1088|ng_676|ng_1951,ng_674
789,59,Re: Suggestions on Audio relays ??? Organization: Megatest Corporation Lines:,Pinecone (sim),1,249.725,ng_1853|ng_1305|ng_2203|ng_2162|ng_1341,ng_1853
789,60,"4-plane Xterminal (Do I want one?) Keywords: plane, Xterminal Organization:",Pinecone (sim),1,185.2365,ng_2262|ng_1333|ng_780|ng_1276|ng_1012,ng_2262
789,61,High level language compilers for uControllers ? Article-I.D.: stellenb.mabbot.3,Pinecone (sim),1,220.869,ng_447|ng_1047|ng_451|ng_2030|ng_1532,ng_447
789,62,"Subject: Why do I need ""xrdb -m"" when .Xdefaults unchanged?",Pinecone (sim),1,228.5108,ng_1573|ng_1266|ng_2156|ng_1430|ng_1895,ng_1266
789,63,Re: Fighting the Clipper Initiative Organization: Express Access Online Communic,Pinecone (sim),0,237.476,ng_772|ng_726|ng_2212|ng_2061|ng_906,ng_2052
789,64,Subject: Re: Fifth Amendment and Passwords Organization: Brought to you,Pinecone (sim),0,242.1595,ng_1408|ng_812|ng_153|ng_1366|ng_2147,ng_944
789,65,"Re: Once tapped, your code is no good any more.",Pinecone (sim),0,243.7218,ng_691|ng_1507|ng_2254|ng_1137|ng_1700,ng_2104
789,66,"Subject: Voltage Multiplier Problem. Organization: Computer Science, Liverpool U",Pinecone (sim),1,213.8617,ng_1257|ng_541|ng_1606|ng_2087|ng_2120,ng_1257
789,67,<news> Subject: Re: Xt intrinsics: slow popups Nntp-Posting-Host: tweety Reply-T,Pinecone (sim),1,213.1517,ng_1806|ng_1711|ng_1044|ng_2348|ng_1179,ng_1711
789,68,"Subject: Re: Dayton Hamfest Organization: Senior, Electrical and Computer Engine",Pinecone (sim),1,247.0129,ng_1616|ng_610|ng_2074|ng_271|ng_1216,ng_610
789,69,"Keysym database problems Keywords: X, Motif Organization: CATT Centre at",Pinecone (sim),1,215.2418,ng_2326|ng_1505|wf02_d3_chunk_0|ng_1891|ng_1340,ng_2326
789,70,R5 table widget causing trouble with XtQueryGeometry Organization: Universitaet ,Pinecone (sim),1,185.75,ng_805|ng_32|ng_328|ng_1276|ng_1820,ng_805
789,71,Re: Telephone on hook/off hok ok circuit Organization: Megatest Corporation,Pinecone (sim),1,186.642,ng_952|ng_2249|ng_2139|ng_26|ng_181,ng_26
789,72,"Re: Animation with XPutImage()? Organization: Dept. of Computer Science, TU",Pinecone (sim),1,194.3603,ng_2111|ng_817|ng_1352|ng_2202|ng_1108,ng_1352
789,73,Re: x86 ~= 680x0 ?? (How do they compare?) Organization:,Pinecone (sim),0,237.1906,ng_2299|ng_173|ng_1081|ng_1645|ng_2168,ng_685
789,74,Subject: Laser Writer IINTX upgrade kit Organization: Royal Melbourne Institute,Pinecone (sim),1,224.4427,ng_855|ng_1863|ng_52|ng_1910|ng_908,ng_855
789,75,"Subject: Re: Mix GL with X (Xlib,Xt,mwm) Nntp-Posting-Host: 211.2.1.65 Organizat",Pinecone (sim),1,250.0945,ng_2181|ng_863|ng_1200|ng_648|ng_994,ng_994
789,76,Subject: Keyboard map for UK type 5 keyboard under X11/R5?,Pinecone (sim),1,207.4593,ng_1733|ng_106|ng_1576|ng_1340|ng_1826,ng_1733
789,77,Subject: Re: The source of that announcement Organization: NETCOM On-line,Pinecone (sim),1,225.8808,ng_2218|ng_690|ng_2027|ng_1829|ng_757,ng_2218
789,78,anybody have patched version of xroach for tvtwm??? Organization: NASA,Pinecone (sim),1,241.2471,ng_1620|ng_1807|ng_439|ng_1430|ng_2156,ng_1620
789,79,A StyleWriter II question Nntp-Posting-Host: miniac.etu.gel.ulaval.ca Organizati,Pinecone (sim),0,218.8344,ng_1379|ng_235|ng_2027|ng_2304|ng_255,ng_510
789,80,"Re: tvtwm & xsetroot, X11R5 and SPARCstation 10 keyboard Organization:",Pinecone (sim),1,237.6426,ng_1430|ng_2156|ng_1576|ng_1826|ng_106,ng_2156
789,81,Can you share one monitor w/ 2 cpus? Organization: Case,Pinecone (sim),1,199.4911,ng_1919|ng_1513|ng_738|ng_1500|ng_1034,ng_1919
789,82,Subject: Can Radio Freq. Be Used To Measure Distance? Organization:,Pinecone (sim),1,209.1434,ng_165|ng_2107|ng_1301|ng_641|ng_971,ng_165
789,83,Subject: Re: your opinion of the LaserWriter Select 310? Article-I.D.:,Pinecone (sim),1,210.2613,ng_248|ng_52|ng_908|ng_1910|ng_1598,ng_248
789,84,"Subject: Re: How do I find my AppContext? Keywords: Context,",Pinecone (sim),1,185.6151,ng_972|ng_319|ng_1699|ng_1858|ng_2187,ng_319
789,85,Re: Help with ultra-long timing Organization: Macquarie University Lines: 39,Pinecone (sim),1,234.9334,ng_1938|ng_2197|ng_1493|ng_684|ng_2118,ng_684
789,86,"Subject: Re: HELP INSTALL RAM ON CENTRIS 610 Organization: Sophomore,",Pinecone (sim),1,207.866,ng_958|ng_562|ng_326|ng_149|ng_2309,ng_958
789,87,SI clock reports Summary: Request for SI clock poll Keywords:,Pinecone (sim),1,220.8667,ng_1869|ng_505|ng_2106|ng_1058|ng_1081,ng_2106
789,88,Re: Fifth Amendment and Passwords Nntp-Posting-Host: bistromath.mitre.org Organi,Pinecone (sim),1,240.0479,ng_1408|ng_1128|ng_944|ng_153|ng_1297,ng_1128
789,89,Subject: need ACS tutorial and/or netlist examples Originator: tsp@sp1 Keywords:,Pinecone (sim),1,240.0172,ng_1877|ng_672|ng_271|ng_1379|ng_400,ng_1877
789,90,Radar detector DETECTORS? Organization: At UT? That's a joke. Lines:,Pinecone (sim),1,242.1008,ng_2153|ng_2215|ng_1688|ng_406|ng_2273,ng_2215
789,91,"Ask the ftp address of ""Kerberos Version 5 draft RFC""",Pinecone (sim),1,219.2862,ng_235|wf11_d1_chunk_0|ng_2157|ng_373|ng_1464,ng_235
789,92,Re: electronic odometers (was: Used BMW Question ..... ???) Organization:,Pinecone (sim),1,213.3704,ng_1516|ng_1292|ng_324|ng_694|ng_71,ng_71
789,93,"Dept Info in Austrailia From: MATGBB@LURE.LATROBE.EDU.AU (BYRNES,Graham) Organiz",Pinecone (sim),1,227.0352,ng_2080|ng_1843|ng_1277|ng_744|ng_223,ng_2080
789,94,"""similarity"" too Organization: capriccioso X-Newsreader: TIN [version 1.1 PL6] L",Pinecone (sim),0,178.1462,ng_1435|ng_1888|ng_767|ng_1086|ng_1723,ng_2311
789,95,Re: text of White House announcement and Q&As on clipper,Pinecone (sim),0,180.6331,ng_1331|ng_277|ng_1449|ng_1347|ng_820,ng_849
789,96,built in video Article-I.D.: geraldo.1pqt5nINN605 Reply-To: bruceg@ccwf.cc.utexa,Pinecone (sim),0,196.7223,ng_1489|ng_2194|ng_1807|ng_1361|ng_1799,ng_1465
789,97,hand scanners? Organization: Lafayette College Lines: 6 Originator: news@lafcol ,Pinecone (sim),1,196.1908,ng_1698|ng_28|ng_298|ng_2094|ng_384,ng_1698
789,98,"Any recent information on Frescoe? Organization: CenterLine Software, Inc. Lines",Pinecone (sim),1,233.3526,ng_2150|ng_819|ng_1261|ng_1333|ng_74,ng_2150
789,99,Re: Cable TVI interference Keywords: catv cable television tvi Organization:,Pinecone (sim),1,193.8899,ng_2159|ng_454|ng_1224|ng_2009|ng_1942,ng_2159
789,100,What is the JWT expiry policy for JWT Authentication?,Pinecone (sim),1,208.738,wf01_s5_chunk_0|wf01_s1_chunk_0|wf01_d1_chunk_0|wf01_d2_chunk_0|wf01_d3_chunk_0,wf01_s1_chunk_0
789,101,How is JWT expiry implemented using PyJWT+Redis?,Pinecone (sim),1,260.8219,wf01_s1_chunk_0|wf01_s3_chunk_0|wf01_s4_chunk_0|wf01_d2_chunk_0|wf01_s5_chunk_0,wf01_s1_chunk_0
789,102,Find the backend standard for session token lifetime.,Pinecone (sim),1,207.6353,wf01_d3_chunk_0|wf01_d2_chunk_0|wf01_s1_chunk_0|wf01_s5_chunk_0|wf01_s3_chunk_0,wf01_s1_chunk_0|wf01_s4_chunk_0
789,103,Summarise the technical decision on session token lifetime during JWT Authentica,Pinecone (sim),0,242.6563,wf01_d3_chunk_0|wf01_d2_chunk_0|wf01_s5_chunk_0|wf01_d1_chunk_0|wf01_s1_chunk_0,wf01_s4_chunk_0
789,104,What is the final JWT expiry rule deployed to production after the sprint overri,Pinecone (sim),1,202.5118,wf01_s5_chunk_0|wf01_s3_chunk_0|wf01_s1_chunk_0|wf01_d1_chunk_0|wf01_d2_chunk_0,wf01_s5_chunk_0
789,105,"Was the temporary 60-minute expiry change kept, or did we revert to the original",Pinecone (sim),1,224.3508,wf01_d2_chunk_0|wf01_d3_chunk_0|wf01_d1_chunk_0|wf01_s5_chunk_0|wf01_s3_chunk_0,wf01_s3_chunk_0|wf01_s5_chunk_0
789,106,Which document defines 15-minute expiry as the approved JWT expiry setting?,Pinecone (sim),1,193.9233,wf01_d1_chunk_0|wf01_s5_chunk_0|wf01_d2_chunk_0|wf01_s1_chunk_0|wf01_s3_chunk_0,wf01_s1_chunk_0
789,107,Confirm the architecture decision that adopted 15-minute expiry for JWT Authenti,Pinecone (sim),1,211.0546,wf01_s5_chunk_0|wf01_d1_chunk_0|wf01_s1_chunk_0|wf01_d2_chunk_0|wf01_d3_chunk_0,wf01_s1_chunk_0
789,108,What is the primary keys policy for Database Schema?,Pinecone (sim),1,244.8118,wf02_d1_chunk_0|wf02_d2_chunk_0|wf02_s5_chunk_0|wf02_s1_chunk_0|wf02_d3_chunk_0,wf02_s1_chunk_0
789,109,How is primary keys implemented using Alembic+PostgreSQL?,Pinecone (sim),1,170.4316,wf02_s1_chunk_0|wf02_d2_chunk_0|wf02_d1_chunk_0|wf02_s3_chunk_0|wf02_s4_chunk_0,wf02_s1_chunk_0
789,110,Find the backend standard for row identifier scheme.,Pinecone (sim),1,232.4981,wf02_s4_chunk_0|wf02_s1_chunk_0|wf02_d3_chunk_0|wf02_d2_chunk_0|ng_1395,wf02_s1_chunk_0|wf02_s4_chunk_0
789,111,Summarise the technical decision on row identifier scheme during Database Schema,Pinecone (sim),1,231.1404,wf02_s4_chunk_0|wf02_d3_chunk_0|wf02_d1_chunk_0|wf02_s1_chunk_0|wf02_d2_chunk_0,wf02_s4_chunk_0
789,112,What is the final primary keys rule deployed to production after the sprint over,Pinecone (sim),1,204.1788,wf02_s5_chunk_0|wf02_d1_chunk_0|wf02_d2_chunk_0|wf02_s1_chunk_0|wf02_s3_chunk_0,wf02_s5_chunk_0
789,113,"Was the temporary auto-incrementing integer PKs change kept, or did we revert to",Pinecone (sim),1,184.0193,wf02_s3_chunk_0|wf02_s5_chunk_0|wf02_s1_chunk_0|wf02_d3_chunk_0|ng_637,wf02_s3_chunk_0|wf02_s5_chunk_0
789,114,Which document defines UUID primary keys as the approved primary keys setting?,Pinecone (sim),1,223.9006,wf02_s1_chunk_0|wf02_s5_chunk_0|wf02_d2_chunk_0|wf02_d1_chunk_0|wf02_d3_chunk_0,wf02_s1_chunk_0
789,115,Confirm the architecture decision that adopted UUID primary keys for Database Sc,Pinecone (sim),1,205.8407,wf02_s5_chunk_0|wf02_s1_chunk_0|wf02_d3_chunk_0|wf02_d2_chunk_0|wf02_d1_chunk_0,wf02_s1_chunk_0
789,116,What is the domain boundary policy for Microservice Context?,Pinecone (sim),1,228.7201,wf03_d1_chunk_0|wf03_s5_chunk_0|wf03_s1_chunk_0|wf03_d2_chunk_0|wf03_d3_chunk_0,wf03_s1_chunk_0
789,117,How is domain boundary implemented using gRPC+Protobuf?,Pinecone (sim),1,222.2245,wf03_s1_chunk_0|wf14_s1_chunk_0|wf14_d2_chunk_0|wf14_d3_chunk_0|wf14_d1_chunk_0,wf03_s1_chunk_0
789,118,Find the architecture standard for inter-service coupling.,Pinecone (sim),1,268.2104,wf03_d3_chunk_0|wf03_s1_chunk_0|wf03_s4_chunk_0|wf03_d2_chunk_0|wf19_s4_chunk_0,wf03_s1_chunk_0|wf03_s4_chunk_0
789,119,Summarise the technical decision on inter-service coupling during Microservice C,Pinecone (sim),1,217.213,wf03_d3_chunk_0|wf03_d2_chunk_0|wf03_d1_chunk_0|wf03_s1_chunk_0|wf03_s4_chunk_0,wf03_s4_chunk_0
789,120,What is the final domain boundary rule deployed to production after the sprint o,Pinecone (sim),1,190.9499,wf03_s5_chunk_0|wf03_d1_chunk_0|wf04_s3_chunk_0|wf15_s3_chunk_0|wf18_s3_chunk_0,wf03_s5_chunk_0
789,121,"Was the temporary shared database schema change kept, or did we revert to the or",Pinecone (sim),1,229.2923,wf03_s3_chunk_0|wf15_s4_chunk_0|wf03_d3_chunk_0|wf15_d3_chunk_0|wf15_s3_chunk_0,wf03_s3_chunk_0|wf03_s5_chunk_0
789,122,Which document defines strict domain boundary as the approved domain boundary se,Pinecone (sim),1,226.4434,wf03_s5_chunk_0|wf03_s1_chunk_0|wf03_d1_chunk_0|wf16_d1_chunk_0|wf04_s5_chunk_0,wf03_s1_chunk_0
789,123,Confirm the architecture decision that adopted strict domain boundary for Micros,Pinecone (sim),1,261.5415,wf03_s5_chunk_0|wf03_d1_chunk_0|wf03_s1_chunk_0|wf03_d3_chunk_0|wf03_d2_chunk_0,wf03_s1_chunk_0
789,124,What is the PR approvals policy for CI/CD Pipeline?,Pinecone (sim),1,244.9079,wf04_d2_chunk_0|wf04_s5_chunk_0|wf04_d1_chunk_0|wf04_s1_chunk_0|wf04_d3_chunk_0,wf04_s1_chunk_0
789,125,How is PR approvals implemented using GitHub Actions?,Pinecone (sim),1,230.1301,wf04_s1_chunk_0|wf04_d2_chunk_0|wf04_s5_chunk_0|wf04_d1_chunk_0|ng_628,wf04_s1_chunk_0
789,126,Find the devops standard for merge gate policy.,Pinecone (sim),1,262.399,wf04_s4_chunk_0|wf04_d3_chunk_0|wf04_s1_chunk_0|wf04_s5_chunk_0|wf19_s5_chunk_0,wf04_s1_chunk_0|wf04_s4_chunk_0
789,127,Summarise the technical decision on merge gate policy during CI/CD Pipeline desi,Pinecone (sim),1,185.7571,wf04_d3_chunk_0|wf04_s4_chunk_0|wf04_s1_chunk_0|wf04_s5_chunk_0|wf04_d2_chunk_0,wf04_s4_chunk_0
789,128,What is the final PR approvals rule deployed to production after the sprint over,Pinecone (sim),1,203.0155,wf04_s5_chunk_0|wf04_s3_chunk_0|wf04_d1_chunk_0|wf05_s3_chunk_0|wf04_d2_chunk_0,wf04_s5_chunk_0
789,129,"Was the temporary admin bypass override change kept, or did we revert to the ori",Pinecone (sim),1,196.4339,wf04_s3_chunk_0|wf19_s5_chunk_0|wf15_s5_chunk_0|wf16_s3_chunk_0|wf01_s5_chunk_0,wf04_s3_chunk_0|wf04_s5_chunk_0
789,130,Which document defines require 2 PR approvals as the approved PR approvals setti,Pinecone (sim),1,208.9589,wf04_d2_chunk_0|wf04_d1_chunk_0|wf04_s5_chunk_0|wf04_s1_chunk_0|wf16_d1_chunk_0,wf04_s1_chunk_0
789,131,Confirm the architecture decision that adopted require 2 PR approvals for CI/CD ,Pinecone (sim),1,180.2383,wf04_s1_chunk_0|wf04_d2_chunk_0|wf04_s5_chunk_0|wf04_d1_chunk_0|wf04_d3_chunk_0,wf04_s1_chunk_0
789,132,What is the trace sampling policy for Observability Stack?,Pinecone (sim),1,239.5485,wf05_d2_chunk_0|wf05_s5_chunk_0|wf05_d1_chunk_0|wf05_s1_chunk_0|wf05_d3_chunk_0,wf05_s1_chunk_0
789,133,How is trace sampling implemented using OpenTelemetry?,Pinecone (sim),1,214.7724,wf05_s1_chunk_0|wf05_d2_chunk_0|wf05_s3_chunk_0|wf05_d3_chunk_0|wf05_d1_chunk_0,wf05_s1_chunk_0
789,134,Find the devops standard for telemetry capture rate.,Pinecone (sim),1,175.9426,wf05_s4_chunk_0|ng_2127|wf05_s1_chunk_0|wf05_d2_chunk_0|wf05_d1_chunk_0,wf05_s1_chunk_0|wf05_s4_chunk_0
789,135,Summarise the technical decision on telemetry capture rate during Observability ,Pinecone (sim),1,191.9329,wf05_s1_chunk_0|wf05_s4_chunk_0|wf05_d1_chunk_0|wf05_d3_chunk_0|wf05_s3_chunk_0,wf05_s4_chunk_0
789,136,What is the final trace sampling rule deployed to production after the sprint ov,Pinecone (sim),1,230.2966,wf05_s3_chunk_0|wf05_s5_chunk_0|wf05_d2_chunk_0|wf05_d1_chunk_0|wf05_d3_chunk_0,wf05_s5_chunk_0
789,137,"Was the temporary 100% full trace sampling change kept, or did we revert to the ",Pinecone (sim),1,249.4649,wf05_d2_chunk_0|wf05_s3_chunk_0|wf05_d1_chunk_0|wf05_s1_chunk_0|wf05_s5_chunk_0,wf05_s3_chunk_0|wf05_s5_chunk_0
789,138,Which document defines 10% trace sampling as the approved trace sampling setting,Pinecone (sim),1,280.3754,wf05_d2_chunk_0|wf05_d1_chunk_0|wf05_s5_chunk_0|wf05_s1_chunk_0|wf05_d3_chunk_0,wf05_s1_chunk_0
789,139,Confirm the architecture decision that adopted 10% trace sampling for Observabil,Pinecone (sim),1,314.9385,wf05_s1_chunk_0|wf05_d2_chunk_0|wf05_s5_chunk_0|wf05_d1_chunk_0|wf05_d3_chunk_0,wf05_s1_chunk_0
789,140,What is the rate limit policy for API Gateway Rate Limiting?,Pinecone (sim),0,233.199,wf06_d2_chunk_0|wf06_s5_chunk_0|wf06_d1_chunk_0|wf06_d3_chunk_0|wf06_s4_chunk_0,wf06_s1_chunk_0
789,141,How is rate limit implemented using nginx+Lua?,Pinecone (sim),1,190.004,wf06_s1_chunk_0|wf06_s3_chunk_0|wf06_s4_chunk_0|wf06_d2_chunk_0|wf06_d1_chunk_0,wf06_s1_chunk_0
789,142,Find the backend standard for inbound request throttle.,Pinecone (sim),1,155.3826,wf06_s4_chunk_0|wf06_s5_chunk_0|wf06_d3_chunk_0|wf06_s1_chunk_0|wf06_d1_chunk_0,wf06_s1_chunk_0|wf06_s4_chunk_0
789,143,Summarise the technical decision on inbound request throttle during API Gateway ,Pinecone (sim),1,230.0682,wf06_s4_chunk_0|wf06_d3_chunk_0|wf06_d1_chunk_0|wf06_s5_chunk_0|wf06_d2_chunk_0,wf06_s4_chunk_0
789,144,What is the final rate limit rule deployed to production after the sprint overri,Pinecone (sim),1,196.2212,wf06_s3_chunk_0|wf06_s5_chunk_0|wf06_d1_chunk_0|wf06_d2_chunk_0|wf06_s1_chunk_0,wf06_s5_chunk_0
789,145,"Was the temporary unlimited bursting change kept, or did we revert to the origin",Pinecone (sim),1,210.2617,wf06_s3_chunk_0|wf06_s5_chunk_0|wf06_d3_chunk_0|wf06_d1_chunk_0|wf06_s4_chunk_0,wf06_s3_chunk_0|wf06_s5_chunk_0
789,146,Which document defines 100 RPM rate limit as the approved rate limit setting?,Pinecone (sim),1,201.4687,wf06_d2_chunk_0|wf06_d1_chunk_0|wf06_s1_chunk_0|wf06_d3_chunk_0|wf06_s5_chunk_0,wf06_s1_chunk_0
789,147,Confirm the architecture decision that adopted 100 RPM rate limit for API Gatewa,Pinecone (sim),1,216.5896,wf06_d3_chunk_0|wf06_s5_chunk_0|wf06_d2_chunk_0|wf06_d1_chunk_0|wf06_s1_chunk_0,wf06_s1_chunk_0
789,148,What is the cache TTL policy for Distributed Caching?,Pinecone (sim),1,254.298,wf07_d2_chunk_0|wf07_s5_chunk_0|wf07_d1_chunk_0|wf07_d3_chunk_0|wf07_s1_chunk_0,wf07_s1_chunk_0
789,149,How is cache TTL implemented using redis-py?,Pinecone (sim),1,226.3377,wf07_s1_chunk_0|wf07_d2_chunk_0|wf07_d3_chunk_0|wf07_s3_chunk_0|wf07_s5_chunk_0,wf07_s1_chunk_0
789,0,"Using message passing with XtAddInput Organization: 3M Company, 3M Center,",CogniSync (Hybrid),1,26.2204,ng_2190|ng_2035|wf17_s2_chunk_0|ng_1430|ng_73,ng_2190
789,1,"Subject: Re: SE Serial Port Speed???? Organization: Sophomore, Mechanical Engine",CogniSync (Hybrid),1,27.052,ng_1054|ng_744|ng_669|ng_1379|ng_1904,ng_1054
789,2,"Re: Q800 Video RAM Questions Distribution: na Organization: Apple Computer,",CogniSync (Hybrid),1,24.889,ng_76|ng_968|ng_438|ng_978|ng_2194,ng_76
789,3,Subject: Re: More technical details Organization: Partnership for an America,CogniSync (Hybrid),0,27.2602,ng_1829|ng_2218|ng_816|ng_1144|ng_1379,ng_2281
789,4,Re: text of White House announcement and Q&As on clipper,CogniSync (Hybrid),0,26.7089,ng_1331|ng_277|ng_1449|ng_849|ng_1347,ng_146
789,5,Re: A question about 120VAC outlet wiring.. Keywords: outlet Article-I.D.:,CogniSync (Hybrid),1,29.061,ng_1750|ng_536|ng_749|ng_659|ng_263,ng_536
789,6,"Subject: SE rom Keywords: roms, grayscale, select 300 Organization: NETCOM",CogniSync (Hybrid),1,27.5075,ng_741|ng_379|ng_1011|ng_1556|ng_2278,ng_741
789,7,Re: text of White House announcement and Q&As on clipper,CogniSync (Hybrid),0,36.4624,ng_1331|ng_277|ng_1449|ng_849|ng_1347,ng_1944
789,8,"Re: Title for XTerm Organization: Dept. of Computer Science, TU",CogniSync (Hybrid),1,34.7055,ng_1012|ng_474|ng_654|ng_1264|ng_943,ng_654
789,9,Re: NUTEK FACES APPLE'S WRATH (article!!!!!!) READ Article-I.D.: rpi.j3g5bwq Org,CogniSync (Hybrid),0,34.1418,ng_2323|ng_1649|ng_1375|ng_811|ng_1206,ng_1275
789,10,"Organization: Industrial Research Ltd., New Zealand. NNTP-Posting-Host: grv.grac",CogniSync (Hybrid),0,30.4659,ng_271|ng_690|ng_1736|ng_424|ng_1379,ng_2267
789,11,Re: your opinion of the LaserWriter Select 310? Article-I.D.: usenet.1prg8a$psr,CogniSync (Hybrid),1,31.3446,ng_248|ng_908|ng_52|ng_1598|ng_1910,ng_908
789,12,Re: Hard drive security for FBI targets Reply-To: pdc@dcs.ed.ac.uk (Paul,CogniSync (Hybrid),0,29.0637,ng_687|ng_471|ng_598|ng_1524|ng_1313,ng_2210
789,13,Subject: Dynamic changing of the title bar Organization: Xerox X-Newsreader:,CogniSync (Hybrid),1,33.9948,ng_1628|ng_50|ng_2240|ng_818|ng_767,ng_1628
789,14,"Quadra 700 memory upgrade Organization: Univ. of Strathclyde, Glasgow, UK",CogniSync (Hybrid),1,25.3983,ng_44|ng_2293|ng_2351|ng_108|ng_1583,ng_44
789,15,Re: HV diodes Reply-To: dtmedin@catbyte.b30.ingr.com Organization: Intergraph Co,CogniSync (Hybrid),1,31.9505,ng_796|ng_541|ng_515|ng_1085|ng_1411,ng_796
789,16,Re: Forcing a window manager to accept specific coordinates for,CogniSync (Hybrid),1,24.3425,ng_1099|ng_1538|ng_847|ng_1197|ng_704,ng_847
789,17,MICROPHONE PRE-AMP/LOW NOISE/PHANTOM POWERED Nntp-Posting-Host: liu.cns.nyu.edu ,CogniSync (Hybrid),1,35.6603,ng_1067|ng_1447|ng_512|ng_1833|ng_834,ng_1067
789,18,Re: An Open Letter to Mr. Clinton Organization: Totally Unorganized,CogniSync (Hybrid),0,25.462,ng_1331|ng_902|ng_258|ng_361|ng_283,ng_1334
789,19,How do I find my AppContext? Organization: San Diego State,CogniSync (Hybrid),1,24.6859,ng_972|ng_1699|ng_319|ng_2094|ng_2187,ng_972
789,20,"Re: Would ""clipper"" make a good cover for other encryption",CogniSync (Hybrid),1,24.1771,ng_102|ng_900|ng_1808|ng_19|ng_329,ng_900
789,21,Re: CD300 & 300i Nntp-Posting-Host: christian.informatik.uni-ulm.de Organization,CogniSync (Hybrid),0,33.2071,ng_676|ng_255|ng_1143|ng_1969|ng_1379,ng_1741
789,22,An Open Letter to Mr. Clinton Nntp-Posting-Host: dolores.lance.colostate.edu Org,CogniSync (Hybrid),1,30.7636,ng_361|ng_283|ng_258|ng_902|ng_1035,ng_258
789,23,Re: Need to find out number to a phone line,CogniSync (Hybrid),1,22.873,ng_154|ng_2065|ng_1591|ng_577|ng_181,ng_1591
789,24,"Subject: Re: REPOST: Accelerators/Translations Keywords: Accelerator, case Organ",CogniSync (Hybrid),1,28.402,ng_1883|ng_1505|ng_1379|ng_1402|ng_86,ng_1505
789,25,Re: Forcing a window manager to accept specific coordinates for,CogniSync (Hybrid),1,24.413,ng_1099|ng_1538|ng_847|ng_1197|ng_704,ng_1538
789,26,Re: How to detect use of an illegal cipher? Organization:,CogniSync (Hybrid),1,27.7875,ng_950|ng_304|ng_742|ng_1660|ng_1300,ng_304
789,27,Subject: X for PC Organization: Youngstown State/Youngstown Free-Net Lines: 18,CogniSync (Hybrid),1,25.4486,ng_1829|ng_1379|ng_545|ng_254|ng_2140,ng_545
789,28,Trade Mac SE system for Color Mac??? Article-I.D.: wixer.1993Apr16.181557.11264 ,CogniSync (Hybrid),1,32.3596,ng_222|ng_481|ng_1726|ng_1011|ng_566,ng_222
789,29,Re: Fifth Amendment and Passwords Organization: Little to None Lines:,CogniSync (Hybrid),1,25.9829,ng_1408|ng_812|ng_153|ng_1366|ng_2147,ng_812
789,30,"Re: Pgp, PEM, and RFC's (Was: Cryptography Patents) Organization: Oce",CogniSync (Hybrid),1,32.6872,ng_1433|ng_109|ng_38|ng_736|ng_1998,ng_109
789,31,Subject: Re: Drawing Lines (inverse/xor) In-Reply-To: singg@alf.uib.no's message,CogniSync (Hybrid),1,35.194,ng_2020|ng_2056|ng_746|ng_1163|ng_378,ng_2020
789,32,Re: Accelerating the MacPlus...;) Nntp-Posting-Host: michigan.aero.org Organizat,CogniSync (Hybrid),1,32.1849,ng_1269|ng_1969|ng_1977|ng_2323|ng_2278,ng_1977
789,33,"Re: Organized Lobbying for Cryptography Organization: Test Systems Strategies, I",CogniSync (Hybrid),0,25.8822,ng_38|ng_1718|ng_1073|ng_1123|ng_1998,ng_657
789,34,Re: Clipper Chip and crypto key-escrow Organization: Memex Information Systems,CogniSync (Hybrid),0,27.0116,ng_122|ng_1021|ng_21|ng_1771|ng_509,ng_865
789,35,x86 ~= 680x0 ?? (How do they compare?) Organization: FidoNet,CogniSync (Hybrid),1,27.6457,ng_2299|ng_173|ng_1081|ng_1630|ng_1645,ng_1630
789,36,Some Questions (was: REVISED SUMMARY) Organization: Swiss Federal Institute of,CogniSync (Hybrid),0,25.1419,ng_101|ng_38|ng_1998|ng_1489|ng_944,ng_2268
789,37,xv -root with vue? (was Re: xloadimage -onroot ...) Article-I.D.:,CogniSync (Hybrid),1,30.1584,ng_1520|ng_70|ng_1620|ng_1163|ng_432,ng_1520
789,38,Subject: Re: Telephone Controlled Power Bar Needed Organization: Netcom -,CogniSync (Hybrid),1,23.783,ng_629|ng_2026|ng_952|ng_2027|ng_1987,ng_2026
789,39,"Re: Once tapped, your code is no good any more.",CogniSync (Hybrid),0,25.9378,ng_691|ng_1507|ng_1137|ng_1700|ng_2254,ng_1747
789,40,"LCD (was: Re: Once tapped...) Organization: Management Graphics, Inc. Lines:",CogniSync (Hybrid),0,27.3285,ng_1419|ng_1738|ng_818|ng_1888|ng_77,ng_917
789,41,spook <rick@ee.uwm.edu> Subject: Alternate *legal* wiretaps. Organization: Just ,CogniSync (Hybrid),1,50.7307,ng_920|ng_1815|ng_2332|ng_1717|ng_691,ng_920
789,42,"grimwood@ccu1.aukuni.ac.nz (Tony Grimwood) Organization: University of Auckland,",CogniSync (Hybrid),0,56.3183,ng_1379|ng_1843|ng_2080|ng_1277|ng_744,ng_829
789,43,Re: Circular Motif Widgets In-Reply-To: dev@hollywood.acsc.com's message of 16 A,CogniSync (Hybrid),0,46.8893,ng_1852|ng_130|ng_2255|ng_1962|ng_1839,ng_475
789,44,Re: Radio Shack Battery of the Month Club Organization: University,CogniSync (Hybrid),1,37.6629,ng_1136|ng_8|ng_751|ng_156|ng_870,ng_1136
789,45,Subject: Re: Forcing a window manager to accept specific coordinates,CogniSync (Hybrid),0,42.6714,ng_1099|ng_1538|ng_847|ng_1197|ng_704,ng_552
789,46,Re: Wanted: A to D hardware for a PC Article-I.D.:,CogniSync (Hybrid),0,44.5982,ng_231|ng_387|ng_1519|ng_1912|ng_286,ng_675
789,47,Subject: Re: what to do with old 256k SIMMs? Organization:,CogniSync (Hybrid),0,37.3793,ng_2113|ng_1417|ng_747|ng_1068|ng_808,ng_2011
789,48,"& Pirbhai help... Lines: 12 Hello, Has anyone used the",CogniSync (Hybrid),1,39.5845,ng_1888|ng_1184|ng_273|ng_1958|ng_106,ng_1184
789,49,"Re: Organized Lobbying for Cryptography Organization: Stratus Computer, Software",CogniSync (Hybrid),0,40.2329,ng_38|ng_1718|ng_1998|ng_1195|ng_1123,ng_1560
789,50,Subject: New England Ham - Electronic Fleamarket Dates ** 1,CogniSync (Hybrid),1,35.7472,ng_276|ng_1415|ng_1616|ng_860|ng_1829,ng_276
789,51,Re: IIci -> Q700 upgrade? Nntp-Posting-Host: daeron.mcrcim.mcgill.edu Organizati,CogniSync (Hybrid),1,52.5073,ng_1583|ng_2282|ng_1567|ng_2007|ng_2340,ng_1583
789,52,Subject: Re: text of White House announcement and Q&As on,CogniSync (Hybrid),0,42.1782,ng_1724|ng_1449|ng_1124|ng_277|ng_1504,ng_2226
789,53,Re: Macs suck! Buy a PC! Nntp-Posting-Host: molbio.cbs.umn.edu Organization: Uni,CogniSync (Hybrid),1,48.5048,ng_2323|ng_177|ng_2329|ng_1268|ng_2302,ng_2323
789,54,ext. 8056) Subject: Re: What do Nuclear Site's Cooling Towers,CogniSync (Hybrid),0,37.4558,ng_1728|ng_1767|ng_2032|ng_12|ng_526,ng_2037
789,55,"Re: Once tapped, your code is no good any more.",CogniSync (Hybrid),0,39.0733,ng_691|ng_1507|ng_1137|ng_1700|ng_2254,ng_1479
789,56,Organization: The Internet Lines: 5 NNTP-Posting-Host: enterpoop.mit.edu To: XPE,CogniSync (Hybrid),1,60.6685,ng_255|ng_1379|ng_1143|ng_235|ng_1476,ng_255
789,57,xwd segmentation fault Keywords: xwd X11 Organization: JHU/Applied Physics Labor,CogniSync (Hybrid),1,45.0542,ng_1906|ng_356|ng_1655|ng_1368|ng_1000,ng_1906
789,58,Re: I want use DeskJet on System7 Nntp-Posting-Host: bcarh1ee Organization:,CogniSync (Hybrid),1,41.644,ng_787|ng_674|ng_1088|ng_1316|ng_1951,ng_674
789,59,Re: Suggestions on Audio relays ??? Organization: Megatest Corporation Lines:,CogniSync (Hybrid),1,36.8592,ng_1853|ng_1305|ng_2203|ng_2162|ng_1341,ng_1853
789,60,"4-plane Xterminal (Do I want one?) Keywords: plane, Xterminal Organization:",CogniSync (Hybrid),1,42.7092,ng_2262|ng_1333|ng_780|ng_1636|ng_371,ng_2262
789,61,High level language compilers for uControllers ? Article-I.D.: stellenb.mabbot.3,CogniSync (Hybrid),1,48.1128,ng_447|ng_1047|ng_451|ng_2030|ng_1532,ng_447
789,62,"Subject: Why do I need ""xrdb -m"" when .Xdefaults unchanged?",CogniSync (Hybrid),1,44.1351,ng_1573|ng_1266|ng_2156|ng_1430|ng_1731,ng_1266
789,63,Re: Fighting the Clipper Initiative Organization: Express Access Online Communic,CogniSync (Hybrid),1,37.0629,ng_2212|ng_772|ng_726|ng_2061|ng_2052,ng_2052
789,64,Subject: Re: Fifth Amendment and Passwords Organization: Brought to you,CogniSync (Hybrid),0,37.7035,ng_1408|ng_812|ng_153|ng_1366|ng_2147,ng_944
789,65,"Re: Once tapped, your code is no good any more.",CogniSync (Hybrid),0,40.4164,ng_691|ng_1507|ng_1137|ng_1700|ng_2254,ng_2104
789,66,"Subject: Voltage Multiplier Problem. Organization: Computer Science, Liverpool U",CogniSync (Hybrid),1,42.0032,ng_1257|ng_541|ng_2087|ng_1606|ng_2120,ng_1257
789,67,<news> Subject: Re: Xt intrinsics: slow popups Nntp-Posting-Host: tweety Reply-T,CogniSync (Hybrid),1,55.7692,ng_1806|ng_1711|ng_1044|ng_2348|ng_1179,ng_1711
789,68,"Subject: Re: Dayton Hamfest Organization: Senior, Electrical and Computer Engine",CogniSync (Hybrid),1,37.2828,ng_610|ng_1616|ng_2074|ng_271|ng_1216,ng_610
789,69,"Keysym database problems Keywords: X, Motif Organization: CATT Centre at",CogniSync (Hybrid),1,41.1392,ng_2326|ng_1839|ng_1505|wf02_d3_chunk_0|ng_1891,ng_2326
789,70,R5 table widget causing trouble with XtQueryGeometry Organization: Universitaet ,CogniSync (Hybrid),1,44.6885,ng_805|ng_32|ng_328|ng_1276|ng_1820,ng_805
789,71,Re: Telephone on hook/off hok ok circuit Organization: Megatest Corporation,CogniSync (Hybrid),1,33.9187,ng_952|ng_26|ng_2249|ng_2139|ng_181,ng_26
789,72,"Re: Animation with XPutImage()? Organization: Dept. of Computer Science, TU",CogniSync (Hybrid),1,40.7442,ng_2111|ng_817|ng_1352|ng_2202|ng_1108,ng_1352
789,73,Re: x86 ~= 680x0 ?? (How do they compare?) Organization:,CogniSync (Hybrid),0,40.5066,ng_2299|ng_173|ng_1081|ng_1645|ng_2168,ng_685
789,74,Subject: Laser Writer IINTX upgrade kit Organization: Royal Melbourne Institute,CogniSync (Hybrid),1,33.1717,ng_855|ng_1863|ng_52|ng_1910|ng_908,ng_855
789,75,"Subject: Re: Mix GL with X (Xlib,Xt,mwm) Nntp-Posting-Host: 211.2.1.65 Organizat",CogniSync (Hybrid),1,50.5584,ng_1200|ng_2181|ng_863|ng_648|ng_994,ng_994
789,76,Subject: Keyboard map for UK type 5 keyboard under X11/R5?,CogniSync (Hybrid),1,35.5724,ng_1733|ng_106|ng_1576|ng_1340|ng_1731,ng_1733
789,77,Subject: Re: The source of that announcement Organization: NETCOM On-line,CogniSync (Hybrid),1,39.8704,ng_2218|ng_690|ng_409|ng_757|ng_2027,ng_2218
789,78,anybody have patched version of xroach for tvtwm??? Organization: NASA,CogniSync (Hybrid),1,38.7504,ng_1620|ng_1807|ng_439|ng_1430|ng_2156,ng_1620
789,79,A StyleWriter II question Nntp-Posting-Host: miniac.etu.gel.ulaval.ca Organizati,CogniSync (Hybrid),0,47.2623,ng_1379|ng_235|ng_2027|ng_2304|ng_255,ng_510
789,80,"Re: tvtwm & xsetroot, X11R5 and SPARCstation 10 keyboard Organization:",CogniSync (Hybrid),1,42.299,ng_1430|ng_2156|ng_1576|ng_1826|ng_106,ng_2156
789,81,Can you share one monitor w/ 2 cpus? Organization: Case,CogniSync (Hybrid),1,37.9341,ng_1919|ng_1513|ng_738|ng_1500|ng_1034,ng_1919
789,82,Subject: Can Radio Freq. Be Used To Measure Distance? Organization:,CogniSync (Hybrid),1,37.823,ng_165|ng_2107|ng_1301|ng_641|ng_1903,ng_165
789,83,Subject: Re: your opinion of the LaserWriter Select 310? Article-I.D.:,CogniSync (Hybrid),1,41.9656,ng_248|ng_52|ng_908|ng_1910|ng_1598,ng_248
789,84,"Subject: Re: How do I find my AppContext? Keywords: Context,",CogniSync (Hybrid),1,41.0121,ng_972|ng_319|ng_1699|ng_1858|ng_2187,ng_319
789,85,Re: Help with ultra-long timing Organization: Macquarie University Lines: 39,CogniSync (Hybrid),1,38.1133,ng_1938|ng_2197|ng_1493|ng_684|ng_2118,ng_684
789,86,"Subject: Re: HELP INSTALL RAM ON CENTRIS 610 Organization: Sophomore,",CogniSync (Hybrid),1,37.5365,ng_958|ng_562|ng_326|ng_149|ng_108,ng_958
789,87,SI clock reports Summary: Request for SI clock poll Keywords:,CogniSync (Hybrid),1,39.4984,ng_1869|ng_2106|ng_505|ng_1058|ng_1081,ng_2106
789,88,Re: Fifth Amendment and Passwords Nntp-Posting-Host: bistromath.mitre.org Organi,CogniSync (Hybrid),1,51.3151,ng_1408|ng_1128|ng_944|ng_153|ng_1366,ng_1128
789,89,Subject: need ACS tutorial and/or netlist examples Originator: tsp@sp1 Keywords:,CogniSync (Hybrid),1,49.9606,ng_1877|ng_672|ng_271|ng_1988|ng_2165,ng_1877
789,90,Radar detector DETECTORS? Organization: At UT? That's a joke. Lines:,CogniSync (Hybrid),1,41.0062,ng_2153|ng_2215|ng_1688|ng_406|ng_2273,ng_2215
789,91,"Ask the ftp address of ""Kerberos Version 5 draft RFC""",CogniSync (Hybrid),1,41.7585,ng_235|ng_373|wf11_d1_chunk_0|ng_2157|ng_234,ng_235
789,92,Re: electronic odometers (was: Used BMW Question ..... ???) Organization:,CogniSync (Hybrid),1,45.457,ng_1516|ng_1292|ng_324|ng_694|ng_71,ng_71
789,93,"Dept Info in Austrailia From: MATGBB@LURE.LATROBE.EDU.AU (BYRNES,Graham) Organiz",CogniSync (Hybrid),1,64.9148,ng_2080|ng_1843|ng_1277|ng_744|ng_223,ng_2080
789,94,"""similarity"" too Organization: capriccioso X-Newsreader: TIN [version 1.1 PL6] L",CogniSync (Hybrid),0,48.7763,ng_1435|ng_1888|ng_767|ng_1086|ng_1723,ng_2311
789,95,Re: text of White House announcement and Q&As on clipper,CogniSync (Hybrid),1,37.3365,ng_1331|ng_277|ng_1449|ng_849|ng_1347,ng_849
789,96,built in video Article-I.D.: geraldo.1pqt5nINN605 Reply-To: bruceg@ccwf.cc.utexa,CogniSync (Hybrid),0,63.8027,ng_1489|ng_2194|ng_1807|ng_1361|ng_1799,ng_1465
789,97,hand scanners? Organization: Lafayette College Lines: 6 Originator: news@lafcol ,CogniSync (Hybrid),1,42.1439,ng_1698|ng_28|ng_298|ng_2094|ng_384,ng_1698
789,98,"Any recent information on Frescoe? Organization: CenterLine Software, Inc. Lines",CogniSync (Hybrid),1,37.1188,ng_2150|ng_819|ng_1261|ng_1839|ng_1333,ng_2150
789,99,Re: Cable TVI interference Keywords: catv cable television tvi Organization:,CogniSync (Hybrid),1,39.3983,ng_2159|ng_454|ng_1224|ng_2009|ng_1942,ng_2159
789,100,What is the JWT expiry policy for JWT Authentication?,CogniSync (Hybrid),1,36.9025,wf01_s5_chunk_0|wf01_s1_chunk_0|wf01_d1_chunk_0|wf01_d2_chunk_0|wf01_d3_chunk_0,wf01_s1_chunk_0
789,101,How is JWT expiry implemented using PyJWT+Redis?,CogniSync (Hybrid),1,41.2214,wf01_s1_chunk_0|wf01_s3_chunk_0|wf01_s4_chunk_0|wf01_d2_chunk_0|wf01_s5_chunk_0,wf01_s1_chunk_0
789,102,Find the backend standard for session token lifetime.,CogniSync (Hybrid),1,33.5026,wf01_d3_chunk_0|wf01_d2_chunk_0|wf01_s1_chunk_0|wf01_s5_chunk_0|wf01_s3_chunk_0,wf01_s1_chunk_0|wf01_s4_chunk_0
789,103,Summarise the technical decision on session token lifetime during JWT Authentica,CogniSync (Hybrid),0,36.6901,wf01_d3_chunk_0|wf01_d2_chunk_0|wf01_s5_chunk_0|wf01_d1_chunk_0|wf01_s1_chunk_0,wf01_s4_chunk_0
789,104,What is the final JWT expiry rule deployed to production after the sprint overri,CogniSync (Hybrid),1,40.4628,wf01_s5_chunk_0|wf01_s3_chunk_0|wf01_s1_chunk_0|wf01_d1_chunk_0|wf01_d2_chunk_0,wf01_s5_chunk_0
789,105,"Was the temporary 60-minute expiry change kept, or did we revert to the original",CogniSync (Hybrid),1,44.6149,wf01_d2_chunk_0|wf01_d3_chunk_0|wf01_d1_chunk_0|wf01_s5_chunk_0|wf01_s3_chunk_0,wf01_s3_chunk_0|wf01_s5_chunk_0
789,106,Which document defines 15-minute expiry as the approved JWT expiry setting?,CogniSync (Hybrid),1,46.9363,wf01_d1_chunk_0|wf01_s5_chunk_0|wf01_d2_chunk_0|wf01_s1_chunk_0|wf01_s3_chunk_0,wf01_s1_chunk_0
789,107,Confirm the architecture decision that adopted 15-minute expiry for JWT Authenti,CogniSync (Hybrid),1,39.9425,wf01_s5_chunk_0|wf01_d1_chunk_0|wf01_s1_chunk_0|wf01_d2_chunk_0|wf01_d3_chunk_0,wf01_s1_chunk_0
789,108,What is the primary keys policy for Database Schema?,CogniSync (Hybrid),1,34.8181,wf02_d1_chunk_0|wf02_d2_chunk_0|wf02_s5_chunk_0|wf02_s1_chunk_0|wf02_d3_chunk_0,wf02_s1_chunk_0
789,109,How is primary keys implemented using Alembic+PostgreSQL?,CogniSync (Hybrid),1,37.1982,wf02_s1_chunk_0|wf02_d2_chunk_0|wf02_d1_chunk_0|wf02_s3_chunk_0|wf02_s4_chunk_0,wf02_s1_chunk_0
789,110,Find the backend standard for row identifier scheme.,CogniSync (Hybrid),1,34.6588,wf02_s4_chunk_0|wf02_s1_chunk_0|wf02_d3_chunk_0|wf02_d2_chunk_0|ng_1395,wf02_s1_chunk_0|wf02_s4_chunk_0
789,111,Summarise the technical decision on row identifier scheme during Database Schema,CogniSync (Hybrid),1,41.3866,wf02_s4_chunk_0|wf02_d3_chunk_0|wf02_d1_chunk_0|wf02_s1_chunk_0|wf02_d2_chunk_0,wf02_s4_chunk_0
789,112,What is the final primary keys rule deployed to production after the sprint over,CogniSync (Hybrid),1,39.0337,wf02_s5_chunk_0|wf02_d1_chunk_0|wf02_d2_chunk_0|wf02_s3_chunk_0|wf02_s1_chunk_0,wf02_s5_chunk_0
789,113,"Was the temporary auto-incrementing integer PKs change kept, or did we revert to",CogniSync (Hybrid),1,35.6208,wf02_s3_chunk_0|wf02_s5_chunk_0|wf02_s1_chunk_0|wf02_d3_chunk_0|ng_637,wf02_s3_chunk_0|wf02_s5_chunk_0
789,114,Which document defines UUID primary keys as the approved primary keys setting?,CogniSync (Hybrid),1,24.0918,wf02_s1_chunk_0|wf02_s5_chunk_0|wf02_d2_chunk_0|wf02_d1_chunk_0|wf02_d3_chunk_0,wf02_s1_chunk_0
789,115,Confirm the architecture decision that adopted UUID primary keys for Database Sc,CogniSync (Hybrid),1,23.5893,wf02_s5_chunk_0|wf02_s1_chunk_0|wf02_d3_chunk_0|wf02_d2_chunk_0|wf02_d1_chunk_0,wf02_s1_chunk_0
789,116,What is the domain boundary policy for Microservice Context?,CogniSync (Hybrid),1,22.6798,wf03_d1_chunk_0|wf03_s5_chunk_0|wf03_s1_chunk_0|wf03_d2_chunk_0|wf03_d3_chunk_0,wf03_s1_chunk_0
789,117,How is domain boundary implemented using gRPC+Protobuf?,CogniSync (Hybrid),1,22.8735,wf03_s1_chunk_0|wf14_s1_chunk_0|wf14_d2_chunk_0|wf14_d3_chunk_0|wf14_d1_chunk_0,wf03_s1_chunk_0
789,118,Find the architecture standard for inter-service coupling.,CogniSync (Hybrid),1,21.3759,wf03_d3_chunk_0|wf03_s1_chunk_0|wf03_s4_chunk_0|wf03_d2_chunk_0|ng_2165,wf03_s1_chunk_0|wf03_s4_chunk_0
789,119,Summarise the technical decision on inter-service coupling during Microservice C,CogniSync (Hybrid),1,30.0543,wf03_d3_chunk_0|wf03_d2_chunk_0|wf03_d1_chunk_0|wf03_s1_chunk_0|wf03_s4_chunk_0,wf03_s4_chunk_0
789,120,What is the final domain boundary rule deployed to production after the sprint o,CogniSync (Hybrid),1,24.1985,wf03_s5_chunk_0|wf03_d1_chunk_0|wf04_s3_chunk_0|wf15_s3_chunk_0|wf18_s3_chunk_0,wf03_s5_chunk_0
789,121,"Was the temporary shared database schema change kept, or did we revert to the or",CogniSync (Hybrid),1,28.8675,wf03_s3_chunk_0|wf15_s4_chunk_0|wf03_d3_chunk_0|wf15_s3_chunk_0|wf15_d3_chunk_0,wf03_s3_chunk_0|wf03_s5_chunk_0
789,122,Which document defines strict domain boundary as the approved domain boundary se,CogniSync (Hybrid),1,35.2692,wf03_s5_chunk_0|wf03_s1_chunk_0|wf03_d1_chunk_0|wf16_d1_chunk_0|wf04_s5_chunk_0,wf03_s1_chunk_0
789,123,Confirm the architecture decision that adopted strict domain boundary for Micros,CogniSync (Hybrid),1,22.9106,wf03_s5_chunk_0|wf03_s1_chunk_0|wf03_d1_chunk_0|wf03_d3_chunk_0|wf03_d2_chunk_0,wf03_s1_chunk_0
789,124,What is the PR approvals policy for CI/CD Pipeline?,CogniSync (Hybrid),1,22.8299,wf04_d2_chunk_0|wf04_s5_chunk_0|wf04_s1_chunk_0|wf04_d1_chunk_0|wf04_d3_chunk_0,wf04_s1_chunk_0
789,125,How is PR approvals implemented using GitHub Actions?,CogniSync (Hybrid),1,22.6197,wf04_s1_chunk_0|wf04_d2_chunk_0|wf04_s5_chunk_0|wf04_d1_chunk_0|ng_628,wf04_s1_chunk_0
789,126,Find the devops standard for merge gate policy.,CogniSync (Hybrid),1,21.0069,wf04_s4_chunk_0|wf04_d3_chunk_0|wf04_s1_chunk_0|wf04_s5_chunk_0|wf19_s5_chunk_0,wf04_s1_chunk_0|wf04_s4_chunk_0
789,127,Summarise the technical decision on merge gate policy during CI/CD Pipeline desi,CogniSync (Hybrid),1,24.5943,wf04_d3_chunk_0|wf04_s4_chunk_0|wf04_s1_chunk_0|wf04_s5_chunk_0|wf04_d2_chunk_0,wf04_s4_chunk_0
789,128,What is the final PR approvals rule deployed to production after the sprint over,CogniSync (Hybrid),1,24.5069,wf04_s5_chunk_0|wf04_s3_chunk_0|wf05_s3_chunk_0|wf04_d1_chunk_0|wf04_d2_chunk_0,wf04_s5_chunk_0
789,129,"Was the temporary admin bypass override change kept, or did we revert to the ori",CogniSync (Hybrid),1,28.3675,wf04_s3_chunk_0|wf19_s5_chunk_0|wf16_s3_chunk_0|wf15_s5_chunk_0|wf01_s5_chunk_0,wf04_s3_chunk_0|wf04_s5_chunk_0
789,130,Which document defines require 2 PR approvals as the approved PR approvals setti,CogniSync (Hybrid),1,23.8844,wf04_d2_chunk_0|wf04_d1_chunk_0|wf04_s5_chunk_0|wf04_s1_chunk_0|wf16_d1_chunk_0,wf04_s1_chunk_0
789,131,Confirm the architecture decision that adopted require 2 PR approvals for CI/CD ,CogniSync (Hybrid),1,25.0604,wf04_s1_chunk_0|wf04_d2_chunk_0|wf04_s5_chunk_0|wf04_d1_chunk_0|wf04_d3_chunk_0,wf04_s1_chunk_0
789,132,What is the trace sampling policy for Observability Stack?,CogniSync (Hybrid),1,23.9064,wf05_d2_chunk_0|wf05_s5_chunk_0|wf05_d1_chunk_0|wf05_s1_chunk_0|wf05_d3_chunk_0,wf05_s1_chunk_0
789,133,How is trace sampling implemented using OpenTelemetry?,CogniSync (Hybrid),1,22.7396,wf05_s1_chunk_0|wf05_d2_chunk_0|wf05_s3_chunk_0|wf05_d3_chunk_0|wf05_d1_chunk_0,wf05_s1_chunk_0
789,134,Find the devops standard for telemetry capture rate.,CogniSync (Hybrid),1,22.5135,wf05_s4_chunk_0|ng_2127|wf05_s1_chunk_0|wf05_d2_chunk_0|wf05_d1_chunk_0,wf05_s1_chunk_0|wf05_s4_chunk_0
789,135,Summarise the technical decision on telemetry capture rate during Observability ,CogniSync (Hybrid),1,26.6533,wf05_s1_chunk_0|wf05_s4_chunk_0|wf05_d1_chunk_0|wf05_d3_chunk_0|wf05_s3_chunk_0,wf05_s4_chunk_0
789,136,What is the final trace sampling rule deployed to production after the sprint ov,CogniSync (Hybrid),1,24.7371,wf05_s3_chunk_0|wf05_s5_chunk_0|wf05_d2_chunk_0|wf05_d1_chunk_0|wf05_d3_chunk_0,wf05_s5_chunk_0
789,137,"Was the temporary 100% full trace sampling change kept, or did we revert to the ",CogniSync (Hybrid),1,29.3271,wf05_d2_chunk_0|wf05_s3_chunk_0|wf05_d1_chunk_0|wf05_s1_chunk_0|wf05_s5_chunk_0,wf05_s3_chunk_0|wf05_s5_chunk_0
789,138,Which document defines 10% trace sampling as the approved trace sampling setting,CogniSync (Hybrid),1,24.8293,wf05_d2_chunk_0|wf05_d1_chunk_0|wf05_s5_chunk_0|wf05_s1_chunk_0|wf05_d3_chunk_0,wf05_s1_chunk_0
789,139,Confirm the architecture decision that adopted 10% trace sampling for Observabil,CogniSync (Hybrid),1,26.2558,wf05_s1_chunk_0|wf05_s5_chunk_0|wf05_d2_chunk_0|wf05_d1_chunk_0|wf05_d3_chunk_0,wf05_s1_chunk_0
789,140,What is the rate limit policy for API Gateway Rate Limiting?,CogniSync (Hybrid),1,22.2018,wf06_d2_chunk_0|wf06_s5_chunk_0|wf06_d1_chunk_0|wf06_d3_chunk_0|wf06_s1_chunk_0,wf06_s1_chunk_0
789,141,How is rate limit implemented using nginx+Lua?,CogniSync (Hybrid),1,22.5579,wf06_s1_chunk_0|wf06_s3_chunk_0|wf06_s4_chunk_0|wf06_d2_chunk_0|wf06_d1_chunk_0,wf06_s1_chunk_0
789,142,Find the backend standard for inbound request throttle.,CogniSync (Hybrid),1,22.7442,wf06_s4_chunk_0|wf06_s5_chunk_0|wf06_d3_chunk_0|ng_418|wf06_s1_chunk_0,wf06_s1_chunk_0|wf06_s4_chunk_0
789,143,Summarise the technical decision on inbound request throttle during API Gateway ,CogniSync (Hybrid),1,26.9328,wf06_s4_chunk_0|wf06_d3_chunk_0|wf06_d1_chunk_0|wf06_s5_chunk_0|wf06_d2_chunk_0,wf06_s4_chunk_0
789,144,What is the final rate limit rule deployed to production after the sprint overri,CogniSync (Hybrid),1,24.1844,wf06_s3_chunk_0|wf06_s5_chunk_0|wf06_d1_chunk_0|wf06_d2_chunk_0|wf06_s1_chunk_0,wf06_s5_chunk_0
789,145,"Was the temporary unlimited bursting change kept, or did we revert to the origin",CogniSync (Hybrid),1,26.4264,wf06_s3_chunk_0|wf06_s5_chunk_0|wf06_d3_chunk_0|wf06_d1_chunk_0|wf06_s4_chunk_0,wf06_s3_chunk_0|wf06_s5_chunk_0
789,146,Which document defines 100 RPM rate limit as the approved rate limit setting?,CogniSync (Hybrid),1,22.0982,wf06_d2_chunk_0|wf06_d1_chunk_0|wf06_s1_chunk_0|wf06_d3_chunk_0|wf06_s5_chunk_0,wf06_s1_chunk_0
789,147,Confirm the architecture decision that adopted 100 RPM rate limit for API Gatewa,CogniSync (Hybrid),1,22.8622,wf06_d3_chunk_0|wf06_s5_chunk_0|wf06_d2_chunk_0|wf06_d1_chunk_0|wf06_s1_chunk_0,wf06_s1_chunk_0
789,148,What is the cache TTL policy for Distributed Caching?,CogniSync (Hybrid),1,21.8834,wf07_d2_chunk_0|wf07_s5_chunk_0|wf07_d1_chunk_0|wf07_d3_chunk_0|wf07_s1_chunk_0,wf07_s1_chunk_0
789,149,How is cache TTL implemented using redis-py?,CogniSync (Hybrid),1,21.5492,wf07_s1_chunk_0|wf07_d2_chunk_0|wf07_d3_chunk_0|wf07_s3_chunk_0|wf07_s5_chunk_0,wf07_s1_chunk_0
1337,0,Re: Police radar....Just how does it work?? Organization: your service,Vanilla RAG,1,24.624,ng_1557|ng_96|ng_2273|ng_359|ng_2257,ng_359
1337,1,HP 2623A graphics terminal emulators Summary: Need application to emulate,Vanilla RAG,1,23.1425,ng_2041|ng_226|ng_724|ng_1636|ng_842,ng_2041
1337,2,Re: text of White House announcement and Q&As on clipper,Vanilla RAG,0,20.9551,ng_1331|ng_277|ng_1449|ng_1347|ng_820,ng_1246
1337,3,Subject: Re: wrong RAM in Duo? Organization: U. C. Berkeley,Vanilla RAG,1,21.2232,ng_2051|ng_958|ng_562|ng_2351|ng_149,ng_2051
1337,4,[jb@sgihbtn.sierra.com: Re: Xlib for MS/WINDOWS not an XSERVER!!!] Organization:,Vanilla RAG,1,32.1446,ng_1283|ng_1832|ng_242|ng_423|ng_1870,ng_1832
1337,5,Subject: Re: Secret algorithm [Re: Clipper Chip and crypto key-escrow],Vanilla RAG,0,28.1492,ng_509|ng_21|ng_1382|ng_1021|ng_1626,ng_1981
1337,6,"8*24 card questions Organization: Howtek, Inc. Reply-To: rick@howtek.MV.COM (Ric",Vanilla RAG,1,26.7724,ng_734|ng_1514|ng_673|ng_1399|ng_1140,ng_734
1337,7,Subject: Re: Membrane keypad with custom legend. Organization: The University,Vanilla RAG,1,20.9403,ng_95|ng_428|ng_1280|ng_2253|ng_724,ng_95
1337,8,"Re: electronic parts in NYC? Organization: PANIX Public Access Unix,",Vanilla RAG,1,22.4842,ng_1415|ng_2303|ng_2050|ng_2279|ng_1829,ng_1415
1337,9,"Powerbook with a math coprocessor? Keywords: powerbook, math coprocessor, pb160",Vanilla RAG,1,43.2632,ng_1819|ng_2151|ng_892|ng_1398|ng_588,ng_1819
1337,10,Subject: Re: Is a 2 headed Sun 3/60 possible (cgfour0/bwtwo0),Vanilla RAG,1,35.8404,ng_1830|ng_1862|ng_1765|ng_42|ng_2018,ng_1862
1337,11,"Upgrading PB170 Memory Organization: High Altitude Observatory, Boulder CO 80303",Vanilla RAG,1,23.903,ng_892|ng_108|ng_1836|ng_544|ng_489,ng_892
1337,12,"Re: EEG Kit? Nntp-Posting-Host: cec1 Organization: Washington University, St. Lo",Vanilla RAG,1,25.6256,ng_1130|ng_84|ng_1969|ng_255|ng_676,ng_84
1337,13,Re: How to detect use of an illegal cipher? Organization:,Vanilla RAG,1,20.8041,ng_950|ng_1073|ng_304|ng_1660|ng_742,ng_950
1337,14,waiting for a specific event/callback Keywords: event handling Reply-To: Huub.Ba,Vanilla RAG,1,29.5035,ng_2035|ng_858|ng_446|wf05_s4_chunk_0|wf17_s4_chunk_0,ng_2035
1337,15,Mattern)) Subject: Re: PGP 2.2: general comments Nntp-Posting-Host: bloch.inform,Vanilla RAG,0,34.7733,ng_1379|ng_676|ng_235|ng_255|ng_1839,ng_63
1337,16,Subject: 10th International Obfuscated C Code Contest Opening (1 of,Vanilla RAG,1,21.8636,ng_14|ng_1157|ng_187|ng_447|ng_1577,ng_1157
1337,17,"Re: Desktop rebuild and Datadesk keyboard? Organization: University of Illinois,",Vanilla RAG,1,23.3542,ng_1461|ng_1193|ng_1847|ng_2144|ng_763,ng_1461
1337,18,Re: TV RECEPTION: HEELLLPPP!!! Nntp-Posting-Host: aisun3.ai.uga.edu Organization,Vanilla RAG,1,31.3862,ng_1942|ng_1379|ng_2078|ng_1301|ng_1829,ng_1301
1337,19,crypto is for hard-core hackers & spooks only From: a_rubin@dsg4.dse.beckman.com,Vanilla RAG,0,32.3484,ng_302|ng_1296|ng_1660|ng_2039|ng_13,ng_1716
1337,20,Re: An Open Letter to Mr. Clinton Organization: Chinet -,Vanilla RAG,0,23.921,ng_1331|ng_2315|ng_470|ng_258|ng_902,ng_1784
1337,21,Clipper proposal - key length? Organization: Promis Systems Corp. Lines:,Vanilla RAG,1,21.5527,ng_815|ng_40|ng_2067|ng_209|ng_2268,ng_815
1337,22,The Old Key Registration Idea... Organization: Express Access Online Communicati,Vanilla RAG,1,21.3501,ng_1294|ng_878|ng_1172|ng_1993|wf11_d3_chunk_0,ng_1294
1337,23,Mac 800 numbers Organization: Case School of Engineering Lines: 90,Vanilla RAG,1,21.3603,ng_1252|ng_1346|ng_2139|ng_2094|ng_2115,ng_1252
1337,24,"Re: Once tapped, your code is no good any more.",Vanilla RAG,0,19.8877,ng_691|ng_1507|ng_2254|ng_1137|ng_1700,ng_1479
1337,25,"Racet Optical Organization: Computer Science Department, Boston University, Bost",Vanilla RAG,0,21.0735,ng_1803|ng_2251|ng_1052|ng_151|ng_1862,ng_1656
1337,26,level brightness Xmas light set (for Easter? Keywords: xmas Organization:,Vanilla RAG,1,22.1795,ng_382|ng_1850|ng_1421|ng_1529|ng_997,ng_382
1337,27,Re: Sampling CD audio (was Re: What to put in,Vanilla RAG,1,20.1705,ng_1965|ng_159|ng_788|ng_534|ng_602,ng_1965
1337,28,Re: books/info on audio DSP ?? In-Reply-To: scst83@csc.liv.ac.uk's message of,Vanilla RAG,1,43.3514,ng_834|ng_1763|ng_929|ng_1753|ng_1860,ng_1763
1337,29,Re: How large are commercial keys? Reply-To: bontchev@fbihh.informatik.uni-hambu,Vanilla RAG,1,30.1149,ng_1497|ng_2031|ng_2091|ng_938|ng_1420,ng_1497
1337,30,"Macintosh Awareness Group In Canada Subject: Re: Internal SCSI installation,",Vanilla RAG,1,20.9897,ng_309|ng_1652|ng_145|ng_1537|ng_1880,ng_309
1337,31,Subject: RE: need shading program example in X Organization: The,Vanilla RAG,1,21.4325,ng_1637|ng_336|ng_2251|ng_459|ng_151,ng_2251
1337,32,Re: Los Angeles Freeway traffic reports Nntp-Posting-Host: hpfcmgw.fc.hp.com Org,Vanilla RAG,1,27.9409,ng_2079|ng_551|ng_1005|ng_2179|ng_651,ng_551
1337,33,"Duo Dock problems Organization: Computer Science, Liverpool University Lines: 23",Vanilla RAG,1,20.9341,ng_1259|ng_1983|ng_1173|ng_2151|wf13_d3_chunk_0,ng_1173
1337,34,Re: Dmm Advice Needed Organization: The Inquiring Mind BBS 1,Vanilla RAG,0,21.593,ng_1829|ng_1543|ng_1379|ng_101|wf03_d1_chunk_0,ng_1156
1337,35,Re: What do Nuclear Site's Cooling Towers do? Organization: Hewlett-Packard,Vanilla RAG,1,22.4711,ng_2032|ng_433|ng_1767|ng_1728|ng_12,ng_433
1337,36,"Re: Title for XTerm Organization: Dept. of Computer Science, TU",Vanilla RAG,0,22.9723,ng_474|ng_1012|ng_654|ng_1264|ng_943,ng_169
1337,37,"Subject: Re: Once tapped, your code is no good any",Vanilla RAG,0,20.5179,ng_2254|ng_691|ng_1700|ng_1385|ng_2131,ng_2066
1337,38,Subject: Re: Long distance IR detection Organization: Purdue University Engineer,Vanilla RAG,1,20.2158,ng_1125|ng_1271|ng_924|ng_2063|ng_2265,ng_1125
1337,39,Re: Fighting the Clipper Initiative Organization: Express Access Online Communic,Vanilla RAG,0,21.6072,ng_772|ng_726|ng_2212|ng_2061|ng_906,ng_2128
1337,40,"Subject: Re: Screw the people, crypto is for hard-core hackers",Vanilla RAG,0,21.8305,ng_302|ng_1359|ng_1660|ng_335|ng_1296,ng_1756
1337,41,for VGA Monitors Lines: 51 Does anyone know who makes,Vanilla RAG,1,20.5028,ng_1083|ng_1106|ng_87|ng_1638|ng_1148,ng_1106
1337,42,"receiver system Summary: multi channel receiver system? Keywords: telemetry, rec",Vanilla RAG,1,22.134,ng_2175|ng_2092|ng_512|ng_1216|ng_1187,ng_2175
1337,43,Re: arcade style buttons and joysticks Reply-To: acm@Sun.COM (Andrew MacRae),Vanilla RAG,1,24.5664,ng_1926|ng_2230|ng_1639|ng_535|ng_1470,ng_1470
1337,44,constantly rebooting! From: stubbs@hawk.cs.ukans.edu (Jerry Stubbs) Organization,Vanilla RAG,0,27.4661,ng_676|ng_1829|ng_1473|ng_2323|ng_1267,ng_643
1337,45,Subject: Coil Organization: Worcester Polytechnic Institute Lines: 11 NNTP-Posti,Vanilla RAG,1,29.7009,ng_1947|ng_676|ng_515|ng_1767|ng_2353,ng_1947
1337,46,Re: text of White House announcement and Q&As on clipper,Vanilla RAG,0,21.9306,ng_1331|ng_277|ng_1449|ng_1347|ng_820,ng_1553
1337,47,"Re: ATARI 2600 Processors Organization: Aiken Computation Lab, Harvard Universit",Vanilla RAG,1,21.116,ng_765|ng_777|ng_1290|ng_286|ng_90,ng_777
1337,48,Subject: widget for displaying images Nntp-Posting-Host: marvin Organization: Th,Vanilla RAG,1,23.4739,ng_1152|ng_1339|ng_1379|ng_1829|ng_2148,ng_1152
1337,49,to factory defaults From: Robert Grapes <R.Grapes@massey.ac.nz> Organization: Ma,Vanilla RAG,1,26.4161,ng_744|ng_368|ng_384|ng_1387|ng_98,ng_1387
1337,50,"programs From: EXTDSM@LURE.LATROBE.EDU.AU (MADDISON,David) Organization: La Trob",Vanilla RAG,0,33.0863,ng_1476|ng_1827|ng_73|ng_841|ng_1829,ng_34
1337,51,Re: Police radar....Just how does it work?? Reply-To: dtmedin@catbyte.b30.ingr.c,Vanilla RAG,1,31.6431,ng_261|ng_1557|ng_2273|ng_359|ng_2245,ng_261
1337,52,Subject: Re: Radar detector DETECTORS? Organization: Kansas State University Lin,Vanilla RAG,1,22.5775,ng_2153|ng_2273|ng_1688|ng_1945|ng_96,ng_2273
1337,53,"Re: Illusion Organization: SSC, Inc., Seattle, WA X-Newsreader: TIN [version",Vanilla RAG,0,26.0837,ng_1888|ng_1435|ng_1144|ng_1829|ng_976,ng_2253
1337,54,Anyone got 200+ Schadow switches with LED? X-Xxmessage-Id: <A7FC6A05A602655F@dia,Vanilla RAG,1,40.8723,ng_1421|ng_382|ng_439|ng_95|ng_1888,ng_1421
1337,55,Denning's Trust) From: kubo@zariski.harvard.edu (Tal Kubo) Distribution: inet Or,Vanilla RAG,0,28.1436,ng_405|ng_1379|ng_235|ng_690|ng_976,ng_2332
1337,56,Re: X on Amiga 4000? Article-I.D.: fripp.1993Apr23.195024.24932 Reply-To: jh@cad,Vanilla RAG,1,31.7856,ng_1743|ng_370|ng_2112|ng_337|ng_2258,ng_370
1337,57,xterm build problem in Solaris2.1 Reply-To: acker@se01.wg2.waii.com Organization,Vanilla RAG,1,30.9118,ng_1581|ng_1452|ng_1145|ng_1765|ng_1515,ng_1452
1337,58,Compiling help Organization: ITC/UVA Community Access UNIX/Internet Project Line,Vanilla RAG,0,22.7731,ng_1822|ng_447|ng_1036|ng_1368|ng_288,ng_735
1337,59,RE: need shading program example in X Reply-To: Andre_Beck@IRS.Inf.TU-Dresden.DE,Vanilla RAG,1,33.1257,ng_1637|ng_336|ng_151|ng_2251|ng_459,ng_151
1337,60,XtAddEventHandler Organization: The Internet Lines: 29 To: xpert@expo.lcs.mit.ed,Vanilla RAG,0,30.895,ng_1379|ng_1476|ng_556|ng_73|ng_841,ng_1777
1337,61,Re: X interactive performance In-reply-to: afielden@cbnewsb.cb.att.com's message,Vanilla RAG,1,27.7365,ng_1806|ng_191|ng_73|ng_1711|ng_1044,ng_191
1337,62,Subject: Re: arcade style buttons and joysticks Organization: Antone's Italian,Vanilla RAG,1,23.3233,ng_1926|ng_2230|ng_1639|ng_535|ng_1470,ng_1926
1337,63,Fwd: PROGRESSIVES HAPPY HOUR Original-To: bb-general@CS.CMU.EDU Organization: Sc,Vanilla RAG,1,25.8084,ng_408|ng_1829|ng_1379|ng_474|ng_2284,ng_408
1337,64,Re: What is Zero dB???? Nntp-Posting-Host: bcarhdd Organization: Bell-Northern R,Vanilla RAG,1,26.9017,ng_279|ng_141|ng_530|ng_1979|ng_517,ng_279
1337,65,"Re: PEM and MIME Organization: Personal Usenet site, Tujunga, CA",Vanilla RAG,1,22.092,ng_2172|ng_2058|ng_280|ng_367|ng_1379,ng_2172
1337,66,Re: IBM-PC XT switch settings Organization: Netcom Online Communications Service,Vanilla RAG,1,20.5718,ng_623|ng_1683|ng_619|ng_490|ng_1451,ng_623
1337,67,"Circuit Cellar Ink address? Organization: University of Washington, Seattle Line",Vanilla RAG,1,19.7111,ng_384|ng_1415|ng_2303|ng_594|ng_2050,ng_384
1337,68,"Re: Motif vs. [Athena, etc.] Organization: CSIRO Division of Radiophysics/Austra",Vanilla RAG,1,26.8098,ng_859|ng_5|ng_2013|ng_158|ng_1968,ng_859
1337,69,"Re: IIsi clock upgrade Organization: Idaho State University, Pocatello Lines:",Vanilla RAG,1,31.7899,ng_2106|ng_1058|ng_505|ng_1869|ng_270,ng_270
1337,70,"Subject: Re: Screw the people, crypto is for hard-core hackers",Vanilla RAG,0,23.125,ng_302|ng_1359|ng_1660|ng_335|ng_1296,ng_1169
1337,71,"Subject: Re: Motif vs. [Athena, etc.] Organization: Bond University, AUSTRALIA",Vanilla RAG,1,22.8557,ng_2013|ng_859|ng_5|ng_158|ng_2304,ng_2013
1337,72,Re: MacX 1.2 color problem Reply-To: dshaker@qualix.com Organization: QUALiX Gro,Vanilla RAG,1,28.9566,ng_830|ng_20|ng_745|ng_222|ng_1486,ng_830
1337,73,Re: Converting contents of X-window to color postscript Organization: Dept.,Vanilla RAG,1,23.3017,ng_51|ng_585|ng_1191|ng_192|ng_2251,ng_585
1337,74,Re: Motorola XC68882RC33 and RC50 Organization: U of Toronto Zoology,Vanilla RAG,1,23.9233,ng_986|ng_951|ng_1140|ng_2112|ng_2257,ng_986
1337,75,"WANTED: X & security posting Organization: TRW Systems Division, Fairfax",Vanilla RAG,1,20.4892,ng_1648|ng_1143|ng_1795|ng_976|ng_384,ng_1648
1337,76,frontplate for SyQuest in IIvi/IIvx/C650? Nntp-Posting-Host: lk-hp-7.hut.fi Repl,Vanilla RAG,1,37.4547,ng_1744|ng_651|ng_255|ng_235|wf05_s4_chunk_0,ng_1744
1337,77,how to put RPC in HP X/motif environment? Organization: Columbia,Vanilla RAG,1,21.6972,ng_62|ng_425|ng_1962|ng_2255|ng_242,ng_62
1337,78,"Bob ""Putz"" Cain (was: Pgp and other BS) Nntp-Posting-Host: next7.cs.umr.edu",Vanilla RAG,0,29.7367,ng_235|ng_676|ng_1969|ng_255|ng_1491,ng_803
1337,79,Subject: Re: Centris 610 Video Problem - I'm having it,Vanilla RAG,1,21.6092,ng_1062|ng_1027|ng_178|ng_416|ng_203,ng_1027
1337,80,"Subject: Re: Mix GL with X (Xlib,Xt,mwm) Organization: Surf City",Vanilla RAG,1,26.0024,ng_1563|ng_1200|ng_2181|ng_2187|ng_1637,ng_1563
1337,81,Re: Mysterious beeping Nntp-Posting-Host: hpcvusj.cv.hp.com Reply-To: tommc@cv.h,Vanilla RAG,1,32.9543,ng_2239|ng_1422|ng_196|ng_2079|ng_724,ng_1422
1337,82,Subject: Needed 24 volt 4 circuit Flasher Organization: Amateur Radio,Vanilla RAG,1,24.5152,ng_396|ng_525|ng_1708|ng_1216|ng_665,ng_396
1337,83,"Re: Once tapped, your code is no good any more.",Vanilla RAG,0,23.0505,ng_691|ng_1507|ng_2254|ng_1137|ng_1700,ng_1436
1337,84,help - how to constru Distribution: world Organization: Ozone Online,Vanilla RAG,0,21.414,ng_1379|ng_1767|ng_271|ng_976|ng_1435,ng_751
1337,85,"Help: Event propagation Organization: Department of Scientific Computing, Uppsal",Vanilla RAG,1,20.2688,ng_1435|ng_1379|ng_1646|wf12_s4_chunk_0|ng_933,ng_1646
1337,86,sony 1304 & Rasterops 24sx(si) for SALE! - UPDATE!! Article-I.D.:,Vanilla RAG,0,26.6627,ng_259|ng_999|ng_656|ng_346|ng_1404,ng_1612
1337,87,Re: text of White House announcement and Q&As on clipper,Vanilla RAG,0,21.8454,ng_1331|ng_277|ng_1449|ng_1347|ng_820,ng_2204
1337,88,Re: Secret algorithm [Re: Clipper Chip and crypto key-escrow] Keywords:,Vanilla RAG,0,25.4802,ng_509|ng_1382|ng_21|ng_122|ng_1021,ng_1987
1337,89,Re: The source of that announcement Organization: PANIX Public Access,Vanilla RAG,1,21.7115,ng_2337|ng_2218|ng_963|ng_1143|ng_1415,ng_2337
1337,90,Re: Secret algorithm [Re: Clipper Chip and crypto key-escrow] Keywords:,Vanilla RAG,1,24.036,ng_509|ng_1382|ng_21|ng_122|ng_1021,ng_509
1337,91,Re: text of White House announcement and Q&As on clipper,Vanilla RAG,0,20.9409,ng_1331|ng_277|ng_1449|ng_1347|ng_820,ng_1077
1337,92,"Re: Once tapped, your code is no good any more.",Vanilla RAG,0,20.5734,ng_691|ng_1507|ng_2254|ng_1137|ng_1700,ng_312
1337,93,"Re: Once tapped, your code is no good any more.",Vanilla RAG,0,20.8649,ng_691|ng_1507|ng_2254|ng_1137|ng_1700,ng_653
1337,94,Re: The [secret] source of that announcement Organization: DSI/USCRPAC Lines:,Vanilla RAG,0,26.7512,ng_1407|ng_1504|ng_1489|ng_2218|ng_1565,ng_1208
1337,95,Re: How do they know what keys to ask for?,Vanilla RAG,1,20.8284,ng_699|ng_381|ng_1101|ng_1584|ng_617,ng_699
1337,96,Re: 80-bit keyseach machine Organization: Advanced RISC Machines Ltd Lines:,Vanilla RAG,0,23.4327,ng_763|ng_2091|ng_16|ng_1439|ng_1131,ng_1774
1337,97,"Re: Would ""clipper"" make a good cover for other encryption",Vanilla RAG,0,23.0379,ng_900|ng_1808|ng_19|ng_329|ng_102,ng_59
1337,98,Mysterious MOSFET Organization: NASA Langley Research Center and Reptile Farm,Vanilla RAG,1,20.7295,ng_2057|ng_2103|ng_889|ng_2341|ng_1968,ng_2057
1337,99,EICO tube tester repairs? Reply-To: ...futserv.austin.ibm.com!rg Organization: I,Vanilla RAG,1,31.9976,ng_1431|ng_217|ng_2145|ng_1186|ng_1773,ng_1431
1337,100,What is the JWT expiry policy for JWT Authentication?,Vanilla RAG,1,25.4702,wf01_s5_chunk_0|wf01_s1_chunk_0|wf01_d1_chunk_0|wf01_d2_chunk_0|wf01_d3_chunk_0,wf01_s1_chunk_0
1337,101,How is JWT expiry implemented using PyJWT+Redis?,Vanilla RAG,1,22.1832,wf01_s1_chunk_0|wf01_s3_chunk_0|wf01_s4_chunk_0|wf01_d2_chunk_0|wf01_s5_chunk_0,wf01_s1_chunk_0
1337,102,Find the backend standard for session token lifetime.,Vanilla RAG,1,18.8834,wf01_d3_chunk_0|wf01_d2_chunk_0|wf01_s1_chunk_0|wf01_s5_chunk_0|wf01_s3_chunk_0,wf01_s1_chunk_0|wf01_s4_chunk_0
1337,103,Summarise the technical decision on session token lifetime during JWT Authentica,Vanilla RAG,0,21.8242,wf01_d3_chunk_0|wf01_d2_chunk_0|wf01_s5_chunk_0|wf01_d1_chunk_0|wf01_s1_chunk_0,wf01_s4_chunk_0
1337,104,What is the final JWT expiry rule deployed to production after the sprint overri,Vanilla RAG,1,23.5415,wf01_s5_chunk_0|wf01_s3_chunk_0|wf01_s1_chunk_0|wf01_d1_chunk_0|wf01_d2_chunk_0,wf01_s5_chunk_0
1337,105,"Was the temporary 60-minute expiry change kept, or did we revert to the original",Vanilla RAG,1,25.8358,wf01_d2_chunk_0|wf01_d3_chunk_0|wf01_d1_chunk_0|wf01_s5_chunk_0|wf01_s3_chunk_0,wf01_s3_chunk_0|wf01_s5_chunk_0
1337,106,Which document defines 15-minute expiry as the approved JWT expiry setting?,Vanilla RAG,1,23.2343,wf01_d1_chunk_0|wf01_s5_chunk_0|wf01_d2_chunk_0|wf01_s1_chunk_0|wf01_s3_chunk_0,wf01_s1_chunk_0
1337,107,Confirm the architecture decision that adopted 15-minute expiry for JWT Authenti,Vanilla RAG,1,22.4079,wf01_s5_chunk_0|wf01_d1_chunk_0|wf01_s1_chunk_0|wf01_d2_chunk_0|wf01_d3_chunk_0,wf01_s1_chunk_0
1337,108,What is the primary keys policy for Database Schema?,Vanilla RAG,1,20.1893,wf02_d1_chunk_0|wf02_d2_chunk_0|wf02_s5_chunk_0|wf02_s1_chunk_0|wf02_d3_chunk_0,wf02_s1_chunk_0
1337,109,How is primary keys implemented using Alembic+PostgreSQL?,Vanilla RAG,1,21.4512,wf02_s1_chunk_0|wf02_d2_chunk_0|wf02_d1_chunk_0|wf02_s3_chunk_0|wf02_s4_chunk_0,wf02_s1_chunk_0
1337,110,Find the backend standard for row identifier scheme.,Vanilla RAG,1,20.4394,wf02_s4_chunk_0|wf02_s1_chunk_0|wf02_d3_chunk_0|wf02_d2_chunk_0|ng_1395,wf02_s1_chunk_0|wf02_s4_chunk_0
1337,111,Summarise the technical decision on row identifier scheme during Database Schema,Vanilla RAG,1,24.4578,wf02_s4_chunk_0|wf02_d3_chunk_0|wf02_d1_chunk_0|wf02_s1_chunk_0|wf02_d2_chunk_0,wf02_s4_chunk_0
1337,112,What is the final primary keys rule deployed to production after the sprint over,Vanilla RAG,1,34.2965,wf02_s5_chunk_0|wf02_d1_chunk_0|wf02_d2_chunk_0|wf02_s1_chunk_0|wf02_s3_chunk_0,wf02_s5_chunk_0
1337,113,"Was the temporary auto-incrementing integer PKs change kept, or did we revert to",Vanilla RAG,1,27.1652,wf02_s3_chunk_0|wf02_s5_chunk_0|wf02_s1_chunk_0|wf02_d3_chunk_0|ng_637,wf02_s3_chunk_0|wf02_s5_chunk_0
1337,114,Which document defines UUID primary keys as the approved primary keys setting?,Vanilla RAG,1,21.1778,wf02_s1_chunk_0|wf02_s5_chunk_0|wf02_d2_chunk_0|wf02_d1_chunk_0|wf02_d3_chunk_0,wf02_s1_chunk_0
1337,115,Confirm the architecture decision that adopted UUID primary keys for Database Sc,Vanilla RAG,1,21.8498,wf02_s5_chunk_0|wf02_s1_chunk_0|wf02_d3_chunk_0|wf02_d2_chunk_0|wf02_d1_chunk_0,wf02_s1_chunk_0
1337,116,What is the domain boundary policy for Microservice Context?,Vanilla RAG,1,20.2868,wf03_d1_chunk_0|wf03_s5_chunk_0|wf03_s1_chunk_0|wf03_d2_chunk_0|wf03_d3_chunk_0,wf03_s1_chunk_0
1337,117,How is domain boundary implemented using gRPC+Protobuf?,Vanilla RAG,1,20.4624,wf03_s1_chunk_0|wf14_s1_chunk_0|wf14_d2_chunk_0|wf14_d3_chunk_0|wf14_d1_chunk_0,wf03_s1_chunk_0
1337,118,Find the architecture standard for inter-service coupling.,Vanilla RAG,1,18.6693,wf03_d3_chunk_0|wf03_s1_chunk_0|wf03_s4_chunk_0|wf03_d2_chunk_0|wf19_s4_chunk_0,wf03_s1_chunk_0|wf03_s4_chunk_0
1337,119,Summarise the technical decision on inter-service coupling during Microservice C,Vanilla RAG,1,22.308,wf03_d3_chunk_0|wf03_d2_chunk_0|wf03_d1_chunk_0|wf03_s1_chunk_0|wf03_s4_chunk_0,wf03_s4_chunk_0
1337,120,What is the final domain boundary rule deployed to production after the sprint o,Vanilla RAG,1,21.9462,wf03_s5_chunk_0|wf03_d1_chunk_0|wf04_s3_chunk_0|wf15_s3_chunk_0|wf18_s3_chunk_0,wf03_s5_chunk_0
1337,121,"Was the temporary shared database schema change kept, or did we revert to the or",Vanilla RAG,1,25.154,wf03_s3_chunk_0|wf15_s4_chunk_0|wf03_d3_chunk_0|wf15_d3_chunk_0|wf15_s3_chunk_0,wf03_s3_chunk_0|wf03_s5_chunk_0
1337,122,Which document defines strict domain boundary as the approved domain boundary se,Vanilla RAG,1,20.7859,wf03_s5_chunk_0|wf03_s1_chunk_0|wf03_d1_chunk_0|wf16_d1_chunk_0|wf04_s5_chunk_0,wf03_s1_chunk_0
1337,123,Confirm the architecture decision that adopted strict domain boundary for Micros,Vanilla RAG,1,21.188,wf03_s5_chunk_0|wf03_d1_chunk_0|wf03_s1_chunk_0|wf03_d3_chunk_0|wf03_d2_chunk_0,wf03_s1_chunk_0
1337,124,What is the PR approvals policy for CI/CD Pipeline?,Vanilla RAG,1,20.2898,wf04_d2_chunk_0|wf04_s5_chunk_0|wf04_d1_chunk_0|wf04_s1_chunk_0|wf04_d3_chunk_0,wf04_s1_chunk_0
1337,125,How is PR approvals implemented using GitHub Actions?,Vanilla RAG,1,21.5789,wf04_s1_chunk_0|wf04_d2_chunk_0|wf04_s5_chunk_0|wf04_d1_chunk_0|ng_628,wf04_s1_chunk_0
1337,126,Find the devops standard for merge gate policy.,Vanilla RAG,1,21.6307,wf04_s4_chunk_0|wf04_d3_chunk_0|wf04_s1_chunk_0|wf04_s5_chunk_0|wf19_s5_chunk_0,wf04_s1_chunk_0|wf04_s4_chunk_0
1337,127,Summarise the technical decision on merge gate policy during CI/CD Pipeline desi,Vanilla RAG,1,22.5219,wf04_d3_chunk_0|wf04_s4_chunk_0|wf04_s1_chunk_0|wf04_s5_chunk_0|wf04_d2_chunk_0,wf04_s4_chunk_0
1337,128,What is the final PR approvals rule deployed to production after the sprint over,Vanilla RAG,1,21.9031,wf04_s5_chunk_0|wf04_s3_chunk_0|wf04_d1_chunk_0|wf05_s3_chunk_0|wf04_d2_chunk_0,wf04_s5_chunk_0
1337,129,"Was the temporary admin bypass override change kept, or did we revert to the ori",Vanilla RAG,1,24.2817,wf04_s3_chunk_0|wf19_s5_chunk_0|wf15_s5_chunk_0|wf16_s3_chunk_0|wf01_s5_chunk_0,wf04_s3_chunk_0|wf04_s5_chunk_0
1337,130,Which document defines require 2 PR approvals as the approved PR approvals setti,Vanilla RAG,1,21.9698,wf04_d2_chunk_0|wf04_d1_chunk_0|wf04_s5_chunk_0|wf04_s1_chunk_0|wf16_d1_chunk_0,wf04_s1_chunk_0
1337,131,Confirm the architecture decision that adopted require 2 PR approvals for CI/CD ,Vanilla RAG,1,22.2976,wf04_s1_chunk_0|wf04_d2_chunk_0|wf04_s5_chunk_0|wf04_d1_chunk_0|wf04_d3_chunk_0,wf04_s1_chunk_0
1337,132,What is the trace sampling policy for Observability Stack?,Vanilla RAG,1,20.0045,wf05_d2_chunk_0|wf05_s5_chunk_0|wf05_d1_chunk_0|wf05_s1_chunk_0|wf05_d3_chunk_0,wf05_s1_chunk_0
1337,133,How is trace sampling implemented using OpenTelemetry?,Vanilla RAG,1,21.7802,wf05_s1_chunk_0|wf05_d2_chunk_0|wf05_s3_chunk_0|wf05_d3_chunk_0|wf05_d1_chunk_0,wf05_s1_chunk_0
1337,134,Find the devops standard for telemetry capture rate.,Vanilla RAG,1,20.7407,wf05_s4_chunk_0|ng_2127|wf05_s1_chunk_0|wf05_d2_chunk_0|wf05_d1_chunk_0,wf05_s1_chunk_0|wf05_s4_chunk_0
1337,135,Summarise the technical decision on telemetry capture rate during Observability ,Vanilla RAG,1,23.2811,wf05_s1_chunk_0|wf05_s4_chunk_0|wf05_d1_chunk_0|wf05_d3_chunk_0|wf05_s3_chunk_0,wf05_s4_chunk_0
1337,136,What is the final trace sampling rule deployed to production after the sprint ov,Vanilla RAG,1,21.2639,wf05_s3_chunk_0|wf05_s5_chunk_0|wf05_d2_chunk_0|wf05_d1_chunk_0|wf05_d3_chunk_0,wf05_s5_chunk_0
1337,137,"Was the temporary 100% full trace sampling change kept, or did we revert to the ",Vanilla RAG,1,25.9056,wf05_d2_chunk_0|wf05_s3_chunk_0|wf05_d1_chunk_0|wf05_s1_chunk_0|wf05_s5_chunk_0,wf05_s3_chunk_0|wf05_s5_chunk_0
1337,138,Which document defines 10% trace sampling as the approved trace sampling setting,Vanilla RAG,1,23.3367,wf05_d2_chunk_0|wf05_d1_chunk_0|wf05_s5_chunk_0|wf05_s1_chunk_0|wf05_d3_chunk_0,wf05_s1_chunk_0
1337,139,Confirm the architecture decision that adopted 10% trace sampling for Observabil,Vanilla RAG,1,22.1578,wf05_s1_chunk_0|wf05_d2_chunk_0|wf05_s5_chunk_0|wf05_d1_chunk_0|wf05_d3_chunk_0,wf05_s1_chunk_0
1337,140,What is the rate limit policy for API Gateway Rate Limiting?,Vanilla RAG,0,20.0835,wf06_d2_chunk_0|wf06_s5_chunk_0|wf06_d1_chunk_0|wf06_d3_chunk_0|wf06_s4_chunk_0,wf06_s1_chunk_0
1337,141,How is rate limit implemented using nginx+Lua?,Vanilla RAG,1,20.7834,wf06_s1_chunk_0|wf06_s3_chunk_0|wf06_s4_chunk_0|wf06_d2_chunk_0|wf06_d1_chunk_0,wf06_s1_chunk_0
1337,142,Find the backend standard for inbound request throttle.,Vanilla RAG,1,19.6537,wf06_s4_chunk_0|wf06_s5_chunk_0|wf06_d3_chunk_0|wf06_s1_chunk_0|wf06_d1_chunk_0,wf06_s1_chunk_0|wf06_s4_chunk_0
1337,143,Summarise the technical decision on inbound request throttle during API Gateway ,Vanilla RAG,1,22.4855,wf06_s4_chunk_0|wf06_d3_chunk_0|wf06_d1_chunk_0|wf06_s5_chunk_0|wf06_d2_chunk_0,wf06_s4_chunk_0
1337,144,What is the final rate limit rule deployed to production after the sprint overri,Vanilla RAG,1,29.1607,wf06_s3_chunk_0|wf06_s5_chunk_0|wf06_d1_chunk_0|wf06_d2_chunk_0|wf06_s1_chunk_0,wf06_s5_chunk_0
1337,145,"Was the temporary unlimited bursting change kept, or did we revert to the origin",Vanilla RAG,1,26.5684,wf06_s3_chunk_0|wf06_s5_chunk_0|wf06_d3_chunk_0|wf06_d1_chunk_0|wf06_s4_chunk_0,wf06_s3_chunk_0|wf06_s5_chunk_0
1337,146,Which document defines 100 RPM rate limit as the approved rate limit setting?,Vanilla RAG,1,20.8768,wf06_d2_chunk_0|wf06_d1_chunk_0|wf06_s1_chunk_0|wf06_d3_chunk_0|wf06_s5_chunk_0,wf06_s1_chunk_0
1337,147,Confirm the architecture decision that adopted 100 RPM rate limit for API Gatewa,Vanilla RAG,1,21.5904,wf06_d3_chunk_0|wf06_s5_chunk_0|wf06_d2_chunk_0|wf06_d1_chunk_0|wf06_s1_chunk_0,wf06_s1_chunk_0
1337,148,What is the cache TTL policy for Distributed Caching?,Vanilla RAG,1,21.4814,wf07_d2_chunk_0|wf07_s5_chunk_0|wf07_d1_chunk_0|wf07_d3_chunk_0|wf07_s1_chunk_0,wf07_s1_chunk_0
1337,149,How is cache TTL implemented using redis-py?,Vanilla RAG,1,20.5091,wf07_s1_chunk_0|wf07_d2_chunk_0|wf07_d3_chunk_0|wf07_s3_chunk_0|wf07_s5_chunk_0,wf07_s1_chunk_0
1337,0,Re: Police radar....Just how does it work?? Organization: your service,MemGPT (approx),1,26.0244,ng_1557|ng_96|ng_2273|ng_359|ng_2257,ng_359
1337,1,HP 2623A graphics terminal emulators Summary: Need application to emulate,MemGPT (approx),1,23.6828,ng_2041|ng_226|ng_724|ng_1636|ng_842,ng_2041
1337,2,Re: text of White House announcement and Q&As on clipper,MemGPT (approx),0,22.5978,ng_1331|ng_277|ng_1449|ng_1347|ng_820,ng_1246
1337,3,Subject: Re: wrong RAM in Duo? Organization: U. C. Berkeley,MemGPT (approx),1,23.5933,ng_108|ng_2051|ng_958|ng_562|ng_2351,ng_2051
1337,4,[jb@sgihbtn.sierra.com: Re: Xlib for MS/WINDOWS not an XSERVER!!!] Organization:,MemGPT (approx),1,31.1119,ng_1283|ng_1832|ng_242|ng_423|ng_1870,ng_1832
1337,5,Subject: Re: Secret algorithm [Re: Clipper Chip and crypto key-escrow],MemGPT (approx),0,24.7168,ng_122|ng_509|ng_21|ng_1382|ng_1021,ng_1981
1337,6,"8*24 card questions Organization: Howtek, Inc. Reply-To: rick@howtek.MV.COM (Ric",MemGPT (approx),1,27.2977,ng_2069|ng_1138|ng_734|ng_1514|ng_673,ng_734
1337,7,Subject: Re: Membrane keypad with custom legend. Organization: The University,MemGPT (approx),1,23.1829,ng_95|ng_428|ng_1280|ng_1021|ng_2253,ng_95
1337,8,"Re: electronic parts in NYC? Organization: PANIX Public Access Unix,",MemGPT (approx),1,21.3107,ng_1415|ng_2303|ng_2050|ng_2279|ng_1829,ng_1415
1337,9,"Powerbook with a math coprocessor? Keywords: powerbook, math coprocessor, pb160",MemGPT (approx),1,25.4351,ng_1819|ng_2151|ng_892|ng_1398|ng_588,ng_1819
1337,10,Subject: Re: Is a 2 headed Sun 3/60 possible (cgfour0/bwtwo0),MemGPT (approx),1,27.4153,ng_1830|ng_1862|ng_1765|ng_42|ng_2018,ng_1862
1337,11,"Upgrading PB170 Memory Organization: High Altitude Observatory, Boulder CO 80303",MemGPT (approx),1,21.9791,ng_892|ng_2051|ng_1819|ng_108|ng_1836,ng_892
1337,12,"Re: EEG Kit? Nntp-Posting-Host: cec1 Organization: Washington University, St. Lo",MemGPT (approx),1,24.88,ng_1829|ng_1130|ng_84|ng_1969|ng_255,ng_84
1337,13,Re: How to detect use of an illegal cipher? Organization:,MemGPT (approx),1,20.0289,ng_950|ng_1073|ng_304|ng_1660|ng_742,ng_950
1337,14,waiting for a specific event/callback Keywords: event handling Reply-To: Huub.Ba,MemGPT (approx),1,25.8202,ng_2035|ng_858|ng_446|wf05_s4_chunk_0|wf17_s4_chunk_0,ng_2035
1337,15,Mattern)) Subject: Re: PGP 2.2: general comments Nntp-Posting-Host: bloch.inform,MemGPT (approx),0,31.8391,ng_1969|ng_1379|ng_676|ng_235|ng_255,ng_63
1337,16,Subject: 10th International Obfuscated C Code Contest Opening (1 of,MemGPT (approx),1,22.6231,ng_14|ng_1157|ng_187|ng_447|ng_1577,ng_1157
1337,17,"Re: Desktop rebuild and Datadesk keyboard? Organization: University of Illinois,",MemGPT (approx),1,21.5059,ng_842|ng_1461|ng_1193|ng_1847|ng_2144,ng_1461
1337,18,Re: TV RECEPTION: HEELLLPPP!!! Nntp-Posting-Host: aisun3.ai.uga.edu Organization,MemGPT (approx),0,29.6232,ng_1379|ng_1969|ng_676|ng_1942|ng_2078,ng_1301
1337,19,crypto is for hard-core hackers & spooks only From: a_rubin@dsg4.dse.beckman.com,MemGPT (approx),0,26.7068,ng_1073|ng_509|ng_302|ng_1296|ng_1660,ng_1716
1337,20,Re: An Open Letter to Mr. Clinton Organization: Chinet -,MemGPT (approx),0,23.3165,ng_1331|ng_1449|ng_2315|ng_470|ng_258,ng_1784
1337,21,Clipper proposal - key length? Organization: Promis Systems Corp. Lines:,MemGPT (approx),1,25.7788,ng_1331|ng_815|ng_40|ng_2067|ng_209,ng_815
1337,22,The Old Key Registration Idea... Organization: Express Access Online Communicati,MemGPT (approx),1,22.0365,ng_1379|ng_302|ng_1294|ng_878|ng_1172,ng_1294
1337,23,Mac 800 numbers Organization: Case School of Engineering Lines: 90,MemGPT (approx),1,20.6398,ng_588|ng_1252|ng_1346|ng_2139|ng_2094,ng_1252
1337,24,"Re: Once tapped, your code is no good any more.",MemGPT (approx),0,19.946,ng_691|ng_1507|ng_2254|ng_1137|ng_1700,ng_1479
1337,25,"Racet Optical Organization: Computer Science Department, Boston University, Bost",MemGPT (approx),0,21.2473,ng_1803|ng_2251|ng_1052|ng_151|ng_1862,ng_1656
1337,26,level brightness Xmas light set (for Easter? Keywords: xmas Organization:,MemGPT (approx),1,21.9698,ng_382|ng_2251|ng_1850|ng_1421|ng_1529,ng_382
1337,27,Re: Sampling CD audio (was Re: What to put in,MemGPT (approx),1,20.2122,ng_1965|ng_159|ng_788|ng_534|ng_602,ng_1965
1337,28,Re: books/info on audio DSP ?? In-Reply-To: scst83@csc.liv.ac.uk's message of,MemGPT (approx),1,28.6093,ng_834|ng_1763|ng_929|ng_1753|ng_1860,ng_1763
1337,29,Re: How large are commercial keys? Reply-To: bontchev@fbihh.informatik.uni-hambu,MemGPT (approx),1,28.0313,ng_1497|ng_2031|ng_2091|ng_938|ng_1420,ng_1497
1337,30,"Macintosh Awareness Group In Canada Subject: Re: Internal SCSI installation,",MemGPT (approx),1,20.3119,ng_588|ng_309|ng_1652|ng_145|ng_1537,ng_309
1337,31,Subject: RE: need shading program example in X Organization: The,MemGPT (approx),1,20.7732,ng_1637|ng_336|ng_2251|ng_459|ng_151,ng_2251
1337,32,Re: Los Angeles Freeway traffic reports Nntp-Posting-Host: hpfcmgw.fc.hp.com Org,MemGPT (approx),1,27.8229,ng_2079|ng_676|ng_1969|ng_551|ng_1005,ng_551
1337,33,"Duo Dock problems Organization: Computer Science, Liverpool University Lines: 23",MemGPT (approx),1,20.4238,ng_2151|ng_1259|ng_1983|ng_1173|wf13_d3_chunk_0,ng_1173
1337,34,Re: Dmm Advice Needed Organization: The Inquiring Mind BBS 1,MemGPT (approx),0,21.7187,ng_1829|ng_1543|ng_1379|ng_101|wf03_d1_chunk_0,ng_1156
1337,35,Re: What do Nuclear Site's Cooling Towers do? Organization: Hewlett-Packard,MemGPT (approx),1,22.8474,ng_2032|ng_433|ng_1767|ng_1728|ng_12,ng_433
1337,36,"Re: Title for XTerm Organization: Dept. of Computer Science, TU",MemGPT (approx),0,21.8329,ng_1283|ng_474|ng_1012|ng_654|ng_1264,ng_169
1337,37,"Subject: Re: Once tapped, your code is no good any",MemGPT (approx),0,20.553,ng_1700|ng_2254|ng_691|ng_1385|ng_2131,ng_2066
1337,38,Subject: Re: Long distance IR detection Organization: Purdue University Engineer,MemGPT (approx),1,20.5056,ng_1125|ng_1271|ng_924|ng_2063|ng_2265,ng_1125
1337,39,Re: Fighting the Clipper Initiative Organization: Express Access Online Communic,MemGPT (approx),0,25.8945,ng_772|ng_726|ng_2212|ng_2061|ng_906,ng_2128
1337,40,"Subject: Re: Screw the people, crypto is for hard-core hackers",MemGPT (approx),0,33.3155,ng_302|ng_509|ng_1359|ng_1660|ng_335,ng_1756
1337,41,for VGA Monitors Lines: 51 Does anyone know who makes,MemGPT (approx),1,21.0156,ng_1083|ng_1106|ng_87|ng_1638|ng_1148,ng_1106
1337,42,"receiver system Summary: multi channel receiver system? Keywords: telemetry, rec",MemGPT (approx),1,22.961,ng_2175|ng_2092|ng_512|ng_1216|ng_1187,ng_2175
1337,43,Re: arcade style buttons and joysticks Reply-To: acm@Sun.COM (Andrew MacRae),MemGPT (approx),1,25.8064,ng_1926|ng_2230|ng_1639|ng_535|ng_1470,ng_1470
1337,44,constantly rebooting! From: stubbs@hawk.cs.ukans.edu (Jerry Stubbs) Organization,MemGPT (approx),0,28.6835,ng_676|ng_1252|ng_1829|ng_1473|ng_2323,ng_643
1337,45,Subject: Coil Organization: Worcester Polytechnic Institute Lines: 11 NNTP-Posti,MemGPT (approx),1,26.2749,ng_676|ng_433|ng_1947|ng_515|ng_1767,ng_1947
1337,46,Re: text of White House announcement and Q&As on clipper,MemGPT (approx),0,21.3423,ng_1449|ng_1331|ng_277|ng_1347|ng_820,ng_1553
1337,47,"Re: ATARI 2600 Processors Organization: Aiken Computation Lab, Harvard Universit",MemGPT (approx),1,21.5051,ng_765|ng_777|ng_1290|ng_286|ng_90,ng_777
1337,48,Subject: widget for displaying images Nntp-Posting-Host: marvin Organization: Th,MemGPT (approx),1,23.5967,ng_676|ng_1152|ng_1339|ng_1379|ng_1829,ng_1152
1337,49,to factory defaults From: Robert Grapes <R.Grapes@massey.ac.nz> Organization: Ma,MemGPT (approx),1,24.758,ng_1379|ng_744|ng_368|ng_384|ng_1387,ng_1387
1337,50,"programs From: EXTDSM@LURE.LATROBE.EDU.AU (MADDISON,David) Organization: La Trob",MemGPT (approx),0,31.8123,ng_1829|ng_1379|ng_423|ng_1476|ng_1827,ng_34
1337,51,Re: Police radar....Just how does it work?? Reply-To: dtmedin@catbyte.b30.ingr.c,MemGPT (approx),1,33.2336,ng_261|ng_1557|ng_2273|ng_359|ng_2245,ng_261
1337,52,Subject: Re: Radar detector DETECTORS? Organization: Kansas State University Lin,MemGPT (approx),1,21.0233,ng_2273|ng_2245|ng_359|ng_1557|ng_261,ng_2273
1337,53,"Re: Illusion Organization: SSC, Inc., Seattle, WA X-Newsreader: TIN [version",MemGPT (approx),0,24.7152,ng_1829|ng_384|ng_1888|ng_1435|ng_1144,ng_2253
1337,54,Anyone got 200+ Schadow switches with LED? X-Xxmessage-Id: <A7FC6A05A602655F@dia,MemGPT (approx),1,39.254,ng_1421|ng_1888|ng_428|ng_1252|ng_515,ng_1421
1337,55,Denning's Trust) From: kubo@zariski.harvard.edu (Tal Kubo) Distribution: inet Or,MemGPT (approx),0,28.565,ng_1379|ng_384|ng_405|ng_235|ng_690,ng_2332
1337,56,Re: X on Amiga 4000? Article-I.D.: fripp.1993Apr23.195024.24932 Reply-To: jh@cad,MemGPT (approx),1,32.3522,ng_777|ng_1290|ng_765|ng_1743|ng_370,ng_370
1337,57,xterm build problem in Solaris2.1 Reply-To: acker@se01.wg2.waii.com Organization,MemGPT (approx),1,32.1228,ng_1581|ng_1452|ng_1145|ng_1765|ng_1515,ng_1452
1337,58,Compiling help Organization: ITC/UVA Community Access UNIX/Internet Project Line,MemGPT (approx),0,23.6902,ng_1822|ng_447|ng_1036|ng_1368|ng_288,ng_735
1337,59,RE: need shading program example in X Reply-To: Andre_Beck@IRS.Inf.TU-Dresden.DE,MemGPT (approx),1,26.6046,ng_1637|ng_336|ng_151|ng_2251|ng_459,ng_151
1337,60,XtAddEventHandler Organization: The Internet Lines: 29 To: xpert@expo.lcs.mit.ed,MemGPT (approx),0,32.128,ng_1283|ng_1379|ng_1476|ng_556|ng_73,ng_1777
1337,61,Re: X interactive performance In-reply-to: afielden@cbnewsb.cb.att.com's message,MemGPT (approx),1,30.9827,ng_73|ng_1379|wf17_s4_chunk_0|ng_1806|ng_191,ng_191
1337,62,Subject: Re: arcade style buttons and joysticks Organization: Antone's Italian,MemGPT (approx),1,23.9747,ng_535|ng_1926|ng_2230|ng_1639|ng_1290,ng_1926
1337,63,Fwd: PROGRESSIVES HAPPY HOUR Original-To: bb-general@CS.CMU.EDU Organization: Sc,MemGPT (approx),1,27.9829,ng_1379|ng_676|ng_1476|ng_408|ng_1829,ng_408
1337,64,Re: What is Zero dB???? Nntp-Posting-Host: bcarhdd Organization: Bell-Northern R,MemGPT (approx),1,26.8115,ng_676|ng_279|ng_1379|ng_141|ng_530,ng_279
1337,65,"Re: PEM and MIME Organization: Personal Usenet site, Tujunga, CA",MemGPT (approx),1,22.5415,ng_1379|ng_1036|ng_2172|ng_1829|ng_1476,ng_2172
1337,66,Re: IBM-PC XT switch settings Organization: Netcom Online Communications Service,MemGPT (approx),1,20.9773,ng_1283|ng_73|ng_623|ng_1683|ng_619,ng_623
1337,67,"Circuit Cellar Ink address? Organization: University of Washington, Seattle Line",MemGPT (approx),1,20.3071,ng_384|ng_1829|ng_1415|ng_2303|ng_594,ng_384
1337,68,"Re: Motif vs. [Athena, etc.] Organization: CSIRO Division of Radiophysics/Austra",MemGPT (approx),1,23.3402,ng_859|ng_5|ng_2013|ng_158|ng_1968,ng_859
1337,69,"Re: IIsi clock upgrade Organization: Idaho State University, Pocatello Lines:",MemGPT (approx),1,22.0999,ng_2106|ng_1058|ng_505|ng_1869|ng_270,ng_270
1337,70,"Subject: Re: Screw the people, crypto is for hard-core hackers",MemGPT (approx),0,21.7743,ng_302|ng_1359|ng_1660|ng_335|ng_1296,ng_1169
1337,71,"Subject: Re: Motif vs. [Athena, etc.] Organization: Bond University, AUSTRALIA",MemGPT (approx),1,21.592,ng_2013|ng_859|ng_5|ng_158|ng_1968,ng_2013
1337,72,Re: MacX 1.2 color problem Reply-To: dshaker@qualix.com Organization: QUALiX Gro,MemGPT (approx),1,26.2992,ng_830|ng_20|ng_745|ng_222|ng_1486,ng_830
1337,73,Re: Converting contents of X-window to color postscript Organization: Dept.,MemGPT (approx),1,21.3067,ng_51|ng_585|ng_1191|ng_192|ng_2251,ng_585
1337,74,Re: Motorola XC68882RC33 and RC50 Organization: U of Toronto Zoology,MemGPT (approx),1,23.782,ng_986|ng_951|ng_1140|ng_2112|ng_2257,ng_986
1337,75,"WANTED: X & security posting Organization: TRW Systems Division, Fairfax",MemGPT (approx),1,20.846,ng_1283|ng_1648|ng_1143|ng_1795|ng_976,ng_1648
1337,76,frontplate for SyQuest in IIvi/IIvx/C650? Nntp-Posting-Host: lk-hp-7.hut.fi Repl,MemGPT (approx),1,35.9071,ng_1744|ng_423|ng_651|ng_255|ng_235,ng_1744
1337,77,how to put RPC in HP X/motif environment? Organization: Columbia,MemGPT (approx),1,22.0012,ng_62|ng_1283|ng_425|ng_1962|ng_2255,ng_62
1337,78,"Bob ""Putz"" Cain (was: Pgp and other BS) Nntp-Posting-Host: next7.cs.umr.edu",MemGPT (approx),0,29.2129,ng_235|ng_676|ng_255|ng_423|ng_1969,ng_803
1337,79,Subject: Re: Centris 610 Video Problem - I'm having it,MemGPT (approx),1,27.0704,ng_1062|ng_1027|ng_178|ng_416|ng_203,ng_1027
1337,80,"Subject: Re: Mix GL with X (Xlib,Xt,mwm) Organization: Surf City",MemGPT (approx),1,35.0835,ng_1283|ng_1563|ng_1200|ng_2181|ng_2187,ng_1563
1337,81,Re: Mysterious beeping Nntp-Posting-Host: hpcvusj.cv.hp.com Reply-To: tommc@cv.h,MemGPT (approx),1,32.0329,ng_676|ng_425|ng_2239|ng_1422|ng_651,ng_1422
1337,82,Subject: Needed 24 volt 4 circuit Flasher Organization: Amateur Radio,MemGPT (approx),1,20.2541,ng_396|ng_525|ng_1708|ng_1216|ng_665,ng_396
1337,83,"Re: Once tapped, your code is no good any more.",MemGPT (approx),0,20.7465,ng_1137|ng_1700|ng_691|ng_1507|ng_2254,ng_1436
1337,84,help - how to constru Distribution: world Organization: Ozone Online,MemGPT (approx),0,20.9883,ng_1379|ng_1767|ng_271|ng_976|ng_1435,ng_751
1337,85,"Help: Event propagation Organization: Department of Scientific Computing, Uppsal",MemGPT (approx),1,21.2803,ng_1435|ng_1379|ng_1646|wf12_s4_chunk_0|ng_933,ng_1646
1337,86,sony 1304 & Rasterops 24sx(si) for SALE! - UPDATE!! Article-I.D.:,MemGPT (approx),0,25.6974,ng_259|ng_999|ng_656|ng_346|ng_1404,ng_1612
1337,87,Re: text of White House announcement and Q&As on clipper,MemGPT (approx),0,20.4853,ng_1449|ng_1331|ng_277|ng_1347|ng_820,ng_2204
1337,88,Re: Secret algorithm [Re: Clipper Chip and crypto key-escrow] Keywords:,MemGPT (approx),0,22.6387,ng_509|ng_1382|ng_21|ng_122|ng_1021,ng_1987
1337,89,Re: The source of that announcement Organization: PANIX Public Access,MemGPT (approx),1,19.9495,ng_1449|ng_1379|ng_820|ng_2337|ng_2218,ng_2337
1337,90,Re: Secret algorithm [Re: Clipper Chip and crypto key-escrow] Keywords:,MemGPT (approx),1,24.2647,ng_509|ng_1382|ng_21|ng_122|ng_1021,ng_509
1337,91,Re: text of White House announcement and Q&As on clipper,MemGPT (approx),0,21.2756,ng_1331|ng_277|ng_1449|ng_1347|ng_820,ng_1077
1337,92,"Re: Once tapped, your code is no good any more.",MemGPT (approx),0,22.312,ng_1137|ng_1700|ng_691|ng_1507|ng_2254,ng_312
1337,93,"Re: Once tapped, your code is no good any more.",MemGPT (approx),0,22.2899,ng_691|ng_1507|ng_2254|ng_1137|ng_1700,ng_653
1337,94,Re: The [secret] source of that announcement Organization: DSI/USCRPAC Lines:,MemGPT (approx),0,25.5503,ng_2218|ng_1449|ng_1331|ng_1407|ng_1504,ng_1208
1337,95,Re: How do they know what keys to ask for?,MemGPT (approx),1,20.8792,ng_938|ng_699|ng_381|ng_1101|ng_1584,ng_699
1337,96,Re: 80-bit keyseach machine Organization: Advanced RISC Machines Ltd Lines:,MemGPT (approx),0,23.5436,ng_938|ng_2031|ng_763|ng_2091|ng_16,ng_1774
1337,97,"Re: Would ""clipper"" make a good cover for other encryption",MemGPT (approx),0,21.0543,ng_102|ng_900|ng_1808|ng_19|ng_329,ng_59
1337,98,Mysterious MOSFET Organization: NASA Langley Research Center and Reptile Farm,MemGPT (approx),1,24.0292,ng_2057|ng_2103|ng_889|ng_2341|ng_1968,ng_2057
1337,99,EICO tube tester repairs? Reply-To: ...futserv.austin.ibm.com!rg Organization: I,MemGPT (approx),1,28.6212,ng_1431|ng_889|ng_217|ng_2145|ng_1186,ng_1431
1337,100,What is the JWT expiry policy for JWT Authentication?,MemGPT (approx),1,20.2788,wf01_s5_chunk_0|wf01_s1_chunk_0|wf01_d1_chunk_0|wf01_d2_chunk_0|wf01_d3_chunk_0,wf01_s1_chunk_0
1337,101,How is JWT expiry implemented using PyJWT+Redis?,MemGPT (approx),1,22.7672,wf01_s1_chunk_0|wf01_d2_chunk_0|wf01_s5_chunk_0|wf01_d3_chunk_0|wf01_d1_chunk_0,wf01_s1_chunk_0
1337,102,Find the backend standard for session token lifetime.,MemGPT (approx),1,23.9558,wf01_d3_chunk_0|wf01_d2_chunk_0|wf01_s1_chunk_0|wf01_s5_chunk_0|wf01_d1_chunk_0,wf01_s1_chunk_0|wf01_s4_chunk_0
1337,103,Summarise the technical decision on session token lifetime during JWT Authentica,MemGPT (approx),0,21.6999,wf01_d3_chunk_0|wf01_d2_chunk_0|wf01_s5_chunk_0|wf01_d1_chunk_0|wf01_s1_chunk_0,wf01_s4_chunk_0
1337,104,What is the final JWT expiry rule deployed to production after the sprint overri,MemGPT (approx),1,22.6298,wf01_s5_chunk_0|wf01_s1_chunk_0|wf01_d1_chunk_0|wf01_d2_chunk_0|wf01_d3_chunk_0,wf01_s5_chunk_0
1337,105,"Was the temporary 60-minute expiry change kept, or did we revert to the original",MemGPT (approx),1,26.4146,wf01_d2_chunk_0|wf01_d3_chunk_0|wf01_d1_chunk_0|wf01_s5_chunk_0|wf01_s1_chunk_0,wf01_s3_chunk_0|wf01_s5_chunk_0
1337,106,Which document defines 15-minute expiry as the approved JWT expiry setting?,MemGPT (approx),1,23.0368,wf01_d1_chunk_0|wf01_s5_chunk_0|wf01_d2_chunk_0|wf01_s1_chunk_0|wf01_d3_chunk_0,wf01_s1_chunk_0
1337,107,Confirm the architecture decision that adopted 15-minute expiry for JWT Authenti,MemGPT (approx),1,21.9965,wf01_s5_chunk_0|wf01_d1_chunk_0|wf01_s1_chunk_0|wf01_d2_chunk_0|wf01_d3_chunk_0,wf01_s1_chunk_0
1337,108,What is the primary keys policy for Database Schema?,MemGPT (approx),1,20.5595,wf02_d1_chunk_0|wf02_d2_chunk_0|wf02_s5_chunk_0|wf02_s1_chunk_0|wf02_d3_chunk_0,wf02_s1_chunk_0
1337,109,How is primary keys implemented using Alembic+PostgreSQL?,MemGPT (approx),1,22.4134,wf02_s1_chunk_0|wf02_d2_chunk_0|wf02_d1_chunk_0|wf02_d3_chunk_0|wf02_s5_chunk_0,wf02_s1_chunk_0
1337,110,Find the backend standard for row identifier scheme.,MemGPT (approx),1,21.0407,wf02_s1_chunk_0|wf02_d3_chunk_0|wf02_d2_chunk_0|wf02_s4_chunk_0|wf02_s5_chunk_0,wf02_s1_chunk_0|wf02_s4_chunk_0
1337,111,Summarise the technical decision on row identifier scheme during Database Schema,MemGPT (approx),1,23.5815,wf02_s4_chunk_0|wf02_d3_chunk_0|wf02_d1_chunk_0|wf02_s1_chunk_0|wf02_d2_chunk_0,wf02_s4_chunk_0
1337,112,What is the final primary keys rule deployed to production after the sprint over,MemGPT (approx),1,22.192,wf02_s5_chunk_0|wf02_d1_chunk_0|wf02_d2_chunk_0|wf02_s1_chunk_0|wf02_d3_chunk_0,wf02_s5_chunk_0
1337,113,"Was the temporary auto-incrementing integer PKs change kept, or did we revert to",MemGPT (approx),1,26.0585,wf02_s5_chunk_0|wf02_s1_chunk_0|wf02_d3_chunk_0|wf02_d2_chunk_0|wf02_s3_chunk_0,wf02_s3_chunk_0|wf02_s5_chunk_0
1337,114,Which document defines UUID primary keys as the approved primary keys setting?,MemGPT (approx),1,20.5434,wf02_s1_chunk_0|wf02_s5_chunk_0|wf02_d2_chunk_0|wf02_d1_chunk_0|wf02_d3_chunk_0,wf02_s1_chunk_0
1337,115,Confirm the architecture decision that adopted UUID primary keys for Database Sc,MemGPT (approx),1,21.3763,wf02_s5_chunk_0|wf02_s1_chunk_0|wf02_d3_chunk_0|wf02_d2_chunk_0|wf02_d1_chunk_0,wf02_s1_chunk_0
1337,116,What is the domain boundary policy for Microservice Context?,MemGPT (approx),1,20.6298,wf03_d1_chunk_0|wf03_s5_chunk_0|wf03_s1_chunk_0|wf03_d2_chunk_0|wf03_d3_chunk_0,wf03_s1_chunk_0
1337,117,How is domain boundary implemented using gRPC+Protobuf?,MemGPT (approx),1,20.8026,wf03_s1_chunk_0|wf03_d1_chunk_0|wf03_s5_chunk_0|wf14_s1_chunk_0|wf14_d2_chunk_0,wf03_s1_chunk_0
1337,118,Find the architecture standard for inter-service coupling.,MemGPT (approx),1,19.3281,wf03_d3_chunk_0|wf03_s1_chunk_0|wf03_s4_chunk_0|wf03_d2_chunk_0|wf19_s4_chunk_0,wf03_s1_chunk_0|wf03_s4_chunk_0
1337,119,Summarise the technical decision on inter-service coupling during Microservice C,MemGPT (approx),1,22.4994,wf03_d3_chunk_0|wf03_d2_chunk_0|wf03_s1_chunk_0|wf03_s4_chunk_0|wf03_d1_chunk_0,wf03_s4_chunk_0
1337,120,What is the final domain boundary rule deployed to production after the sprint o,MemGPT (approx),1,20.8513,wf03_d1_chunk_0|wf03_s1_chunk_0|wf03_s5_chunk_0|wf04_s3_chunk_0|wf15_s3_chunk_0,wf03_s5_chunk_0
1337,121,"Was the temporary shared database schema change kept, or did we revert to the or",MemGPT (approx),1,23.831,wf03_d3_chunk_0|wf15_s3_chunk_0|wf03_d2_chunk_0|wf03_s5_chunk_0|wf03_s3_chunk_0,wf03_s3_chunk_0|wf03_s5_chunk_0
1337,122,Which document defines strict domain boundary as the approved domain boundary se,MemGPT (approx),1,19.8207,wf03_s5_chunk_0|wf03_s1_chunk_0|wf03_d1_chunk_0|ng_1073|wf16_d1_chunk_0,wf03_s1_chunk_0
1337,123,Confirm the architecture decision that adopted strict domain boundary for Micros,MemGPT (approx),1,21.4402,wf03_s5_chunk_0|wf03_d1_chunk_0|wf03_s1_chunk_0|wf03_d3_chunk_0|wf03_d2_chunk_0,wf03_s1_chunk_0
1337,124,What is the PR approvals policy for CI/CD Pipeline?,MemGPT (approx),1,23.1313,wf04_s3_chunk_0|wf04_d2_chunk_0|wf04_s5_chunk_0|wf04_d1_chunk_0|wf04_s1_chunk_0,wf04_s1_chunk_0
1337,125,How is PR approvals implemented using GitHub Actions?,MemGPT (approx),1,31.9069,wf04_s1_chunk_0|wf04_d2_chunk_0|wf04_s5_chunk_0|wf04_d1_chunk_0|wf04_s3_chunk_0,wf04_s1_chunk_0
1337,126,Find the devops standard for merge gate policy.,MemGPT (approx),1,21.8873,wf04_s1_chunk_0|wf04_s5_chunk_0|wf04_d2_chunk_0|wf04_d1_chunk_0|wf03_s5_chunk_0,wf04_s1_chunk_0|wf04_s4_chunk_0
1337,127,Summarise the technical decision on merge gate policy during CI/CD Pipeline desi,MemGPT (approx),0,22.1156,wf04_s1_chunk_0|wf04_s5_chunk_0|wf04_d2_chunk_0|wf04_d1_chunk_0|wf04_s3_chunk_0,wf04_s4_chunk_0
1337,128,What is the final PR approvals rule deployed to production after the sprint over,MemGPT (approx),1,22.161,wf04_s5_chunk_0|wf04_s3_chunk_0|wf04_d1_chunk_0|wf04_d2_chunk_0|wf15_s3_chunk_0,wf04_s5_chunk_0
1337,129,"Was the temporary admin bypass override change kept, or did we revert to the ori",MemGPT (approx),1,24.3991,wf04_s3_chunk_0|wf04_s5_chunk_0|wf03_s5_chunk_0|wf19_s5_chunk_0|wf15_s5_chunk_0,wf04_s3_chunk_0|wf04_s5_chunk_0
1337,130,Which document defines require 2 PR approvals as the approved PR approvals setti,MemGPT (approx),1,20.9793,wf04_d2_chunk_0|wf04_d1_chunk_0|wf04_s5_chunk_0|wf04_s1_chunk_0|wf16_d1_chunk_0,wf04_s1_chunk_0
1337,131,Confirm the architecture decision that adopted require 2 PR approvals for CI/CD ,MemGPT (approx),1,21.414,wf04_s1_chunk_0|wf04_d2_chunk_0|wf04_s5_chunk_0|wf04_d1_chunk_0|wf04_s3_chunk_0,wf04_s1_chunk_0
1337,132,What is the trace sampling policy for Observability Stack?,MemGPT (approx),1,19.7287,wf05_d2_chunk_0|wf05_s5_chunk_0|wf05_d1_chunk_0|wf05_s1_chunk_0|wf05_d3_chunk_0,wf05_s1_chunk_0
1337,133,How is trace sampling implemented using OpenTelemetry?,MemGPT (approx),1,19.2692,wf05_s1_chunk_0|wf05_d2_chunk_0|wf05_d3_chunk_0|wf05_d1_chunk_0|wf05_s5_chunk_0,wf05_s1_chunk_0
1337,134,Find the devops standard for telemetry capture rate.,MemGPT (approx),1,20.2994,wf05_s1_chunk_0|wf05_d2_chunk_0|wf05_d1_chunk_0|wf05_s4_chunk_0|ng_2127,wf05_s1_chunk_0|wf05_s4_chunk_0
1337,135,Summarise the technical decision on telemetry capture rate during Observability ,MemGPT (approx),1,24.6974,wf05_s1_chunk_0|wf05_s4_chunk_0|wf05_d1_chunk_0|wf05_d3_chunk_0|wf05_d2_chunk_0,wf05_s4_chunk_0
1337,136,What is the final trace sampling rule deployed to production after the sprint ov,MemGPT (approx),1,22.3262,wf05_s5_chunk_0|wf05_d2_chunk_0|wf05_d1_chunk_0|wf05_d3_chunk_0|wf05_s1_chunk_0,wf05_s5_chunk_0
1337,137,"Was the temporary 100% full trace sampling change kept, or did we revert to the ",MemGPT (approx),1,30.2209,wf05_d2_chunk_0|wf05_d1_chunk_0|wf05_s1_chunk_0|wf05_s5_chunk_0|wf05_d3_chunk_0,wf05_s3_chunk_0|wf05_s5_chunk_0
1337,138,Which document defines 10% trace sampling as the approved trace sampling setting,MemGPT (approx),1,35.8504,wf05_d2_chunk_0|wf05_d1_chunk_0|wf05_s5_chunk_0|wf05_s1_chunk_0|wf05_d3_chunk_0,wf05_s1_chunk_0
1337,139,Confirm the architecture decision that adopted 10% trace sampling for Observabil,MemGPT (approx),1,35.4523,wf05_s1_chunk_0|wf05_d2_chunk_0|wf05_s5_chunk_0|wf05_d1_chunk_0|wf05_d3_chunk_0,wf05_s1_chunk_0
1337,140,What is the rate limit policy for API Gateway Rate Limiting?,MemGPT (approx),0,35.7387,wf06_d2_chunk_0|wf06_s5_chunk_0|wf06_d1_chunk_0|wf06_d3_chunk_0|wf06_s4_chunk_0,wf06_s1_chunk_0
1337,141,How is rate limit implemented using nginx+Lua?,MemGPT (approx),1,34.9365,wf06_s4_chunk_0|wf06_d2_chunk_0|wf06_d1_chunk_0|wf06_s5_chunk_0|wf06_s1_chunk_0,wf06_s1_chunk_0
1337,142,Find the backend standard for inbound request throttle.,MemGPT (approx),1,33.4827,wf06_s4_chunk_0|wf06_s5_chunk_0|wf06_d3_chunk_0|wf06_s1_chunk_0|wf06_d1_chunk_0,wf06_s1_chunk_0|wf06_s4_chunk_0
1337,143,Summarise the technical decision on inbound request throttle during API Gateway ,MemGPT (approx),1,40.5442,wf06_s4_chunk_0|wf06_d3_chunk_0|wf06_d1_chunk_0|wf06_s5_chunk_0|wf06_d2_chunk_0,wf06_s4_chunk_0
1337,144,What is the final rate limit rule deployed to production after the sprint overri,MemGPT (approx),1,35.4323,wf06_s5_chunk_0|wf06_d1_chunk_0|wf06_d2_chunk_0|wf06_s1_chunk_0|wf06_d3_chunk_0,wf06_s5_chunk_0
1337,145,"Was the temporary unlimited bursting change kept, or did we revert to the origin",MemGPT (approx),1,36.9045,wf06_s5_chunk_0|wf06_d3_chunk_0|wf06_d1_chunk_0|wf06_s4_chunk_0|wf06_d2_chunk_0,wf06_s3_chunk_0|wf06_s5_chunk_0
1337,146,Which document defines 100 RPM rate limit as the approved rate limit setting?,MemGPT (approx),1,29.584,wf06_d2_chunk_0|wf06_d1_chunk_0|wf06_s1_chunk_0|wf06_d3_chunk_0|wf06_s5_chunk_0,wf06_s1_chunk_0
1337,147,Confirm the architecture decision that adopted 100 RPM rate limit for API Gatewa,MemGPT (approx),1,33.4062,wf06_d3_chunk_0|wf06_s5_chunk_0|wf06_d2_chunk_0|wf06_d1_chunk_0|wf06_s1_chunk_0,wf06_s1_chunk_0
1337,148,What is the cache TTL policy for Distributed Caching?,MemGPT (approx),1,29.9086,wf07_d2_chunk_0|wf07_s5_chunk_0|wf07_d1_chunk_0|wf07_d3_chunk_0|wf07_s1_chunk_0,wf07_s1_chunk_0
1337,149,How is cache TTL implemented using redis-py?,MemGPT (approx),1,29.5692,wf07_s1_chunk_0|wf07_d2_chunk_0|wf07_d3_chunk_0|wf07_s3_chunk_0|wf07_s5_chunk_0,wf07_s1_chunk_0
1337,0,Re: Police radar....Just how does it work?? Organization: your service,MemoryBank (approx),1,40.4574,ng_1557|ng_96|ng_2273|ng_359|ng_2257,ng_359
1337,1,HP 2623A graphics terminal emulators Summary: Need application to emulate,MemoryBank (approx),1,37.5213,ng_2041|ng_226|ng_724|ng_1636|ng_842,ng_2041
1337,2,Re: text of White House announcement and Q&As on clipper,MemoryBank (approx),0,36.293,ng_1331|ng_277|ng_1449|ng_1347|ng_820,ng_1246
1337,3,Subject: Re: wrong RAM in Duo? Organization: U. C. Berkeley,MemoryBank (approx),1,32.2643,ng_2051|ng_958|ng_562|ng_2351|ng_149,ng_2051
1337,4,[jb@sgihbtn.sierra.com: Re: Xlib for MS/WINDOWS not an XSERVER!!!] Organization:,MemoryBank (approx),1,47.3388,ng_1283|ng_1832|ng_242|ng_423|ng_1870,ng_1832
1337,5,Subject: Re: Secret algorithm [Re: Clipper Chip and crypto key-escrow],MemoryBank (approx),0,37.1213,ng_509|ng_21|ng_1382|ng_1021|ng_1626,ng_1981
1337,6,"8*24 card questions Organization: Howtek, Inc. Reply-To: rick@howtek.MV.COM (Ric",MemoryBank (approx),1,41.1675,ng_734|ng_1514|ng_673|ng_1399|ng_1140,ng_734
1337,7,Subject: Re: Membrane keypad with custom legend. Organization: The University,MemoryBank (approx),1,37.6816,ng_21|ng_1021|ng_1382|ng_724|ng_95,ng_95
1337,8,"Re: electronic parts in NYC? Organization: PANIX Public Access Unix,",MemoryBank (approx),1,30.9669,ng_1283|ng_242|ng_1415|ng_2303|ng_2050,ng_1415
1337,9,"Powerbook with a math coprocessor? Keywords: powerbook, math coprocessor, pb160",MemoryBank (approx),1,39.565,ng_1819|ng_2151|ng_892|ng_1398|ng_588,ng_1819
1337,10,Subject: Re: Is a 2 headed Sun 3/60 possible (cgfour0/bwtwo0),MemoryBank (approx),1,41.2446,ng_1830|ng_1862|ng_1765|ng_42|ng_2018,ng_1862
1337,11,"Upgrading PB170 Memory Organization: High Altitude Observatory, Boulder CO 80303",MemoryBank (approx),1,32.4921,ng_892|ng_2018|ng_1819|ng_2051|ng_2351,ng_892
1337,12,"Re: EEG Kit? Nntp-Posting-Host: cec1 Organization: Washington University, St. Lo",MemoryBank (approx),1,38.692,ng_1140|ng_1399|ng_1130|ng_84|ng_1969,ng_84
1337,13,Re: How to detect use of an illegal cipher? Organization:,MemoryBank (approx),1,30.0989,ng_950|ng_1073|ng_304|ng_1660|ng_742,ng_950
1337,14,waiting for a specific event/callback Keywords: event handling Reply-To: Huub.Ba,MemoryBank (approx),1,38.1444,ng_2035|ng_858|ng_446|wf05_s4_chunk_0|wf17_s4_chunk_0,ng_2035
1337,15,Mattern)) Subject: Re: PGP 2.2: general comments Nntp-Posting-Host: bloch.inform,MemoryBank (approx),0,47.1038,ng_1969|ng_1379|ng_676|ng_235|ng_255,ng_63
1337,16,Subject: 10th International Obfuscated C Code Contest Opening (1 of,MemoryBank (approx),1,33.8733,ng_1660|ng_14|ng_1157|ng_187|ng_447,ng_1157
1337,17,"Re: Desktop rebuild and Datadesk keyboard? Organization: University of Illinois,",MemoryBank (approx),1,32.0506,ng_724|ng_842|ng_1636|ng_1461|ng_1193,ng_1461
1337,18,Re: TV RECEPTION: HEELLLPPP!!! Nntp-Posting-Host: aisun3.ai.uga.edu Organization,MemoryBank (approx),0,49.9682,ng_1379|ng_1969|ng_676|ng_1942|ng_2078,ng_1301
1337,19,crypto is for hard-core hackers & spooks only From: a_rubin@dsg4.dse.beckman.com,MemoryBank (approx),0,45.6242,ng_1660|ng_1073|ng_1382|ng_509|ng_302,ng_1716
1337,20,Re: An Open Letter to Mr. Clinton Organization: Chinet -,MemoryBank (approx),0,31.7843,ng_1331|ng_1449|ng_820|ng_2315|ng_470,ng_1784
1337,21,Clipper proposal - key length? Organization: Promis Systems Corp. Lines:,MemoryBank (approx),1,33.674,ng_1331|ng_1626|ng_1347|ng_815|ng_40,ng_815
1337,22,The Old Key Registration Idea... Organization: Express Access Online Communicati,MemoryBank (approx),1,31.4082,ng_302|ng_1379|ng_1294|ng_878|ng_1172,ng_1294
1337,23,Mac 800 numbers Organization: Case School of Engineering Lines: 90,MemoryBank (approx),1,32.312,ng_588|ng_1415|ng_1252|ng_1346|ng_2139,ng_1252
1337,24,"Re: Once tapped, your code is no good any more.",MemoryBank (approx),0,33.8882,ng_1172|ng_691|ng_1507|ng_2254|ng_1137,ng_1479
1337,25,"Racet Optical Organization: Computer Science Department, Boston University, Bost",MemoryBank (approx),0,38.2778,ng_1862|ng_1830|ng_1803|ng_2251|ng_1052,ng_1656
1337,26,level brightness Xmas light set (for Easter? Keywords: xmas Organization:,MemoryBank (approx),1,36.622,ng_2251|ng_95|ng_382|ng_1850|ng_1421,ng_382
1337,27,Re: Sampling CD audio (was Re: What to put in,MemoryBank (approx),1,31.8484,ng_1965|ng_159|ng_788|ng_534|ng_602,ng_1965
1337,28,Re: books/info on audio DSP ?? In-Reply-To: scst83@csc.liv.ac.uk's message of,MemoryBank (approx),1,48.5287,ng_159|ng_834|ng_1763|ng_929|ng_1753,ng_1763
1337,29,Re: How large are commercial keys? Reply-To: bontchev@fbihh.informatik.uni-hambu,MemoryBank (approx),1,52.7107,ng_815|ng_1660|ng_1021|ng_1497|ng_2031,ng_1497
1337,30,"Macintosh Awareness Group In Canada Subject: Re: Internal SCSI installation,",MemoryBank (approx),1,49.5481,ng_588|ng_309|ng_1652|ng_145|ng_1537,ng_309
1337,31,Subject: RE: need shading program example in X Organization: The,MemoryBank (approx),1,25.8476,ng_2251|ng_1636|ng_1637|ng_336|ng_459,ng_2251
1337,32,Re: Los Angeles Freeway traffic reports Nntp-Posting-Host: hpfcmgw.fc.hp.com Org,MemoryBank (approx),0,28.9495,ng_1969|ng_676|ng_235|ng_255|ng_2079,ng_551
1337,33,"Duo Dock problems Organization: Computer Science, Liverpool University Lines: 23",MemoryBank (approx),0,22.0119,ng_842|ng_2151|ng_1832|ng_1259|ng_1983,ng_1173
1337,34,Re: Dmm Advice Needed Organization: The Inquiring Mind BBS 1,MemoryBank (approx),0,20.9709,ng_1660|ng_1379|ng_1829|ng_1543|ng_101,ng_1156
1337,35,Re: What do Nuclear Site's Cooling Towers do? Organization: Hewlett-Packard,MemoryBank (approx),1,21.7255,ng_1379|ng_1829|ng_2032|ng_433|ng_1767,ng_433
1337,36,"Re: Title for XTerm Organization: Dept. of Computer Science, TU",MemoryBank (approx),0,20.8787,ng_1379|ng_1283|ng_474|ng_1012|ng_654,ng_169
1337,37,"Subject: Re: Once tapped, your code is no good any",MemoryBank (approx),0,19.9133,ng_2254|ng_691|ng_1507|ng_1137|ng_40,ng_2066
1337,38,Subject: Re: Long distance IR detection Organization: Purdue University Engineer,MemoryBank (approx),1,19.5673,wf05_s4_chunk_0|ng_96|ng_2273|ng_1125|ng_1271,ng_1125
1337,39,Re: Fighting the Clipper Initiative Organization: Express Access Online Communic,MemoryBank (approx),0,19.9147,ng_1379|ng_1829|ng_772|ng_726|ng_2212,ng_2128
1337,40,"Subject: Re: Screw the people, crypto is for hard-core hackers",MemoryBank (approx),0,21.0733,ng_2212|ng_1660|ng_1021|ng_302|ng_1382,ng_1756
1337,41,for VGA Monitors Lines: 51 Does anyone know who makes,MemoryBank (approx),1,19.7,ng_1803|ng_1083|ng_1106|ng_87|ng_1638,ng_1106
1337,42,"receiver system Summary: multi channel receiver system? Keywords: telemetry, rec",MemoryBank (approx),1,22.4131,wf05_s4_chunk_0|ng_1942|ng_2078|ng_2175|ng_2092,ng_2175
1337,43,Re: arcade style buttons and joysticks Reply-To: acm@Sun.COM (Andrew MacRae),MemoryBank (approx),0,24.7393,ng_1421|ng_724|ng_1926|ng_2230|ng_1639,ng_1470
1337,44,constantly rebooting! From: stubbs@hawk.cs.ukans.edu (Jerry Stubbs) Organization,MemoryBank (approx),0,26.1213,ng_1379|ng_1829|ng_1969|ng_676|ng_1767,ng_643
1337,45,Subject: Coil Organization: Worcester Polytechnic Institute Lines: 11 NNTP-Posti,MemoryBank (approx),0,25.8805,ng_676|ng_1767|ng_1969|ng_474|ng_433,ng_1947
1337,46,Re: text of White House announcement and Q&As on clipper,MemoryBank (approx),0,20.784,ng_40|ng_1331|ng_1347|ng_1449|ng_820,ng_1553
1337,47,"Re: ATARI 2600 Processors Organization: Aiken Computation Lab, Harvard Universit",MemoryBank (approx),1,21.7313,ng_1829|ng_842|ng_765|ng_777|ng_1290,ng_777
1337,48,Subject: widget for displaying images Nntp-Posting-Host: marvin Organization: Th,MemoryBank (approx),0,23.0399,ng_1829|ng_1969|ng_676|ng_1379|ng_235,ng_1152
1337,49,to factory defaults From: Robert Grapes <R.Grapes@massey.ac.nz> Organization: Ma,MemoryBank (approx),0,25.1468,ng_1379|ng_1415|ng_242|ng_744|ng_368,ng_1387
1337,50,"programs From: EXTDSM@LURE.LATROBE.EDU.AU (MADDISON,David) Organization: La Trob",MemoryBank (approx),0,31.7633,ng_1379|ng_1829|ng_474|ng_255|ng_423,ng_34
1337,51,Re: Police radar....Just how does it work?? Reply-To: dtmedin@catbyte.b30.ingr.c,MemoryBank (approx),0,30.4182,ng_2273|ng_96|ng_1557|ng_359|ng_2257,ng_261
1337,52,Subject: Re: Radar detector DETECTORS? Organization: Kansas State University Lin,MemoryBank (approx),1,22.28,ng_2273|ng_96|ng_2257|ng_359|ng_1557,ng_2273
1337,53,"Re: Illusion Organization: SSC, Inc., Seattle, WA X-Newsreader: TIN [version",MemoryBank (approx),0,24.1498,ng_1829|ng_724|ng_2251|ng_336|ng_1637,ng_2253
1337,54,Anyone got 200+ Schadow switches with LED? X-Xxmessage-Id: <A7FC6A05A602655F@dia,MemoryBank (approx),1,38.5186,ng_724|ng_1421|ng_2254|ng_95|ng_382,ng_1421
1337,55,Denning's Trust) From: kubo@zariski.harvard.edu (Tal Kubo) Distribution: inet Or,MemoryBank (approx),0,27.7834,ng_1379|ng_235|ng_1767|ng_405|ng_690,ng_2332
1337,56,Re: X on Amiga 4000? Article-I.D.: fripp.1993Apr23.195024.24932 Reply-To: jh@cad,MemoryBank (approx),0,32.1006,ng_242|ng_777|ng_1290|ng_765|ng_1537,ng_370
1337,57,xterm build problem in Solaris2.1 Reply-To: acker@se01.wg2.waii.com Organization,MemoryBank (approx),1,28.925,ng_2018|ng_1765|ng_1581|ng_1452|ng_1145,ng_1452
1337,58,Compiling help Organization: ITC/UVA Community Access UNIX/Internet Project Line,MemoryBank (approx),0,22.2756,ng_1452|ng_1145|ng_1581|ng_1252|ng_447,ng_735
1337,59,RE: need shading program example in X Reply-To: Andre_Beck@IRS.Inf.TU-Dresden.DE,MemoryBank (approx),0,27.4899,ng_1765|ng_2251|ng_1421|ng_1637|ng_336,ng_151
1337,60,XtAddEventHandler Organization: The Internet Lines: 29 To: xpert@expo.lcs.mit.ed,MemoryBank (approx),0,28.0764,ng_1379|ng_242|ng_1829|ng_255|ng_423,ng_1777
1337,61,Re: X interactive performance In-reply-to: afielden@cbnewsb.cb.att.com's message,MemoryBank (approx),0,28.1985,ng_1379|wf17_s4_chunk_0|ng_2035|ng_858|ng_1806,ng_191
1337,62,Subject: Re: arcade style buttons and joysticks Organization: Antone's Italian,MemoryBank (approx),0,22.7988,ng_1829|ng_1290|ng_724|ng_765|ng_777,ng_1926
1337,63,Fwd: PROGRESSIVES HAPPY HOUR Original-To: bb-general@CS.CMU.EDU Organization: Sc,MemoryBank (approx),0,26.3875,ng_1829|ng_1379|ng_1767|ng_1969|ng_474,ng_408
1337,64,Re: What is Zero dB???? Nntp-Posting-Host: bcarhdd Organization: Bell-Northern R,MemoryBank (approx),0,26.2161,ng_1379|ng_1969|ng_1767|ng_235|ng_690,ng_279
1337,65,"Re: PEM and MIME Organization: Personal Usenet site, Tujunga, CA",MemoryBank (approx),0,21.7708,ng_1379|ng_1829|ng_255|ng_744|ng_726,ng_2172
1337,66,Re: IBM-PC XT switch settings Organization: Netcom Online Communications Service,MemoryBank (approx),1,22.4359,ng_242|ng_1283|ng_1140|ng_1399|ng_623,ng_623
1337,67,"Circuit Cellar Ink address? Organization: University of Washington, Seattle Line",MemoryBank (approx),0,21.7751,ng_1829|ng_1767|ng_1415|ng_2079|ng_2303,ng_384
1337,68,"Re: Motif vs. [Athena, etc.] Organization: CSIRO Division of Radiophysics/Austra",MemoryBank (approx),0,22.8774,ng_1829|ng_1767|ng_242|ng_744|ng_2257,ng_859
1337,69,"Re: IIsi clock upgrade Organization: Idaho State University, Pocatello Lines:",MemoryBank (approx),0,27.0167,ng_1415|ng_1969|ng_588|ng_1346|ng_2139,ng_270
1337,70,"Subject: Re: Screw the people, crypto is for hard-core hackers",MemoryBank (approx),0,23.0171,ng_1660|ng_1382|ng_1021|ng_302|ng_2212,ng_1169
1337,71,"Subject: Re: Motif vs. [Athena, etc.] Organization: Bond University, AUSTRALIA",MemoryBank (approx),0,30.0843,ng_1829|ng_242|ng_744|ng_1379|ng_1543,ng_2013
1337,72,Re: MacX 1.2 color problem Reply-To: dshaker@qualix.com Organization: QUALiX Gro,MemoryBank (approx),1,34.7767,ng_1638|ng_830|ng_20|ng_745|ng_222,ng_830
1337,73,Re: Converting contents of X-window to color postscript Organization: Dept.,MemoryBank (approx),1,20.8924,ng_2251|ng_1012|ng_51|ng_585|ng_1191,ng_585
1337,74,Re: Motorola XC68882RC33 and RC50 Organization: U of Toronto Zoology,MemoryBank (approx),1,22.2116,ng_2257|ng_1140|ng_1399|ng_929|ng_986,ng_986
1337,75,"WANTED: X & security posting Organization: TRW Systems Division, Fairfax",MemoryBank (approx),0,19.322,ng_1379|ng_1829|ng_744|ng_1415|ng_1283,ng_1648
1337,76,frontplate for SyQuest in IIvi/IIvx/C650? Nntp-Posting-Host: lk-hp-7.hut.fi Repl,MemoryBank (approx),0,34.7715,ng_1969|ng_255|ng_235|ng_423|ng_1806,ng_1744
1337,77,how to put RPC in HP X/motif environment? Organization: Columbia,MemoryBank (approx),1,20.1279,ng_1283|ng_242|ng_842|ng_1636|ng_62,ng_62
1337,78,"Bob ""Putz"" Cain (was: Pgp and other BS) Nntp-Posting-Host: next7.cs.umr.edu",MemoryBank (approx),0,27.256,ng_1969|ng_235|ng_255|ng_1379|ng_423,ng_803
1337,79,Subject: Re: Centris 610 Video Problem - I'm having it,MemoryBank (approx),1,19.9179,ng_1062|ng_1027|ng_178|ng_416|ng_203,ng_1027
1337,80,"Subject: Re: Mix GL with X (Xlib,Xt,mwm) Organization: Surf City",MemoryBank (approx),0,23.1988,ng_1379|ng_1283|ng_242|ng_1829|ng_929,ng_1563
1337,81,Re: Mysterious beeping Nntp-Posting-Host: hpcvusj.cv.hp.com Reply-To: tommc@cv.h,MemoryBank (approx),0,31.5501,ng_842|ng_62|ng_1806|ng_1638|ng_2079,ng_1422
1337,82,Subject: Needed 24 volt 4 circuit Flasher Organization: Amateur Radio,MemoryBank (approx),1,20.0742,ng_2303|ng_2254|ng_382|ng_2175|ng_396,ng_396
1337,83,"Re: Once tapped, your code is no good any more.",MemoryBank (approx),0,19.7065,ng_2254|ng_1290|ng_691|ng_1507|ng_1137,ng_1436
1337,84,help - how to constru Distribution: world Organization: Ozone Online,MemoryBank (approx),0,20.0093,ng_1379|ng_1767|ng_1543|ng_690|ng_2032,ng_751
1337,85,"Help: Event propagation Organization: Department of Scientific Computing, Uppsal",MemoryBank (approx),0,19.8451,ng_1379|ng_1767|ng_1969|ng_446|ng_1435,ng_1646
1337,86,sony 1304 & Rasterops 24sx(si) for SALE! - UPDATE!! Article-I.D.:,MemoryBank (approx),0,26.4645,ng_1083|ng_734|ng_259|ng_999|ng_656,ng_1612
1337,87,Re: text of White House announcement and Q&As on clipper,MemoryBank (approx),0,20.0572,ng_1331|ng_1449|ng_1347|ng_820|ng_40,ng_2204
1337,88,Re: Secret algorithm [Re: Clipper Chip and crypto key-escrow] Keywords:,MemoryBank (approx),0,23.1723,ng_40|ng_1382|ng_1021|ng_815|ng_1626,ng_1987
1337,89,Re: The source of that announcement Organization: PANIX Public Access,MemoryBank (approx),0,20.0298,ng_1449|ng_820|ng_1379|ng_690|ng_1829,ng_2337
1337,90,Re: Secret algorithm [Re: Clipper Chip and crypto key-escrow] Keywords:,MemoryBank (approx),0,23.2108,ng_1382|ng_1021|ng_1626|ng_40|ng_815,ng_509
1337,91,Re: text of White House announcement and Q&As on clipper,MemoryBank (approx),0,20.5699,ng_40|ng_1449|ng_820|ng_1331|ng_1347,ng_1077
1337,92,"Re: Once tapped, your code is no good any more.",MemoryBank (approx),0,20.5514,ng_2254|ng_691|ng_1507|ng_1137|ng_1290,ng_312
1337,93,"Re: Once tapped, your code is no good any more.",MemoryBank (approx),0,20.7654,ng_691|ng_1507|ng_2254|ng_1137|ng_1290,ng_653
1337,94,Re: The [secret] source of that announcement Organization: DSI/USCRPAC Lines:,MemoryBank (approx),0,23.6705,ng_1449|ng_1331|ng_820|ng_1829|ng_101,ng_1208
1337,95,Re: How do they know what keys to ask for?,MemoryBank (approx),1,20.7173,ng_815|ng_878|ng_1294|ng_699|ng_381,ng_699
1337,96,Re: 80-bit keyseach machine Organization: Advanced RISC Machines Ltd Lines:,MemoryBank (approx),0,22.4677,ng_2031|ng_763|ng_2091|ng_16|ng_1439,ng_1774
1337,97,"Re: Would ""clipper"" make a good cover for other encryption",MemoryBank (approx),0,20.0497,ng_40|ng_1347|ng_1382|ng_742|ng_900,ng_59
1337,98,Mysterious MOSFET Organization: NASA Langley Research Center and Reptile Farm,MemoryBank (approx),1,19.5757,ng_1767|ng_2057|ng_2103|ng_889|ng_2341,ng_2057
1337,99,EICO tube tester repairs? Reply-To: ...futserv.austin.ibm.com!rg Organization: I,MemoryBank (approx),1,27.8143,ng_889|ng_1021|ng_2151|ng_1431|ng_217,ng_1431
1337,100,What is the JWT expiry policy for JWT Authentication?,MemoryBank (approx),1,19.5521,wf01_s5_chunk_0|wf01_s1_chunk_0|wf01_d1_chunk_0|wf01_d2_chunk_0|wf01_d3_chunk_0,wf01_s1_chunk_0
1337,101,How is JWT expiry implemented using PyJWT+Redis?,MemoryBank (approx),1,21.4294,wf01_s1_chunk_0|wf01_d2_chunk_0|wf01_s5_chunk_0|wf01_d3_chunk_0|wf01_d1_chunk_0,wf01_s1_chunk_0
1337,102,Find the backend standard for session token lifetime.,MemoryBank (approx),1,19.2193,wf01_d3_chunk_0|wf01_d2_chunk_0|wf01_s1_chunk_0|wf01_s5_chunk_0|wf01_d1_chunk_0,wf01_s1_chunk_0|wf01_s4_chunk_0
1337,103,Summarise the technical decision on session token lifetime during JWT Authentica,MemoryBank (approx),0,21.9715,wf01_d3_chunk_0|wf01_d2_chunk_0|wf01_s5_chunk_0|wf01_d1_chunk_0|wf01_s1_chunk_0,wf01_s4_chunk_0
1337,104,What is the final JWT expiry rule deployed to production after the sprint overri,MemoryBank (approx),1,22.9163,wf01_s5_chunk_0|wf01_s1_chunk_0|wf01_d1_chunk_0|wf01_d2_chunk_0|wf01_d3_chunk_0,wf01_s5_chunk_0
1337,105,"Was the temporary 60-minute expiry change kept, or did we revert to the original",MemoryBank (approx),1,24.8364,wf01_d2_chunk_0|wf01_d3_chunk_0|wf01_d1_chunk_0|wf01_s5_chunk_0|wf01_s1_chunk_0,wf01_s3_chunk_0|wf01_s5_chunk_0
1337,106,Which document defines 15-minute expiry as the approved JWT expiry setting?,MemoryBank (approx),1,22.3868,wf01_d1_chunk_0|wf01_s5_chunk_0|wf01_d2_chunk_0|wf01_s1_chunk_0|wf01_d3_chunk_0,wf01_s1_chunk_0
1337,107,Confirm the architecture decision that adopted 15-minute expiry for JWT Authenti,MemoryBank (approx),1,21.5447,wf01_s5_chunk_0|wf01_d1_chunk_0|wf01_s1_chunk_0|wf01_d2_chunk_0|wf01_d3_chunk_0,wf01_s1_chunk_0
1337,108,What is the primary keys policy for Database Schema?,MemoryBank (approx),0,19.3377,ng_2341|ng_2091|wf02_d1_chunk_0|wf02_d2_chunk_0|wf02_s5_chunk_0,wf02_s1_chunk_0
1337,109,How is primary keys implemented using Alembic+PostgreSQL?,MemoryBank (approx),0,20.656,wf02_d2_chunk_0|wf02_d1_chunk_0|wf02_s5_chunk_0|ng_2091|ng_878,wf02_s1_chunk_0
1337,110,Find the backend standard for row identifier scheme.,MemoryBank (approx),1,21.9541,wf02_d2_chunk_0|wf02_s5_chunk_0|wf02_d1_chunk_0|ng_690|wf02_s4_chunk_0,wf02_s1_chunk_0|wf02_s4_chunk_0
1337,111,Summarise the technical decision on row identifier scheme during Database Schema,MemoryBank (approx),1,24.4445,wf02_s4_chunk_0|wf02_d1_chunk_0|wf02_d2_chunk_0|wf02_s5_chunk_0|wf02_d3_chunk_0,wf02_s4_chunk_0
1337,112,What is the final primary keys rule deployed to production after the sprint over,MemoryBank (approx),1,21.7383,wf02_s5_chunk_0|wf02_d1_chunk_0|wf02_d2_chunk_0|wf02_d3_chunk_0|ng_878,wf02_s5_chunk_0
1337,113,"Was the temporary auto-incrementing integer PKs change kept, or did we revert to",MemoryBank (approx),1,34.392,wf02_s5_chunk_0|wf02_d2_chunk_0|wf02_d3_chunk_0|wf02_d1_chunk_0|wf02_s4_chunk_0,wf02_s3_chunk_0|wf02_s5_chunk_0
1337,114,Which document defines UUID primary keys as the approved primary keys setting?,MemoryBank (approx),0,22.1286,wf02_s5_chunk_0|wf02_d2_chunk_0|wf02_d1_chunk_0|wf02_d3_chunk_0|ng_878,wf02_s1_chunk_0
1337,115,Confirm the architecture decision that adopted UUID primary keys for Database Sc,MemoryBank (approx),0,20.9029,wf02_s5_chunk_0|wf02_d3_chunk_0|wf02_d2_chunk_0|wf02_d1_chunk_0|wf02_s4_chunk_0,wf02_s1_chunk_0
1337,116,What is the domain boundary policy for Microservice Context?,MemoryBank (approx),1,21.9418,wf03_d1_chunk_0|wf03_s5_chunk_0|wf03_s1_chunk_0|wf03_d2_chunk_0|wf03_d3_chunk_0,wf03_s1_chunk_0
1337,117,How is domain boundary implemented using gRPC+Protobuf?,MemoryBank (approx),1,31.6727,wf03_s1_chunk_0|wf03_d1_chunk_0|wf03_s5_chunk_0|ng_235|ng_62,wf03_s1_chunk_0
1337,118,Find the architecture standard for inter-service coupling.,MemoryBank (approx),1,20.4022,wf03_s1_chunk_0|wf03_d1_chunk_0|wf03_d3_chunk_0|wf03_s5_chunk_0|wf03_d2_chunk_0,wf03_s1_chunk_0|wf03_s4_chunk_0
1337,119,Summarise the technical decision on inter-service coupling during Microservice C,MemoryBank (approx),0,21.8943,wf03_d3_chunk_0|wf03_d2_chunk_0|wf03_d1_chunk_0|wf03_s1_chunk_0|wf03_s5_chunk_0,wf03_s4_chunk_0
1337,120,What is the final domain boundary rule deployed to production after the sprint o,MemoryBank (approx),1,21.0354,wf03_s5_chunk_0|wf03_d1_chunk_0|wf03_s1_chunk_0|wf02_s5_chunk_0|wf04_s3_chunk_0,wf03_s5_chunk_0
1337,121,"Was the temporary shared database schema change kept, or did we revert to the or",MemoryBank (approx),1,24.0964,wf02_s5_chunk_0|wf03_s5_chunk_0|wf03_d1_chunk_0|wf03_d3_chunk_0|wf03_s1_chunk_0,wf03_s3_chunk_0|wf03_s5_chunk_0
1337,122,Which document defines strict domain boundary as the approved domain boundary se,MemoryBank (approx),1,20.3611,wf03_s5_chunk_0|wf03_s1_chunk_0|wf03_d1_chunk_0|ng_235|ng_1073,wf03_s1_chunk_0
1337,123,Confirm the architecture decision that adopted strict domain boundary for Micros,MemoryBank (approx),1,22.0273,wf03_s5_chunk_0|wf03_d1_chunk_0|wf03_s1_chunk_0|wf03_d3_chunk_0|wf03_d2_chunk_0,wf03_s1_chunk_0
1337,124,What is the PR approvals policy for CI/CD Pipeline?,MemoryBank (approx),0,20.1725,wf04_s3_chunk_0|ng_1969|ng_101|wf04_d2_chunk_0|wf04_s5_chunk_0,wf04_s1_chunk_0
1337,125,How is PR approvals implemented using GitHub Actions?,MemoryBank (approx),0,20.6367,wf04_d2_chunk_0|wf04_s5_chunk_0|wf04_s3_chunk_0|ng_1969|ng_101,wf04_s1_chunk_0
1337,126,Find the devops standard for merge gate policy.,MemoryBank (approx),0,18.794,wf04_s5_chunk_0|wf04_d2_chunk_0|wf04_s3_chunk_0|wf03_s5_chunk_0|wf02_s5_chunk_0,wf04_s1_chunk_0|wf04_s4_chunk_0
1337,127,Summarise the technical decision on merge gate policy during CI/CD Pipeline desi,MemoryBank (approx),0,21.7548,wf04_s5_chunk_0|wf04_d2_chunk_0|wf04_s3_chunk_0|wf03_d3_chunk_0|ng_842,wf04_s4_chunk_0
1337,128,What is the final PR approvals rule deployed to production after the sprint over,MemoryBank (approx),1,21.737,wf04_s5_chunk_0|wf04_s3_chunk_0|wf04_d2_chunk_0|wf03_s5_chunk_0|wf04_d1_chunk_0,wf04_s5_chunk_0
1337,129,"Was the temporary admin bypass override change kept, or did we revert to the ori",MemoryBank (approx),1,24.4274,wf04_s3_chunk_0|wf03_s5_chunk_0|wf04_s5_chunk_0|wf02_s5_chunk_0|wf01_s5_chunk_0,wf04_s3_chunk_0|wf04_s5_chunk_0
1337,130,Which document defines require 2 PR approvals as the approved PR approvals setti,MemoryBank (approx),0,20.896,wf04_s5_chunk_0|wf04_d2_chunk_0|wf04_d1_chunk_0|ng_235|ng_1073,wf04_s1_chunk_0
1337,131,Confirm the architecture decision that adopted require 2 PR approvals for CI/CD ,MemoryBank (approx),0,22.3802,wf04_d2_chunk_0|wf04_s5_chunk_0|wf04_d1_chunk_0|wf04_s3_chunk_0|ng_145,wf04_s1_chunk_0
1337,132,What is the trace sampling policy for Observability Stack?,MemoryBank (approx),0,20.1538,ng_96|wf05_s4_chunk_0|wf05_d2_chunk_0|wf05_s5_chunk_0|wf05_d1_chunk_0,wf05_s1_chunk_0
1337,133,How is trace sampling implemented using OpenTelemetry?,MemoryBank (approx),0,19.6667,wf05_d2_chunk_0|wf05_d1_chunk_0|wf05_s5_chunk_0|wf05_s4_chunk_0|ng_1557,wf05_s1_chunk_0
1337,134,Find the devops standard for telemetry capture rate.,MemoryBank (approx),1,20.7344,wf05_s4_chunk_0|wf05_d2_chunk_0|wf05_d1_chunk_0|wf05_s5_chunk_0|ng_2127,wf05_s1_chunk_0|wf05_s4_chunk_0
1337,135,Summarise the technical decision on telemetry capture rate during Observability ,MemoryBank (approx),1,23.0366,wf05_s4_chunk_0|wf05_d1_chunk_0|wf05_d2_chunk_0|wf05_s5_chunk_0|ng_2127,wf05_s4_chunk_0
1337,136,What is the final trace sampling rule deployed to production after the sprint ov,MemoryBank (approx),1,21.8406,wf05_s5_chunk_0|wf05_d2_chunk_0|wf05_d1_chunk_0|ng_96|wf04_s3_chunk_0,wf05_s5_chunk_0
1337,137,"Was the temporary 100% full trace sampling change kept, or did we revert to the ",MemoryBank (approx),1,25.4537,wf05_d2_chunk_0|wf05_d1_chunk_0|wf05_s5_chunk_0|wf05_s4_chunk_0|ng_96,wf05_s3_chunk_0|wf05_s5_chunk_0
1337,138,Which document defines 10% trace sampling as the approved trace sampling setting,MemoryBank (approx),0,20.3769,wf05_d2_chunk_0|wf05_d1_chunk_0|wf05_s5_chunk_0|wf05_s4_chunk_0|ng_96,wf05_s1_chunk_0
1337,139,Confirm the architecture decision that adopted 10% trace sampling for Observabil,MemoryBank (approx),1,21.6861,wf05_d2_chunk_0|wf05_s5_chunk_0|wf05_d1_chunk_0|wf05_s4_chunk_0|wf05_s1_chunk_0,wf05_s1_chunk_0
1337,140,What is the rate limit policy for API Gateway Rate Limiting?,MemoryBank (approx),0,20.9253,wf01_s5_chunk_0|wf01_s1_chunk_0|ng_1290|wf06_d2_chunk_0|wf06_s5_chunk_0,wf06_s1_chunk_0
1337,141,How is rate limit implemented using nginx+Lua?,MemoryBank (approx),1,21.0019,wf06_d2_chunk_0|wf06_s5_chunk_0|wf01_s1_chunk_0|ng_534|wf06_s1_chunk_0,wf06_s1_chunk_0
1337,142,Find the backend standard for inbound request throttle.,MemoryBank (approx),1,20.2618,wf06_s5_chunk_0|wf06_d2_chunk_0|wf06_s1_chunk_0|wf05_s4_chunk_0|wf05_s5_chunk_0,wf06_s1_chunk_0|wf06_s4_chunk_0
1337,143,Summarise the technical decision on inbound request throttle during API Gateway ,MemoryBank (approx),0,24.444,wf06_s5_chunk_0|wf06_d2_chunk_0|wf06_s1_chunk_0|wf05_s5_chunk_0|ng_1290,wf06_s4_chunk_0
1337,144,What is the final rate limit rule deployed to production after the sprint overri,MemoryBank (approx),1,22.0164,wf06_s5_chunk_0|wf06_d2_chunk_0|wf06_s1_chunk_0|wf05_s5_chunk_0|ng_534,wf06_s5_chunk_0
1337,145,"Was the temporary unlimited bursting change kept, or did we revert to the origin",MemoryBank (approx),1,23.986,wf06_s5_chunk_0|wf06_d2_chunk_0|wf06_s1_chunk_0|wf05_s5_chunk_0|ng_1806,wf06_s3_chunk_0|wf06_s5_chunk_0
1337,146,Which document defines 100 RPM rate limit as the approved rate limit setting?,MemoryBank (approx),1,21.326,wf06_d2_chunk_0|wf06_s1_chunk_0|wf06_s5_chunk_0|wf05_s5_chunk_0|wf05_d2_chunk_0,wf06_s1_chunk_0
1337,147,Confirm the architecture decision that adopted 100 RPM rate limit for API Gatewa,MemoryBank (approx),1,23.1865,wf06_s5_chunk_0|wf06_d2_chunk_0|wf06_s1_chunk_0|wf05_s5_chunk_0|ng_1290,wf06_s1_chunk_0
1337,148,What is the cache TTL policy for Distributed Caching?,MemoryBank (approx),1,21.2942,wf07_d2_chunk_0|wf07_s5_chunk_0|wf07_d1_chunk_0|wf07_d3_chunk_0|wf07_s1_chunk_0,wf07_s1_chunk_0
1337,149,How is cache TTL implemented using redis-py?,MemoryBank (approx),1,20.2867,wf07_s1_chunk_0|wf07_d2_chunk_0|wf07_d3_chunk_0|wf07_s5_chunk_0|wf07_d1_chunk_0,wf07_s1_chunk_0
1337,0,Re: Police radar....Just how does it work?? Organization: your service,A-MEM (approx),0,24.3449,ng_1557|ng_96|ng_2257|ng_2273|ng_2215,ng_359
1337,1,HP 2623A graphics terminal emulators Summary: Need application to emulate,A-MEM (approx),1,22.0584,ng_2041|ng_226|ng_1636|ng_1200|ng_1563,ng_2041
1337,2,Re: text of White House announcement and Q&As on clipper,A-MEM (approx),0,20.7014,ng_1331|ng_277|ng_40|ng_1347|ng_1078,ng_1246
1337,3,Subject: Re: wrong RAM in Duo? Organization: U. C. Berkeley,A-MEM (approx),1,21.4301,ng_2051|ng_958|ng_562|ng_149|ng_2309,ng_2051
1337,4,[jb@sgihbtn.sierra.com: Re: Xlib for MS/WINDOWS not an XSERVER!!!] Organization:,A-MEM (approx),1,29.1862,ng_1283|ng_1832|ng_242|ng_1870|ng_1491,ng_1832
1337,5,Subject: Re: Secret algorithm [Re: Clipper Chip and crypto key-escrow],A-MEM (approx),0,23.6392,ng_509|ng_21|ng_1382|ng_1796|ng_1492,ng_1981
1337,6,"8*24 card questions Organization: Howtek, Inc. Reply-To: rick@howtek.MV.COM (Ric",A-MEM (approx),1,27.6866,ng_734|ng_1514|ng_2132|ng_1677|ng_978,ng_734
1337,7,Subject: Re: Membrane keypad with custom legend. Organization: The University,A-MEM (approx),1,21.3003,ng_95|ng_428|ng_1280|ng_2253|ng_724,ng_95
1337,8,"Re: electronic parts in NYC? Organization: PANIX Public Access Unix,",A-MEM (approx),1,21.2894,ng_1415|ng_2303|ng_2050|ng_594|ng_2151,ng_1415
1337,9,"Powerbook with a math coprocessor? Keywords: powerbook, math coprocessor, pb160",A-MEM (approx),1,25.8323,ng_1819|ng_2151|ng_892|ng_108|ng_366,ng_1819
1337,10,Subject: Re: Is a 2 headed Sun 3/60 possible (cgfour0/bwtwo0),A-MEM (approx),1,25.149,ng_1830|ng_1862|ng_42|ng_1229|ng_285,ng_1862
1337,11,"Upgrading PB170 Memory Organization: High Altitude Observatory, Boulder CO 80303",A-MEM (approx),1,22.3644,ng_892|ng_108|ng_1836|ng_44|ng_711,ng_892
1337,12,"Re: EEG Kit? Nntp-Posting-Host: cec1 Organization: Washington University, St. Lo",A-MEM (approx),1,25.183,ng_1130|ng_84|ng_829|ng_1399|ng_2155,ng_84
1337,13,Re: How to detect use of an illegal cipher? Organization:,A-MEM (approx),1,20.6487,ng_950|ng_1073|ng_304|ng_742|ng_38,ng_950
1337,14,waiting for a specific event/callback Keywords: event handling Reply-To: Huub.Ba,A-MEM (approx),1,26.4121,ng_2035|ng_858|ng_2190|ng_559|ng_85,ng_2035
1337,15,Mattern)) Subject: Re: PGP 2.2: general comments Nntp-Posting-Host: bloch.inform,A-MEM (approx),0,32.1647,ng_1379|ng_676|ng_255|ng_235|ng_1476,ng_63
1337,16,Subject: 10th International Obfuscated C Code Contest Opening (1 of,A-MEM (approx),1,20.4487,ng_14|ng_1157|ng_187|ng_176|ng_2164,ng_1157
1337,17,"Re: Desktop rebuild and Datadesk keyboard? Organization: University of Illinois,",A-MEM (approx),1,20.7228,ng_1461|ng_1193|ng_1847|ng_2144|ng_1773,ng_1461
1337,18,Re: TV RECEPTION: HEELLLPPP!!! Nntp-Posting-Host: aisun3.ai.uga.edu Organization,A-MEM (approx),1,31.7395,ng_1942|ng_1379|ng_2078|ng_1301|ng_2159,ng_1301
1337,19,crypto is for hard-core hackers & spooks only From: a_rubin@dsg4.dse.beckman.com,A-MEM (approx),0,27.3098,ng_302|ng_1296|ng_2200|ng_13|ng_1458,ng_1716
1337,20,Re: An Open Letter to Mr. Clinton Organization: Chinet -,A-MEM (approx),0,20.4175,ng_1331|ng_2315|ng_470|ng_635|ng_902,ng_1784
1337,21,Clipper proposal - key length? Organization: Promis Systems Corp. Lines:,A-MEM (approx),1,23.4711,ng_815|ng_40|ng_1331|ng_1347|ng_1784,ng_815
1337,22,The Old Key Registration Idea... Organization: Express Access Online Communicati,A-MEM (approx),1,26.7655,ng_1294|ng_878|ng_1172|ng_1993|ng_1101,ng_1294
1337,23,Mac 800 numbers Organization: Case School of Engineering Lines: 90,A-MEM (approx),1,20.5686,ng_1252|ng_1346|ng_2139|ng_2115|ng_2094,ng_1252
1337,24,"Re: Once tapped, your code is no good any more.",A-MEM (approx),0,22.2376,ng_691|ng_1507|ng_1137|ng_1861|ng_1531,ng_1479
1337,25,"Racet Optical Organization: Computer Science Department, Boston University, Bost",A-MEM (approx),0,22.3201,ng_1803|ng_2251|ng_151|ng_1637|ng_336,ng_1656
1337,26,level brightness Xmas light set (for Easter? Keywords: xmas Organization:,A-MEM (approx),1,21.3115,ng_382|ng_1850|ng_1421|ng_1529|ng_997,ng_382
1337,27,Re: Sampling CD audio (was Re: What to put in,A-MEM (approx),1,21.9686,ng_1965|ng_159|ng_602|ng_1892|ng_1080,ng_1965
1337,28,Re: books/info on audio DSP ?? In-Reply-To: scst83@csc.liv.ac.uk's message of,A-MEM (approx),1,29.5376,ng_834|ng_1763|ng_1753|ng_929|ng_1860,ng_1763
1337,29,Re: How large are commercial keys? Reply-To: bontchev@fbihh.informatik.uni-hambu,A-MEM (approx),1,27.9617,ng_1497|ng_2031|ng_938|ng_2091|ng_1420,ng_1497
1337,30,"Macintosh Awareness Group In Canada Subject: Re: Internal SCSI installation,",A-MEM (approx),1,23.4471,ng_309|ng_1652|ng_145|ng_1537|ng_1875,ng_309
1337,31,Subject: RE: need shading program example in X Organization: The,A-MEM (approx),1,31.8301,ng_1637|ng_336|ng_2251|ng_151|ng_459,ng_2251
1337,32,Re: Los Angeles Freeway traffic reports Nntp-Posting-Host: hpfcmgw.fc.hp.com Org,A-MEM (approx),1,29.4728,ng_2079|ng_551|ng_1005|ng_453|ng_2179,ng_551
1337,33,"Duo Dock problems Organization: Computer Science, Liverpool University Lines: 23",A-MEM (approx),1,20.9076,ng_1259|ng_1983|ng_1173|ng_2151|ng_1474,ng_1173
1337,34,Re: Dmm Advice Needed Organization: The Inquiring Mind BBS 1,A-MEM (approx),0,21.9019,ng_1829|ng_1543|ng_1379|ng_101|ng_896,ng_1156
1337,35,Re: What do Nuclear Site's Cooling Towers do? Organization: Hewlett-Packard,A-MEM (approx),1,22.6849,ng_2032|ng_433|ng_12|ng_1921|ng_526,ng_433
1337,36,"Re: Title for XTerm Organization: Dept. of Computer Science, TU",A-MEM (approx),0,21.2907,ng_474|ng_1012|ng_439|ng_943|ng_1171,ng_169
1337,37,"Subject: Re: Once tapped, your code is no good any",A-MEM (approx),0,19.9931,ng_2254|ng_691|ng_1507|ng_1137|ng_967,ng_2066
1337,38,Subject: Re: Long distance IR detection Organization: Purdue University Engineer,A-MEM (approx),1,20.0364,ng_1125|ng_1271|ng_924|ng_2063|ng_2265,ng_1125
1337,39,Re: Fighting the Clipper Initiative Organization: Express Access Online Communic,A-MEM (approx),0,20.1727,ng_772|ng_726|ng_473|ng_1075|ng_1599,ng_2128
1337,40,"Subject: Re: Screw the people, crypto is for hard-core hackers",A-MEM (approx),0,22.1086,ng_302|ng_1359|ng_1680|ng_1660|ng_1984,ng_1756
1337,41,for VGA Monitors Lines: 51 Does anyone know who makes,A-MEM (approx),1,20.4385,ng_1083|ng_1106|ng_1445|ng_656|ng_1260,ng_1106
1337,42,"receiver system Summary: multi channel receiver system? Keywords: telemetry, rec",A-MEM (approx),1,22.5596,ng_2175|ng_2092|ng_641|ng_1600|ng_165,ng_2175
1337,43,Re: arcade style buttons and joysticks Reply-To: acm@Sun.COM (Andrew MacRae),A-MEM (approx),1,25.7572,ng_1926|ng_2230|ng_1639|ng_1470|ng_535,ng_1470
1337,44,constantly rebooting! From: stubbs@hawk.cs.ukans.edu (Jerry Stubbs) Organization,A-MEM (approx),0,27.0834,ng_676|ng_1829|ng_147|ng_1489|ng_1309,ng_643
1337,45,Subject: Coil Organization: Worcester Polytechnic Institute Lines: 11 NNTP-Posti,A-MEM (approx),1,26.1364,ng_1947|ng_676|ng_2353|ng_255|ng_1143,ng_1947
1337,46,Re: text of White House announcement and Q&As on clipper,A-MEM (approx),0,21.2083,ng_1331|ng_277|ng_40|ng_1347|ng_1078,ng_1553
1337,47,"Re: ATARI 2600 Processors Organization: Aiken Computation Lab, Harvard Universit",A-MEM (approx),1,20.966,ng_765|ng_777|ng_1290|ng_286|ng_427,ng_777
1337,48,Subject: widget for displaying images Nntp-Posting-Host: marvin Organization: Th,A-MEM (approx),1,22.9743,ng_1152|ng_1339|ng_1476|ng_328|ng_1286,ng_1152
1337,49,to factory defaults From: Robert Grapes <R.Grapes@massey.ac.nz> Organization: Ma,A-MEM (approx),0,23.8424,ng_744|ng_368|ng_1379|ng_2094|ng_1736,ng_1387
1337,50,"programs From: EXTDSM@LURE.LATROBE.EDU.AU (MADDISON,David) Organization: La Trob",A-MEM (approx),0,30.7626,ng_1476|ng_1827|ng_73|ng_423|ng_1379,ng_34
1337,51,Re: Police radar....Just how does it work?? Reply-To: dtmedin@catbyte.b30.ingr.c,A-MEM (approx),1,30.0935,ng_261|ng_1557|ng_2273|ng_1539|ng_148,ng_261
1337,52,Subject: Re: Radar detector DETECTORS? Organization: Kansas State University Lin,A-MEM (approx),1,20.8498,ng_2153|ng_2273|ng_1688|ng_1945|ng_96,ng_2273
1337,53,"Re: Illusion Organization: SSC, Inc., Seattle, WA X-Newsreader: TIN [version",A-MEM (approx),0,24.4581,ng_1888|ng_1435|ng_85|ng_2047|ng_1144,ng_2253
1337,54,Anyone got 200+ Schadow switches with LED? X-Xxmessage-Id: <A7FC6A05A602655F@dia,A-MEM (approx),1,39.0235,ng_1421|ng_382|ng_439|ng_1888|ng_95,ng_1421
1337,55,Denning's Trust) From: kubo@zariski.harvard.edu (Tal Kubo) Distribution: inet Or,A-MEM (approx),0,28.3136,ng_405|ng_1379|ng_235|ng_1363|ng_1767,ng_2332
1337,56,Re: X on Amiga 4000? Article-I.D.: fripp.1993Apr23.195024.24932 Reply-To: jh@cad,A-MEM (approx),1,32.2083,ng_1743|ng_370|ng_2112|ng_912|ng_242,ng_370
1337,57,xterm build problem in Solaris2.1 Reply-To: acker@se01.wg2.waii.com Organization,A-MEM (approx),1,31.0971,ng_1581|ng_1452|ng_1145|ng_1515|ng_437,ng_1452
1337,58,Compiling help Organization: ITC/UVA Community Access UNIX/Internet Project Line,A-MEM (approx),0,26.2231,ng_1822|ng_447|ng_1368|ng_437|ng_10,ng_735
1337,59,RE: need shading program example in X Reply-To: Andre_Beck@IRS.Inf.TU-Dresden.DE,A-MEM (approx),1,28.2065,ng_1637|ng_336|ng_151|ng_2251|ng_459,ng_151
1337,60,XtAddEventHandler Organization: The Internet Lines: 29 To: xpert@expo.lcs.mit.ed,A-MEM (approx),0,28.6785,ng_1379|ng_1476|ng_73|ng_255|ng_2349,ng_1777
1337,61,Re: X interactive performance In-reply-to: afielden@cbnewsb.cb.att.com's message,A-MEM (approx),1,31.1202,ng_1806|ng_191|ng_1711|ng_1044|ng_1179,ng_191
1337,62,Subject: Re: arcade style buttons and joysticks Organization: Antone's Italian,A-MEM (approx),1,28.3578,ng_1926|ng_2230|ng_1639|ng_535|ng_1470,ng_1926
1337,63,Fwd: PROGRESSIVES HAPPY HOUR Original-To: bb-general@CS.CMU.EDU Organization: Sc,A-MEM (approx),1,27.6321,ng_408|ng_1829|ng_1379|ng_2284|ng_1489,ng_408
1337,64,Re: What is Zero dB???? Nntp-Posting-Host: bcarhdd Organization: Bell-Northern R,A-MEM (approx),1,29.1362,ng_279|ng_141|ng_530|ng_1979|ng_517,ng_279
1337,65,"Re: PEM and MIME Organization: Personal Usenet site, Tujunga, CA",A-MEM (approx),1,23.1881,ng_2172|ng_2058|ng_367|ng_280|ng_944,ng_2172
1337,66,Re: IBM-PC XT switch settings Organization: Netcom Online Communications Service,A-MEM (approx),1,21.6293,ng_623|ng_1683|ng_1513|ng_1845|ng_860,ng_623
1337,67,"Circuit Cellar Ink address? Organization: University of Washington, Seattle Line",A-MEM (approx),1,20.4828,ng_384|ng_1415|ng_2303|ng_2050|ng_594,ng_384
1337,68,"Re: Motif vs. [Athena, etc.] Organization: CSIRO Division of Radiophysics/Austra",A-MEM (approx),1,24.0277,ng_859|ng_5|ng_158|ng_2013|ng_1040,ng_859
1337,69,"Re: IIsi clock upgrade Organization: Idaho State University, Pocatello Lines:",A-MEM (approx),1,22.6493,ng_2106|ng_1058|ng_1869|ng_505|ng_270,ng_270
1337,70,"Subject: Re: Screw the people, crypto is for hard-core hackers",A-MEM (approx),0,22.4431,ng_302|ng_1359|ng_1680|ng_1660|ng_1984,ng_1169
1337,71,"Subject: Re: Motif vs. [Athena, etc.] Organization: Bond University, AUSTRALIA",A-MEM (approx),1,26.1231,ng_2013|ng_859|ng_5|ng_158|ng_2255,ng_2013
1337,72,Re: MacX 1.2 color problem Reply-To: dshaker@qualix.com Organization: QUALiX Gro,A-MEM (approx),1,42.5423,ng_830|ng_20|ng_745|ng_1486|ng_779,ng_830
1337,73,Re: Converting contents of X-window to color postscript Organization: Dept.,A-MEM (approx),1,22.5801,ng_51|ng_585|ng_192|ng_2198|ng_2251,ng_585
1337,74,Re: Motorola XC68882RC33 and RC50 Organization: U of Toronto Zoology,A-MEM (approx),1,23.703,ng_986|ng_951|ng_2112|ng_2258|ng_303,ng_986
1337,75,"WANTED: X & security posting Organization: TRW Systems Division, Fairfax",A-MEM (approx),1,21.0155,ng_1648|ng_1143|ng_1795|ng_73|ng_492,ng_1648
1337,76,frontplate for SyQuest in IIvi/IIvx/C650? Nntp-Posting-Host: lk-hp-7.hut.fi Repl,A-MEM (approx),1,36.269,ng_1744|ng_651|ng_117|ng_1221|ng_1053,ng_1744
1337,77,how to put RPC in HP X/motif environment? Organization: Columbia,A-MEM (approx),1,21.4027,ng_62|ng_425|ng_1962|ng_2255|ng_1729,ng_62
1337,78,"Bob ""Putz"" Cain (was: Pgp and other BS) Nntp-Posting-Host: next7.cs.umr.edu",A-MEM (approx),0,28.4146,ng_235|ng_676|ng_1969|ng_255|ng_1143,ng_803
1337,79,Subject: Re: Centris 610 Video Problem - I'm having it,A-MEM (approx),1,21.8016,ng_1062|ng_1027|ng_178|ng_416|ng_2243,ng_1027
1337,80,"Subject: Re: Mix GL with X (Xlib,Xt,mwm) Organization: Surf City",A-MEM (approx),1,26.0115,ng_1563|ng_1200|ng_2181|ng_43|ng_911,ng_1563
1337,81,Re: Mysterious beeping Nntp-Posting-Host: hpcvusj.cv.hp.com Reply-To: tommc@cv.h,A-MEM (approx),1,33.4031,ng_2239|ng_1422|ng_196|ng_1332|ng_1806,ng_1422
1337,82,Subject: Needed 24 volt 4 circuit Flasher Organization: Amateur Radio,A-MEM (approx),1,21.1391,ng_396|ng_525|ng_2175|ng_1216|ng_665,ng_396
1337,83,"Re: Once tapped, your code is no good any more.",A-MEM (approx),0,20.3628,ng_691|ng_1507|ng_1137|ng_1861|ng_1531,ng_1436
1337,84,help - how to constru Distribution: world Organization: Ozone Online,A-MEM (approx),0,21.4864,ng_1379|ng_1767|ng_271|ng_2032|ng_86,ng_751
1337,85,"Help: Event propagation Organization: Department of Scientific Computing, Uppsal",A-MEM (approx),0,20.6592,ng_1435|ng_1379|ng_85|ng_2047|ng_1476,ng_1646
1337,86,sony 1304 & Rasterops 24sx(si) for SALE! - UPDATE!! Article-I.D.:,A-MEM (approx),0,26.1269,ng_259|ng_999|ng_656|ng_346|ng_1083,ng_1612
1337,87,Re: text of White House announcement and Q&As on clipper,A-MEM (approx),0,20.9601,ng_1331|ng_277|ng_40|ng_1347|ng_1078,ng_2204
1337,88,Re: Secret algorithm [Re: Clipper Chip and crypto key-escrow] Keywords:,A-MEM (approx),0,23.5776,ng_509|ng_1382|ng_1796|ng_1492|ng_1626,ng_1987
1337,89,Re: The source of that announcement Organization: PANIX Public Access,A-MEM (approx),1,20.1836,ng_2337|ng_2218|ng_820|ng_1407|ng_1997,ng_2337
1337,90,Re: Secret algorithm [Re: Clipper Chip and crypto key-escrow] Keywords:,A-MEM (approx),1,24.5856,ng_509|ng_1382|ng_1796|ng_1492|ng_1626,ng_509
1337,91,Re: text of White House announcement and Q&As on clipper,A-MEM (approx),0,20.8807,ng_1331|ng_277|ng_40|ng_1347|ng_1078,ng_1077
1337,92,"Re: Once tapped, your code is no good any more.",A-MEM (approx),0,20.0917,ng_691|ng_1507|ng_1137|ng_1861|ng_1531,ng_312
1337,93,"Re: Once tapped, your code is no good any more.",A-MEM (approx),0,20.7108,ng_691|ng_1507|ng_1137|ng_1861|ng_1531,ng_653
1337,94,Re: The [secret] source of that announcement Organization: DSI/USCRPAC Lines:,A-MEM (approx),0,23.0985,ng_1407|ng_1504|ng_2218|ng_1997|ng_1124,ng_1208
1337,95,Re: How do they know what keys to ask for?,A-MEM (approx),1,20.6882,ng_699|ng_381|ng_1101|ng_1993|ng_878,ng_699
1337,96,Re: 80-bit keyseach machine Organization: Advanced RISC Machines Ltd Lines:,A-MEM (approx),0,23.4379,ng_763|ng_2091|ng_16|ng_563|ng_1472,ng_1774
1337,97,"Re: Would ""clipper"" make a good cover for other encryption",A-MEM (approx),0,20.5065,ng_900|ng_1808|ng_19|ng_329|ng_102,ng_59
1337,98,Mysterious MOSFET Organization: NASA Langley Research Center and Reptile Farm,A-MEM (approx),1,20.1525,ng_2057|ng_2103|ng_889|ng_2286|ng_1085,ng_2057
1337,99,EICO tube tester repairs? Reply-To: ...futserv.austin.ibm.com!rg Organization: I,A-MEM (approx),1,30.6507,ng_1431|ng_217|ng_1030|ng_697|ng_2151,ng_1431
1337,100,What is the JWT expiry policy for JWT Authentication?,A-MEM (approx),1,20.454,wf01_s5_chunk_0|wf01_s1_chunk_0|wf01_d1_chunk_0|wf01_d2_chunk_0|wf01_d3_chunk_0,wf01_s1_chunk_0
1337,101,How is JWT expiry implemented using PyJWT+Redis?,A-MEM (approx),1,21.6305,wf01_s1_chunk_0|wf01_s3_chunk_0|wf01_s4_chunk_0|wf01_s5_chunk_0|wf01_d2_chunk_0,wf01_s1_chunk_0
1337,102,Find the backend standard for session token lifetime.,A-MEM (approx),1,18.5673,wf01_d3_chunk_0|wf01_d2_chunk_0|wf01_s1_chunk_0|wf01_s5_chunk_0|wf01_s3_chunk_0,wf01_s1_chunk_0|wf01_s4_chunk_0
1337,103,Summarise the technical decision on session token lifetime during JWT Authentica,A-MEM (approx),0,25.6608,wf01_d3_chunk_0|wf01_d2_chunk_0|wf01_s5_chunk_0|wf01_d1_chunk_0|wf01_s1_chunk_0,wf01_s4_chunk_0
1337,104,What is the final JWT expiry rule deployed to production after the sprint overri,A-MEM (approx),1,26.4047,wf01_s5_chunk_0|wf01_s3_chunk_0|wf01_s1_chunk_0|wf01_d1_chunk_0|wf01_d2_chunk_0,wf01_s5_chunk_0
1337,105,"Was the temporary 60-minute expiry change kept, or did we revert to the original",A-MEM (approx),1,25.4543,wf01_d2_chunk_0|wf01_d3_chunk_0|wf01_d1_chunk_0|wf01_s5_chunk_0|wf01_s3_chunk_0,wf01_s3_chunk_0|wf01_s5_chunk_0
1337,106,Which document defines 15-minute expiry as the approved JWT expiry setting?,A-MEM (approx),1,24.5444,wf01_d1_chunk_0|wf01_s5_chunk_0|wf01_d2_chunk_0|wf01_s1_chunk_0|wf01_s3_chunk_0,wf01_s1_chunk_0
1337,107,Confirm the architecture decision that adopted 15-minute expiry for JWT Authenti,A-MEM (approx),1,22.5683,wf01_s5_chunk_0|wf01_d1_chunk_0|wf01_s1_chunk_0|wf01_d2_chunk_0|wf01_d3_chunk_0,wf01_s1_chunk_0
1337,108,What is the primary keys policy for Database Schema?,A-MEM (approx),1,19.8737,wf02_d1_chunk_0|wf02_d2_chunk_0|wf02_d3_chunk_0|wf02_s5_chunk_0|wf02_s1_chunk_0,wf02_s1_chunk_0
1337,109,How is primary keys implemented using Alembic+PostgreSQL?,A-MEM (approx),1,20.8959,wf02_s1_chunk_0|wf02_d2_chunk_0|wf02_d1_chunk_0|wf02_s3_chunk_0|wf02_s5_chunk_0,wf02_s1_chunk_0
1337,110,Find the backend standard for row identifier scheme.,A-MEM (approx),1,20.1883,wf02_s4_chunk_0|wf02_s1_chunk_0|wf02_d3_chunk_0|wf12_s1_chunk_0|wf02_d2_chunk_0,wf02_s1_chunk_0|wf02_s4_chunk_0
1337,111,Summarise the technical decision on row identifier scheme during Database Schema,A-MEM (approx),1,22.2425,wf02_s4_chunk_0|wf02_d3_chunk_0|wf02_d1_chunk_0|wf02_s1_chunk_0|wf02_d2_chunk_0,wf02_s4_chunk_0
1337,112,What is the final primary keys rule deployed to production after the sprint over,A-MEM (approx),1,21.0393,wf02_s5_chunk_0|wf02_d1_chunk_0|wf02_d2_chunk_0|wf02_s1_chunk_0|wf02_s3_chunk_0,wf02_s5_chunk_0
1337,113,"Was the temporary auto-incrementing integer PKs change kept, or did we revert to",A-MEM (approx),1,25.9063,wf02_s3_chunk_0|wf02_s5_chunk_0|wf02_s1_chunk_0|wf02_d3_chunk_0|wf02_s4_chunk_0,wf02_s3_chunk_0|wf02_s5_chunk_0
1337,114,Which document defines UUID primary keys as the approved primary keys setting?,A-MEM (approx),1,20.3974,wf02_s1_chunk_0|wf02_s5_chunk_0|wf02_d2_chunk_0|wf02_d1_chunk_0|wf02_d3_chunk_0,wf02_s1_chunk_0
1337,115,Confirm the architecture decision that adopted UUID primary keys for Database Sc,A-MEM (approx),1,20.9312,wf02_s5_chunk_0|wf02_s1_chunk_0|wf02_d3_chunk_0|wf02_d2_chunk_0|wf02_d1_chunk_0,wf02_s1_chunk_0
1337,116,What is the domain boundary policy for Microservice Context?,A-MEM (approx),1,32.2095,wf03_d1_chunk_0|wf03_s5_chunk_0|wf03_s1_chunk_0|wf03_d2_chunk_0|wf03_d3_chunk_0,wf03_s1_chunk_0
1337,117,How is domain boundary implemented using gRPC+Protobuf?,A-MEM (approx),1,23.8582,wf03_s1_chunk_0|wf14_s1_chunk_0|wf14_d3_chunk_0|wf14_d2_chunk_0|wf03_s4_chunk_0,wf03_s1_chunk_0
1337,118,Find the architecture standard for inter-service coupling.,A-MEM (approx),1,19.1436,wf03_d3_chunk_0|wf03_s1_chunk_0|wf03_s4_chunk_0|wf03_d2_chunk_0|wf03_d1_chunk_0,wf03_s1_chunk_0|wf03_s4_chunk_0
1337,119,Summarise the technical decision on inter-service coupling during Microservice C,A-MEM (approx),0,22.6079,wf03_d3_chunk_0|wf03_d2_chunk_0|wf03_d1_chunk_0|wf03_s1_chunk_0|wf03_s5_chunk_0,wf03_s4_chunk_0
1337,120,What is the final domain boundary rule deployed to production after the sprint o,A-MEM (approx),1,21.0455,wf03_s5_chunk_0|wf03_d1_chunk_0|wf03_s1_chunk_0|wf03_s3_chunk_0|wf14_s5_chunk_0,wf03_s5_chunk_0
1337,121,"Was the temporary shared database schema change kept, or did we revert to the or",A-MEM (approx),1,23.7773,wf03_s3_chunk_0|wf15_s4_chunk_0|wf15_d3_chunk_0|wf03_d3_chunk_0|wf15_s5_chunk_0,wf03_s3_chunk_0|wf03_s5_chunk_0
1337,122,Which document defines strict domain boundary as the approved domain boundary se,A-MEM (approx),1,19.8779,wf03_s5_chunk_0|wf03_s1_chunk_0|wf03_d1_chunk_0|wf03_s4_chunk_0|wf14_d3_chunk_0,wf03_s1_chunk_0
1337,123,Confirm the architecture decision that adopted strict domain boundary for Micros,A-MEM (approx),1,21.3419,wf03_s5_chunk_0|wf03_d1_chunk_0|wf03_s1_chunk_0|wf03_d3_chunk_0|wf03_d2_chunk_0,wf03_s1_chunk_0
1337,124,What is the PR approvals policy for CI/CD Pipeline?,A-MEM (approx),1,21.7553,wf04_d2_chunk_0|wf04_s5_chunk_0|wf04_s1_chunk_0|wf04_d1_chunk_0|wf04_d3_chunk_0,wf04_s1_chunk_0
1337,125,How is PR approvals implemented using GitHub Actions?,A-MEM (approx),1,22.4232,wf04_s1_chunk_0|wf04_d2_chunk_0|wf04_s5_chunk_0|wf04_d1_chunk_0|wf04_s4_chunk_0,wf04_s1_chunk_0
1337,126,Find the devops standard for merge gate policy.,A-MEM (approx),1,19.8191,wf04_s4_chunk_0|wf04_d3_chunk_0|wf04_s1_chunk_0|wf04_s5_chunk_0|wf04_d2_chunk_0,wf04_s1_chunk_0|wf04_s4_chunk_0
1337,127,Summarise the technical decision on merge gate policy during CI/CD Pipeline desi,A-MEM (approx),1,23.5106,wf04_d3_chunk_0|wf04_s4_chunk_0|wf04_s1_chunk_0|wf04_s5_chunk_0|wf04_d2_chunk_0,wf04_s4_chunk_0
1337,128,What is the final PR approvals rule deployed to production after the sprint over,A-MEM (approx),1,22.2789,wf04_s5_chunk_0|wf04_s3_chunk_0|wf04_d2_chunk_0|wf04_d1_chunk_0|wf04_s1_chunk_0,wf04_s5_chunk_0
1337,129,"Was the temporary admin bypass override change kept, or did we revert to the ori",A-MEM (approx),1,24.883,wf04_s3_chunk_0|wf19_s5_chunk_0|wf04_s5_chunk_0|wf04_s4_chunk_0|wf16_s3_chunk_0,wf04_s3_chunk_0|wf04_s5_chunk_0
1337,130,Which document defines require 2 PR approvals as the approved PR approvals setti,A-MEM (approx),1,21.7855,wf04_d2_chunk_0|wf04_d1_chunk_0|wf04_s5_chunk_0|wf04_s1_chunk_0|wf16_d1_chunk_0,wf04_s1_chunk_0
1337,131,Confirm the architecture decision that adopted require 2 PR approvals for CI/CD ,A-MEM (approx),1,22.936,wf04_s1_chunk_0|wf04_d2_chunk_0|wf04_s5_chunk_0|wf04_d1_chunk_0|wf04_d3_chunk_0,wf04_s1_chunk_0
1337,132,What is the trace sampling policy for Observability Stack?,A-MEM (approx),1,20.5889,wf05_d2_chunk_0|wf05_s5_chunk_0|wf05_s1_chunk_0|wf05_d1_chunk_0|wf05_d3_chunk_0,wf05_s1_chunk_0
1337,133,How is trace sampling implemented using OpenTelemetry?,A-MEM (approx),1,20.3008,wf05_s1_chunk_0|wf05_d2_chunk_0|wf05_s3_chunk_0|wf05_d3_chunk_0|wf05_d1_chunk_0,wf05_s1_chunk_0
1337,134,Find the devops standard for telemetry capture rate.,A-MEM (approx),1,20.4921,wf05_s4_chunk_0|ng_2127|wf05_s1_chunk_0|wf05_d2_chunk_0|wf05_d1_chunk_0,wf05_s1_chunk_0|wf05_s4_chunk_0
1337,135,Summarise the technical decision on telemetry capture rate during Observability ,A-MEM (approx),1,24.2257,wf05_s1_chunk_0|wf05_s4_chunk_0|wf05_d1_chunk_0|wf05_d3_chunk_0|wf05_d2_chunk_0,wf05_s4_chunk_0
1337,136,What is the final trace sampling rule deployed to production after the sprint ov,A-MEM (approx),1,21.5983,wf05_s3_chunk_0|wf05_s5_chunk_0|wf05_d2_chunk_0|wf05_d1_chunk_0|wf05_d3_chunk_0,wf05_s5_chunk_0
1337,137,"Was the temporary 100% full trace sampling change kept, or did we revert to the ",A-MEM (approx),1,25.9285,wf05_d2_chunk_0|wf05_s3_chunk_0|wf05_s1_chunk_0|wf05_d1_chunk_0|wf05_s5_chunk_0,wf05_s3_chunk_0|wf05_s5_chunk_0
1337,138,Which document defines 10% trace sampling as the approved trace sampling setting,A-MEM (approx),1,20.9812,wf05_d2_chunk_0|wf05_d1_chunk_0|wf05_s5_chunk_0|wf05_s1_chunk_0|wf05_d3_chunk_0,wf05_s1_chunk_0
1337,139,Confirm the architecture decision that adopted 10% trace sampling for Observabil,A-MEM (approx),1,23.2447,wf05_s1_chunk_0|wf05_d2_chunk_0|wf05_d1_chunk_0|wf05_s5_chunk_0|wf05_d3_chunk_0,wf05_s1_chunk_0
1337,140,What is the rate limit policy for API Gateway Rate Limiting?,A-MEM (approx),1,20.8885,wf06_d2_chunk_0|wf06_s5_chunk_0|wf06_d3_chunk_0|wf06_d1_chunk_0|wf06_s1_chunk_0,wf06_s1_chunk_0
1337,141,How is rate limit implemented using nginx+Lua?,A-MEM (approx),1,20.2967,wf06_s1_chunk_0|wf06_s3_chunk_0|wf06_s4_chunk_0|wf06_d2_chunk_0|wf06_d1_chunk_0,wf06_s1_chunk_0
1337,142,Find the backend standard for inbound request throttle.,A-MEM (approx),1,19.4825,wf06_s4_chunk_0|wf06_s5_chunk_0|wf06_s1_chunk_0|wf06_d3_chunk_0|wf06_d2_chunk_0,wf06_s1_chunk_0|wf06_s4_chunk_0
1337,143,Summarise the technical decision on inbound request throttle during API Gateway ,A-MEM (approx),1,22.7582,wf06_s4_chunk_0|wf06_d3_chunk_0|wf06_d1_chunk_0|wf06_s5_chunk_0|wf06_d2_chunk_0,wf06_s4_chunk_0
1337,144,What is the final rate limit rule deployed to production after the sprint overri,A-MEM (approx),1,24.7409,wf06_s3_chunk_0|wf06_s5_chunk_0|wf06_d1_chunk_0|wf06_d2_chunk_0|wf06_s1_chunk_0,wf06_s5_chunk_0
1337,145,"Was the temporary unlimited bursting change kept, or did we revert to the origin",A-MEM (approx),1,23.9265,wf06_s3_chunk_0|wf06_s5_chunk_0|wf06_d3_chunk_0|wf06_d1_chunk_0|wf06_s4_chunk_0,wf06_s3_chunk_0|wf06_s5_chunk_0
1337,146,Which document defines 100 RPM rate limit as the approved rate limit setting?,A-MEM (approx),1,20.0848,wf06_d2_chunk_0|wf06_d1_chunk_0|wf06_d3_chunk_0|wf06_s5_chunk_0|wf06_s1_chunk_0,wf06_s1_chunk_0
1337,147,Confirm the architecture decision that adopted 100 RPM rate limit for API Gatewa,A-MEM (approx),1,22.8093,wf06_d3_chunk_0|wf06_s5_chunk_0|wf06_d1_chunk_0|wf06_d2_chunk_0|wf06_s1_chunk_0,wf06_s1_chunk_0
1337,148,What is the cache TTL policy for Distributed Caching?,A-MEM (approx),1,24.6493,wf07_d2_chunk_0|wf07_s5_chunk_0|wf07_d3_chunk_0|wf07_d1_chunk_0|wf07_s1_chunk_0,wf07_s1_chunk_0
1337,149,How is cache TTL implemented using redis-py?,A-MEM (approx),1,26.6378,wf07_s1_chunk_0|wf07_d2_chunk_0|wf07_d3_chunk_0|wf07_d1_chunk_0|wf07_s5_chunk_0,wf07_s1_chunk_0
1337,0,Re: Police radar....Just how does it work?? Organization: your service,LangChain MMR,1,26.3355,ng_1557|ng_1507|ng_359|ng_1024|ng_2257,ng_359
1337,1,HP 2623A graphics terminal emulators Summary: Need application to emulate,LangChain MMR,1,21.6082,ng_2041|ng_348|ng_765|ng_1110|ng_829,ng_2041
1337,2,Re: text of White House announcement and Q&As on clipper,LangChain MMR,0,20.9157,ng_1331|ng_1724|ng_1371|ng_849|ng_820,ng_1246
1337,3,Subject: Re: wrong RAM in Duo? Organization: U. C. Berkeley,LangChain MMR,1,21.7394,ng_2051|ng_1081|ng_711|ng_852|ng_1235,ng_2051
1337,4,[jb@sgihbtn.sierra.com: Re: Xlib for MS/WINDOWS not an XSERVER!!!] Organization:,LangChain MMR,0,28.0887,ng_1283|ng_2323|ng_1988|ng_341|ng_336,ng_1832
1337,5,Subject: Re: Secret algorithm [Re: Clipper Chip and crypto key-escrow],LangChain MMR,0,23.9269,ng_509|ng_144|ng_21|ng_1664|ng_448,ng_1981
1337,6,"8*24 card questions Organization: Howtek, Inc. Reply-To: rick@howtek.MV.COM (Ric",LangChain MMR,1,27.2258,ng_734|ng_65|ng_1683|ng_2069|ng_2270,ng_734
1337,7,Subject: Re: Membrane keypad with custom legend. Organization: The University,LangChain MMR,1,22.2645,ng_95|ng_1632|ng_781|ng_699|ng_1950,ng_95
1337,8,"Re: electronic parts in NYC? Organization: PANIX Public Access Unix,",LangChain MMR,1,22.3612,ng_1415|wf16_d3_chunk_0|ng_1822|ng_335|ng_959,ng_1415
1337,9,"Powerbook with a math coprocessor? Keywords: powerbook, math coprocessor, pb160",LangChain MMR,1,26.318,ng_1819|ng_1864|ng_829|ng_77|ng_1111,ng_1819
1337,10,Subject: Re: Is a 2 headed Sun 3/60 possible (cgfour0/bwtwo0),LangChain MMR,0,25.9731,ng_1830|ng_492|ng_1432|ng_1937|ng_382,ng_1862
1337,11,"Upgrading PB170 Memory Organization: High Altitude Observatory, Boulder CO 80303",LangChain MMR,1,24.1352,ng_892|ng_271|ng_1567|ng_2279|ng_489,ng_892
1337,12,"Re: EEG Kit? Nntp-Posting-Host: cec1 Organization: Washington University, St. Lo",LangChain MMR,0,26.6607,ng_1130|ng_2335|ng_596|ng_2027|ng_755,ng_84
1337,13,Re: How to detect use of an illegal cipher? Organization:,LangChain MMR,1,21.1096,ng_950|ng_1932|ng_1300|ng_2311|ng_1660,ng_950
1337,14,waiting for a specific event/callback Keywords: event handling Reply-To: Huub.Ba,LangChain MMR,1,29.6122,ng_2035|ng_1379|wf17_d2_chunk_0|wf14_s4_chunk_0|wf07_s1_chunk_0,ng_2035
1337,15,Mattern)) Subject: Re: PGP 2.2: general comments Nntp-Posting-Host: bloch.inform,LangChain MMR,0,56.2594,ng_1379|ng_364|ng_1261|ng_676|ng_1747,ng_63
1337,16,Subject: 10th International Obfuscated C Code Contest Opening (1 of,LangChain MMR,0,36.1811,ng_14|ng_447|ng_46|ng_851|ng_893,ng_1157
1337,17,"Re: Desktop rebuild and Datadesk keyboard? Organization: University of Illinois,",LangChain MMR,1,35.3314,ng_1461|ng_1280|ng_351|ng_1472|ng_638,ng_1461
1337,18,Re: TV RECEPTION: HEELLLPPP!!! Nntp-Posting-Host: aisun3.ai.uga.edu Organization,LangChain MMR,0,50.3083,ng_1942|ng_1876|ng_676|ng_1379|ng_819,ng_1301
1337,19,crypto is for hard-core hackers & spooks only From: a_rubin@dsg4.dse.beckman.com,LangChain MMR,0,44.7478,ng_302|ng_883|ng_1590|ng_1489|ng_884,ng_1716
1337,20,Re: An Open Letter to Mr. Clinton Organization: Chinet -,LangChain MMR,0,31.9326,ng_1331|ng_1839|ng_1332|ng_1489|ng_635,ng_1784
1337,21,Clipper proposal - key length? Organization: Promis Systems Corp. Lines:,LangChain MMR,1,32.3878,ng_815|ng_1091|ng_1808|ng_442|ng_1331,ng_815
1337,22,The Old Key Registration Idea... Organization: Express Access Online Communicati,LangChain MMR,1,31.5095,ng_1294|ng_1379|wf11_d1_chunk_0|ng_1208|ng_2027,ng_1294
1337,23,Mac 800 numbers Organization: Case School of Engineering Lines: 90,LangChain MMR,1,33.0434,ng_1252|ng_1375|ng_1176|ng_2139|ng_2137,ng_1252
1337,24,"Re: Once tapped, your code is no good any more.",LangChain MMR,0,30.1492,ng_691|ng_1290|ng_2254|ng_2266|ng_1295,ng_1479
1337,25,"Racet Optical Organization: Computer Science Department, Boston University, Bost",LangChain MMR,1,31.792,ng_1803|ng_202|ng_2027|ng_1656|ng_539,ng_1656
1337,26,level brightness Xmas light set (for Easter? Keywords: xmas Organization:,LangChain MMR,1,34.5987,ng_382|ng_95|ng_850|ng_1779|ng_223,ng_382
1337,27,Re: Sampling CD audio (was Re: What to put in,LangChain MMR,1,30.4733,ng_1965|ng_525|ng_2192|ng_1679|ng_788,ng_1965
1337,28,Re: books/info on audio DSP ?? In-Reply-To: scst83@csc.liv.ac.uk's message of,LangChain MMR,0,43.1076,ng_834|ng_1970|ng_1437|ng_512|ng_15,ng_1763
1337,29,Re: How large are commercial keys? Reply-To: bontchev@fbihh.informatik.uni-hambu,LangChain MMR,1,41.4071,ng_1497|ng_1771|ng_2294|ng_209|ng_784,ng_1497
1337,30,"Macintosh Awareness Group In Canada Subject: Re: Internal SCSI installation,",LangChain MMR,1,31.225,ng_309|ng_965|ng_811|ng_435|ng_1875,ng_309
1337,31,Subject: RE: need shading program example in X Organization: The,LangChain MMR,0,31.4782,ng_1637|ng_2319|ng_1739|ng_1888|ng_1333,ng_2251
1337,32,Re: Los Angeles Freeway traffic reports Nntp-Posting-Host: hpfcmgw.fc.hp.com Org,LangChain MMR,0,55.0507,ng_2079|ng_1282|ng_906|ng_425|ng_1969,ng_551
1337,33,"Duo Dock problems Organization: Computer Science, Liverpool University Lines: 23",LangChain MMR,0,32.2929,ng_1259|ng_474|ng_2034|wf13_s1_chunk_0|ng_358,ng_1173
1337,34,Re: Dmm Advice Needed Organization: The Inquiring Mind BBS 1,LangChain MMR,0,33.6267,ng_1829|wf17_d1_chunk_0|ng_1543|ng_338|ng_1477,ng_1156
1337,35,Re: What do Nuclear Site's Cooling Towers do? Organization: Hewlett-Packard,LangChain MMR,0,34.6611,ng_2032|ng_1829|ng_587|wf08_s1_chunk_0|wf20_s4_chunk_0,ng_433
1337,36,"Re: Title for XTerm Organization: Dept. of Computer Science, TU",LangChain MMR,0,32.4073,ng_474|ng_890|ng_933|ng_1581|ng_654,ng_169
1337,37,"Subject: Re: Once tapped, your code is no good any",LangChain MMR,0,30.9963,ng_2254|wf17_d1_chunk_0|ng_323|ng_2148|ng_1858,ng_2066
1337,38,Subject: Re: Long distance IR detection Organization: Purdue University Engineer,LangChain MMR,1,30.998,ng_1125|ng_1094|ng_653|wf14_s4_chunk_0|ng_941,ng_1125
1337,39,Re: Fighting the Clipper Initiative Organization: Express Access Online Communic,LangChain MMR,0,31.6551,ng_772|ng_1379|ng_29|ng_2178|ng_2218,ng_2128
1337,40,"Subject: Re: Screw the people, crypto is for hard-core hackers",LangChain MMR,0,34.2534,ng_302|ng_13|ng_1874|ng_581|ng_1998,ng_1756
1337,41,for VGA Monitors Lines: 51 Does anyone know who makes,LangChain MMR,0,30.4054,ng_1083|ng_824|ng_2070|ng_1215|ng_818,ng_1106
1337,42,"receiver system Summary: multi channel receiver system? Keywords: telemetry, rec",LangChain MMR,1,33.657,ng_2175|ng_669|wf05_s4_chunk_0|ng_2110|ng_2211,ng_2175
1337,43,Re: arcade style buttons and joysticks Reply-To: acm@Sun.COM (Andrew MacRae),LangChain MMR,0,43.3501,ng_1926|ng_945|ng_1437|ng_1071|ng_2253,ng_1470
1337,44,constantly rebooting! From: stubbs@hawk.cs.ukans.edu (Jerry Stubbs) Organization,LangChain MMR,0,46.7471,ng_676|ng_901|ng_2205|ng_450|ng_1306,ng_643
1337,45,Subject: Coil Organization: Worcester Polytechnic Institute Lines: 11 NNTP-Posti,LangChain MMR,1,41.3164,ng_1947|ng_676|ng_433|ng_515|ng_2155,ng_1947
1337,46,Re: text of White House announcement and Q&As on clipper,LangChain MMR,0,31.5037,ng_1331|ng_1724|ng_1371|ng_849|ng_820,ng_1553
1337,47,"Re: ATARI 2600 Processors Organization: Aiken Computation Lab, Harvard Universit",LangChain MMR,0,36.2452,ng_765|ng_1829|ng_701|ng_842|wf08_s1_chunk_0,ng_777
1337,48,Subject: widget for displaying images Nntp-Posting-Host: marvin Organization: Th,LangChain MMR,1,35.38,ng_1152|ng_1616|ng_676|ng_1879|ng_73,ng_1152
1337,49,to factory defaults From: Robert Grapes <R.Grapes@massey.ac.nz> Organization: Ma,LangChain MMR,1,39.551,ng_744|ng_2048|ng_1261|ng_2267|ng_1387,ng_1387
1337,50,"programs From: EXTDSM@LURE.LATROBE.EDU.AU (MADDISON,David) Organization: La Trob",LangChain MMR,1,48.1624,ng_1476|ng_34|ng_1620|ng_2080|ng_65,ng_34
1337,51,Re: Police radar....Just how does it work?? Reply-To: dtmedin@catbyte.b30.ingr.c,LangChain MMR,1,45.7578,ng_261|ng_284|ng_739|ng_1243|ng_359,ng_261
1337,52,Subject: Re: Radar detector DETECTORS? Organization: Kansas State University Lin,LangChain MMR,0,30.6561,ng_2153|ng_2110|ng_358|wf05_s1_chunk_0|ng_2092,ng_2273
1337,53,"Re: Illusion Organization: SSC, Inc., Seattle, WA X-Newsreader: TIN [version",LangChain MMR,0,36.5539,ng_1888|ng_1144|ng_1251|ng_2179|ng_336,ng_2253
1337,54,Anyone got 200+ Schadow switches with LED? X-Xxmessage-Id: <A7FC6A05A602655F@dia,LangChain MMR,1,58.3146,ng_1421|ng_1529|ng_945|ng_724|ng_1309,ng_1421
1337,55,Denning's Trust) From: kubo@zariski.harvard.edu (Tal Kubo) Distribution: inet Or,LangChain MMR,0,42.7169,ng_405|ng_1258|ng_343|ng_1935|ng_2286,ng_2332
1337,56,Re: X on Amiga 4000? Article-I.D.: fripp.1993Apr23.195024.24932 Reply-To: jh@cad,LangChain MMR,0,49.4419,ng_1743|ng_2309|ng_765|ng_1256|ng_391,ng_370
1337,57,xterm build problem in Solaris2.1 Reply-To: acker@se01.wg2.waii.com Organization,LangChain MMR,0,43.4541,ng_1581|ng_214|ng_730|ng_2018|ng_78,ng_1452
1337,58,Compiling help Organization: ITC/UVA Community Access UNIX/Internet Project Line,LangChain MMR,0,33.703,ng_1822|ng_176|ng_1562|ng_1452|ng_288,ng_735
1337,59,RE: need shading program example in X Reply-To: Andre_Beck@IRS.Inf.TU-Dresden.DE,LangChain MMR,0,40.6015,ng_1637|ng_86|ng_1421|ng_2056|ng_1936,ng_151
1337,60,XtAddEventHandler Organization: The Internet Lines: 29 To: xpert@expo.lcs.mit.ed,LangChain MMR,0,44.3462,ng_1379|ng_143|ng_2349|ng_1812|ng_1904,ng_1777
1337,61,Re: X interactive performance In-reply-to: afielden@cbnewsb.cb.att.com's message,LangChain MMR,1,55.2003,ng_1806|ng_1379|wf07_d3_chunk_0|ng_409|ng_191,ng_191
1337,62,Subject: Re: arcade style buttons and joysticks Organization: Antone's Italian,LangChain MMR,1,38.726,ng_1926|ng_1194|ng_682|ng_1683|ng_1071,ng_1926
1337,63,Fwd: PROGRESSIVES HAPPY HOUR Original-To: bb-general@CS.CMU.EDU Organization: Sc,LangChain MMR,1,39.8213,ng_408|ng_1904|ng_1267|ng_1988|ng_1471,ng_408
1337,64,Re: What is Zero dB???? Nntp-Posting-Host: bcarhdd Organization: Bell-Northern R,LangChain MMR,1,42.8891,ng_279|ng_235|wf15_d1_chunk_0|ng_271|wf17_s1_chunk_0,ng_279
1337,65,"Re: PEM and MIME Organization: Personal Usenet site, Tujunga, CA",LangChain MMR,1,37.0956,ng_2172|wf11_d3_chunk_0|ng_2351|ng_1339|ng_280,ng_2172
1337,66,Re: IBM-PC XT switch settings Organization: Netcom Online Communications Service,LangChain MMR,1,34.741,ng_623|ng_2026|ng_1004|ng_760|ng_73,ng_623
1337,67,"Circuit Cellar Ink address? Organization: University of Washington, Seattle Line",LangChain MMR,1,33.2072,ng_384|ng_1499|ng_2249|ng_849|ng_1136,ng_384
1337,68,"Re: Motif vs. [Athena, etc.] Organization: CSIRO Division of Radiophysics/Austra",LangChain MMR,1,40.4559,ng_859|ng_744|ng_2257|ng_13|ng_2027,ng_859
1337,69,"Re: IIsi clock upgrade Organization: Idaho State University, Pocatello Lines:",LangChain MMR,0,34.9965,ng_2106|ng_976|ng_2110|ng_2139|ng_755,ng_270
1337,70,"Subject: Re: Screw the people, crypto is for hard-core hackers",LangChain MMR,0,37.449,ng_302|ng_13|ng_1874|ng_581|ng_1998,ng_1169
1337,71,"Subject: Re: Motif vs. [Athena, etc.] Organization: Bond University, AUSTRALIA",LangChain MMR,1,37.7833,ng_2013|ng_1379|ng_1543|ng_1477|ng_2150,ng_2013
1337,72,Re: MacX 1.2 color problem Reply-To: dshaker@qualix.com Organization: QUALiX Gro,LangChain MMR,1,41.6112,ng_830|ng_2323|ng_693|ng_398|ng_989,ng_830
1337,73,Re: Converting contents of X-window to color postscript Organization: Dept.,LangChain MMR,0,35.9931,ng_51|ng_1012|ng_1191|ng_818|ng_2240,ng_585
1337,74,Re: Motorola XC68882RC33 and RC50 Organization: U of Toronto Zoology,LangChain MMR,1,41.428,ng_986|ng_767|ng_1953|ng_1267|ng_2257,ng_986
1337,75,"WANTED: X & security posting Organization: TRW Systems Division, Fairfax",LangChain MMR,1,32.0615,ng_1648|ng_101|ng_403|ng_1144|ng_1737,ng_1648
1337,76,frontplate for SyQuest in IIvi/IIvx/C650? Nntp-Posting-Host: lk-hp-7.hut.fi Repl,LangChain MMR,1,61.0129,ng_1744|ng_255|ng_575|wf05_s4_chunk_0|ng_62,ng_1744
1337,77,how to put RPC in HP X/motif environment? Organization: Columbia,LangChain MMR,1,31.4201,ng_62|ng_1261|ng_542|wf14_d3_chunk_0|ng_591,ng_62
1337,78,"Bob ""Putz"" Cain (was: Pgp and other BS) Nntp-Posting-Host: next7.cs.umr.edu",LangChain MMR,1,43.2029,ng_235|ng_803|ng_271|ng_2088|ng_6,ng_803
1337,79,Subject: Re: Centris 610 Video Problem - I'm having it,LangChain MMR,0,34.8647,ng_1062|ng_903|ng_1809|ng_295|ng_1991,ng_1027
1337,80,"Subject: Re: Mix GL with X (Xlib,Xt,mwm) Organization: Surf City",LangChain MMR,1,39.0563,ng_1563|ng_1379|ng_929|ng_490|ng_147,ng_1563
1337,81,Re: Mysterious beeping Nntp-Posting-Host: hpcvusj.cv.hp.com Reply-To: tommc@cv.h,LangChain MMR,0,56.3798,ng_2239|ng_512|ng_1809|ng_425|ng_77,ng_1422
1337,82,Subject: Needed 24 volt 4 circuit Flasher Organization: Amateur Radio,LangChain MMR,1,34.7668,ng_396|ng_1760|ng_610|ng_1586|ng_1644,ng_396
1337,83,"Re: Once tapped, your code is no good any more.",LangChain MMR,0,32.6927,ng_691|ng_1290|ng_2254|ng_2266|ng_1295,ng_1436
1337,84,help - how to constru Distribution: world Organization: Ozone Online,LangChain MMR,0,33.3215,ng_1379|ng_1185|ng_1543|ng_2249|ng_2160,ng_751
1337,85,"Help: Event propagation Organization: Department of Scientific Computing, Uppsal",LangChain MMR,0,31.4365,ng_1435|ng_1904|wf03_s4_chunk_0|ng_2014|ng_434,ng_1646
1337,86,sony 1304 & Rasterops 24sx(si) for SALE! - UPDATE!! Article-I.D.:,LangChain MMR,0,42.679,ng_259|ng_1770|ng_734|ng_1685|ng_571,ng_1612
1337,87,Re: text of White House announcement and Q&As on clipper,LangChain MMR,0,34.5895,ng_1331|ng_1724|ng_1371|ng_849|ng_820,ng_2204
1337,88,Re: Secret algorithm [Re: Clipper Chip and crypto key-escrow] Keywords:,LangChain MMR,0,40.9548,ng_509|ng_1175|ng_21|ng_2|ng_1664,ng_1987
1337,89,Re: The source of that announcement Organization: PANIX Public Access,LangChain MMR,1,34.9474,ng_2337|ng_1379|ng_2150|ng_38|ng_1415,ng_2337
1337,90,Re: Secret algorithm [Re: Clipper Chip and crypto key-escrow] Keywords:,LangChain MMR,1,41.5709,ng_509|ng_1175|ng_21|ng_2|ng_1664,ng_509
1337,91,Re: text of White House announcement and Q&As on clipper,LangChain MMR,0,33.72,ng_1331|ng_1724|ng_1371|ng_849|ng_820,ng_1077
1337,92,"Re: Once tapped, your code is no good any more.",LangChain MMR,0,31.7309,ng_691|ng_1290|ng_2254|ng_2266|ng_1295,ng_312
1337,93,"Re: Once tapped, your code is no good any more.",LangChain MMR,0,33.1845,ng_691|ng_1290|ng_2254|ng_2266|ng_1295,ng_653
1337,94,Re: The [secret] source of that announcement Organization: DSI/USCRPAC Lines:,LangChain MMR,0,38.2449,ng_1407|ng_976|ng_101|ng_1212|ng_2308,ng_1208
1337,95,Re: How do they know what keys to ask for?,LangChain MMR,1,25.2415,ng_699|wf02_d1_chunk_0|ng_1584|ng_2294|ng_1420,ng_699
1337,96,Re: 80-bit keyseach machine Organization: Advanced RISC Machines Ltd Lines:,LangChain MMR,0,23.6014,ng_763|ng_1406|ng_92|ng_1131|ng_387,ng_1774
1337,97,"Re: Would ""clipper"" make a good cover for other encryption",LangChain MMR,0,21.2788,ng_900|ng_1347|ng_1706|ng_1623|ng_792,ng_59
1337,98,Mysterious MOSFET Organization: NASA Langley Research Center and Reptile Farm,LangChain MMR,1,21.3138,ng_2057|ng_1997|ng_271|ng_1586|ng_1473,ng_2057
1337,99,EICO tube tester repairs? Reply-To: ...futserv.austin.ibm.com!rg Organization: I,LangChain MMR,1,28.7305,ng_1431|ng_703|ng_1186|ng_1804|wf19_d3_chunk_0,ng_1431
1337,100,What is the JWT expiry policy for JWT Authentication?,LangChain MMR,0,20.9665,wf01_s5_chunk_0|ng_53|ng_500|wf06_d1_chunk_0|ng_373,wf01_s1_chunk_0
1337,101,How is JWT expiry implemented using PyJWT+Redis?,LangChain MMR,1,22.736,wf01_s1_chunk_0|ng_1604|ng_2073|ng_994|wf06_s5_chunk_0,wf01_s1_chunk_0
1337,102,Find the backend standard for session token lifetime.,LangChain MMR,0,19.0967,wf01_d3_chunk_0|ng_1356|wf06_s3_chunk_0|wf18_s5_chunk_0|wf07_s4_chunk_0,wf01_s1_chunk_0|wf01_s4_chunk_0
1337,103,Summarise the technical decision on session token lifetime during JWT Authentica,LangChain MMR,0,21.988,wf01_d3_chunk_0|ng_1356|wf06_s3_chunk_0|ng_781|ng_2222,wf01_s4_chunk_0
1337,104,What is the final JWT expiry rule deployed to production after the sprint overri,LangChain MMR,1,24.7728,wf01_s5_chunk_0|wf09_s3_chunk_0|ng_638|wf15_s5_chunk_0|wf07_s3_chunk_0,wf01_s5_chunk_0
1337,105,"Was the temporary 60-minute expiry change kept, or did we revert to the original",LangChain MMR,0,31.2662,wf01_d2_chunk_0|ng_1244|wf16_s2_chunk_0|wf07_d3_chunk_0|wf11_s2_chunk_0,wf01_s3_chunk_0|wf01_s5_chunk_0
1337,106,Which document defines 15-minute expiry as the approved JWT expiry setting?,LangChain MMR,0,22.9797,wf01_d1_chunk_0|wf06_d2_chunk_0|ng_1037|wf07_s1_chunk_0|ng_196,wf01_s1_chunk_0
1337,107,Confirm the architecture decision that adopted 15-minute expiry for JWT Authenti,LangChain MMR,0,21.8084,wf01_s5_chunk_0|wf07_d3_chunk_0|wf20_s1_chunk_0|ng_373|ng_731,wf01_s1_chunk_0
1337,108,What is the primary keys policy for Database Schema?,LangChain MMR,0,19.8439,wf02_d1_chunk_0|ng_678|wf15_d2_chunk_0|ng_1329|wf03_s3_chunk_0,wf02_s1_chunk_0
1337,109,How is primary keys implemented using Alembic+PostgreSQL?,LangChain MMR,1,21.4372,wf02_s1_chunk_0|ng_1023|ng_795|ng_1590|ng_946,wf02_s1_chunk_0
1337,110,Find the backend standard for row identifier scheme.,LangChain MMR,1,20.7015,wf02_s4_chunk_0|ng_1535|ng_1961|ng_2308|ng_2059,wf02_s1_chunk_0|wf02_s4_chunk_0
1337,111,Summarise the technical decision on row identifier scheme during Database Schema,LangChain MMR,1,23.0382,wf02_s4_chunk_0|ng_2275|ng_798|wf19_d2_chunk_0|wf15_d1_chunk_0,wf02_s4_chunk_0
1337,112,What is the final primary keys rule deployed to production after the sprint over,LangChain MMR,1,21.5674,wf02_s5_chunk_0|ng_1101|wf18_s3_chunk_0|wf12_s3_chunk_0|ng_637,wf02_s5_chunk_0
1337,113,"Was the temporary auto-incrementing integer PKs change kept, or did we revert to",LangChain MMR,1,28.5655,wf02_s3_chunk_0|ng_1221|ng_56|ng_1422|ng_347,wf02_s3_chunk_0|wf02_s5_chunk_0
1337,114,Which document defines UUID primary keys as the approved primary keys setting?,LangChain MMR,1,22.1994,wf02_s1_chunk_0|ng_314|wf11_d3_chunk_0|ng_364|ng_1420,wf02_s1_chunk_0
1337,115,Confirm the architecture decision that adopted UUID primary keys for Database Sc,LangChain MMR,0,21.4613,wf02_s5_chunk_0|ng_913|wf12_s1_chunk_0|ng_2341|wf15_s2_chunk_0,wf02_s1_chunk_0
1337,116,What is the domain boundary policy for Microservice Context?,LangChain MMR,0,20.4307,wf03_d1_chunk_0|wf16_d2_chunk_0|ng_424|ng_912|ng_1624,wf03_s1_chunk_0
1337,117,How is domain boundary implemented using gRPC+Protobuf?,LangChain MMR,1,20.89,wf03_s1_chunk_0|ng_1442|ng_172|ng_1275|ng_2190,wf03_s1_chunk_0
1337,118,Find the architecture standard for inter-service coupling.,LangChain MMR,0,20.9015,wf03_d3_chunk_0|ng_1395|ng_781|wf12_s1_chunk_0|ng_669,wf03_s1_chunk_0|wf03_s4_chunk_0
1337,119,Summarise the technical decision on inter-service coupling during Microservice C,LangChain MMR,0,23.0529,wf03_d3_chunk_0|ng_1168|ng_1837|ng_669|ng_2172,wf03_s4_chunk_0
1337,120,What is the final domain boundary rule deployed to production after the sprint o,LangChain MMR,1,21.3417,wf03_s5_chunk_0|wf16_s3_chunk_0|wf09_s3_chunk_0|wf15_d1_chunk_0|wf17_s3_chunk_0,wf03_s5_chunk_0
1337,121,"Was the temporary shared database schema change kept, or did we revert to the or",LangChain MMR,1,24.4703,wf03_s3_chunk_0|ng_1213|wf19_s1_chunk_0|wf15_d2_chunk_0|wf07_s5_chunk_0,wf03_s3_chunk_0|wf03_s5_chunk_0
1337,122,Which document defines strict domain boundary as the approved domain boundary se,LangChain MMR,0,20.9403,wf03_s5_chunk_0|ng_1073|ng_24|wf16_d2_chunk_0|wf11_d1_chunk_0,wf03_s1_chunk_0
1337,123,Confirm the architecture decision that adopted strict domain boundary for Micros,LangChain MMR,0,21.4742,wf03_s5_chunk_0|wf08_s1_chunk_0|ng_882|ng_2296|wf15_d1_chunk_0,wf03_s1_chunk_0
1337,124,What is the PR approvals policy for CI/CD Pipeline?,LangChain MMR,0,20.5103,wf04_d2_chunk_0|ng_101|ng_52|wf16_s5_chunk_0|ng_1969,wf04_s1_chunk_0
1337,125,How is PR approvals implemented using GitHub Actions?,LangChain MMR,1,22.696,wf04_s1_chunk_0|ng_532|ng_97|ng_1339|ng_628,wf04_s1_chunk_0
1337,126,Find the devops standard for merge gate policy.,LangChain MMR,1,19.7574,wf04_s4_chunk_0|wf16_d2_chunk_0|ng_2341|wf03_s5_chunk_0|ng_2336,wf04_s1_chunk_0|wf04_s4_chunk_0
1337,127,Summarise the technical decision on merge gate policy during CI/CD Pipeline desi,LangChain MMR,0,23.4005,wf04_d3_chunk_0|ng_1846|ng_722|ng_122|ng_1659,wf04_s4_chunk_0
1337,128,What is the final PR approvals rule deployed to production after the sprint over,LangChain MMR,1,22.9147,wf04_s5_chunk_0|wf05_s3_chunk_0|wf16_d2_chunk_0|wf08_s5_chunk_0|wf06_s5_chunk_0,wf04_s5_chunk_0
1337,129,"Was the temporary admin bypass override change kept, or did we revert to the ori",LangChain MMR,1,24.7669,wf04_s3_chunk_0|ng_1213|wf01_s2_chunk_0|ng_1193|wf15_s4_chunk_0,wf04_s3_chunk_0|wf04_s5_chunk_0
1337,130,Which document defines require 2 PR approvals as the approved PR approvals setti,LangChain MMR,0,21.844,wf04_d2_chunk_0|ng_1034|wf02_d1_chunk_0|ng_1595|wf11_d3_chunk_0,wf04_s1_chunk_0
1337,131,Confirm the architecture decision that adopted require 2 PR approvals for CI/CD ,LangChain MMR,1,23.0825,wf04_s1_chunk_0|wf17_s5_chunk_0|ng_871|wf09_s2_chunk_0|wf19_d3_chunk_0,wf04_s1_chunk_0
1337,132,What is the trace sampling policy for Observability Stack?,LangChain MMR,0,21.321,wf05_d2_chunk_0|wf16_d1_chunk_0|ng_1861|wf17_s5_chunk_0|wf12_s1_chunk_0,wf05_s1_chunk_0
1337,133,How is trace sampling implemented using OpenTelemetry?,LangChain MMR,1,29.7021,wf05_s1_chunk_0|ng_261|ng_2332|ng_1879|ng_1941,wf05_s1_chunk_0
1337,134,Find the devops standard for telemetry capture rate.,LangChain MMR,1,27.09,wf05_s4_chunk_0|ng_300|ng_757|wf06_s1_chunk_0|ng_469,wf05_s1_chunk_0|wf05_s4_chunk_0
1337,135,Summarise the technical decision on telemetry capture rate during Observability ,LangChain MMR,0,24.0678,wf05_s1_chunk_0|ng_191|ng_1984|ng_1020|ng_2040,wf05_s4_chunk_0
1337,136,What is the final trace sampling rule deployed to production after the sprint ov,LangChain MMR,0,21.8197,wf05_s3_chunk_0|wf04_s5_chunk_0|wf09_d2_chunk_0|ng_1861|wf06_d1_chunk_0,wf05_s5_chunk_0
1337,137,"Was the temporary 100% full trace sampling change kept, or did we revert to the ",LangChain MMR,0,25.8474,wf05_d2_chunk_0|ng_1070|ng_1599|ng_728|ng_1861,wf05_s3_chunk_0|wf05_s5_chunk_0
1337,138,Which document defines 10% trace sampling as the approved trace sampling setting,LangChain MMR,0,22.2956,wf05_d2_chunk_0|wf04_d1_chunk_0|ng_111|ng_1480|ng_1060,wf05_s1_chunk_0
1337,139,Confirm the architecture decision that adopted 10% trace sampling for Observabil,LangChain MMR,1,23.4993,wf05_s1_chunk_0|wf17_s5_chunk_0|ng_1848|ng_257|wf20_s2_chunk_0,wf05_s1_chunk_0
1337,140,What is the rate limit policy for API Gateway Rate Limiting?,LangChain MMR,0,22.0755,wf06_d2_chunk_0|wf16_d1_chunk_0|ng_2087|wf01_s5_chunk_0|ng_1420,wf06_s1_chunk_0
1337,141,How is rate limit implemented using nginx+Lua?,LangChain MMR,1,21.6699,wf06_s1_chunk_0|ng_1056|ng_570|ng_2087|wf16_d1_chunk_0,wf06_s1_chunk_0
1337,142,Find the backend standard for inbound request throttle.,LangChain MMR,1,20.2465,wf06_s4_chunk_0|wf17_s5_chunk_0|ng_235|ng_321|ng_143,wf06_s1_chunk_0|wf06_s4_chunk_0
1337,143,Summarise the technical decision on inbound request throttle during API Gateway ,LangChain MMR,1,23.6661,wf06_s4_chunk_0|ng_781|ng_321|ng_1290|wf05_s5_chunk_0,wf06_s4_chunk_0
1337,144,What is the final rate limit rule deployed to production after the sprint overri,LangChain MMR,0,22.0765,wf06_s3_chunk_0|wf09_s5_chunk_0|ng_534|wf16_d1_chunk_0|wf12_s3_chunk_0,wf06_s5_chunk_0
1337,145,"Was the temporary unlimited bursting change kept, or did we revert to the origin",LangChain MMR,1,23.9639,wf06_s3_chunk_0|ng_1806|ng_321|wf17_s5_chunk_0|wf18_d1_chunk_0,wf06_s3_chunk_0|wf06_s5_chunk_0
1337,146,Which document defines 100 RPM rate limit as the approved rate limit setting?,LangChain MMR,0,21.4371,wf06_d2_chunk_0|wf04_d1_chunk_0|ng_1081|ng_324|ng_22,wf06_s1_chunk_0
1337,147,Confirm the architecture decision that adopted 100 RPM rate limit for API Gatewa,LangChain MMR,0,22.214,wf06_d3_chunk_0|wf17_d2_chunk_0|ng_1483|wf11_s3_chunk_0|wf05_s1_chunk_0,wf06_s1_chunk_0
1337,148,What is the cache TTL policy for Distributed Caching?,LangChain MMR,0,24.5093,wf07_d2_chunk_0|ng_155|wf17_s1_chunk_0|ng_1138|wf18_s4_chunk_0,wf07_s1_chunk_0
1337,149,How is cache TTL implemented using redis-py?,LangChain MMR,1,26.1059,wf07_s1_chunk_0|ng_1937|ng_112|ng_2250|wf12_s3_chunk_0,wf07_s1_chunk_0
1337,0,Re: Police radar....Just how does it work?? Organization: your service,LlamaIndex,1,23.815,ng_1557|ng_96|ng_2273|ng_359|ng_2257,ng_359
1337,1,HP 2623A graphics terminal emulators Summary: Need application to emulate,LlamaIndex,1,21.7218,ng_2041|ng_226|ng_724|ng_1636,ng_2041
1337,2,Re: text of White House announcement and Q&As on clipper,LlamaIndex,0,21.3881,ng_1331|ng_277|ng_1449|ng_1347|ng_820,ng_1246
1337,3,Subject: Re: wrong RAM in Duo? Organization: U. C. Berkeley,LlamaIndex,1,21.0851,ng_2051|ng_958|ng_562|ng_2351|ng_149,ng_2051
1337,4,[jb@sgihbtn.sierra.com: Re: Xlib for MS/WINDOWS not an XSERVER!!!] Organization:,LlamaIndex,1,28.1251,ng_1283|ng_1832|ng_242|ng_423|ng_1870,ng_1832
1337,5,Subject: Re: Secret algorithm [Re: Clipper Chip and crypto key-escrow],LlamaIndex,0,23.0917,ng_509|ng_21|ng_1382|ng_1021|ng_1626,ng_1981
1337,6,"8*24 card questions Organization: Howtek, Inc. Reply-To: rick@howtek.MV.COM (Ric",LlamaIndex,1,26.6221,ng_734,ng_734
1337,7,Subject: Re: Membrane keypad with custom legend. Organization: The University,LlamaIndex,1,21.4592,ng_95|ng_428|ng_1280,ng_95
1337,8,"Re: electronic parts in NYC? Organization: PANIX Public Access Unix,",LlamaIndex,1,20.8393,ng_1415|ng_2303|ng_2050|ng_2279|ng_1829,ng_1415
1337,9,"Powerbook with a math coprocessor? Keywords: powerbook, math coprocessor, pb160",LlamaIndex,1,25.8917,ng_1819|ng_2151|ng_892,ng_1819
1337,10,Subject: Re: Is a 2 headed Sun 3/60 possible (cgfour0/bwtwo0),LlamaIndex,1,25.8563,ng_1830|ng_1862,ng_1862
1337,11,"Upgrading PB170 Memory Organization: High Altitude Observatory, Boulder CO 80303",LlamaIndex,1,22.5668,ng_892|ng_108|ng_1836,ng_892
1337,12,"Re: EEG Kit? Nntp-Posting-Host: cec1 Organization: Washington University, St. Lo",LlamaIndex,1,25.0666,ng_1130|ng_84|ng_1969,ng_84
1337,13,Re: How to detect use of an illegal cipher? Organization:,LlamaIndex,1,20.6779,ng_950|ng_1073|ng_304|ng_1660|ng_742,ng_950
1337,14,waiting for a specific event/callback Keywords: event handling Reply-To: Huub.Ba,LlamaIndex,1,25.7278,ng_2035|ng_858,ng_2035
1337,15,Mattern)) Subject: Re: PGP 2.2: general comments Nntp-Posting-Host: bloch.inform,LlamaIndex,0,32.5369,ng_1379|ng_676|ng_235|ng_255,ng_63
1337,16,Subject: 10th International Obfuscated C Code Contest Opening (1 of,LlamaIndex,1,20.8576,ng_14|ng_1157|ng_187,ng_1157
1337,17,"Re: Desktop rebuild and Datadesk keyboard? Organization: University of Illinois,",LlamaIndex,1,22.1386,ng_1461|ng_1193|ng_1847|ng_2144,ng_1461
1337,18,Re: TV RECEPTION: HEELLLPPP!!! Nntp-Posting-Host: aisun3.ai.uga.edu Organization,LlamaIndex,0,31.0505,ng_1942|ng_1379,ng_1301
1337,19,crypto is for hard-core hackers & spooks only From: a_rubin@dsg4.dse.beckman.com,LlamaIndex,0,27.7754,ng_302|ng_1296|ng_1660|ng_2039|ng_13,ng_1716
1337,20,Re: An Open Letter to Mr. Clinton Organization: Chinet -,LlamaIndex,0,20.1015,,ng_1784
1337,21,Clipper proposal - key length? Organization: Promis Systems Corp. Lines:,LlamaIndex,1,21.4994,ng_815|ng_40|ng_2067|ng_209|ng_2268,ng_815
1337,22,The Old Key Registration Idea... Organization: Express Access Online Communicati,LlamaIndex,1,21.5762,ng_1294|ng_878|ng_1172|ng_1993,ng_1294
1337,23,Mac 800 numbers Organization: Case School of Engineering Lines: 90,LlamaIndex,1,21.2747,ng_1252|ng_1346|ng_2139|ng_2094|ng_2115,ng_1252
1337,24,"Re: Once tapped, your code is no good any more.",LlamaIndex,0,21.0185,,ng_1479
1337,25,"Racet Optical Organization: Computer Science Department, Boston University, Bost",LlamaIndex,0,21.8752,,ng_1656
1337,26,level brightness Xmas light set (for Easter? Keywords: xmas Organization:,LlamaIndex,1,22.8459,ng_382,ng_382
1337,27,Re: Sampling CD audio (was Re: What to put in,LlamaIndex,1,20.4714,ng_1965|ng_159|ng_788|ng_534|ng_602,ng_1965
1337,28,Re: books/info on audio DSP ?? In-Reply-To: scst83@csc.liv.ac.uk's message of,LlamaIndex,1,28.9578,ng_834|ng_1763|ng_929|ng_1753|ng_1860,ng_1763
1337,29,Re: How large are commercial keys? Reply-To: bontchev@fbihh.informatik.uni-hambu,LlamaIndex,1,27.4848,ng_1497|ng_2031|ng_2091|ng_938|ng_1420,ng_1497
1337,30,"Macintosh Awareness Group In Canada Subject: Re: Internal SCSI installation,",LlamaIndex,1,20.98,ng_309|ng_1652|ng_145|ng_1537|ng_1880,ng_309
1337,31,Subject: RE: need shading program example in X Organization: The,LlamaIndex,1,20.8777,ng_1637|ng_336|ng_2251|ng_459|ng_151,ng_2251
1337,32,Re: Los Angeles Freeway traffic reports Nntp-Posting-Host: hpfcmgw.fc.hp.com Org,LlamaIndex,1,28.8059,ng_2079|ng_551|ng_1005,ng_551
1337,33,"Duo Dock problems Organization: Computer Science, Liverpool University Lines: 23",LlamaIndex,1,20.4233,ng_1259|ng_1983|ng_1173|ng_2151|wf13_d3_chunk_0,ng_1173
1337,34,Re: Dmm Advice Needed Organization: The Inquiring Mind BBS 1,LlamaIndex,0,21.4439,,ng_1156
1337,35,Re: What do Nuclear Site's Cooling Towers do? Organization: Hewlett-Packard,LlamaIndex,1,22.8192,ng_2032|ng_433|ng_1767|ng_1728|ng_12,ng_433
1337,36,"Re: Title for XTerm Organization: Dept. of Computer Science, TU",LlamaIndex,0,21.0225,ng_474|ng_1012|ng_654|ng_1264|ng_943,ng_169
1337,37,"Subject: Re: Once tapped, your code is no good any",LlamaIndex,0,19.9405,,ng_2066
1337,38,Subject: Re: Long distance IR detection Organization: Purdue University Engineer,LlamaIndex,1,20.3224,ng_1125|ng_1271|ng_924|ng_2063|ng_2265,ng_1125
1337,39,Re: Fighting the Clipper Initiative Organization: Express Access Online Communic,LlamaIndex,0,20.2428,ng_772|ng_726|ng_2212|ng_2061|ng_906,ng_2128
1337,40,"Subject: Re: Screw the people, crypto is for hard-core hackers",LlamaIndex,0,21.9453,ng_302|ng_1359|ng_1660|ng_335|ng_1296,ng_1756
1337,41,for VGA Monitors Lines: 51 Does anyone know who makes,LlamaIndex,1,24.9601,ng_1083|ng_1106|ng_87|ng_1638|ng_1148,ng_1106
1337,42,"receiver system Summary: multi channel receiver system? Keywords: telemetry, rec",LlamaIndex,1,39.2439,ng_2175,ng_2175
1337,43,Re: arcade style buttons and joysticks Reply-To: acm@Sun.COM (Andrew MacRae),LlamaIndex,1,26.6929,ng_1926|ng_2230|ng_1639|ng_535|ng_1470,ng_1470
1337,44,constantly rebooting! From: stubbs@hawk.cs.ukans.edu (Jerry Stubbs) Organization,LlamaIndex,0,26.9617,,ng_643
1337,45,Subject: Coil Organization: Worcester Polytechnic Institute Lines: 11 NNTP-Posti,LlamaIndex,1,25.7233,ng_1947,ng_1947
1337,46,Re: text of White House announcement and Q&As on clipper,LlamaIndex,0,19.9472,ng_1331|ng_277|ng_1449|ng_1347|ng_820,ng_1553
1337,47,"Re: ATARI 2600 Processors Organization: Aiken Computation Lab, Harvard Universit",LlamaIndex,1,20.5695,ng_765|ng_777|ng_1290,ng_777
1337,48,Subject: widget for displaying images Nntp-Posting-Host: marvin Organization: Th,LlamaIndex,1,22.8991,ng_1152,ng_1152
1337,49,to factory defaults From: Robert Grapes <R.Grapes@massey.ac.nz> Organization: Ma,LlamaIndex,0,23.8325,ng_744,ng_1387
1337,50,"programs From: EXTDSM@LURE.LATROBE.EDU.AU (MADDISON,David) Organization: La Trob",LlamaIndex,0,30.3617,ng_1476,ng_34
1337,51,Re: Police radar....Just how does it work?? Reply-To: dtmedin@catbyte.b30.ingr.c,LlamaIndex,1,29.6569,ng_261|ng_1557|ng_2273|ng_359|ng_2245,ng_261
1337,52,Subject: Re: Radar detector DETECTORS? Organization: Kansas State University Lin,LlamaIndex,1,21.7,ng_2153|ng_2273|ng_1688|ng_1945|ng_96,ng_2273
1337,53,"Re: Illusion Organization: SSC, Inc., Seattle, WA X-Newsreader: TIN [version",LlamaIndex,0,25.055,ng_1888|ng_1435,ng_2253
1337,54,Anyone got 200+ Schadow switches with LED? X-Xxmessage-Id: <A7FC6A05A602655F@dia,LlamaIndex,1,39.0676,ng_1421,ng_1421
1337,55,Denning's Trust) From: kubo@zariski.harvard.edu (Tal Kubo) Distribution: inet Or,LlamaIndex,0,28.4654,,ng_2332
1337,56,Re: X on Amiga 4000? Article-I.D.: fripp.1993Apr23.195024.24932 Reply-To: jh@cad,LlamaIndex,1,33.5614,ng_1743|ng_370|ng_2112|ng_337|ng_2258,ng_370
1337,57,xterm build problem in Solaris2.1 Reply-To: acker@se01.wg2.waii.com Organization,LlamaIndex,1,29.0672,ng_1581|ng_1452|ng_1145|ng_1765|ng_1515,ng_1452
1337,58,Compiling help Organization: ITC/UVA Community Access UNIX/Internet Project Line,LlamaIndex,0,22.9433,ng_1822|ng_447,ng_735
1337,59,RE: need shading program example in X Reply-To: Andre_Beck@IRS.Inf.TU-Dresden.DE,LlamaIndex,1,27.0174,ng_1637|ng_336|ng_151|ng_2251|ng_459,ng_151
1337,60,XtAddEventHandler Organization: The Internet Lines: 29 To: xpert@expo.lcs.mit.ed,LlamaIndex,0,28.6024,ng_1379|ng_1476|ng_556|ng_73|ng_841,ng_1777
1337,61,Re: X interactive performance In-reply-to: afielden@cbnewsb.cb.att.com's message,LlamaIndex,0,28.1058,ng_1806,ng_191
1337,62,Subject: Re: arcade style buttons and joysticks Organization: Antone's Italian,LlamaIndex,1,23.2128,ng_1926|ng_2230|ng_1639|ng_535|ng_1470,ng_1926
1337,63,Fwd: PROGRESSIVES HAPPY HOUR Original-To: bb-general@CS.CMU.EDU Organization: Sc,LlamaIndex,1,26.0941,ng_408,ng_408
1337,64,Re: What is Zero dB???? Nntp-Posting-Host: bcarhdd Organization: Bell-Northern R,LlamaIndex,1,27.806,ng_279|ng_141|ng_530|ng_1979|ng_517,ng_279
1337,65,"Re: PEM and MIME Organization: Personal Usenet site, Tujunga, CA",LlamaIndex,1,23.5321,ng_2172|ng_2058|ng_280|ng_367,ng_2172
1337,66,Re: IBM-PC XT switch settings Organization: Netcom Online Communications Service,LlamaIndex,1,22.1111,ng_623|ng_1683|ng_619|ng_490,ng_623
1337,67,"Circuit Cellar Ink address? Organization: University of Washington, Seattle Line",LlamaIndex,1,20.3169,ng_384|ng_1415|ng_2303|ng_594|ng_2050,ng_384
1337,68,"Re: Motif vs. [Athena, etc.] Organization: CSIRO Division of Radiophysics/Austra",LlamaIndex,1,22.7594,ng_859,ng_859
1337,69,"Re: IIsi clock upgrade Organization: Idaho State University, Pocatello Lines:",LlamaIndex,1,21.6874,ng_2106|ng_1058|ng_505|ng_1869|ng_270,ng_270
1337,70,"Subject: Re: Screw the people, crypto is for hard-core hackers",LlamaIndex,0,23.1326,ng_302|ng_1359|ng_1660|ng_335|ng_1296,ng_1169
1337,71,"Subject: Re: Motif vs. [Athena, etc.] Organization: Bond University, AUSTRALIA",LlamaIndex,1,22.2241,ng_2013|ng_859|ng_5,ng_2013
1337,72,Re: MacX 1.2 color problem Reply-To: dshaker@qualix.com Organization: QUALiX Gro,LlamaIndex,1,26.6418,ng_830|ng_20|ng_745|ng_222|ng_1486,ng_830
1337,73,Re: Converting contents of X-window to color postscript Organization: Dept.,LlamaIndex,1,21.6389,ng_51|ng_585|ng_1191|ng_192|ng_2251,ng_585
1337,74,Re: Motorola XC68882RC33 and RC50 Organization: U of Toronto Zoology,LlamaIndex,1,22.9337,ng_986,ng_986
1337,75,"WANTED: X & security posting Organization: TRW Systems Division, Fairfax",LlamaIndex,1,19.9375,ng_1648|ng_1143|ng_1795,ng_1648
1337,76,frontplate for SyQuest in IIvi/IIvx/C650? Nntp-Posting-Host: lk-hp-7.hut.fi Repl,LlamaIndex,1,34.7773,ng_1744,ng_1744
1337,77,how to put RPC in HP X/motif environment? Organization: Columbia,LlamaIndex,1,21.8545,ng_62|ng_425|ng_1962,ng_62
1337,78,"Bob ""Putz"" Cain (was: Pgp and other BS) Nntp-Posting-Host: next7.cs.umr.edu",LlamaIndex,0,28.0292,ng_235|ng_676|ng_1969|ng_255|ng_1491,ng_803
1337,79,Subject: Re: Centris 610 Video Problem - I'm having it,LlamaIndex,1,21.2722,ng_1062|ng_1027|ng_178|ng_416|ng_203,ng_1027
1337,80,"Subject: Re: Mix GL with X (Xlib,Xt,mwm) Organization: Surf City",LlamaIndex,1,31.0607,ng_1563|ng_1200,ng_1563
1337,81,Re: Mysterious beeping Nntp-Posting-Host: hpcvusj.cv.hp.com Reply-To: tommc@cv.h,LlamaIndex,1,37.3911,ng_2239|ng_1422|ng_196,ng_1422
1337,82,Subject: Needed 24 volt 4 circuit Flasher Organization: Amateur Radio,LlamaIndex,1,32.1738,ng_396,ng_396
1337,83,"Re: Once tapped, your code is no good any more.",LlamaIndex,0,20.5994,,ng_1436
1337,84,help - how to constru Distribution: world Organization: Ozone Online,LlamaIndex,0,20.3314,,ng_751
1337,85,"Help: Event propagation Organization: Department of Scientific Computing, Uppsal",LlamaIndex,0,19.7109,ng_1435,ng_1646
1337,86,sony 1304 & Rasterops 24sx(si) for SALE! - UPDATE!! Article-I.D.:,LlamaIndex,0,26.4728,ng_259|ng_999|ng_656|ng_346|ng_1404,ng_1612
1337,87,Re: text of White House announcement and Q&As on clipper,LlamaIndex,0,20.9524,ng_1331|ng_277|ng_1449|ng_1347|ng_820,ng_2204
1337,88,Re: Secret algorithm [Re: Clipper Chip and crypto key-escrow] Keywords:,LlamaIndex,0,23.324,ng_509|ng_1382|ng_21|ng_122|ng_1021,ng_1987
1337,89,Re: The source of that announcement Organization: PANIX Public Access,LlamaIndex,1,20.0235,ng_2337|ng_2218,ng_2337
1337,90,Re: Secret algorithm [Re: Clipper Chip and crypto key-escrow] Keywords:,LlamaIndex,1,22.7743,ng_509|ng_1382|ng_21|ng_122|ng_1021,ng_509
1337,91,Re: text of White House announcement and Q&As on clipper,LlamaIndex,0,20.3491,ng_1331|ng_277|ng_1449|ng_1347|ng_820,ng_1077
1337,92,"Re: Once tapped, your code is no good any more.",LlamaIndex,0,19.5517,,ng_312
1337,93,"Re: Once tapped, your code is no good any more.",LlamaIndex,0,19.7328,,ng_653
1337,94,Re: The [secret] source of that announcement Organization: DSI/USCRPAC Lines:,LlamaIndex,0,22.6668,ng_1407|ng_1504|ng_1489|ng_2218|ng_1565,ng_1208
1337,95,Re: How do they know what keys to ask for?,LlamaIndex,1,19.9685,ng_699|ng_381,ng_699
1337,96,Re: 80-bit keyseach machine Organization: Advanced RISC Machines Ltd Lines:,LlamaIndex,0,23.648,ng_763|ng_2091|ng_16|ng_1439|ng_1131,ng_1774
1337,97,"Re: Would ""clipper"" make a good cover for other encryption",LlamaIndex,0,22.3875,ng_900|ng_1808|ng_19|ng_329|ng_102,ng_59
1337,98,Mysterious MOSFET Organization: NASA Langley Research Center and Reptile Farm,LlamaIndex,1,20.3135,ng_2057|ng_2103,ng_2057
1337,99,EICO tube tester repairs? Reply-To: ...futserv.austin.ibm.com!rg Organization: I,LlamaIndex,1,28.6403,ng_1431,ng_1431
1337,100,What is the JWT expiry policy for JWT Authentication?,LlamaIndex,1,20.788,wf01_s5_chunk_0|wf01_s1_chunk_0|wf01_d1_chunk_0|wf01_d2_chunk_0|wf01_d3_chunk_0,wf01_s1_chunk_0
1337,101,How is JWT expiry implemented using PyJWT+Redis?,LlamaIndex,1,22.5334,wf01_s1_chunk_0|wf01_s3_chunk_0|wf01_s4_chunk_0|wf01_d2_chunk_0|wf01_s5_chunk_0,wf01_s1_chunk_0
1337,102,Find the backend standard for session token lifetime.,LlamaIndex,1,19.1623,wf01_d3_chunk_0|wf01_d2_chunk_0|wf01_s1_chunk_0|wf01_s5_chunk_0,wf01_s1_chunk_0|wf01_s4_chunk_0
1337,103,Summarise the technical decision on session token lifetime during JWT Authentica,LlamaIndex,0,21.2578,wf01_d3_chunk_0|wf01_d2_chunk_0|wf01_s5_chunk_0|wf01_d1_chunk_0|wf01_s1_chunk_0,wf01_s4_chunk_0
1337,104,What is the final JWT expiry rule deployed to production after the sprint overri,LlamaIndex,1,22.5234,wf01_s5_chunk_0|wf01_s3_chunk_0|wf01_s1_chunk_0|wf01_d1_chunk_0|wf01_d2_chunk_0,wf01_s5_chunk_0
1337,105,"Was the temporary 60-minute expiry change kept, or did we revert to the original",LlamaIndex,1,25.3988,wf01_d2_chunk_0|wf01_d3_chunk_0|wf01_d1_chunk_0|wf01_s5_chunk_0|wf01_s3_chunk_0,wf01_s3_chunk_0|wf01_s5_chunk_0
1337,106,Which document defines 15-minute expiry as the approved JWT expiry setting?,LlamaIndex,1,23.0887,wf01_d1_chunk_0|wf01_s5_chunk_0|wf01_d2_chunk_0|wf01_s1_chunk_0|wf01_s3_chunk_0,wf01_s1_chunk_0
1337,107,Confirm the architecture decision that adopted 15-minute expiry for JWT Authenti,LlamaIndex,1,21.888,wf01_s5_chunk_0|wf01_d1_chunk_0|wf01_s1_chunk_0|wf01_d2_chunk_0|wf01_d3_chunk_0,wf01_s1_chunk_0
1337,108,What is the primary keys policy for Database Schema?,LlamaIndex,1,19.5696,wf02_d1_chunk_0|wf02_d2_chunk_0|wf02_s5_chunk_0|wf02_s1_chunk_0|wf02_d3_chunk_0,wf02_s1_chunk_0
1337,109,How is primary keys implemented using Alembic+PostgreSQL?,LlamaIndex,1,21.4781,wf02_s1_chunk_0|wf02_d2_chunk_0|wf02_d1_chunk_0|wf02_s3_chunk_0|wf02_s4_chunk_0,wf02_s1_chunk_0
1337,110,Find the backend standard for row identifier scheme.,LlamaIndex,1,19.7657,wf02_s4_chunk_0,wf02_s1_chunk_0|wf02_s4_chunk_0
1337,111,Summarise the technical decision on row identifier scheme during Database Schema,LlamaIndex,1,22.2114,wf02_s4_chunk_0|wf02_d3_chunk_0|wf02_d1_chunk_0|wf02_s1_chunk_0,wf02_s4_chunk_0
1337,112,What is the final primary keys rule deployed to production after the sprint over,LlamaIndex,1,20.935,wf02_s5_chunk_0|wf02_d1_chunk_0|wf02_d2_chunk_0,wf02_s5_chunk_0
1337,113,"Was the temporary auto-incrementing integer PKs change kept, or did we revert to",LlamaIndex,1,25.9704,wf02_s3_chunk_0,wf02_s3_chunk_0|wf02_s5_chunk_0
1337,114,Which document defines UUID primary keys as the approved primary keys setting?,LlamaIndex,1,21.3964,wf02_s1_chunk_0|wf02_s5_chunk_0|wf02_d2_chunk_0|wf02_d1_chunk_0|wf02_d3_chunk_0,wf02_s1_chunk_0
1337,115,Confirm the architecture decision that adopted UUID primary keys for Database Sc,LlamaIndex,1,21.8594,wf02_s5_chunk_0|wf02_s1_chunk_0|wf02_d3_chunk_0|wf02_d2_chunk_0|wf02_d1_chunk_0,wf02_s1_chunk_0
1337,116,What is the domain boundary policy for Microservice Context?,LlamaIndex,1,20.9664,wf03_d1_chunk_0|wf03_s5_chunk_0|wf03_s1_chunk_0|wf03_d2_chunk_0|wf03_d3_chunk_0,wf03_s1_chunk_0
1337,117,How is domain boundary implemented using gRPC+Protobuf?,LlamaIndex,1,20.9198,wf03_s1_chunk_0|wf14_s1_chunk_0|wf14_d2_chunk_0|wf14_d3_chunk_0|wf14_d1_chunk_0,wf03_s1_chunk_0
1337,118,Find the architecture standard for inter-service coupling.,LlamaIndex,1,19.5385,wf03_d3_chunk_0|wf03_s1_chunk_0|wf03_s4_chunk_0|wf03_d2_chunk_0,wf03_s1_chunk_0|wf03_s4_chunk_0
1337,119,Summarise the technical decision on inter-service coupling during Microservice C,LlamaIndex,1,22.7854,wf03_d3_chunk_0|wf03_d2_chunk_0|wf03_d1_chunk_0|wf03_s1_chunk_0|wf03_s4_chunk_0,wf03_s4_chunk_0
1337,120,What is the final domain boundary rule deployed to production after the sprint o,LlamaIndex,1,21.8304,wf03_s5_chunk_0,wf03_s5_chunk_0
1337,121,"Was the temporary shared database schema change kept, or did we revert to the or",LlamaIndex,1,24.1755,wf03_s3_chunk_0|wf15_s4_chunk_0|wf03_d3_chunk_0,wf03_s3_chunk_0|wf03_s5_chunk_0
1337,122,Which document defines strict domain boundary as the approved domain boundary se,LlamaIndex,0,20.7609,wf03_s5_chunk_0,wf03_s1_chunk_0
1337,123,Confirm the architecture decision that adopted strict domain boundary for Micros,LlamaIndex,1,22.8917,wf03_s5_chunk_0|wf03_d1_chunk_0|wf03_s1_chunk_0|wf03_d3_chunk_0|wf03_d2_chunk_0,wf03_s1_chunk_0
1337,124,What is the PR approvals policy for CI/CD Pipeline?,LlamaIndex,1,26.7246,wf04_d2_chunk_0|wf04_s5_chunk_0|wf04_d1_chunk_0|wf04_s1_chunk_0|wf04_d3_chunk_0,wf04_s1_chunk_0
1337,125,How is PR approvals implemented using GitHub Actions?,LlamaIndex,1,25.6328,wf04_s1_chunk_0|wf04_d2_chunk_0,wf04_s1_chunk_0
1337,126,Find the devops standard for merge gate policy.,LlamaIndex,1,19.9198,wf04_s4_chunk_0|wf04_d3_chunk_0,wf04_s1_chunk_0|wf04_s4_chunk_0
1337,127,Summarise the technical decision on merge gate policy during CI/CD Pipeline desi,LlamaIndex,1,22.2756,wf04_d3_chunk_0|wf04_s4_chunk_0|wf04_s1_chunk_0|wf04_s5_chunk_0|wf04_d2_chunk_0,wf04_s4_chunk_0
1337,128,What is the final PR approvals rule deployed to production after the sprint over,LlamaIndex,1,29.8162,wf04_s5_chunk_0,wf04_s5_chunk_0
1337,129,"Was the temporary admin bypass override change kept, or did we revert to the ori",LlamaIndex,0,32.1779,,wf04_s3_chunk_0|wf04_s5_chunk_0
1337,130,Which document defines require 2 PR approvals as the approved PR approvals setti,LlamaIndex,1,21.6937,wf04_d2_chunk_0|wf04_d1_chunk_0|wf04_s5_chunk_0|wf04_s1_chunk_0,wf04_s1_chunk_0
1337,131,Confirm the architecture decision that adopted require 2 PR approvals for CI/CD ,LlamaIndex,1,22.1422,wf04_s1_chunk_0|wf04_d2_chunk_0|wf04_s5_chunk_0|wf04_d1_chunk_0|wf04_d3_chunk_0,wf04_s1_chunk_0
1337,132,What is the trace sampling policy for Observability Stack?,LlamaIndex,1,19.9848,wf05_d2_chunk_0|wf05_s5_chunk_0|wf05_d1_chunk_0|wf05_s1_chunk_0|wf05_d3_chunk_0,wf05_s1_chunk_0
1337,133,How is trace sampling implemented using OpenTelemetry?,LlamaIndex,1,19.2665,wf05_s1_chunk_0|wf05_d2_chunk_0|wf05_s3_chunk_0|wf05_d3_chunk_0|wf05_d1_chunk_0,wf05_s1_chunk_0
1337,134,Find the devops standard for telemetry capture rate.,LlamaIndex,1,20.7208,wf05_s4_chunk_0|ng_2127,wf05_s1_chunk_0|wf05_s4_chunk_0
1337,135,Summarise the technical decision on telemetry capture rate during Observability ,LlamaIndex,1,25.9216,wf05_s1_chunk_0|wf05_s4_chunk_0|wf05_d1_chunk_0|wf05_d3_chunk_0|wf05_s3_chunk_0,wf05_s4_chunk_0
1337,136,What is the final trace sampling rule deployed to production after the sprint ov,LlamaIndex,1,23.8744,wf05_s3_chunk_0|wf05_s5_chunk_0|wf05_d2_chunk_0|wf05_d1_chunk_0|wf05_d3_chunk_0,wf05_s5_chunk_0
1337,137,"Was the temporary 100% full trace sampling change kept, or did we revert to the ",LlamaIndex,1,26.7637,wf05_d2_chunk_0|wf05_s3_chunk_0|wf05_d1_chunk_0|wf05_s1_chunk_0|wf05_s5_chunk_0,wf05_s3_chunk_0|wf05_s5_chunk_0
1337,138,Which document defines 10% trace sampling as the approved trace sampling setting,LlamaIndex,1,21.814,wf05_d2_chunk_0|wf05_d1_chunk_0|wf05_s5_chunk_0|wf05_s1_chunk_0|wf05_d3_chunk_0,wf05_s1_chunk_0
1337,139,Confirm the architecture decision that adopted 10% trace sampling for Observabil,LlamaIndex,1,22.3685,wf05_s1_chunk_0|wf05_d2_chunk_0|wf05_s5_chunk_0|wf05_d1_chunk_0|wf05_d3_chunk_0,wf05_s1_chunk_0
1337,140,What is the rate limit policy for API Gateway Rate Limiting?,LlamaIndex,0,21.4877,wf06_d2_chunk_0|wf06_s5_chunk_0|wf06_d1_chunk_0|wf06_d3_chunk_0|wf06_s4_chunk_0,wf06_s1_chunk_0
1337,141,How is rate limit implemented using nginx+Lua?,LlamaIndex,1,22.3196,wf06_s1_chunk_0|wf06_s3_chunk_0|wf06_s4_chunk_0|wf06_d2_chunk_0,wf06_s1_chunk_0
1337,142,Find the backend standard for inbound request throttle.,LlamaIndex,1,19.9642,wf06_s4_chunk_0|wf06_s5_chunk_0|wf06_d3_chunk_0|wf06_s1_chunk_0|wf06_d1_chunk_0,wf06_s1_chunk_0|wf06_s4_chunk_0
1337,143,Summarise the technical decision on inbound request throttle during API Gateway ,LlamaIndex,1,23.3102,wf06_s4_chunk_0|wf06_d3_chunk_0|wf06_d1_chunk_0|wf06_s5_chunk_0|wf06_d2_chunk_0,wf06_s4_chunk_0
1337,144,What is the final rate limit rule deployed to production after the sprint overri,LlamaIndex,1,22.3779,wf06_s3_chunk_0|wf06_s5_chunk_0,wf06_s5_chunk_0
1337,145,"Was the temporary unlimited bursting change kept, or did we revert to the origin",LlamaIndex,1,23.6059,wf06_s3_chunk_0|wf06_s5_chunk_0|wf06_d3_chunk_0|wf06_d1_chunk_0,wf06_s3_chunk_0|wf06_s5_chunk_0
1337,146,Which document defines 100 RPM rate limit as the approved rate limit setting?,LlamaIndex,1,20.4667,wf06_d2_chunk_0|wf06_d1_chunk_0|wf06_s1_chunk_0|wf06_d3_chunk_0|wf06_s5_chunk_0,wf06_s1_chunk_0
1337,147,Confirm the architecture decision that adopted 100 RPM rate limit for API Gatewa,LlamaIndex,1,21.4039,wf06_d3_chunk_0|wf06_s5_chunk_0|wf06_d2_chunk_0|wf06_d1_chunk_0|wf06_s1_chunk_0,wf06_s1_chunk_0
1337,148,What is the cache TTL policy for Distributed Caching?,LlamaIndex,1,21.1414,wf07_d2_chunk_0|wf07_s5_chunk_0|wf07_d1_chunk_0|wf07_d3_chunk_0|wf07_s1_chunk_0,wf07_s1_chunk_0
1337,149,How is cache TTL implemented using redis-py?,LlamaIndex,1,20.0565,wf07_s1_chunk_0|wf07_d2_chunk_0|wf07_d3_chunk_0|wf07_s3_chunk_0|wf07_s5_chunk_0,wf07_s1_chunk_0
1337,0,Re: Police radar....Just how does it work?? Organization: your service,Pinecone (sim),1,233.2931,ng_1557|ng_96|ng_2273|ng_359|ng_2257,ng_359
1337,1,HP 2623A graphics terminal emulators Summary: Need application to emulate,Pinecone (sim),1,190.6566,ng_2041|ng_226|ng_724|ng_1636|ng_842,ng_2041
1337,2,Re: text of White House announcement and Q&As on clipper,Pinecone (sim),0,247.7387,ng_1331|ng_277|ng_1449|ng_1347|ng_820,ng_1246
1337,3,Subject: Re: wrong RAM in Duo? Organization: U. C. Berkeley,Pinecone (sim),1,260.5472,ng_2051|ng_958|ng_562|ng_2351|ng_149,ng_2051
1337,4,[jb@sgihbtn.sierra.com: Re: Xlib for MS/WINDOWS not an XSERVER!!!] Organization:,Pinecone (sim),1,169.4535,ng_1283|ng_1832|ng_242|ng_423|ng_1870,ng_1832
1337,5,Subject: Re: Secret algorithm [Re: Clipper Chip and crypto key-escrow],Pinecone (sim),0,186.2122,ng_509|ng_21|ng_1382|ng_1021|ng_1626,ng_1981
1337,6,"8*24 card questions Organization: Howtek, Inc. Reply-To: rick@howtek.MV.COM (Ric",Pinecone (sim),1,230.8925,ng_734|ng_1514|ng_673|ng_1399|ng_1140,ng_734
1337,7,Subject: Re: Membrane keypad with custom legend. Organization: The University,Pinecone (sim),1,211.6422,ng_95|ng_428|ng_1280|ng_2253|ng_724,ng_95
1337,8,"Re: electronic parts in NYC? Organization: PANIX Public Access Unix,",Pinecone (sim),1,220.5416,ng_1415|ng_2303|ng_2050|ng_2279|ng_1829,ng_1415
1337,9,"Powerbook with a math coprocessor? Keywords: powerbook, math coprocessor, pb160",Pinecone (sim),1,200.3983,ng_1819|ng_2151|ng_892|ng_1398|ng_588,ng_1819
1337,10,Subject: Re: Is a 2 headed Sun 3/60 possible (cgfour0/bwtwo0),Pinecone (sim),1,257.8241,ng_1830|ng_1862|ng_1765|ng_42|ng_2018,ng_1862
1337,11,"Upgrading PB170 Memory Organization: High Altitude Observatory, Boulder CO 80303",Pinecone (sim),1,249.2866,ng_892|ng_108|ng_1836|ng_544|ng_489,ng_892
1337,12,"Re: EEG Kit? Nntp-Posting-Host: cec1 Organization: Washington University, St. Lo",Pinecone (sim),1,227.513,ng_1130|ng_84|ng_1969|ng_255|ng_676,ng_84
1337,13,Re: How to detect use of an illegal cipher? Organization:,Pinecone (sim),1,254.6753,ng_950|ng_1073|ng_304|ng_1660|ng_742,ng_950
1337,14,waiting for a specific event/callback Keywords: event handling Reply-To: Huub.Ba,Pinecone (sim),1,240.3092,ng_2035|ng_858|ng_446|wf05_s4_chunk_0|wf17_s4_chunk_0,ng_2035
1337,15,Mattern)) Subject: Re: PGP 2.2: general comments Nntp-Posting-Host: bloch.inform,Pinecone (sim),0,205.1016,ng_1379|ng_676|ng_235|ng_255|ng_1839,ng_63
1337,16,Subject: 10th International Obfuscated C Code Contest Opening (1 of,Pinecone (sim),1,231.6068,ng_14|ng_1157|ng_187|ng_447|ng_1577,ng_1157
1337,17,"Re: Desktop rebuild and Datadesk keyboard? Organization: University of Illinois,",Pinecone (sim),1,194.9131,ng_1461|ng_1193|ng_1847|ng_2144|ng_763,ng_1461
1337,18,Re: TV RECEPTION: HEELLLPPP!!! Nntp-Posting-Host: aisun3.ai.uga.edu Organization,Pinecone (sim),1,256.9781,ng_1942|ng_1379|ng_2078|ng_1301|ng_1829,ng_1301
1337,19,crypto is for hard-core hackers & spooks only From: a_rubin@dsg4.dse.beckman.com,Pinecone (sim),0,225.7945,ng_302|ng_1296|ng_1660|ng_2039|ng_13,ng_1716
1337,20,Re: An Open Letter to Mr. Clinton Organization: Chinet -,Pinecone (sim),0,215.0985,ng_1331|ng_2315|ng_470|ng_258|ng_902,ng_1784
1337,21,Clipper proposal - key length? Organization: Promis Systems Corp. Lines:,Pinecone (sim),1,202.4487,ng_815|ng_40|ng_2067|ng_209|ng_2268,ng_815
1337,22,The Old Key Registration Idea... Organization: Express Access Online Communicati,Pinecone (sim),1,257.8108,ng_1294|ng_878|ng_1172|ng_1993|wf11_d3_chunk_0,ng_1294
1337,23,Mac 800 numbers Organization: Case School of Engineering Lines: 90,Pinecone (sim),1,216.069,ng_1252|ng_1346|ng_2139|ng_2094|ng_2115,ng_1252
1337,24,"Re: Once tapped, your code is no good any more.",Pinecone (sim),0,207.2475,ng_691|ng_1507|ng_2254|ng_1137|ng_1700,ng_1479
1337,25,"Racet Optical Organization: Computer Science Department, Boston University, Bost",Pinecone (sim),0,211.0586,ng_1803|ng_2251|ng_1052|ng_151|ng_1862,ng_1656
1337,26,level brightness Xmas light set (for Easter? Keywords: xmas Organization:,Pinecone (sim),1,237.6377,ng_382|ng_1850|ng_1421|ng_1529|ng_997,ng_382
1337,27,Re: Sampling CD audio (was Re: What to put in,Pinecone (sim),1,231.0871,ng_1965|ng_159|ng_788|ng_534|ng_602,ng_1965
1337,28,Re: books/info on audio DSP ?? In-Reply-To: scst83@csc.liv.ac.uk's message of,Pinecone (sim),1,240.7211,ng_834|ng_1763|ng_929|ng_1753|ng_1860,ng_1763
1337,29,Re: How large are commercial keys? Reply-To: bontchev@fbihh.informatik.uni-hambu,Pinecone (sim),1,240.3113,ng_1497|ng_2031|ng_2091|ng_938|ng_1420,ng_1497
1337,30,"Macintosh Awareness Group In Canada Subject: Re: Internal SCSI installation,",Pinecone (sim),1,285.454,ng_309|ng_1652|ng_145|ng_1537|ng_1880,ng_309
1337,31,Subject: RE: need shading program example in X Organization: The,Pinecone (sim),1,209.4203,ng_1637|ng_336|ng_2251|ng_459|ng_151,ng_2251
1337,32,Re: Los Angeles Freeway traffic reports Nntp-Posting-Host: hpfcmgw.fc.hp.com Org,Pinecone (sim),1,212.9019,ng_2079|ng_551|ng_1005|ng_2179|ng_651,ng_551
1337,33,"Duo Dock problems Organization: Computer Science, Liverpool University Lines: 23",Pinecone (sim),1,197.6513,ng_1259|ng_1983|ng_1173|ng_2151|wf13_d3_chunk_0,ng_1173
1337,34,Re: Dmm Advice Needed Organization: The Inquiring Mind BBS 1,Pinecone (sim),0,241.1913,ng_1829|ng_1543|ng_1379|ng_101|wf03_d1_chunk_0,ng_1156
1337,35,Re: What do Nuclear Site's Cooling Towers do? Organization: Hewlett-Packard,Pinecone (sim),1,258.814,ng_2032|ng_433|ng_1767|ng_1728|ng_12,ng_433
1337,36,"Re: Title for XTerm Organization: Dept. of Computer Science, TU",Pinecone (sim),0,218.283,ng_474|ng_1012|ng_654|ng_1264|ng_943,ng_169
1337,37,"Subject: Re: Once tapped, your code is no good any",Pinecone (sim),0,195.1217,ng_2254|ng_691|ng_1700|ng_1385|ng_2131,ng_2066
1337,38,Subject: Re: Long distance IR detection Organization: Purdue University Engineer,Pinecone (sim),1,196.3316,ng_1125|ng_1271|ng_924|ng_2063|ng_2265,ng_1125
1337,39,Re: Fighting the Clipper Initiative Organization: Express Access Online Communic,Pinecone (sim),0,240.8415,ng_772|ng_726|ng_2212|ng_2061|ng_906,ng_2128
1337,40,"Subject: Re: Screw the people, crypto is for hard-core hackers",Pinecone (sim),0,244.4936,ng_302|ng_1359|ng_1660|ng_335|ng_1296,ng_1756
1337,41,for VGA Monitors Lines: 51 Does anyone know who makes,Pinecone (sim),1,236.182,ng_1083|ng_1106|ng_87|ng_1638|ng_1148,ng_1106
1337,42,"receiver system Summary: multi channel receiver system? Keywords: telemetry, rec",Pinecone (sim),1,202.455,ng_2175|ng_2092|ng_512|ng_1216|ng_1187,ng_2175
1337,43,Re: arcade style buttons and joysticks Reply-To: acm@Sun.COM (Andrew MacRae),Pinecone (sim),1,233.2177,ng_1926|ng_2230|ng_1639|ng_535|ng_1470,ng_1470
1337,44,constantly rebooting! From: stubbs@hawk.cs.ukans.edu (Jerry Stubbs) Organization,Pinecone (sim),0,231.4557,ng_676|ng_1829|ng_1473|ng_2323|ng_1267,ng_643
1337,45,Subject: Coil Organization: Worcester Polytechnic Institute Lines: 11 NNTP-Posti,Pinecone (sim),1,239.8556,ng_1947|ng_676|ng_515|ng_1767|ng_2353,ng_1947
1337,46,Re: text of White House announcement and Q&As on clipper,Pinecone (sim),0,254.8383,ng_1331|ng_277|ng_1449|ng_1347|ng_820,ng_1553
1337,47,"Re: ATARI 2600 Processors Organization: Aiken Computation Lab, Harvard Universit",Pinecone (sim),1,228.2319,ng_765|ng_777|ng_1290|ng_286|ng_90,ng_777
1337,48,Subject: widget for displaying images Nntp-Posting-Host: marvin Organization: Th,Pinecone (sim),1,244.2928,ng_1152|ng_1339|ng_1379|ng_1829|ng_2148,ng_1152
1337,49,to factory defaults From: Robert Grapes <R.Grapes@massey.ac.nz> Organization: Ma,Pinecone (sim),1,225.9294,ng_744|ng_368|ng_384|ng_1387|ng_98,ng_1387
1337,50,"programs From: EXTDSM@LURE.LATROBE.EDU.AU (MADDISON,David) Organization: La Trob",Pinecone (sim),0,239.1269,ng_1476|ng_1827|ng_73|ng_841|ng_1829,ng_34
1337,51,Re: Police radar....Just how does it work?? Reply-To: dtmedin@catbyte.b30.ingr.c,Pinecone (sim),1,255.857,ng_261|ng_1557|ng_2273|ng_359|ng_2245,ng_261
1337,52,Subject: Re: Radar detector DETECTORS? Organization: Kansas State University Lin,Pinecone (sim),1,180.1491,ng_2153|ng_2273|ng_1688|ng_1945|ng_96,ng_2273
1337,53,"Re: Illusion Organization: SSC, Inc., Seattle, WA X-Newsreader: TIN [version",Pinecone (sim),0,214.8847,ng_1888|ng_1435|ng_1144|ng_1829|ng_976,ng_2253
1337,54,Anyone got 200+ Schadow switches with LED? X-Xxmessage-Id: <A7FC6A05A602655F@dia,Pinecone (sim),1,223.987,ng_1421|ng_382|ng_439|ng_95|ng_1888,ng_1421
1337,55,Denning's Trust) From: kubo@zariski.harvard.edu (Tal Kubo) Distribution: inet Or,Pinecone (sim),0,209.133,ng_405|ng_1379|ng_235|ng_690|ng_976,ng_2332
1337,56,Re: X on Amiga 4000? Article-I.D.: fripp.1993Apr23.195024.24932 Reply-To: jh@cad,Pinecone (sim),1,223.7122,ng_1743|ng_370|ng_2112|ng_337|ng_2258,ng_370
1337,57,xterm build problem in Solaris2.1 Reply-To: acker@se01.wg2.waii.com Organization,Pinecone (sim),1,274.9539,ng_1581|ng_1452|ng_1145|ng_1765|ng_1515,ng_1452
1337,58,Compiling help Organization: ITC/UVA Community Access UNIX/Internet Project Line,Pinecone (sim),0,196.7202,ng_1822|ng_447|ng_1036|ng_1368|ng_288,ng_735
1337,59,RE: need shading program example in X Reply-To: Andre_Beck@IRS.Inf.TU-Dresden.DE,Pinecone (sim),1,255.9553,ng_1637|ng_336|ng_151|ng_2251|ng_459,ng_151
1337,60,XtAddEventHandler Organization: The Internet Lines: 29 To: xpert@expo.lcs.mit.ed,Pinecone (sim),0,177.3837,ng_1379|ng_1476|ng_556|ng_73|ng_841,ng_1777
1337,61,Re: X interactive performance In-reply-to: afielden@cbnewsb.cb.att.com's message,Pinecone (sim),1,217.539,ng_1806|ng_191|ng_73|ng_1711|ng_1044,ng_191
1337,62,Subject: Re: arcade style buttons and joysticks Organization: Antone's Italian,Pinecone (sim),1,227.6386,ng_1926|ng_2230|ng_1639|ng_535|ng_1470,ng_1926
1337,63,Fwd: PROGRESSIVES HAPPY HOUR Original-To: bb-general@CS.CMU.EDU Organization: Sc,Pinecone (sim),1,243.3376,ng_408|ng_1829|ng_1379|ng_474|ng_2284,ng_408
1337,64,Re: What is Zero dB???? Nntp-Posting-Host: bcarhdd Organization: Bell-Northern R,Pinecone (sim),1,248.4787,ng_279|ng_141|ng_530|ng_1979|ng_517,ng_279
1337,65,"Re: PEM and MIME Organization: Personal Usenet site, Tujunga, CA",Pinecone (sim),1,246.939,ng_2172|ng_2058|ng_280|ng_367|ng_1379,ng_2172
1337,66,Re: IBM-PC XT switch settings Organization: Netcom Online Communications Service,Pinecone (sim),1,211.3227,ng_623|ng_1683|ng_619|ng_490|ng_1451,ng_623
1337,67,"Circuit Cellar Ink address? Organization: University of Washington, Seattle Line",Pinecone (sim),1,206.6339,ng_384|ng_1415|ng_2303|ng_594|ng_2050,ng_384
1337,68,"Re: Motif vs. [Athena, etc.] Organization: CSIRO Division of Radiophysics/Austra",Pinecone (sim),1,249.2471,ng_859|ng_5|ng_2013|ng_158|ng_1968,ng_859
1337,69,"Re: IIsi clock upgrade Organization: Idaho State University, Pocatello Lines:",Pinecone (sim),1,218.9057,ng_2106|ng_1058|ng_505|ng_1869|ng_270,ng_270
1337,70,"Subject: Re: Screw the people, crypto is for hard-core hackers",Pinecone (sim),0,185.569,ng_302|ng_1359|ng_1660|ng_335|ng_1296,ng_1169
1337,71,"Subject: Re: Motif vs. [Athena, etc.] Organization: Bond University, AUSTRALIA",Pinecone (sim),1,191.4278,ng_2013|ng_859|ng_5|ng_158|ng_2304,ng_2013
1337,72,Re: MacX 1.2 color problem Reply-To: dshaker@qualix.com Organization: QUALiX Gro,Pinecone (sim),1,201.5716,ng_830|ng_20|ng_745|ng_222|ng_1486,ng_830
1337,73,Re: Converting contents of X-window to color postscript Organization: Dept.,Pinecone (sim),1,236.6116,ng_51|ng_585|ng_1191|ng_192|ng_2251,ng_585
1337,74,Re: Motorola XC68882RC33 and RC50 Organization: U of Toronto Zoology,Pinecone (sim),1,228.985,ng_986|ng_951|ng_1140|ng_2112|ng_2257,ng_986
1337,75,"WANTED: X & security posting Organization: TRW Systems Division, Fairfax",Pinecone (sim),1,241.1009,ng_1648|ng_1143|ng_1795|ng_976|ng_384,ng_1648
1337,76,frontplate for SyQuest in IIvi/IIvx/C650? Nntp-Posting-Host: lk-hp-7.hut.fi Repl,Pinecone (sim),1,223.5565,ng_1744|ng_651|ng_255|ng_235|wf05_s4_chunk_0,ng_1744
1337,77,how to put RPC in HP X/motif environment? Organization: Columbia,Pinecone (sim),1,225.5719,ng_62|ng_425|ng_1962|ng_2255|ng_242,ng_62
1337,78,"Bob ""Putz"" Cain (was: Pgp and other BS) Nntp-Posting-Host: next7.cs.umr.edu",Pinecone (sim),0,246.5312,ng_235|ng_676|ng_1969|ng_255|ng_1491,ng_803
1337,79,Subject: Re: Centris 610 Video Problem - I'm having it,Pinecone (sim),1,212.3136,ng_1062|ng_1027|ng_178|ng_416|ng_203,ng_1027
1337,80,"Subject: Re: Mix GL with X (Xlib,Xt,mwm) Organization: Surf City",Pinecone (sim),1,238.8114,ng_1563|ng_1200|ng_2181|ng_2187|ng_1637,ng_1563
1337,81,Re: Mysterious beeping Nntp-Posting-Host: hpcvusj.cv.hp.com Reply-To: tommc@cv.h,Pinecone (sim),1,214.3157,ng_2239|ng_1422|ng_196|ng_2079|ng_724,ng_1422
1337,82,Subject: Needed 24 volt 4 circuit Flasher Organization: Amateur Radio,Pinecone (sim),1,210.1775,ng_396|ng_525|ng_1708|ng_1216|ng_665,ng_396
1337,83,"Re: Once tapped, your code is no good any more.",Pinecone (sim),0,208.7349,ng_691|ng_1507|ng_2254|ng_1137|ng_1700,ng_1436
1337,84,help - how to constru Distribution: world Organization: Ozone Online,Pinecone (sim),0,185.5071,ng_1379|ng_1767|ng_271|ng_976|ng_1435,ng_751
1337,85,"Help: Event propagation Organization: Department of Scientific Computing, Uppsal",Pinecone (sim),1,242.5565,ng_1435|ng_1379|ng_1646|wf12_s4_chunk_0|ng_933,ng_1646
1337,86,sony 1304 & Rasterops 24sx(si) for SALE! - UPDATE!! Article-I.D.:,Pinecone (sim),0,219.6044,ng_259|ng_999|ng_656|ng_346|ng_1404,ng_1612
1337,87,Re: text of White House announcement and Q&As on clipper,Pinecone (sim),0,221.1892,ng_1331|ng_277|ng_1449|ng_1347|ng_820,ng_2204
1337,88,Re: Secret algorithm [Re: Clipper Chip and crypto key-escrow] Keywords:,Pinecone (sim),0,237.4409,ng_509|ng_1382|ng_21|ng_122|ng_1021,ng_1987
1337,89,Re: The source of that announcement Organization: PANIX Public Access,Pinecone (sim),1,233.1244,ng_2337|ng_2218|ng_963|ng_1143|ng_1415,ng_2337
1337,90,Re: Secret algorithm [Re: Clipper Chip and crypto key-escrow] Keywords:,Pinecone (sim),1,249.6908,ng_509|ng_1382|ng_21|ng_122|ng_1021,ng_509
1337,91,Re: text of White House announcement and Q&As on clipper,Pinecone (sim),0,219.6042,ng_1331|ng_277|ng_1449|ng_1347|ng_820,ng_1077
1337,92,"Re: Once tapped, your code is no good any more.",Pinecone (sim),0,211.8411,ng_691|ng_1507|ng_2254|ng_1137|ng_1700,ng_312
1337,93,"Re: Once tapped, your code is no good any more.",Pinecone (sim),0,230.4172,ng_691|ng_1507|ng_2254|ng_1137|ng_1700,ng_653
1337,94,Re: The [secret] source of that announcement Organization: DSI/USCRPAC Lines:,Pinecone (sim),0,189.1277,ng_1407|ng_1504|ng_1489|ng_2218|ng_1565,ng_1208
1337,95,Re: How do they know what keys to ask for?,Pinecone (sim),1,189.6644,ng_699|ng_381|ng_1101|ng_1584|ng_617,ng_699
1337,96,Re: 80-bit keyseach machine Organization: Advanced RISC Machines Ltd Lines:,Pinecone (sim),0,199.8199,ng_763|ng_2091|ng_16|ng_1439|ng_1131,ng_1774
1337,97,"Re: Would ""clipper"" make a good cover for other encryption",Pinecone (sim),0,203.9086,ng_900|ng_1808|ng_19|ng_329|ng_102,ng_59
1337,98,Mysterious MOSFET Organization: NASA Langley Research Center and Reptile Farm,Pinecone (sim),1,243.3236,ng_2057|ng_2103|ng_889|ng_2341|ng_1968,ng_2057
1337,99,EICO tube tester repairs? Reply-To: ...futserv.austin.ibm.com!rg Organization: I,Pinecone (sim),1,219.9352,ng_1431|ng_217|ng_2145|ng_1186|ng_1773,ng_1431
1337,100,What is the JWT expiry policy for JWT Authentication?,Pinecone (sim),1,218.4962,wf01_s5_chunk_0|wf01_s1_chunk_0|wf01_d1_chunk_0|wf01_d2_chunk_0|wf01_d3_chunk_0,wf01_s1_chunk_0
1337,101,How is JWT expiry implemented using PyJWT+Redis?,Pinecone (sim),1,271.4419,wf01_s1_chunk_0|wf01_s3_chunk_0|wf01_s4_chunk_0|wf01_d2_chunk_0|wf01_s5_chunk_0,wf01_s1_chunk_0
1337,102,Find the backend standard for session token lifetime.,Pinecone (sim),1,218.2609,wf01_d3_chunk_0|wf01_d2_chunk_0|wf01_s1_chunk_0|wf01_s5_chunk_0|wf01_s3_chunk_0,wf01_s1_chunk_0|wf01_s4_chunk_0
1337,103,Summarise the technical decision on session token lifetime during JWT Authentica,Pinecone (sim),0,253.511,wf01_d3_chunk_0|wf01_d2_chunk_0|wf01_s5_chunk_0|wf01_d1_chunk_0|wf01_s1_chunk_0,wf01_s4_chunk_0
1337,104,What is the final JWT expiry rule deployed to production after the sprint overri,Pinecone (sim),1,206.3341,wf01_s5_chunk_0|wf01_s3_chunk_0|wf01_s1_chunk_0|wf01_d1_chunk_0|wf01_d2_chunk_0,wf01_s5_chunk_0
1337,105,"Was the temporary 60-minute expiry change kept, or did we revert to the original",Pinecone (sim),1,234.6363,wf01_d2_chunk_0|wf01_d3_chunk_0|wf01_d1_chunk_0|wf01_s5_chunk_0|wf01_s3_chunk_0,wf01_s3_chunk_0|wf01_s5_chunk_0
1337,106,Which document defines 15-minute expiry as the approved JWT expiry setting?,Pinecone (sim),1,205.9097,wf01_d1_chunk_0|wf01_s5_chunk_0|wf01_d2_chunk_0|wf01_s1_chunk_0|wf01_s3_chunk_0,wf01_s1_chunk_0
1337,107,Confirm the architecture decision that adopted 15-minute expiry for JWT Authenti,Pinecone (sim),1,222.7202,wf01_s5_chunk_0|wf01_d1_chunk_0|wf01_s1_chunk_0|wf01_d2_chunk_0|wf01_d3_chunk_0,wf01_s1_chunk_0
1337,108,What is the primary keys policy for Database Schema?,Pinecone (sim),1,253.7315,wf02_d1_chunk_0|wf02_d2_chunk_0|wf02_s5_chunk_0|wf02_s1_chunk_0|wf02_d3_chunk_0,wf02_s1_chunk_0
1337,109,How is primary keys implemented using Alembic+PostgreSQL?,Pinecone (sim),1,179.8244,wf02_s1_chunk_0|wf02_d2_chunk_0|wf02_d1_chunk_0|wf02_s3_chunk_0|wf02_s4_chunk_0,wf02_s1_chunk_0
1337,110,Find the backend standard for row identifier scheme.,Pinecone (sim),1,244.3011,wf02_s4_chunk_0|wf02_s1_chunk_0|wf02_d3_chunk_0|wf02_d2_chunk_0|ng_1395,wf02_s1_chunk_0|wf02_s4_chunk_0
1337,111,Summarise the technical decision on row identifier scheme during Database Schema,Pinecone (sim),1,241.054,wf02_s4_chunk_0|wf02_d3_chunk_0|wf02_d1_chunk_0|wf02_s1_chunk_0|wf02_d2_chunk_0,wf02_s4_chunk_0
1337,112,What is the final primary keys rule deployed to production after the sprint over,Pinecone (sim),1,213.5395,wf02_s5_chunk_0|wf02_d1_chunk_0|wf02_d2_chunk_0|wf02_s1_chunk_0|wf02_s3_chunk_0,wf02_s5_chunk_0
1337,113,"Was the temporary auto-incrementing integer PKs change kept, or did we revert to",Pinecone (sim),1,196.6528,wf02_s3_chunk_0|wf02_s5_chunk_0|wf02_s1_chunk_0|wf02_d3_chunk_0|ng_637,wf02_s3_chunk_0|wf02_s5_chunk_0
1337,114,Which document defines UUID primary keys as the approved primary keys setting?,Pinecone (sim),1,231.9556,wf02_s1_chunk_0|wf02_s5_chunk_0|wf02_d2_chunk_0|wf02_d1_chunk_0|wf02_d3_chunk_0,wf02_s1_chunk_0
1337,115,Confirm the architecture decision that adopted UUID primary keys for Database Sc,Pinecone (sim),1,214.2404,wf02_s5_chunk_0|wf02_s1_chunk_0|wf02_d3_chunk_0|wf02_d2_chunk_0|wf02_d1_chunk_0,wf02_s1_chunk_0
1337,116,What is the domain boundary policy for Microservice Context?,Pinecone (sim),1,235.7959,wf03_d1_chunk_0|wf03_s5_chunk_0|wf03_s1_chunk_0|wf03_d2_chunk_0|wf03_d3_chunk_0,wf03_s1_chunk_0
1337,117,How is domain boundary implemented using gRPC+Protobuf?,Pinecone (sim),1,229.9428,wf03_s1_chunk_0|wf14_s1_chunk_0|wf14_d2_chunk_0|wf14_d3_chunk_0|wf14_d1_chunk_0,wf03_s1_chunk_0
1337,118,Find the architecture standard for inter-service coupling.,Pinecone (sim),1,279.3013,wf03_d3_chunk_0|wf03_s1_chunk_0|wf03_s4_chunk_0|wf03_d2_chunk_0|wf19_s4_chunk_0,wf03_s1_chunk_0|wf03_s4_chunk_0
1337,119,Summarise the technical decision on inter-service coupling during Microservice C,Pinecone (sim),1,228.0666,wf03_d3_chunk_0|wf03_d2_chunk_0|wf03_d1_chunk_0|wf03_s1_chunk_0|wf03_s4_chunk_0,wf03_s4_chunk_0
1337,120,What is the final domain boundary rule deployed to production after the sprint o,Pinecone (sim),1,203.7935,wf03_s5_chunk_0|wf03_d1_chunk_0|wf04_s3_chunk_0|wf15_s3_chunk_0|wf18_s3_chunk_0,wf03_s5_chunk_0
1337,121,"Was the temporary shared database schema change kept, or did we revert to the or",Pinecone (sim),1,243.2795,wf03_s3_chunk_0|wf15_s4_chunk_0|wf03_d3_chunk_0|wf15_d3_chunk_0|wf15_s3_chunk_0,wf03_s3_chunk_0|wf03_s5_chunk_0
1337,122,Which document defines strict domain boundary as the approved domain boundary se,Pinecone (sim),1,235.9092,wf03_s5_chunk_0|wf03_s1_chunk_0|wf03_d1_chunk_0|wf16_d1_chunk_0|wf04_s5_chunk_0,wf03_s1_chunk_0
1337,123,Confirm the architecture decision that adopted strict domain boundary for Micros,Pinecone (sim),1,272.1059,wf03_s5_chunk_0|wf03_d1_chunk_0|wf03_s1_chunk_0|wf03_d3_chunk_0|wf03_d2_chunk_0,wf03_s1_chunk_0
1337,124,What is the PR approvals policy for CI/CD Pipeline?,Pinecone (sim),1,253.9498,wf04_d2_chunk_0|wf04_s5_chunk_0|wf04_d1_chunk_0|wf04_s1_chunk_0|wf04_d3_chunk_0,wf04_s1_chunk_0
1337,125,How is PR approvals implemented using GitHub Actions?,Pinecone (sim),1,239.8617,wf04_s1_chunk_0|wf04_d2_chunk_0|wf04_s5_chunk_0|wf04_d1_chunk_0|ng_628,wf04_s1_chunk_0
1337,126,Find the devops standard for merge gate policy.,Pinecone (sim),1,270.1916,wf04_s4_chunk_0|wf04_d3_chunk_0|wf04_s1_chunk_0|wf04_s5_chunk_0|wf19_s5_chunk_0,wf04_s1_chunk_0|wf04_s4_chunk_0
1337,127,Summarise the technical decision on merge gate policy during CI/CD Pipeline desi,Pinecone (sim),1,196.7871,wf04_d3_chunk_0|wf04_s4_chunk_0|wf04_s1_chunk_0|wf04_s5_chunk_0|wf04_d2_chunk_0,wf04_s4_chunk_0
1337,128,What is the final PR approvals rule deployed to production after the sprint over,Pinecone (sim),1,225.3417,wf04_s5_chunk_0|wf04_s3_chunk_0|wf04_d1_chunk_0|wf05_s3_chunk_0|wf04_d2_chunk_0,wf04_s5_chunk_0
1337,129,"Was the temporary admin bypass override change kept, or did we revert to the ori",Pinecone (sim),1,211.9689,wf04_s3_chunk_0|wf19_s5_chunk_0|wf15_s5_chunk_0|wf16_s3_chunk_0|wf01_s5_chunk_0,wf04_s3_chunk_0|wf04_s5_chunk_0
1337,130,Which document defines require 2 PR approvals as the approved PR approvals setti,Pinecone (sim),1,226.0342,wf04_d2_chunk_0|wf04_d1_chunk_0|wf04_s5_chunk_0|wf04_s1_chunk_0|wf16_d1_chunk_0,wf04_s1_chunk_0
1337,131,Confirm the architecture decision that adopted require 2 PR approvals for CI/CD ,Pinecone (sim),1,200.9473,wf04_s1_chunk_0|wf04_d2_chunk_0|wf04_s5_chunk_0|wf04_d1_chunk_0|wf04_d3_chunk_0,wf04_s1_chunk_0
1337,132,What is the trace sampling policy for Observability Stack?,Pinecone (sim),1,247.4459,wf05_d2_chunk_0|wf05_s5_chunk_0|wf05_d1_chunk_0|wf05_s1_chunk_0|wf05_d3_chunk_0,wf05_s1_chunk_0
1337,133,How is trace sampling implemented using OpenTelemetry?,Pinecone (sim),1,220.5119,wf05_s1_chunk_0|wf05_d2_chunk_0|wf05_s3_chunk_0|wf05_d3_chunk_0|wf05_d1_chunk_0,wf05_s1_chunk_0
1337,134,Find the devops standard for telemetry capture rate.,Pinecone (sim),1,184.6008,wf05_s4_chunk_0|ng_2127|wf05_s1_chunk_0|wf05_d2_chunk_0|wf05_d1_chunk_0,wf05_s1_chunk_0|wf05_s4_chunk_0
1337,135,Summarise the technical decision on telemetry capture rate during Observability ,Pinecone (sim),1,202.6883,wf05_s1_chunk_0|wf05_s4_chunk_0|wf05_d1_chunk_0|wf05_d3_chunk_0|wf05_s3_chunk_0,wf05_s4_chunk_0
1337,136,What is the final trace sampling rule deployed to production after the sprint ov,Pinecone (sim),1,239.9569,wf05_s3_chunk_0|wf05_s5_chunk_0|wf05_d2_chunk_0|wf05_d1_chunk_0|wf05_d3_chunk_0,wf05_s5_chunk_0
1337,137,"Was the temporary 100% full trace sampling change kept, or did we revert to the ",Pinecone (sim),1,264.736,wf05_d2_chunk_0|wf05_s3_chunk_0|wf05_d1_chunk_0|wf05_s1_chunk_0|wf05_s5_chunk_0,wf05_s3_chunk_0|wf05_s5_chunk_0
1337,138,Which document defines 10% trace sampling as the approved trace sampling setting,Pinecone (sim),1,290.6756,wf05_d2_chunk_0|wf05_d1_chunk_0|wf05_s5_chunk_0|wf05_s1_chunk_0|wf05_d3_chunk_0,wf05_s1_chunk_0
1337,139,Confirm the architecture decision that adopted 10% trace sampling for Observabil,Pinecone (sim),1,321.2776,wf05_s1_chunk_0|wf05_d2_chunk_0|wf05_s5_chunk_0|wf05_d1_chunk_0|wf05_d3_chunk_0,wf05_s1_chunk_0
1337,140,What is the rate limit policy for API Gateway Rate Limiting?,Pinecone (sim),0,241.8395,wf06_d2_chunk_0|wf06_s5_chunk_0|wf06_d1_chunk_0|wf06_d3_chunk_0|wf06_s4_chunk_0,wf06_s1_chunk_0
1337,141,How is rate limit implemented using nginx+Lua?,Pinecone (sim),1,198.9195,wf06_s1_chunk_0|wf06_s3_chunk_0|wf06_s4_chunk_0|wf06_d2_chunk_0|wf06_d1_chunk_0,wf06_s1_chunk_0
1337,142,Find the backend standard for inbound request throttle.,Pinecone (sim),1,163.4259,wf06_s4_chunk_0|wf06_s5_chunk_0|wf06_d3_chunk_0|wf06_s1_chunk_0|wf06_d1_chunk_0,wf06_s1_chunk_0|wf06_s4_chunk_0
1337,143,Summarise the technical decision on inbound request throttle during API Gateway ,Pinecone (sim),1,239.9997,wf06_s4_chunk_0|wf06_d3_chunk_0|wf06_d1_chunk_0|wf06_s5_chunk_0|wf06_d2_chunk_0,wf06_s4_chunk_0
1337,144,What is the final rate limit rule deployed to production after the sprint overri,Pinecone (sim),1,206.2441,wf06_s3_chunk_0|wf06_s5_chunk_0|wf06_d1_chunk_0|wf06_d2_chunk_0|wf06_s1_chunk_0,wf06_s5_chunk_0
1337,145,"Was the temporary unlimited bursting change kept, or did we revert to the origin",Pinecone (sim),1,221.9032,wf06_s3_chunk_0|wf06_s5_chunk_0|wf06_d3_chunk_0|wf06_d1_chunk_0|wf06_s4_chunk_0,wf06_s3_chunk_0|wf06_s5_chunk_0
1337,146,Which document defines 100 RPM rate limit as the approved rate limit setting?,Pinecone (sim),1,210.5983,wf06_d2_chunk_0|wf06_d1_chunk_0|wf06_s1_chunk_0|wf06_d3_chunk_0|wf06_s5_chunk_0,wf06_s1_chunk_0
1337,147,Confirm the architecture decision that adopted 100 RPM rate limit for API Gatewa,Pinecone (sim),1,227.073,wf06_d3_chunk_0|wf06_s5_chunk_0|wf06_d2_chunk_0|wf06_d1_chunk_0|wf06_s1_chunk_0,wf06_s1_chunk_0
1337,148,What is the cache TTL policy for Distributed Caching?,Pinecone (sim),1,261.1487,wf07_d2_chunk_0|wf07_s5_chunk_0|wf07_d1_chunk_0|wf07_d3_chunk_0|wf07_s1_chunk_0,wf07_s1_chunk_0
1337,149,How is cache TTL implemented using redis-py?,Pinecone (sim),1,233.4655,wf07_s1_chunk_0|wf07_d2_chunk_0|wf07_d3_chunk_0|wf07_s3_chunk_0|wf07_s5_chunk_0,wf07_s1_chunk_0
1337,0,Re: Police radar....Just how does it work?? Organization: your service,CogniSync (Hybrid),1,30.043,ng_1557|ng_359|ng_2273|ng_96|ng_2257,ng_359
1337,1,HP 2623A graphics terminal emulators Summary: Need application to emulate,CogniSync (Hybrid),1,26.5677,ng_2041|ng_226|ng_1200|ng_724|ng_1636,ng_2041
1337,2,Re: text of White House announcement and Q&As on clipper,CogniSync (Hybrid),0,25.6526,ng_1331|ng_277|ng_1449|ng_849|ng_1347,ng_1246
1337,3,Subject: Re: wrong RAM in Duo? Organization: U. C. Berkeley,CogniSync (Hybrid),1,24.5021,ng_2051|ng_958|ng_562|ng_2351|ng_149,ng_2051
1337,4,[jb@sgihbtn.sierra.com: Re: Xlib for MS/WINDOWS not an XSERVER!!!] Organization:,CogniSync (Hybrid),1,36.932,ng_1283|ng_1832|ng_242|ng_423|ng_1870,ng_1832
1337,5,Subject: Re: Secret algorithm [Re: Clipper Chip and crypto key-escrow],CogniSync (Hybrid),0,27.0262,ng_509|ng_21|ng_1382|ng_122|ng_1021,ng_1981
1337,6,"8*24 card questions Organization: Howtek, Inc. Reply-To: rick@howtek.MV.COM (Ric",CogniSync (Hybrid),1,28.2569,ng_734|ng_1514|ng_673|ng_1399|ng_1140,ng_734
1337,7,Subject: Re: Membrane keypad with custom legend. Organization: The University,CogniSync (Hybrid),1,28.8347,ng_95|ng_428|ng_1280|ng_2253|ng_724,ng_95
1337,8,"Re: electronic parts in NYC? Organization: PANIX Public Access Unix,",CogniSync (Hybrid),1,24.3549,ng_1415|ng_2303|ng_2050|ng_2279|ng_1829,ng_1415
1337,9,"Powerbook with a math coprocessor? Keywords: powerbook, math coprocessor, pb160",CogniSync (Hybrid),1,28.5738,ng_1819|ng_2151|ng_108|ng_892|ng_1398,ng_1819
1337,10,Subject: Re: Is a 2 headed Sun 3/60 possible (cgfour0/bwtwo0),CogniSync (Hybrid),1,28.6532,ng_1830|ng_1862|ng_1765|ng_42|ng_2018,ng_1862
1337,11,"Upgrading PB170 Memory Organization: High Altitude Observatory, Boulder CO 80303",CogniSync (Hybrid),1,25.516,ng_108|ng_892|ng_1836|ng_544|ng_489,ng_892
1337,12,"Re: EEG Kit? Nntp-Posting-Host: cec1 Organization: Washington University, St. Lo",CogniSync (Hybrid),1,34.12,ng_1130|ng_84|ng_1969|ng_255|ng_676,ng_84
1337,13,Re: How to detect use of an illegal cipher? Organization:,CogniSync (Hybrid),1,29.87,ng_950|ng_304|ng_742|ng_1660|ng_1300,ng_950
1337,14,waiting for a specific event/callback Keywords: event handling Reply-To: Huub.Ba,CogniSync (Hybrid),1,28.2433,ng_2035|ng_858|ng_446|wf05_s4_chunk_0|wf17_s4_chunk_0,ng_2035
1337,15,Mattern)) Subject: Re: PGP 2.2: general comments Nntp-Posting-Host: bloch.inform,CogniSync (Hybrid),0,41.0502,ng_1379|ng_676|ng_235|ng_255|ng_1839,ng_63
1337,16,Subject: 10th International Obfuscated C Code Contest Opening (1 of,CogniSync (Hybrid),1,27.9713,ng_14|ng_1157|ng_187|ng_447|ng_1577,ng_1157
1337,17,"Re: Desktop rebuild and Datadesk keyboard? Organization: University of Illinois,",CogniSync (Hybrid),1,26.2428,ng_1461|ng_1193|ng_1847|ng_2144|ng_2317,ng_1461
1337,18,Re: TV RECEPTION: HEELLLPPP!!! Nntp-Posting-Host: aisun3.ai.uga.edu Organization,CogniSync (Hybrid),1,33.3567,ng_1942|ng_1379|ng_2078|ng_1301|ng_2153,ng_1301
1337,19,crypto is for hard-core hackers & spooks only From: a_rubin@dsg4.dse.beckman.com,CogniSync (Hybrid),0,32.6778,ng_302|ng_1296|ng_1660|ng_2039|ng_13,ng_1716
1337,20,Re: An Open Letter to Mr. Clinton Organization: Chinet -,CogniSync (Hybrid),0,25.7683,ng_902|ng_1331|ng_2315|ng_470|ng_258,ng_1784
1337,21,Clipper proposal - key length? Organization: Promis Systems Corp. Lines:,CogniSync (Hybrid),1,25.7677,ng_815|ng_40|ng_2067|ng_1378|ng_209,ng_815
1337,22,The Old Key Registration Idea... Organization: Express Access Online Communicati,CogniSync (Hybrid),1,27.7444,ng_1294|ng_878|ng_1172|ng_1993|wf11_d3_chunk_0,ng_1294
1337,23,Mac 800 numbers Organization: Case School of Engineering Lines: 90,CogniSync (Hybrid),1,25.4212,ng_1252|ng_1346|ng_2139|ng_403|ng_2094,ng_1252
1337,24,"Re: Once tapped, your code is no good any more.",CogniSync (Hybrid),0,25.7677,ng_691|ng_1507|ng_1137|ng_1700|ng_2254,ng_1479
1337,25,"Racet Optical Organization: Computer Science Department, Boston University, Bost",CogniSync (Hybrid),0,35.4224,ng_1803|ng_2251|ng_1052|ng_151|ng_1862,ng_1656
1337,26,level brightness Xmas light set (for Easter? Keywords: xmas Organization:,CogniSync (Hybrid),1,27.7088,ng_382|ng_1529|ng_1850|ng_1421|ng_2344,ng_382
1337,27,Re: Sampling CD audio (was Re: What to put in,CogniSync (Hybrid),1,23.5587,ng_1965|ng_159|ng_788|ng_534|ng_602,ng_1965
1337,28,Re: books/info on audio DSP ?? In-Reply-To: scst83@csc.liv.ac.uk's message of,CogniSync (Hybrid),1,32.3479,ng_834|ng_1763|ng_929|ng_1753|ng_1057,ng_1763
1337,29,Re: How large are commercial keys? Reply-To: bontchev@fbihh.informatik.uni-hambu,CogniSync (Hybrid),1,33.1998,ng_1497|ng_2031|ng_2091|ng_938|ng_1420,ng_1497
1337,30,"Macintosh Awareness Group In Canada Subject: Re: Internal SCSI installation,",CogniSync (Hybrid),1,23.9792,ng_309|ng_1652|ng_145|ng_1537|ng_1880,ng_309
1337,31,Subject: RE: need shading program example in X Organization: The,CogniSync (Hybrid),1,26.4102,ng_1637|ng_336|ng_2251|ng_459|ng_151,ng_2251
1337,32,Re: Los Angeles Freeway traffic reports Nntp-Posting-Host: hpfcmgw.fc.hp.com Org,CogniSync (Hybrid),1,33.923,ng_2079|ng_551|ng_1005|ng_2179|ng_651,ng_551
1337,33,"Duo Dock problems Organization: Computer Science, Liverpool University Lines: 23",CogniSync (Hybrid),1,22.734,ng_1259|ng_1173|ng_1983|ng_2151|ng_2024,ng_1173
1337,34,Re: Dmm Advice Needed Organization: The Inquiring Mind BBS 1,CogniSync (Hybrid),0,24.3818,ng_1829|ng_1543|ng_1379|ng_896|ng_101,ng_1156
1337,35,Re: What do Nuclear Site's Cooling Towers do? Organization: Hewlett-Packard,CogniSync (Hybrid),1,25.15,ng_1728|ng_2032|ng_433|ng_1767|ng_12,ng_433
1337,36,"Re: Title for XTerm Organization: Dept. of Computer Science, TU",CogniSync (Hybrid),0,25.132,ng_1012|ng_474|ng_654|ng_1264|ng_943,ng_169
1337,37,"Subject: Re: Once tapped, your code is no good any",CogniSync (Hybrid),0,25.5635,ng_2254|ng_691|ng_1700|ng_2131|ng_1385,ng_2066
1337,38,Subject: Re: Long distance IR detection Organization: Purdue University Engineer,CogniSync (Hybrid),1,22.56,ng_1125|ng_1271|ng_924|ng_2063|ng_2265,ng_1125
1337,39,Re: Fighting the Clipper Initiative Organization: Express Access Online Communic,CogniSync (Hybrid),0,25.7561,ng_2212|ng_772|ng_726|ng_2061|ng_2052,ng_2128
1337,40,"Subject: Re: Screw the people, crypto is for hard-core hackers",CogniSync (Hybrid),0,28.8878,ng_302|ng_1359|ng_1660|ng_1680|ng_335,ng_1756
1337,41,for VGA Monitors Lines: 51 Does anyone know who makes,CogniSync (Hybrid),1,22.8214,ng_1083|ng_1106|ng_1638|ng_1445|ng_87,ng_1106
1337,42,"receiver system Summary: multi channel receiver system? Keywords: telemetry, rec",CogniSync (Hybrid),1,24.3238,ng_2175|ng_2092|ng_512|ng_1216|ng_641,ng_2175
1337,43,Re: arcade style buttons and joysticks Reply-To: acm@Sun.COM (Andrew MacRae),CogniSync (Hybrid),1,29.8981,ng_1470|ng_1926|ng_2230|ng_1639|ng_535,ng_1470
1337,44,constantly rebooting! From: stubbs@hawk.cs.ukans.edu (Jerry Stubbs) Organization,CogniSync (Hybrid),0,31.6854,ng_676|ng_1829|ng_1473|ng_2323|ng_755,ng_643
1337,45,Subject: Coil Organization: Worcester Polytechnic Institute Lines: 11 NNTP-Posti,CogniSync (Hybrid),1,27.5508,ng_1947|ng_676|ng_515|ng_1767|ng_2353,ng_1947
1337,46,Re: text of White House announcement and Q&As on clipper,CogniSync (Hybrid),0,24.5935,ng_1331|ng_277|ng_1449|ng_849|ng_1347,ng_1553
1337,47,"Re: ATARI 2600 Processors Organization: Aiken Computation Lab, Harvard Universit",CogniSync (Hybrid),1,25.1696,ng_777|ng_765|ng_1290|ng_286|ng_173,ng_777
1337,48,Subject: widget for displaying images Nntp-Posting-Host: marvin Organization: Th,CogniSync (Hybrid),1,30.3469,ng_1152|ng_1339|ng_1379|ng_1829|ng_2148,ng_1152
1337,49,to factory defaults From: Robert Grapes <R.Grapes@massey.ac.nz> Organization: Ma,CogniSync (Hybrid),1,29.8541,ng_744|ng_368|ng_1387|ng_384|ng_98,ng_1387
1337,50,"programs From: EXTDSM@LURE.LATROBE.EDU.AU (MADDISON,David) Organization: La Trob",CogniSync (Hybrid),0,33.469,ng_1476|ng_1827|ng_73|ng_841|ng_634,ng_34
1337,51,Re: Police radar....Just how does it work?? Reply-To: dtmedin@catbyte.b30.ingr.c,CogniSync (Hybrid),1,34.305,ng_261|ng_1557|ng_359|ng_1539|ng_2273,ng_261
1337,52,Subject: Re: Radar detector DETECTORS? Organization: Kansas State University Lin,CogniSync (Hybrid),1,23.9093,ng_2273|ng_2153|ng_1688|ng_1945|ng_96,ng_2273
1337,53,"Re: Illusion Organization: SSC, Inc., Seattle, WA X-Newsreader: TIN [version",CogniSync (Hybrid),1,26.7688,ng_1888|ng_1435|ng_1144|ng_1829|ng_2253,ng_2253
1337,54,Anyone got 200+ Schadow switches with LED? X-Xxmessage-Id: <A7FC6A05A602655F@dia,CogniSync (Hybrid),1,43.1937,ng_1421|ng_382|ng_439|ng_95|ng_1888,ng_1421
1337,55,Denning's Trust) From: kubo@zariski.harvard.edu (Tal Kubo) Distribution: inet Or,CogniSync (Hybrid),0,32.6285,ng_405|ng_1379|ng_235|ng_690|ng_976,ng_2332
1337,56,Re: X on Amiga 4000? Article-I.D.: fripp.1993Apr23.195024.24932 Reply-To: jh@cad,CogniSync (Hybrid),1,35.7887,ng_370|ng_1743|ng_2112|ng_337|ng_2258,ng_370
1337,57,xterm build problem in Solaris2.1 Reply-To: acker@se01.wg2.waii.com Organization,CogniSync (Hybrid),1,31.5542,ng_1581|ng_1452|ng_1145|ng_1515|ng_1765,ng_1452
1337,58,Compiling help Organization: ITC/UVA Community Access UNIX/Internet Project Line,CogniSync (Hybrid),0,27.1782,ng_1822|ng_447|ng_1036|ng_1368|ng_288,ng_735
1337,59,RE: need shading program example in X Reply-To: Andre_Beck@IRS.Inf.TU-Dresden.DE,CogniSync (Hybrid),1,33.0787,ng_1637|ng_336|ng_151|ng_2251|ng_459,ng_151
1337,60,XtAddEventHandler Organization: The Internet Lines: 29 To: xpert@expo.lcs.mit.ed,CogniSync (Hybrid),0,31.2466,ng_1379|ng_1476|ng_556|ng_73|ng_841,ng_1777
1337,61,Re: X interactive performance In-reply-to: afielden@cbnewsb.cb.att.com's message,CogniSync (Hybrid),1,49.041,ng_1806|ng_191|ng_73|ng_1711|ng_1044,ng_191
1337,62,Subject: Re: arcade style buttons and joysticks Organization: Antone's Italian,CogniSync (Hybrid),1,27.1216,ng_1470|ng_1926|ng_2230|ng_1639|ng_535,ng_1926
1337,63,Fwd: PROGRESSIVES HAPPY HOUR Original-To: bb-general@CS.CMU.EDU Organization: Sc,CogniSync (Hybrid),1,33.0438,ng_408|ng_1829|ng_1379|ng_2284|ng_474,ng_408
1337,64,Re: What is Zero dB???? Nntp-Posting-Host: bcarhdd Organization: Bell-Northern R,CogniSync (Hybrid),1,31.7324,ng_279|ng_141|ng_530|ng_1979|ng_517,ng_279
1337,65,"Re: PEM and MIME Organization: Personal Usenet site, Tujunga, CA",CogniSync (Hybrid),1,30.4559,ng_2172|ng_2058|ng_280|ng_367|ng_2233,ng_2172
1337,66,Re: IBM-PC XT switch settings Organization: Netcom Online Communications Service,CogniSync (Hybrid),1,25.9483,ng_623|ng_1683|ng_619|ng_1556|ng_490,ng_623
1337,67,"Circuit Cellar Ink address? Organization: University of Washington, Seattle Line",CogniSync (Hybrid),1,24.5068,ng_384|ng_2303|ng_1415|ng_594|ng_2050,ng_384
1337,68,"Re: Motif vs. [Athena, etc.] Organization: CSIRO Division of Radiophysics/Austra",CogniSync (Hybrid),1,27.2541,ng_859|ng_5|ng_2013|ng_158|ng_1968,ng_859
1337,69,"Re: IIsi clock upgrade Organization: Idaho State University, Pocatello Lines:",CogniSync (Hybrid),1,25.5608,ng_2106|ng_1058|ng_505|ng_270|ng_1869,ng_270
1337,70,"Subject: Re: Screw the people, crypto is for hard-core hackers",CogniSync (Hybrid),0,26.7598,ng_302|ng_1359|ng_1660|ng_1680|ng_335,ng_1169
1337,71,"Subject: Re: Motif vs. [Athena, etc.] Organization: Bond University, AUSTRALIA",CogniSync (Hybrid),1,26.3838,ng_2013|ng_859|ng_5|ng_1839|ng_158,ng_2013
1337,72,Re: MacX 1.2 color problem Reply-To: dshaker@qualix.com Organization: QUALiX Gro,CogniSync (Hybrid),1,30.3534,ng_830|ng_20|ng_745|ng_1486|ng_481,ng_830
1337,73,Re: Converting contents of X-window to color postscript Organization: Dept.,CogniSync (Hybrid),1,29.9375,ng_51|ng_585|ng_1191|ng_192|ng_2251,ng_585
1337,74,Re: Motorola XC68882RC33 and RC50 Organization: U of Toronto Zoology,CogniSync (Hybrid),1,25.8349,ng_986|ng_951|ng_2112|ng_1140|ng_2257,ng_986
1337,75,"WANTED: X & security posting Organization: TRW Systems Division, Fairfax",CogniSync (Hybrid),1,26.0684,ng_1648|ng_1143|ng_1795|ng_976|ng_384,ng_1648
1337,76,frontplate for SyQuest in IIvi/IIvx/C650? Nntp-Posting-Host: lk-hp-7.hut.fi Repl,CogniSync (Hybrid),1,39.4825,ng_1744|ng_651|ng_255|ng_235|wf05_s4_chunk_0,ng_1744
1337,77,how to put RPC in HP X/motif environment? Organization: Columbia,CogniSync (Hybrid),1,23.3109,ng_62|ng_425|ng_1962|ng_2255|ng_242,ng_62
1337,78,"Bob ""Putz"" Cain (was: Pgp and other BS) Nntp-Posting-Host: next7.cs.umr.edu",CogniSync (Hybrid),1,30.8805,ng_235|ng_676|ng_1969|ng_255|ng_803,ng_803
1337,79,Subject: Re: Centris 610 Video Problem - I'm having it,CogniSync (Hybrid),1,24.1568,ng_1062|ng_1027|ng_178|ng_203|ng_416,ng_1027
1337,80,"Subject: Re: Mix GL with X (Xlib,Xt,mwm) Organization: Surf City",CogniSync (Hybrid),1,28.7803,ng_1200|ng_1563|ng_2181|ng_2187|ng_1637,ng_1563
1337,81,Re: Mysterious beeping Nntp-Posting-Host: hpcvusj.cv.hp.com Reply-To: tommc@cv.h,CogniSync (Hybrid),1,41.2962,ng_2239|ng_1422|ng_196|ng_2079|ng_724,ng_1422
1337,82,Subject: Needed 24 volt 4 circuit Flasher Organization: Amateur Radio,CogniSync (Hybrid),1,26.9351,ng_396|ng_525|ng_1708|ng_1216|ng_1205,ng_396
1337,83,"Re: Once tapped, your code is no good any more.",CogniSync (Hybrid),0,25.8967,ng_691|ng_1507|ng_1137|ng_1700|ng_2254,ng_1436
1337,84,help - how to constru Distribution: world Organization: Ozone Online,CogniSync (Hybrid),1,24.3182,ng_1379|ng_1767|ng_271|ng_976|ng_751,ng_751
1337,85,"Help: Event propagation Organization: Department of Scientific Computing, Uppsal",CogniSync (Hybrid),1,22.1226,ng_1435|ng_1646|ng_1379|wf12_s4_chunk_0|ng_933,ng_1646
1337,86,sony 1304 & Rasterops 24sx(si) for SALE! - UPDATE!! Article-I.D.:,CogniSync (Hybrid),0,28.0008,ng_259|ng_999|ng_1083|ng_656|ng_346,ng_1612
1337,87,Re: text of White House announcement and Q&As on clipper,CogniSync (Hybrid),0,25.2516,ng_1331|ng_277|ng_1449|ng_849|ng_1347,ng_2204
1337,88,Re: Secret algorithm [Re: Clipper Chip and crypto key-escrow] Keywords:,CogniSync (Hybrid),0,27.4019,ng_509|ng_122|ng_1382|ng_21|ng_1796,ng_1987
1337,89,Re: The source of that announcement Organization: PANIX Public Access,CogniSync (Hybrid),1,27.6209,ng_2337|ng_2218|ng_963|ng_1143|ng_2058,ng_2337
1337,90,Re: Secret algorithm [Re: Clipper Chip and crypto key-escrow] Keywords:,CogniSync (Hybrid),1,27.3837,ng_509|ng_122|ng_1382|ng_21|ng_1796,ng_509
1337,91,Re: text of White House announcement and Q&As on clipper,CogniSync (Hybrid),0,24.9691,ng_1331|ng_277|ng_1449|ng_849|ng_1347,ng_1077
1337,92,"Re: Once tapped, your code is no good any more.",CogniSync (Hybrid),0,25.2137,ng_691|ng_1507|ng_1137|ng_1700|ng_2254,ng_312
1337,93,"Re: Once tapped, your code is no good any more.",CogniSync (Hybrid),0,25.4632,ng_691|ng_1507|ng_1137|ng_1700|ng_2254,ng_653
1337,94,Re: The [secret] source of that announcement Organization: DSI/USCRPAC Lines:,CogniSync (Hybrid),0,27.8193,ng_1407|ng_1504|ng_1489|ng_2218|ng_1565,ng_1208
1337,95,Re: How do they know what keys to ask for?,CogniSync (Hybrid),1,24.3579,ng_699|ng_381|ng_1101|ng_1584|ng_1993,ng_699
1337,96,Re: 80-bit keyseach machine Organization: Advanced RISC Machines Ltd Lines:,CogniSync (Hybrid),0,25.7695,ng_763|ng_2091|ng_16|ng_1439|ng_1131,ng_1774
1337,97,"Re: Would ""clipper"" make a good cover for other encryption",CogniSync (Hybrid),0,25.0399,ng_102|ng_900|ng_1808|ng_19|ng_329,ng_59
1337,98,Mysterious MOSFET Organization: NASA Langley Research Center and Reptile Farm,CogniSync (Hybrid),1,39.5674,ng_2057|ng_2103|ng_889|ng_2341|ng_1968,ng_2057
1337,99,EICO tube tester repairs? Reply-To: ...futserv.austin.ibm.com!rg Organization: I,CogniSync (Hybrid),1,33.8288,ng_1431|ng_217|ng_2145|ng_1966|ng_1186,ng_1431
1337,100,What is the JWT expiry policy for JWT Authentication?,CogniSync (Hybrid),1,23.2889,wf01_s5_chunk_0|wf01_s1_chunk_0|wf01_d1_chunk_0|wf01_d2_chunk_0|wf01_d3_chunk_0,wf01_s1_chunk_0
1337,101,How is JWT expiry implemented using PyJWT+Redis?,CogniSync (Hybrid),1,24.6075,wf01_s1_chunk_0|wf01_s3_chunk_0|wf01_s4_chunk_0|wf01_d2_chunk_0|wf01_s5_chunk_0,wf01_s1_chunk_0
1337,102,Find the backend standard for session token lifetime.,CogniSync (Hybrid),1,25.2396,wf01_d3_chunk_0|wf01_d2_chunk_0|wf01_s1_chunk_0|wf01_s5_chunk_0|wf01_s3_chunk_0,wf01_s1_chunk_0|wf01_s4_chunk_0
1337,103,Summarise the technical decision on session token lifetime during JWT Authentica,CogniSync (Hybrid),0,25.0828,wf01_d3_chunk_0|wf01_d2_chunk_0|wf01_s5_chunk_0|wf01_d1_chunk_0|wf01_s1_chunk_0,wf01_s4_chunk_0
1337,104,What is the final JWT expiry rule deployed to production after the sprint overri,CogniSync (Hybrid),1,26.0993,wf01_s5_chunk_0|wf01_s3_chunk_0|wf01_s1_chunk_0|wf01_d1_chunk_0|wf01_d2_chunk_0,wf01_s5_chunk_0
1337,105,"Was the temporary 60-minute expiry change kept, or did we revert to the original",CogniSync (Hybrid),1,29.222,wf01_d2_chunk_0|wf01_d3_chunk_0|wf01_d1_chunk_0|wf01_s5_chunk_0|wf01_s3_chunk_0,wf01_s3_chunk_0|wf01_s5_chunk_0
1337,106,Which document defines 15-minute expiry as the approved JWT expiry setting?,CogniSync (Hybrid),1,27.23,wf01_d1_chunk_0|wf01_s5_chunk_0|wf01_d2_chunk_0|wf01_s1_chunk_0|wf01_s3_chunk_0,wf01_s1_chunk_0
1337,107,Confirm the architecture decision that adopted 15-minute expiry for JWT Authenti,CogniSync (Hybrid),1,24.0221,wf01_s5_chunk_0|wf01_d1_chunk_0|wf01_s1_chunk_0|wf01_d2_chunk_0|wf01_d3_chunk_0,wf01_s1_chunk_0
1337,108,What is the primary keys policy for Database Schema?,CogniSync (Hybrid),1,22.0814,wf02_d1_chunk_0|wf02_d2_chunk_0|wf02_s5_chunk_0|wf02_s1_chunk_0|wf02_d3_chunk_0,wf02_s1_chunk_0
1337,109,How is primary keys implemented using Alembic+PostgreSQL?,CogniSync (Hybrid),1,24.1606,wf02_s1_chunk_0|wf02_d2_chunk_0|wf02_d1_chunk_0|wf02_s3_chunk_0|wf02_s4_chunk_0,wf02_s1_chunk_0
1337,110,Find the backend standard for row identifier scheme.,CogniSync (Hybrid),1,24.7409,wf02_s4_chunk_0|wf02_s1_chunk_0|wf02_d3_chunk_0|wf02_d2_chunk_0|ng_1395,wf02_s1_chunk_0|wf02_s4_chunk_0
1337,111,Summarise the technical decision on row identifier scheme during Database Schema,CogniSync (Hybrid),1,26.4666,wf02_s4_chunk_0|wf02_d3_chunk_0|wf02_d1_chunk_0|wf02_s1_chunk_0|wf02_d2_chunk_0,wf02_s4_chunk_0
1337,112,What is the final primary keys rule deployed to production after the sprint over,CogniSync (Hybrid),1,24.819,wf02_s5_chunk_0|wf02_d1_chunk_0|wf02_d2_chunk_0|wf02_s3_chunk_0|wf02_s1_chunk_0,wf02_s5_chunk_0
1337,113,"Was the temporary auto-incrementing integer PKs change kept, or did we revert to",CogniSync (Hybrid),1,31.4362,wf02_s3_chunk_0|wf02_s5_chunk_0|wf02_s1_chunk_0|wf02_d3_chunk_0|ng_637,wf02_s3_chunk_0|wf02_s5_chunk_0
1337,114,Which document defines UUID primary keys as the approved primary keys setting?,CogniSync (Hybrid),1,23.5926,wf02_s1_chunk_0|wf02_s5_chunk_0|wf02_d2_chunk_0|wf02_d1_chunk_0|wf02_d3_chunk_0,wf02_s1_chunk_0
1337,115,Confirm the architecture decision that adopted UUID primary keys for Database Sc,CogniSync (Hybrid),1,24.0099,wf02_s5_chunk_0|wf02_s1_chunk_0|wf02_d3_chunk_0|wf02_d2_chunk_0|wf02_d1_chunk_0,wf02_s1_chunk_0
1337,116,What is the domain boundary policy for Microservice Context?,CogniSync (Hybrid),1,23.1891,wf03_d1_chunk_0|wf03_s5_chunk_0|wf03_s1_chunk_0|wf03_d2_chunk_0|wf03_d3_chunk_0,wf03_s1_chunk_0
1337,117,How is domain boundary implemented using gRPC+Protobuf?,CogniSync (Hybrid),1,22.7665,wf03_s1_chunk_0|wf14_s1_chunk_0|wf14_d2_chunk_0|wf14_d3_chunk_0|wf14_d1_chunk_0,wf03_s1_chunk_0
1337,118,Find the architecture standard for inter-service coupling.,CogniSync (Hybrid),1,24.9155,wf03_d3_chunk_0|wf03_s1_chunk_0|wf03_s4_chunk_0|wf03_d2_chunk_0|ng_2165,wf03_s1_chunk_0|wf03_s4_chunk_0
1337,119,Summarise the technical decision on inter-service coupling during Microservice C,CogniSync (Hybrid),1,28.922,wf03_d3_chunk_0|wf03_d2_chunk_0|wf03_d1_chunk_0|wf03_s1_chunk_0|wf03_s4_chunk_0,wf03_s4_chunk_0
1337,120,What is the final domain boundary rule deployed to production after the sprint o,CogniSync (Hybrid),1,25.8708,wf03_s5_chunk_0|wf03_d1_chunk_0|wf04_s3_chunk_0|wf15_s3_chunk_0|wf18_s3_chunk_0,wf03_s5_chunk_0
1337,121,"Was the temporary shared database schema change kept, or did we revert to the or",CogniSync (Hybrid),1,26.7973,wf03_s3_chunk_0|wf15_s4_chunk_0|wf03_d3_chunk_0|wf15_s3_chunk_0|wf15_d3_chunk_0,wf03_s3_chunk_0|wf03_s5_chunk_0
1337,122,Which document defines strict domain boundary as the approved domain boundary se,CogniSync (Hybrid),1,23.3861,wf03_s5_chunk_0|wf03_s1_chunk_0|wf03_d1_chunk_0|wf16_d1_chunk_0|wf04_s5_chunk_0,wf03_s1_chunk_0
1337,123,Confirm the architecture decision that adopted strict domain boundary for Micros,CogniSync (Hybrid),1,22.7851,wf03_s5_chunk_0|wf03_s1_chunk_0|wf03_d1_chunk_0|wf03_d3_chunk_0|wf03_d2_chunk_0,wf03_s1_chunk_0
1337,124,What is the PR approvals policy for CI/CD Pipeline?,CogniSync (Hybrid),1,22.5105,wf04_d2_chunk_0|wf04_s5_chunk_0|wf04_s1_chunk_0|wf04_d1_chunk_0|wf04_d3_chunk_0,wf04_s1_chunk_0
1337,125,How is PR approvals implemented using GitHub Actions?,CogniSync (Hybrid),1,23.4829,wf04_s1_chunk_0|wf04_d2_chunk_0|wf04_s5_chunk_0|wf04_d1_chunk_0|ng_628,wf04_s1_chunk_0
1337,126,Find the devops standard for merge gate policy.,CogniSync (Hybrid),1,21.0153,wf04_s4_chunk_0|wf04_d3_chunk_0|wf04_s1_chunk_0|wf04_s5_chunk_0|wf19_s5_chunk_0,wf04_s1_chunk_0|wf04_s4_chunk_0
1337,127,Summarise the technical decision on merge gate policy during CI/CD Pipeline desi,CogniSync (Hybrid),1,24.5995,wf04_d3_chunk_0|wf04_s4_chunk_0|wf04_s1_chunk_0|wf04_s5_chunk_0|wf04_d2_chunk_0,wf04_s4_chunk_0
1337,128,What is the final PR approvals rule deployed to production after the sprint over,CogniSync (Hybrid),1,25.6417,wf04_s5_chunk_0|wf04_s3_chunk_0|wf05_s3_chunk_0|wf04_d1_chunk_0|wf04_d2_chunk_0,wf04_s5_chunk_0
1337,129,"Was the temporary admin bypass override change kept, or did we revert to the ori",CogniSync (Hybrid),1,28.3525,wf04_s3_chunk_0|wf19_s5_chunk_0|wf16_s3_chunk_0|wf15_s5_chunk_0|wf01_s5_chunk_0,wf04_s3_chunk_0|wf04_s5_chunk_0
1337,130,Which document defines require 2 PR approvals as the approved PR approvals setti,CogniSync (Hybrid),1,26.227,wf04_d2_chunk_0|wf04_d1_chunk_0|wf04_s5_chunk_0|wf04_s1_chunk_0|wf16_d1_chunk_0,wf04_s1_chunk_0
1337,131,Confirm the architecture decision that adopted require 2 PR approvals for CI/CD ,CogniSync (Hybrid),1,26.9038,wf04_s1_chunk_0|wf04_d2_chunk_0|wf04_s5_chunk_0|wf04_d1_chunk_0|wf04_d3_chunk_0,wf04_s1_chunk_0
1337,132,What is the trace sampling policy for Observability Stack?,CogniSync (Hybrid),1,23.6353,wf05_d2_chunk_0|wf05_s5_chunk_0|wf05_d1_chunk_0|wf05_s1_chunk_0|wf05_d3_chunk_0,wf05_s1_chunk_0
1337,133,How is trace sampling implemented using OpenTelemetry?,CogniSync (Hybrid),1,23.19,wf05_s1_chunk_0|wf05_d2_chunk_0|wf05_s3_chunk_0|wf05_d3_chunk_0|wf05_d1_chunk_0,wf05_s1_chunk_0
1337,134,Find the devops standard for telemetry capture rate.,CogniSync (Hybrid),1,23.3293,wf05_s4_chunk_0|ng_2127|wf05_s1_chunk_0|wf05_d2_chunk_0|wf05_d1_chunk_0,wf05_s1_chunk_0|wf05_s4_chunk_0
1337,135,Summarise the technical decision on telemetry capture rate during Observability ,CogniSync (Hybrid),1,26.164,wf05_s1_chunk_0|wf05_s4_chunk_0|wf05_d1_chunk_0|wf05_d3_chunk_0|wf05_s3_chunk_0,wf05_s4_chunk_0
1337,136,What is the final trace sampling rule deployed to production after the sprint ov,CogniSync (Hybrid),1,24.7725,wf05_s3_chunk_0|wf05_s5_chunk_0|wf05_d2_chunk_0|wf05_d1_chunk_0|wf05_d3_chunk_0,wf05_s5_chunk_0
1337,137,"Was the temporary 100% full trace sampling change kept, or did we revert to the ",CogniSync (Hybrid),1,29.5577,wf05_d2_chunk_0|wf05_s3_chunk_0|wf05_d1_chunk_0|wf05_s1_chunk_0|wf05_s5_chunk_0,wf05_s3_chunk_0|wf05_s5_chunk_0
1337,138,Which document defines 10% trace sampling as the approved trace sampling setting,CogniSync (Hybrid),1,32.9058,wf05_d2_chunk_0|wf05_d1_chunk_0|wf05_s5_chunk_0|wf05_s1_chunk_0|wf05_d3_chunk_0,wf05_s1_chunk_0
1337,139,Confirm the architecture decision that adopted 10% trace sampling for Observabil,CogniSync (Hybrid),1,31.9349,wf05_s1_chunk_0|wf05_s5_chunk_0|wf05_d2_chunk_0|wf05_d1_chunk_0|wf05_d3_chunk_0,wf05_s1_chunk_0
1337,140,What is the rate limit policy for API Gateway Rate Limiting?,CogniSync (Hybrid),1,22.6325,wf06_d2_chunk_0|wf06_s5_chunk_0|wf06_d1_chunk_0|wf06_d3_chunk_0|wf06_s1_chunk_0,wf06_s1_chunk_0
1337,141,How is rate limit implemented using nginx+Lua?,CogniSync (Hybrid),1,23.4305,wf06_s1_chunk_0|wf06_s3_chunk_0|wf06_s4_chunk_0|wf06_d2_chunk_0|wf06_d1_chunk_0,wf06_s1_chunk_0
1337,142,Find the backend standard for inbound request throttle.,CogniSync (Hybrid),1,21.4479,wf06_s4_chunk_0|wf06_s5_chunk_0|wf06_d3_chunk_0|ng_418|wf06_s1_chunk_0,wf06_s1_chunk_0|wf06_s4_chunk_0
1337,143,Summarise the technical decision on inbound request throttle during API Gateway ,CogniSync (Hybrid),1,25.9934,wf06_s4_chunk_0|wf06_d3_chunk_0|wf06_d1_chunk_0|wf06_s5_chunk_0|wf06_d2_chunk_0,wf06_s4_chunk_0
1337,144,What is the final rate limit rule deployed to production after the sprint overri,CogniSync (Hybrid),1,23.8127,wf06_s3_chunk_0|wf06_s5_chunk_0|wf06_d1_chunk_0|wf06_d2_chunk_0|wf06_s1_chunk_0,wf06_s5_chunk_0
1337,145,"Was the temporary unlimited bursting change kept, or did we revert to the origin",CogniSync (Hybrid),1,26.7165,wf06_s3_chunk_0|wf06_s5_chunk_0|wf06_d3_chunk_0|wf06_d1_chunk_0|wf06_s4_chunk_0,wf06_s3_chunk_0|wf06_s5_chunk_0
1337,146,Which document defines 100 RPM rate limit as the approved rate limit setting?,CogniSync (Hybrid),1,22.8234,wf06_d2_chunk_0|wf06_d1_chunk_0|wf06_s1_chunk_0|wf06_d3_chunk_0|wf06_s5_chunk_0,wf06_s1_chunk_0
1337,147,Confirm the architecture decision that adopted 100 RPM rate limit for API Gatewa,CogniSync (Hybrid),1,23.995,wf06_d3_chunk_0|wf06_s5_chunk_0|wf06_d2_chunk_0|wf06_d1_chunk_0|wf06_s1_chunk_0,wf06_s1_chunk_0
1337,148,What is the cache TTL policy for Distributed Caching?,CogniSync (Hybrid),1,21.8658,wf07_d2_chunk_0|wf07_s5_chunk_0|wf07_d1_chunk_0|wf07_d3_chunk_0|wf07_s1_chunk_0,wf07_s1_chunk_0
1337,149,How is cache TTL implemented using redis-py?,CogniSync (Hybrid),1,22.6155,wf07_s1_chunk_0|wf07_d2_chunk_0|wf07_d3_chunk_0|wf07_s3_chunk_0|wf07_s5_chunk_0,wf07_s1_chunk_0
