Query,Dataset,Failure Type,Doc in Top-5
how did the great depression affect germany,ms_marco,Lexical Miss,0
which rhetorical device uses examples,ms_marco,Ranking Error,1
what size is mercury,ms_marco,Ranking Error,1
how to get stronger at home without weights,ms_marco,Ranking Error,1
where is conifer colorado,ms_marco,Ranking Error,1
when was mansa musa born,ms_marco,Ranking Error,1
salary of president obama,ms_marco,Ranking Error,1
surname ethnicity,ms_marco,Lexical Miss,0
does visio require office,ms_marco,Ranking Error,1
number of house of representatives members,ms_marco,Ranking Error,1
how much would it cost for dog training for pups,ms_marco,Ranking Error,1
meaning of dna,ms_marco,Ranking Error,1
what is an urban growth boundary,ms_marco,Ranking Error,1
temperature and time roast chicken,ms_marco,Ranking Error,1
average cost per watt commercial electricity,ms_marco,Ranking Error,1
are animal like protists heterotrophic,ms_marco,Ranking Error,1
what is needed to make glucose in photosynthesis,ms_marco,Ranking Error,1
closing cost on a house estimate,ms_marco,Ranking Error,1
vitamin a is found in what foods,ms_marco,Ranking Error,1
how much does invisalign usually cost,ms_marco,Ranking Error,1
process of using dna to create rna,ms_marco,Ranking Error,1
what is oe car parts,ms_marco,Semantic Miss,0
what is emc testing,ms_marco,Ranking Error,1
what is flaxseed,ms_marco,Ranking Error,1
what is FSH blood test,ms_marco,Semantic Miss,0
what is a gluten allergy,ms_marco,Ranking Error,1
what is consumer capitalism,ms_marco,Ranking Error,1
how long will chorizo keep in the fridge,ms_marco,Lexical Miss,0
what is rhodium plate,ms_marco,Lexical Miss,0
what kind of ulcers are caused by stress,ms_marco,Semantic Miss,0
what physiographic province is granite mine located?,ms_marco,Ranking Error,1
how to get dust out of air ducts,ms_marco,Ranking Error,1
what is the meaning of election,ms_marco,Ranking Error,1
what is dipper pines real name,ms_marco,Ranking Error,1
what is biodegrade mean,ms_marco,Ranking Error,1
diotrephes name meaning,ms_marco,Ranking Error,1
where is the cerebral cortex located,ms_marco,Ranking Error,1
how long it can take to get tax refund back,ms_marco,Lexical Miss,0
what is phosphate buffer,ms_marco,Ranking Error,1
how long do chickens live and lay eggs,ms_marco,Lexical Miss,0
is celery alkaline,ms_marco,Ranking Error,1
are there mountains in chile,ms_marco,Semantic Miss,0
what is the tallest horse,ms_marco,Semantic Miss,0
what is the currency of chad africa,ms_marco,Ranking Error,1
what is misdemeanor battery,ms_marco,Ranking Error,1
how do cats help us,ms_marco,Ranking Error,1
what is causing school segregation,ms_marco,Semantic Miss,0
What is the major structural difference between starch and glycogen?,ms_marco,Ranking Error,1
what is an acronym,ms_marco,Ranking Error,1
what is the prostate gland and what does it do,ms_marco,Lexical Miss,0
average temperature for el centro cal,ms_marco,Ranking Error,1
what unit of wavelength is a de broglie,ms_marco,Semantic Miss,0
what is a unicorn,ms_marco,Ranking Error,1
how is genetic disorder inherited,ms_marco,Ranking Error,1
what does criterion mean,ms_marco,Ranking Error,1
difference between return and risk,ms_marco,Ranking Error,1
what does franchise fee mean,ms_marco,Ranking Error,1
what is a polygenic trait,ms_marco,Ranking Error,1
which kingdom contain all unicellular organisms,ms_marco,Semantic Miss,0
where do common spider crabs live,ms_marco,Lexical Miss,0
how much it costs to make game of thrones,ms_marco,Ranking Error,1
what is the origin of the family name falcon,ms_marco,Semantic Miss,0
what is difference between plan and program,ms_marco,Ranking Error,1
The structural explanation of how a muscle fiber contracts is called the,ms_marco,Ranking Error,1
what is pork loin,ms_marco,Ranking Error,1
average temperature hanoi,ms_marco,Ranking Error,1
how to oven roast brussel sprouts,ms_marco,Ranking Error,1
where can the arctic tundra be found,ms_marco,Ranking Error,1
what are gaba receptors for,ms_marco,Ranking Error,1
who sang the disco song Take me to a higher place,ms_marco,Ranking Error,1
titular meaning,ms_marco,Semantic Miss,0
how do property managers charge,ms_marco,Ranking Error,1
causes of melanosis coli,ms_marco,Ranking Error,1
what do tension headache feel like,ms_marco,Ranking Error,1
what is a long ton,ms_marco,Ranking Error,1
what is clove spice,ms_marco,Semantic Miss,0
how to tell if crab legs are precooked,ms_marco,Ranking Error,1
how to do marketing a product,ms_marco,Ranking Error,1
what is a moonroof,ms_marco,Ranking Error,1
kratom definition,ms_marco,Ranking Error,1
cost to demolish a house,ms_marco,Ranking Error,1
average decor cost for wedding,ms_marco,Ranking Error,1
how long does it take to get your refund once they send it electronically,ms_marco,Ranking Error,1
what is responsible for peristaltic waves,ms_marco,Ranking Error,1
what type of consumers are spiders,ms_marco,Ranking Error,1
average cost to have someone build a website,ms_marco,Ranking Error,1
average time for a cold sore to go away,ms_marco,Ranking Error,1
when did alcohol become illegal,ms_marco,Lexical Miss,0
average cost for residential construction is square foot,ms_marco,Lexical Miss,0
what kind of diseases can cats get,ms_marco,Ranking Error,1
what does zamboni do,ms_marco,Semantic Miss,0
what is Lexico syntactic errors?,ms_marco,Semantic Miss,0
cost for concrete,ms_marco,Ranking Error,1
what does the name laurie mean,ms_marco,Ranking Error,1
what is salmeterol,ms_marco,Semantic Miss,0
annual salary definition,ms_marco,Ranking Error,1
when was herr steinbeck born,ms_marco,Lexical Miss,0
interquartile range means,ms_marco,Ranking Error,1
process of clotting blood,ms_marco,Ranking Error,1
how long to keep financial records irs,ms_marco,Lexical Miss,0
when should i not inject my lantus,ms_marco,Ranking Error,1
what color is healthy urine,ms_marco,Ranking Error,1
why is enzyme amylase affected by ph,ms_marco,Semantic Miss,0
cost to change name on passport,ms_marco,Ranking Error,1
what is vanilla,ms_marco,Ranking Error,1
what is outlook.com used for,ms_marco,Ranking Error,1
ethics medical definition,ms_marco,Ranking Error,1
do vitamins produce energy aerobically,ms_marco,Ranking Error,1
procedural committee definition,ms_marco,Ranking Error,1
what does professional conduct mean,ms_marco,Ranking Error,1
what kind of legs do sea turtles have,ms_marco,Ranking Error,1
how long will food keep in the upright freezer without power,ms_marco,Semantic Miss,0
segments of dna that carry hereditary instructions are called,ms_marco,Lexical Miss,0
“neo-traditional” definition,ms_marco,Ranking Error,1
what texture does hardened lava give,ms_marco,Lexical Miss,0
average price for new construction per square foot,ms_marco,Ranking Error,1
how do you use an area rug non slip with a rug pad,ms_marco,Ranking Error,1
salary for mechanical engineer in india,ms_marco,Ranking Error,1
what element is in solder,ms_marco,Semantic Miss,0
what is bidirectional SFP,ms_marco,Ranking Error,1
what laws or acts did jfk pass,ms_marco,Ranking Error,1
Synonyms for the Word Hungry,ms_marco,Ranking Error,1
what are corals made of,ms_marco,Ranking Error,1
average cost of rocket into space,ms_marco,Ranking Error,1
what is a structural adaptation,ms_marco,Ranking Error,1
average cost of dog teeth cleaning,ms_marco,Ranking Error,1
Where is the river Danube and where is its source and length,ms_marco,Ranking Error,1
how much does a wedding blessing cost,ms_marco,Ranking Error,1
how to bake a beef tenderloin,ms_marco,Ranking Error,1
What is the name of food that the plants cells make,ms_marco,Ranking Error,1
what if the camera had been invented earlier,ms_marco,Ranking Error,1
where did the civil rights act take place,ms_marco,Lexical Miss,0
how long does dental implant process take,ms_marco,Ranking Error,1
what arthritis is,ms_marco,Semantic Miss,0
oldest president to be elected,ms_marco,Ranking Error,1
what is roast beef made of,ms_marco,Ranking Error,1
alternative names for vitamin a,ms_marco,Ranking Error,1
what is detachment,ms_marco,Ranking Error,1
refraction definition sound,ms_marco,Ranking Error,1
what does stimming mean,ms_marco,Semantic Miss,0
is sunshine minting reputable,ms_marco,Ranking Error,1
how long does a respiratory infection last,ms_marco,Ranking Error,1
what is the metabolism in plants,ms_marco,Semantic Miss,0
why do we have different time zones,ms_marco,Semantic Miss,0
one watt is equal to how many volt-amps,ms_marco,Ranking Error,1
massachusetts income tax filing address,ms_marco,Ranking Error,1
what does astaxanthin do for skin,ms_marco,Ranking Error,1
is diclofenac good for muscle pain,ms_marco,Semantic Miss,0
how much does it typically cost to remove a tree,ms_marco,Semantic Miss,0
what is sharp name,ms_marco,Ranking Error,1
salary costs to employer,ms_marco,Semantic Miss,0
what is swarovski elements,ms_marco,Ranking Error,1
IRS form definition of dependent,ms_marco,Ranking Error,1
define rigged,ms_marco,Ranking Error,1
what are american kestrel adaptations,ms_marco,Semantic Miss,0
what does ctfu mean in slang,ms_marco,Ranking Error,1
what means irie,ms_marco,Ranking Error,1
what is lcy airport,ms_marco,Ranking Error,1
how much salary in USA for GM of a restaurant?,ms_marco,Semantic Miss,0
salary ranges for nurses,ms_marco,Ranking Error,1
how to cut down a sim card,ms_marco,Ranking Error,1
where is cleethorpes,ms_marco,Ranking Error,1
what states do grizzly bears live in,ms_marco,Semantic Miss,0
what is bov,ms_marco,Ranking Error,1
what is old lyme,ms_marco,Ranking Error,1
what do organ systems that work together form,ms_marco,Ranking Error,1
what are steamers used for,ms_marco,Ranking Error,1
gpa requirements for baylor,ms_marco,Ranking Error,1
openreach customer service number,ms_marco,Ranking Error,1
average length of newborn,ms_marco,Ranking Error,1
cost of prp for hair loss,ms_marco,Ranking Error,1
how long does broken wrist take to heal,ms_marco,Ranking Error,1
how many members of congress are there,ms_marco,Ranking Error,1
how long does it take for a scab mark to disappear,ms_marco,Semantic Miss,0
turnover definition biology,ms_marco,Ranking Error,1
cost to remove wisdom teeth without insurance,ms_marco,Ranking Error,1
what is rhizome,ms_marco,Semantic Miss,0
what is chinese sausage,ms_marco,Ranking Error,1
what characteristics of dna creates the genetic code,ms_marco,Lexical Miss,0
what temperature should an apple pie bake,ms_marco,Lexical Miss,0
what are green peas good for,ms_marco,Ranking Error,1
how to repair your nails after gel nails,ms_marco,Ranking Error,1
where is the liver in a human located,ms_marco,Ranking Error,1
which kind of gland secretes hormones directly into an epithelial membrane,ms_marco,Ranking Error,1
how far is kangaroo island from adelaide,ms_marco,Ranking Error,1
sign and symptoms of pneumonia caused by bacillus subtilis,ms_marco,Ranking Error,1
what is curcumin good for,ms_marco,Ranking Error,1
who was ambrose bierce,ms_marco,Ranking Error,1
why is catfishing a problem,ms_marco,Ranking Error,1
what are the types of symbiosis,ms_marco,Semantic Miss,0
what is the difference between lpn and rn,ms_marco,Ranking Error,1
personal service provider definition,ms_marco,Ranking Error,1
what is the meaning of apunto,ms_marco,Ranking Error,1
what is chinese medicine,ms_marco,Ranking Error,1
Plattekloof Natural Heritage Site what is biome,ms_marco,Semantic Miss,0
what is dolomitic lime used for,ms_marco,Ranking Error,1
determines meaning,ms_marco,Ranking Error,1
what is myopathy,ms_marco,Ranking Error,1
burn definition,ms_marco,Ranking Error,1
how much it cost for veneers and a bite change,ms_marco,Semantic Miss,0
how fast do camellias grow,ms_marco,Ranking Error,1
most carbon monoxide is produced by,ms_marco,Lexical Miss,0
how much does a carpenter earn,ms_marco,Ranking Error,1
definition iambic pentameter,ms_marco,Semantic Miss,0
how long do hamsters live,ms_marco,Ranking Error,1
what is linked insurance policy,ms_marco,Ranking Error,1
biblical meaning of name tyson,ms_marco,Ranking Error,1
what does hashem mean in arabic,ms_marco,Ranking Error,1
does the charging handle move when firing,ms_marco,Ranking Error,1
what is tempura shrimp,ms_marco,Ranking Error,1
iq score definition,ms_marco,Semantic Miss,0
what type of habitat do elephants live in,ms_marco,Ranking Error,1
when did the pharmd program start,ms_marco,Ranking Error,1
what did congress do to organize the northwest territory,ms_marco,Ranking Error,1
average private school tuition,ms_marco,Ranking Error,1
what were the economic conditions that lead to the great depression,ms_marco,Semantic Miss,0
average price for a tooth implant,ms_marco,Ranking Error,1
how long does it take to get a background check,ms_marco,Lexical Miss,0
how much pay for supply chain managers make,ms_marco,Ranking Error,1
average cost to tile a shower,ms_marco,Ranking Error,1
where in the brain are eye movements controlled,ms_marco,Ranking Error,1
what is chora dal,ms_marco,Ranking Error,1
what was the concept of manifest destiny,ms_marco,Semantic Miss,0
what is congenital hypercoagulability,ms_marco,Ranking Error,1
the cause of bipolar disorder,ms_marco,Ranking Error,1
cost of a electrician,ms_marco,Ranking Error,1
what is mediator software,ms_marco,Ranking Error,1
ideal clone temp,ms_marco,Ranking Error,1
where is your appendix located on a male,ms_marco,Ranking Error,1
is the new york observer liberal or conservative,ms_marco,Semantic Miss,0
how long before you get revenue back,ms_marco,Semantic Miss,0
what nationality is dilma rousseff,ms_marco,Ranking Error,1
why chartered accountant is important,ms_marco,Ranking Error,1
what are the vessels that carry blood to the heart,ms_marco,Ranking Error,1
president elect elect,ms_marco,Ranking Error,1
how long to hard boil small eggs,ms_marco,Lexical Miss,0
are capillaries all throughout the body,ms_marco,Ranking Error,1
dart rate explanation,ms_marco,Semantic Miss,0
dental cap cost,ms_marco,Ranking Error,1
elhanan name meaning,ms_marco,Ranking Error,1
what is made at the lhc,ms_marco,Ranking Error,1
what vitamins are in fresh pineapple,ms_marco,Ranking Error,1
how long does it take to fertilize an egg chicken,ms_marco,Semantic Miss,0
annual temperature in poland,ms_marco,Ranking Error,1
what is cmt,ms_marco,Semantic Miss,0
cost of implant tooth,ms_marco,Semantic Miss,0
can you cable a mimosa tree,ms_marco,Ranking Error,1
what is marrow edema,ms_marco,Ranking Error,1
why are mineral oils used,ms_marco,Ranking Error,1
what is the maximum amount of credit from residential energy credit,ms_marco,Ranking Error,1
what kind of bank is usaa,ms_marco,Ranking Error,1
what is spumante made from,ms_marco,Ranking Error,1
uae exchange currency rate aed to inr,ms_marco,Ranking Error,1
how long do a person earn uif,ms_marco,Ranking Error,1
what is an Oculoplastics,ms_marco,Ranking Error,1
what is benign paroxysmal positional vertigo,ms_marco,Ranking Error,1
what is the function of the ligamentum teres,ms_marco,Ranking Error,1
nc jury duty age limit,ms_marco,Ranking Error,1
installing gas fireplace insert cost,ms_marco,Ranking Error,1
disadvantages of north during civil war,ms_marco,Ranking Error,1
is frankincense oil good for cystic acne,ms_marco,Ranking Error,1
turquoise color considered what element in feng shui,ms_marco,Lexical Miss,0
larissa name meaning wikipedia,ms_marco,Ranking Error,1
what is sideloading,ms_marco,Lexical Miss,0
how to prevent recurrence of pinworms,ms_marco,Ranking Error,1
types of cartilaginous joints,ms_marco,Semantic Miss,0
kelsey name meaning,ms_marco,Ranking Error,1
what does the aortic valve do,ms_marco,Ranking Error,1
can thrush comes through kissing,ms_marco,Ranking Error,1
how to prepare butter for crab legs,ms_marco,Lexical Miss,0
what is a brachiopod,ms_marco,Ranking Error,1
symptoms of meningitis,ms_marco,Ranking Error,1
at what age does the average person start walking,ms_marco,Ranking Error,1
how to get an ohio boating license,ms_marco,Ranking Error,1
is honeydew healthy,ms_marco,Ranking Error,1
what muscles make up the muscular system,ms_marco,Semantic Miss,0
where is haleakala on the islands,ms_marco,Ranking Error,1
should i apply the tb vaccine,ms_marco,Semantic Miss,0
what does coagulase do,ms_marco,Semantic Miss,0
how long to bake a pork chop in the oven,ms_marco,Lexical Miss,0
what organs allow nutrients to be absorbed,ms_marco,Ranking Error,1
what company does allergan owns,ms_marco,Semantic Miss,0
what is a candlenut,ms_marco,Ranking Error,1
what is anmo massage,ms_marco,Ranking Error,1
how contagious is a stomach flu,ms_marco,Ranking Error,1
how to feed a baby parrot,ms_marco,Ranking Error,1
troubleshooting definition,ms_marco,Ranking Error,1
what is normal pulse range for adults,ms_marco,Ranking Error,1
flagstone cost per square foot installed,ms_marco,Ranking Error,1
what is bioarchaeology,ms_marco,Ranking Error,1
define what an aim is,ms_marco,Semantic Miss,0
what is bordetella in dogs,ms_marco,Semantic Miss,0
where do you see the state of arkansas headed to in the near future,ms_marco,Ranking Error,1
where is salalah,ms_marco,Ranking Error,1
what is an incision into the vertebral column,ms_marco,Ranking Error,1
what are faverolle chickens,ms_marco,Semantic Miss,0
sachin cast tamil,ms_marco,Ranking Error,1
what does virtue means,ms_marco,Ranking Error,1
how long before do you need to check in for us flights manchester delta,ms_marco,Ranking Error,1
what foods are typically eaten in ecuador,ms_marco,Semantic Miss,0
name that mean art,ms_marco,Ranking Error,1
average weight age range baby boy,ms_marco,Ranking Error,1
how did galileo prove copernicus theory,ms_marco,Lexical Miss,0
what is geoengineering chemtrails,ms_marco,Ranking Error,1
autosomal recessive polycystic kidney disease,ms_marco,Lexical Miss,0
what was the effect on the us of soviets blockaded berlin,ms_marco,Ranking Error,1
what is a civil offense,ms_marco,Semantic Miss,0
what kind of statues were found in luxor temple,ms_marco,Ranking Error,1
what age can westies leave their mothers,ms_marco,Semantic Miss,0
how much should you charge to paint a door,ms_marco,Ranking Error,1
average household electricity usage,ms_marco,Ranking Error,1
who is billie joe armstrong,ms_marco,Ranking Error,1
what is subchondral sclerosis,ms_marco,Ranking Error,1
what do you do to monitor copd,ms_marco,Ranking Error,1
what is spontaneous radioactive decay,ms_marco,Ranking Error,1
what does plasmodium cause,ms_marco,Ranking Error,1
what is a latin american,ms_marco,Ranking Error,1
what is the average cost of a condo in miami,ms_marco,Ranking Error,1
average price for boat detailing,ms_marco,Ranking Error,1
is saccharomyces boulardii heat resistant,ms_marco,Ranking Error,1
what is the definition of the name norval,ms_marco,Ranking Error,1
how much is naturalization fee,ms_marco,Semantic Miss,0
cost of cremation cost of burial,ms_marco,Ranking Error,1
what is unit for density,ms_marco,Ranking Error,1
normal dosage of diazepam,ms_marco,Ranking Error,1
stucco installation cost,ms_marco,Ranking Error,1
autosomal dominant definition biology,ms_marco,Ranking Error,1
do anaerobic bacteria have catalase,ms_marco,Ranking Error,1
what do transcription factors do in eukaryotic cells,ms_marco,Ranking Error,1
how to cook beets in oven,ms_marco,Ranking Error,1
is cystic fibrosis genetic,ms_marco,Ranking Error,1
what is stone color,ms_marco,Ranking Error,1
the best way to clean your dog's teeth,ms_marco,Ranking Error,1
amex customer care number india,ms_marco,Ranking Error,1
what is emotive words used for,ms_marco,Ranking Error,1
how many miles is malta,ms_marco,Ranking Error,1
when do robin eggs hatch,ms_marco,Ranking Error,1
are ionic bonds strong,ms_marco,Ranking Error,1
if i'm married can i claim our kids turbotax,ms_marco,Lexical Miss,0
the space key on my laptop broken how much to fix it,ms_marco,Semantic Miss,0
what is acetoin,ms_marco,Ranking Error,1
where does lactase come from,ms_marco,Semantic Miss,0
how long after diving before you can fly,ms_marco,Ranking Error,1
where is Faro in portugal,ms_marco,Ranking Error,1
when was the atomic age,ms_marco,Ranking Error,1
can you connect your laptop to your xbox,ms_marco,Ranking Error,1
what do I need to notify the social security about naturalization,ms_marco,Ranking Error,1
does greek yogurt contain probiotics,ms_marco,Ranking Error,1
what breed of pomeranian is boo,ms_marco,Ranking Error,1
cost to fix chimney cap,ms_marco,Ranking Error,1
what is nursing rn bsn,ms_marco,Ranking Error,1
what is ibm devops,ms_marco,Ranking Error,1
what does the romanian flag colors mean,ms_marco,Ranking Error,1
new driveway cost,ms_marco,Ranking Error,1
how many states have legalized marijuana,ms_marco,Ranking Error,1
how much do crutches cost,ms_marco,Lexical Miss,0
average yearly salary of a traveling nurse,ms_marco,Ranking Error,1
what is the incubation period for hpv,ms_marco,Ranking Error,1
what does the name bronson mean,ms_marco,Lexical Miss,0
how much money does the accuplacer companies make,ms_marco,Ranking Error,1
price for hardwood floor refinishing,ms_marco,Semantic Miss,0
what does a snake bite look like,ms_marco,Lexical Miss,0
what is headless mode,ms_marco,Ranking Error,1
can flexible hose on a kitchen faucet be replaced,ms_marco,Ranking Error,1
what is twig,ms_marco,Ranking Error,1
what food produces serotonin,ms_marco,Semantic Miss,0
what is a true nucleus,ms_marco,Ranking Error,1
sudden weight loss medical term,ms_marco,Ranking Error,1
what is single malt whisky,ms_marco,Semantic Miss,0
how much are benefits per employee,ms_marco,Lexical Miss,0
what is a tos?,ms_marco,Ranking Error,1
what is an ecmo,ms_marco,Semantic Miss,0
how to get a workers compensation certificate,ms_marco,Ranking Error,1
where does transcription occur in eukaryotic cells,ms_marco,Ranking Error,1
how long will uncooked chicken last in refrig when power goes out,ms_marco,Ranking Error,1
maximum handicap for for men,ms_marco,Ranking Error,1
what is great barrier reef,ms_marco,Ranking Error,1
average income in mcallen tx,ms_marco,Ranking Error,1
what is rhetorical device,ms_marco,Semantic Miss,0
charge for child in a home daycare,ms_marco,Ranking Error,1
how long is a back brace wear for after fracture,ms_marco,Semantic Miss,0
what does it mean dysbacteriosis,ms_marco,Ranking Error,1
calories in a egg,ms_marco,Ranking Error,1
is a savanna a biome,ms_marco,Semantic Miss,0
how to obtain a copy of marriage license,ms_marco,Ranking Error,1
kilaya name meaning,ms_marco,Semantic Miss,0
in floor heat garage cost,ms_marco,Semantic Miss,0
what is disease when pancreas produces excessive insulin,ms_marco,Ranking Error,1
what does a Ophthalmology nurse do,ms_marco,Ranking Error,1
what does iptg do,ms_marco,Lexical Miss,0
who invented the first rocket that went into space,ms_marco,Ranking Error,1
causes of sensitive skin,ms_marco,Semantic Miss,0
temperature range in singapore,ms_marco,Semantic Miss,0
can you make an ira contribution to a sep,ms_marco,Semantic Miss,0
why is immune system lower?,ms_marco,Lexical Miss,0
what are barnacles,ms_marco,Ranking Error,1
do breccia contain clasts?,ms_marco,Ranking Error,1
how often should you receive a tetanus shot,ms_marco,Ranking Error,1
why is hydroxychloroquine prescribed for lupus,ms_marco,Semantic Miss,0
what causes nodes,ms_marco,Ranking Error,1
how much does a pack of printing paper weigh,ms_marco,Ranking Error,1
what does monocot mean,ms_marco,Ranking Error,1
is marble porous,ms_marco,Ranking Error,1
can polycrylic be used over oil based stain,ms_marco,Ranking Error,1
do you have to buy a plan for sim card for gps tracker,ms_marco,Ranking Error,1
when was san luis obispo founded,ms_marco,Ranking Error,1
what is a fluid clutch used for,ms_marco,Ranking Error,1
why is rubidium stored in oil,ms_marco,Ranking Error,1
what are magnolias,ms_marco,Ranking Error,1
what is the purpose of blood agar plate?,ms_marco,Ranking Error,1
what is shtml,ms_marco,Ranking Error,1
average temp,ms_marco,Semantic Miss,0
where does the idea of purgatory come from,ms_marco,Ranking Error,1
how much is sofosbuv,ms_marco,Ranking Error,1
where is oregon located,ms_marco,Ranking Error,1
average cost for seamless gutters installed,ms_marco,Semantic Miss,0
what does medium do,ms_marco,Semantic Miss,0
what is a normal TSH result,ms_marco,Ranking Error,1
in what type of blood vessels are materials exchanged with the body cells,ms_marco,Ranking Error,1
how to figure out how many tablets to compound,ms_marco,Ranking Error,1
how long does shoulder of pork take to cook,ms_marco,Ranking Error,1
what year was the paperclip invented,ms_marco,Semantic Miss,0
importance of biochemical tests in identification of bacteria,ms_marco,Ranking Error,1
what are goths,ms_marco,Ranking Error,1
how much does an engineer in the navy make,ms_marco,Ranking Error,1
how much salary translator,ms_marco,Ranking Error,1
what causes scratches,ms_marco,Ranking Error,1
what is PVF meaning,ms_marco,Ranking Error,1
where are your deltoids muscles located,ms_marco,Ranking Error,1
what similar strategies did leaders in germany,ms_marco,Ranking Error,1
long distance movers cost,ms_marco,Ranking Error,1
exilis cost,ms_marco,Ranking Error,1
what is a hookah used for,ms_marco,Ranking Error,1
what to do when excel shows formula instead of the result,ms_marco,Ranking Error,1
how to care for indoor potted basil plant,ms_marco,Semantic Miss,0
baby name lina pronunciation,ms_marco,Semantic Miss,0
how to block a vent register,ms_marco,Ranking Error,1
what is the average time to cook a pork chops,ms_marco,Ranking Error,1
what are the ingredients in becel margarine,ms_marco,Ranking Error,1
what is a phosphodiester bonds.,ms_marco,Ranking Error,1
how many calories are in a pint of shrimp fried rice,ms_marco,Ranking Error,1
what is a construction company,ms_marco,Ranking Error,1
why la tomatina is celebrated,ms_marco,Ranking Error,1
chaparral average temperature,ms_marco,Ranking Error,1
the lowest whole number ratio of the elements in a compound is called the,ms_marco,Ranking Error,1
what is a poultice,ms_marco,Ranking Error,1
what is zestra,ms_marco,Ranking Error,1
what to expect two weeks after knee replacement,ms_marco,Ranking Error,1
what is beryl tourmaline,ms_marco,Ranking Error,1
when did hipaa become effective,ms_marco,Ranking Error,1
where is the blarney castle in ireland,ms_marco,Ranking Error,1
what exactly is godzilla,ms_marco,Ranking Error,1
where is the originals tv show filmed,ms_marco,Ranking Error,1
how to do a background check on a potential tenant,ms_marco,Semantic Miss,0
what is the average salary of a cuban worker and how do they manage to live,ms_marco,Semantic Miss,0
what is collagenesis,ms_marco,Ranking Error,1
are vapor cigarettes bad for your lungs,ms_marco,Ranking Error,1
what are the functions of histone acetyltransferases,ms_marco,Ranking Error,1
what causes yersinia pestis,ms_marco,Ranking Error,1
how much do you get paid for being a riding instructor,ms_marco,Ranking Error,1
hereditary polycystic kidney disease,ms_marco,Semantic Miss,0
what term is tranquility,ms_marco,Ranking Error,1
flat coated retriever average life span,ms_marco,Ranking Error,1
who discovered nitrogen,ms_marco,Lexical Miss,0
examples of instantaneous speed,ms_marco,Ranking Error,1
when should my insurance renewal be received,ms_marco,Ranking Error,1
what is fme,ms_marco,Ranking Error,1
what is purinethol,ms_marco,Ranking Error,1
what is the function of the lymphatic tissue that is observed throughout the digestive tract,ms_marco,Ranking Error,1
difference between upstream and downstream oil and gas,ms_marco,Ranking Error,1
what is an electromagnetic pulse,ms_marco,Ranking Error,1
why is pnf stretching good,ms_marco,Lexical Miss,0
what is a boils,ms_marco,Ranking Error,1
typical sales commission percentage,ms_marco,Semantic Miss,0
what is streetwear culture,ms_marco,Ranking Error,1
Test WiFi Signal Strength,ms_marco,Ranking Error,1
warning signs of someone contemplating suicide,ms_marco,Lexical Miss,0
types of dogwoods trees,ms_marco,Ranking Error,1
how old do puppies have to be before they can hear,ms_marco,Semantic Miss,0
where is zakopane,ms_marco,Ranking Error,1
what is a chromosome made of,ms_marco,Ranking Error,1
is ginkgo biloba good for vertigo,ms_marco,Semantic Miss,0
how fast can golf carts go,ms_marco,Ranking Error,1
date shakespeare was born and died,ms_marco,Ranking Error,1
where to buy vivosmart hr activity tracker,ms_marco,Semantic Miss,0
why is it called a moon cactus,ms_marco,Ranking Error,1
The continent with the largest population is __________.,ms_marco,Ranking Error,1
what trees are in the taiga biome,ms_marco,Ranking Error,1
selu annual cost of housing,ms_marco,Ranking Error,1
what are cockles,ms_marco,Semantic Miss,0
What Is Professional Indemnity,ms_marco,Ranking Error,1
what is your spleen responsible for,ms_marco,Ranking Error,1
what receptor does MIBG target,ms_marco,Lexical Miss,0
when were wind turbines invented,ms_marco,Semantic Miss,0
how long does it take for a windmill to pay for itself,ms_marco,Lexical Miss,0
can albuterol be used an advair inhaler,ms_marco,Semantic Miss,0
what are ferns,ms_marco,Semantic Miss,0
what is mexican accordion music called,ms_marco,Ranking Error,1
how much weight does a shipping container hold,ms_marco,Ranking Error,1
indira name meaning,ms_marco,Ranking Error,1
osteoarthritis usually is caused by,ms_marco,Ranking Error,1
how long can a baby snapping turtle stay underwater,ms_marco,Ranking Error,1
how long does it take a baby tortoise to grow,ms_marco,Semantic Miss,0
Transactional writing definition,ms_marco,Ranking Error,1
how many carbs should a diabetic eat daily,ms_marco,Ranking Error,1
what makes a disease monogenic,ms_marco,Semantic Miss,0
what kind of flowers do pyrethrins come from,ms_marco,Ranking Error,1
what causes utis in men,ms_marco,Semantic Miss,0
why is cheltenham a spa town,ms_marco,Lexical Miss,0
the are a series of fibrous connective tissue membranes covering,ms_marco,Semantic Miss,0
why do they call it rubbing alcohol,ms_marco,Ranking Error,1
chain link fence cost per metre,ms_marco,Ranking Error,1
What is average weight of a medium carrot,ms_marco,Ranking Error,1
electrical engineer vs electronics engineer,ms_marco,Ranking Error,1
what elements does sodium chloride contain,ms_marco,Ranking Error,1
Is there any cable which output signal from TV ?,ms_marco,Semantic Miss,0
how do you take mcafee off your computer,ms_marco,Lexical Miss,0
why is it necessary that we have a transport system in the human body,ms_marco,Ranking Error,1
what does the leinster flag mean,ms_marco,Ranking Error,1
what is the definition of an addict,ms_marco,Ranking Error,1
what were the minoans known for,ms_marco,Ranking Error,1
how long does a parvo vaccination last,ms_marco,Ranking Error,1
what type of birth control pill is alesse,ms_marco,Semantic Miss,0
hepatitis definition,ms_marco,Ranking Error,1
cost of gyprocking a house,ms_marco,Ranking Error,1
what is Primary focal hyperhidrosis,ms_marco,Ranking Error,1
what are mycoplasmas,ms_marco,Lexical Miss,0
what were the chambers in the great pyramid of giza,ms_marco,Ranking Error,1
what state means great river,ms_marco,Semantic Miss,0
cooked rice serving size per person,ms_marco,Ranking Error,1
height of the golden gate bridge,ms_marco,Ranking Error,1
what owls are protected,ms_marco,Ranking Error,1
how much do pool pumps cost to run,ms_marco,Ranking Error,1
what helps with mood swings during pms,ms_marco,Ranking Error,1
what to do when a child does not listen,ms_marco,Ranking Error,1
What is the meaning of the song purple rain?,ms_marco,Semantic Miss,0
are toads poisonous,ms_marco,Ranking Error,1
how many people get aids a year,ms_marco,Ranking Error,1
what does the name jasmin mean,ms_marco,Ranking Error,1
how much does assisted living facilities in manchester nj cost,ms_marco,Semantic Miss,0
what age do baby teeth come out,ms_marco,Ranking Error,1
how long is criminal record check good for,ms_marco,Ranking Error,1
is the book sleepers based on a true story,ms_marco,Ranking Error,1
what was the major issue of newly formed republican party,ms_marco,Semantic Miss,0
what is an erv,ms_marco,Ranking Error,1
how old should goats be to neuter,ms_marco,Semantic Miss,0
common names of phylum pterophyta,ms_marco,Ranking Error,1
cost to advertise a company,ms_marco,Lexical Miss,0
how much does ups charge to notarize,ms_marco,Ranking Error,1
who played batman,ms_marco,Ranking Error,1
what makes a prokaryote and eukaryote difference,ms_marco,Semantic Miss,0
is pope francis saying priests should marry?,ms_marco,Ranking Error,1
what type of climate do dairy cows do well in,ms_marco,Ranking Error,1
what is manufactured flooring,ms_marco,Ranking Error,1
what is gallbladder pancreatitis,ms_marco,Ranking Error,1
what makes a lava lamp work,ms_marco,Ranking Error,1
is hepatitis classified as autoimmune disease,ms_marco,Ranking Error,1
where on earth is magnetite found,ms_marco,Ranking Error,1
can hypothyroid cause dizziness,ms_marco,Ranking Error,1
How long does it take to recover from a colonoscopy and endoscopy?,ms_marco,Ranking Error,1
is tuna good for heart patients,ms_marco,Semantic Miss,0
how long can i be out of ontario and keep ohip,ms_marco,Ranking Error,1
is english a nationality,ms_marco,Ranking Error,1
what group of invertebrates are snails,ms_marco,Ranking Error,1
what is the statue of on the capitol building,ms_marco,Semantic Miss,0
what is fluorspar,ms_marco,Semantic Miss,0
s.w.i.y. medical terms what does it mean,ms_marco,Ranking Error,1
In what form is carbohydrate stored in the body,ms_marco,Ranking Error,1
what is armour,ms_marco,Ranking Error,1
what is biomedical ethics,ms_marco,Ranking Error,1
cost to store furniture,ms_marco,Semantic Miss,0
cost of bathroom update,ms_marco,Ranking Error,1
what was the original colour of a merlin engine,ms_marco,Semantic Miss,0
is histology also known as microscopic anatomy,ms_marco,Ranking Error,1
how long can nicotine be detected in blood,ms_marco,Ranking Error,1
what is aboriginal ochre,ms_marco,Semantic Miss,0
best tablet to reduce fever,ms_marco,Ranking Error,1
annuit coeptis why eye does it mean,ms_marco,Ranking Error,1
average temperature in orlando in august,ms_marco,Ranking Error,1
what does phosphate do for grass,ms_marco,Semantic Miss,0
what does pollinate mean,ms_marco,Ranking Error,1
what industry is intel corporation,ms_marco,Lexical Miss,0
where can I purchase alum from,ms_marco,Lexical Miss,0
what causes osteoarthritis flare up,ms_marco,Ranking Error,1
when does it become a fetus,ms_marco,Semantic Miss,0
what is hazus,ms_marco,Ranking Error,1
how long should an ipad battery life last,ms_marco,Ranking Error,1
what does the rpc server is unavailable mean,ms_marco,Ranking Error,1
how to put photos on computer from sd card,ms_marco,Ranking Error,1
what does adh do for the body,ms_marco,Ranking Error,1
what did neutrality act allow,ms_marco,Ranking Error,1
how long caffeine stays in your system,ms_marco,Ranking Error,1
what is a otoscope used for,ms_marco,Ranking Error,1
what is a cave,ms_marco,Ranking Error,1
where in california is the naval base north island,ms_marco,Ranking Error,1
average cost of one physical therapy visit,ms_marco,Semantic Miss,0
what are the misc files on my phone,ms_marco,Ranking Error,1
what is a diner,ms_marco,Ranking Error,1
what is oasdi from paycheck,ms_marco,Ranking Error,1
how long before the irs approves my refund,ms_marco,Ranking Error,1
how much does it cost to register a vehicle in ohio,ms_marco,Ranking Error,1
uses of methyl salicylate,ms_marco,Semantic Miss,0
cost of mailing letter to canada,ms_marco,Ranking Error,1
types of particles and bonding in ionic compounds,ms_marco,Ranking Error,1
how long are the longest axons in humans,ms_marco,Ranking Error,1
what is a mitral valve defect,ms_marco,Semantic Miss,0
what are legumes examples,ms_marco,Ranking Error,1
what size is the human eye,ms_marco,Ranking Error,1
worst types of brain damage,ms_marco,Semantic Miss,0
definition of an electron,ms_marco,Ranking Error,1
how long do cardinal babies stay in nest,ms_marco,Ranking Error,1
what is an unincorporated island in a city,ms_marco,Ranking Error,1
how much does a medical assistant make,ms_marco,Lexical Miss,0
what is an inducer?,ms_marco,Semantic Miss,0
what is russia known for,ms_marco,Ranking Error,1
how much does webydo cost,ms_marco,Ranking Error,1
convert dollar pay into salary to twice a month,ms_marco,Ranking Error,1
how much should i pay for carpet cleaning,ms_marco,Ranking Error,1
what is astrocyte function,ms_marco,Ranking Error,1
what is in LSD,ms_marco,Ranking Error,1
what is bilirubin function,ms_marco,Ranking Error,1
what is the density of venus,ms_marco,Semantic Miss,0
max dose glipizide,ms_marco,Ranking Error,1
a neuron is what type of cell,ms_marco,Ranking Error,1
how much do puppy shots cost at the vet,ms_marco,Ranking Error,1
salary for a chartered forensic psychologist,ms_marco,Semantic Miss,0
how much does a carpenter charge per hour,ms_marco,Ranking Error,1
how long do you cook asparagus in the oven,ms_marco,Ranking Error,1
weather in moscow in may,ms_marco,Ranking Error,1
the graduate symbolism water,ms_marco,Ranking Error,1
what can i do with my psychology degree,ms_marco,Ranking Error,1
what are the proteins that carry out dna replication,ms_marco,Ranking Error,1
what is an animal called that eats other animals its own kind,ms_marco,Ranking Error,1
lab test what does bun mean,ms_marco,Semantic Miss,0
what is acceptance contract law,ms_marco,Ranking Error,1
why did the civil rights movement use nonviolence,ms_marco,Ranking Error,1
can i transplant a conifer tree,ms_marco,Semantic Miss,0
osteophytes degenerative disc disease,ms_marco,Ranking Error,1
how many calories should a child eat,ms_marco,Ranking Error,1
what is a ventilation system,ms_marco,Ranking Error,1
how do i sell my clothing.store,ms_marco,Ranking Error,1
where are most cnidarians found,ms_marco,Ranking Error,1
average precipitation in tropical seasonal forest,ms_marco,Ranking Error,1
how to completely remove subtotals in pivot table,ms_marco,Ranking Error,1
what is genitourinary tract,ms_marco,Ranking Error,1
way the adaptive immune response is different from the innate immune response,ms_marco,Ranking Error,1
when can i sell a stock and still get dividend td,ms_marco,Ranking Error,1
what is wind energy used for,ms_marco,Ranking Error,1
what color are split peas,ms_marco,Semantic Miss,0
when did the hoddle street shootings happen,ms_marco,Ranking Error,1
is there a way to tell which time zone an email was sent,ms_marco,Semantic Miss,0
what does grass contain,ms_marco,Lexical Miss,0
what was the number of prisoners in the dachau concentration camp,ms_marco,Ranking Error,1
why volcanoes occur,ms_marco,Ranking Error,1
what is a native american,ms_marco,Ranking Error,1
what are some examples of biotechnology,ms_marco,Ranking Error,1
what kind of wire can be used to wrap a crystal for scalar waves,ms_marco,Semantic Miss,0
what is bruha,ms_marco,Ranking Error,1
what is the butterfly a symbol of,ms_marco,Semantic Miss,0
what is typhlitis,ms_marco,Ranking Error,1
what forms does carbon exist in,ms_marco,Semantic Miss,0
why does the human spinal cord endat lumbar vertebra,ms_marco,Semantic Miss,0
how to remove white rings from wooden furniture,ms_marco,Ranking Error,1
labour cost per day in kenya,ms_marco,Lexical Miss,0
when do smear tests start,ms_marco,Lexical Miss,0
where does the coral snake live,ms_marco,Ranking Error,1
how to select an object without selecting is manually using vba,ms_marco,Ranking Error,1
what is determiners,ms_marco,Ranking Error,1
can a builder charge for a quote,ms_marco,Ranking Error,1
what is skin vasculature,ms_marco,Semantic Miss,0
how fast can an ostrich run,ms_marco,Ranking Error,1
where was the godfather filmed,ms_marco,Ranking Error,1
where is tesla manufacturing plant located,ms_marco,Ranking Error,1
personality of the name jasmine,ms_marco,Ranking Error,1
is alcoholism hereditary,ms_marco,Ranking Error,1
adjectival modifier definition,ms_marco,Ranking Error,1
how much is greek theatre parking,ms_marco,Ranking Error,1
where was rev david cooper of unst brought up,ms_marco,Ranking Error,1
what is meter in literature,ms_marco,Ranking Error,1
how fast does a washing machine spin,ms_marco,Ranking Error,1
does yam contain beta carotene,ms_marco,Lexical Miss,0
how long does a knee replacement surgery take to recover from,ms_marco,Lexical Miss,0
cost for total bath renovation,ms_marco,Ranking Error,1
where is ajaccio,ms_marco,Ranking Error,1
where is rait castle,ms_marco,Semantic Miss,0
what is kop liverpool,ms_marco,Ranking Error,1
meaning of the name ishbi-benob,ms_marco,Ranking Error,1
what is normal urine output per hour,ms_marco,Ranking Error,1
what is gruyere cheese,ms_marco,Semantic Miss,0
what is the average cost to have a tree removed,ms_marco,Ranking Error,1
definition of vitamin a,ms_marco,Ranking Error,1
annual salary of a forensic scientist in texas,ms_marco,Ranking Error,1
what does clinical psychology mean,ms_marco,Ranking Error,1
what part of the brain is linked with cognitive function,ms_marco,Ranking Error,1
how much does a hospice nurse make?,ms_marco,Ranking Error,1
did germany start the european union,ms_marco,Ranking Error,1
what is the native american word for coyote,ms_marco,Lexical Miss,0
can i protect my pine trees from beetles,ms_marco,Ranking Error,1
biome geography definition,ms_marco,Ranking Error,1
what removes mold from roof shingles,ms_marco,Ranking Error,1
is a group of species that includes an ancestral species and all of its descendants.,ms_marco,Ranking Error,1
the major muscles of your arms biceps and triceps,ms_marco,Semantic Miss,0
what are the lines on the forehead called,ms_marco,Ranking Error,1
what is torque measured in,ms_marco,Ranking Error,1
is cellulose considered a energy source,ms_marco,Lexical Miss,0
what language in austria,ms_marco,Semantic Miss,0
when did hand held hair dryers become popular,ms_marco,Ranking Error,1
pga tour texas open field,ms_marco,Semantic Miss,0
naproxen and ibuprofen gel together,ms_marco,Ranking Error,1
narcisa name pronunciation,ms_marco,Ranking Error,1
how long can you keep a turkey frozen,ms_marco,Ranking Error,1
what is gruyere cheese taste like,ms_marco,Ranking Error,1
what is a member benefit coordinator,ms_marco,Ranking Error,1
cost of ntuc membership renewal,ms_marco,Ranking Error,1
how much can a student transfer to a parent?,ms_marco,Lexical Miss,0
should i take magnesium to gain muscles,ms_marco,Ranking Error,1
how long until the nfl draft,ms_marco,Ranking Error,1
genetic diversity definition,ms_marco,Ranking Error,1
what is tnf alpha,ms_marco,Ranking Error,1
what is the definition of the nile river valley,ms_marco,Ranking Error,1
causes of hepatitis c,ms_marco,Ranking Error,1
what genre is attila,ms_marco,Ranking Error,1
when was princess diana born,ms_marco,Ranking Error,1
where is the good english spoken in dubai,ms_marco,Semantic Miss,0
what is a distraction,ms_marco,Ranking Error,1
what amount magnesium blood level is normal,ms_marco,Ranking Error,1
what does mire mean,ms_marco,Ranking Error,1
why don't trains have cabooses anymore,ms_marco,Ranking Error,1
is orchid a angiosperm,ms_marco,Ranking Error,1
definition of the name anna,ms_marco,Ranking Error,1
why did the united states express concern after spain returned louisiana to france,ms_marco,Ranking Error,1
what does standard deviations mean,ms_marco,Semantic Miss,0
foreshadowing definition and examples,ms_marco,Semantic Miss,0
how to get from stuttgart to munich,ms_marco,Ranking Error,1
where was the waltons filmed,ms_marco,Ranking Error,1
what stone is made of cement,ms_marco,Semantic Miss,0
what continent is australia,ms_marco,Semantic Miss,0
what is in garcinia cambogia,ms_marco,Ranking Error,1
bulimia nervosa age range,ms_marco,Ranking Error,1
how much do methadone clinics pay nurses,ms_marco,Semantic Miss,0
when was the first picture of earth called earthrise taken,ms_marco,Ranking Error,1
is the mitochondria a bacteria,ms_marco,Semantic Miss,0
what is the function of chloroplast,ms_marco,Ranking Error,1
what does myelogenous mean,ms_marco,Ranking Error,1
tax benefit of roth ira contribution,ms_marco,Lexical Miss,0
what is vegetarian tourtiere,ms_marco,Ranking Error,1
add items to dropdownlist html,ms_marco,Semantic Miss,0
political system that divides power between a central government,ms_marco,Ranking Error,1
democratic convention define majority,ms_marco,Semantic Miss,0
"what are the three lowland regions of canada, what types of rock",ms_marco,Ranking Error,1
how to install google to ipad,ms_marco,Ranking Error,1
typical conductivity of seawater,ms_marco,Ranking Error,1
how long does it take a fracture to heal,ms_marco,Ranking Error,1
average annual temperature of Uruguay,ms_marco,Ranking Error,1
are papillons hypoallergenic,ms_marco,Ranking Error,1
what was the purpose of abraham lincoln's gettysburg address,ms_marco,Semantic Miss,0
what is a direct supervisor,ms_marco,Ranking Error,1
how much money did you get in wedding gifts yahoo answers,ms_marco,Ranking Error,1
how much does a pct make in florida,ms_marco,Ranking Error,1
what does autosomal dna show,ms_marco,Lexical Miss,0
what is the strongest type steel,ms_marco,Ranking Error,1
what medication is used for excessive sweating,ms_marco,Ranking Error,1
cost to frame basement,ms_marco,Ranking Error,1
angiosperms use what type of respiration,ms_marco,Semantic Miss,0
what are ceramics made of,ms_marco,Ranking Error,1
what is a commercial guaranty,ms_marco,Ranking Error,1
what system celiac disease effect,ms_marco,Ranking Error,1
what is average cost of wisdom teeth extraction,ms_marco,Ranking Error,1
delegated or enumerated powers definition,ms_marco,Ranking Error,1
what could cause a dog not to eat,ms_marco,Ranking Error,1
estimate concrete patio cost,ms_marco,Semantic Miss,0
how long does a cert iii in fitness take,ms_marco,Ranking Error,1
define dropsy disease,ms_marco,Ranking Error,1
how much can a retired person contribute to an ira,ms_marco,Ranking Error,1
how do you use paracord,ms_marco,Ranking Error,1
what is brs,ms_marco,Ranking Error,1
where on the foot represents the lymph nodes,ms_marco,Semantic Miss,0
taco shell definition,ms_marco,Ranking Error,1
what does the nucleus need to function,ms_marco,Semantic Miss,0
the molten rock that flows from a volcano is called what,ms_marco,Ranking Error,1
what is functional constipation,ms_marco,Ranking Error,1
what are cracklins,ms_marco,Semantic Miss,0
chemoreceptor reflex definition,ms_marco,Semantic Miss,0
do lice bites scar,ms_marco,Ranking Error,1
where does the word kangaroo come from,ms_marco,Semantic Miss,0
what is phonetic symbolism,ms_marco,Ranking Error,1
how long bake chicken,ms_marco,Ranking Error,1
how much money do first round nfl draft picks make,ms_marco,Ranking Error,1
what is pva used for,ms_marco,Ranking Error,1
what is manipuri language,ms_marco,Ranking Error,1
is wild celery edible,ms_marco,Ranking Error,1
what is nicoise,ms_marco,Lexical Miss,0
what is ladybug nectar for ladybugs,ms_marco,Ranking Error,1
what are silicates,ms_marco,Ranking Error,1
describe how a human muscle is organized,ms_marco,Ranking Error,1
average pay for a lifeguard,ms_marco,Ranking Error,1
what is it the tower bridge built,ms_marco,Ranking Error,1
is aids a pandemic disease,ms_marco,Ranking Error,1
dubai police average salary,ms_marco,Ranking Error,1
why is finn in star wars,ms_marco,Ranking Error,1
what is a nether crystal,ms_marco,Ranking Error,1
misty may husband,ms_marco,Semantic Miss,0
calories in one pound of smoked turkey,ms_marco,Ranking Error,1
describe the plants and animals found in the desert biome,ms_marco,Ranking Error,1
what is peripheral vestibular disorder,ms_marco,Ranking Error,1
what is a boutique owner called,ms_marco,Ranking Error,1
types of dimorphic fungi,ms_marco,Ranking Error,1
what does inoculation mean,ms_marco,Ranking Error,1
what is leucine,ms_marco,Ranking Error,1
what is the thoracic vena cava also called,ms_marco,Semantic Miss,0
did patriots make the playoffs with matt cassel,ms_marco,Ranking Error,1
is it safe to be induced at the hospital,ms_marco,Ranking Error,1
what is snaketown,ms_marco,Ranking Error,1
what is bergamot for,ms_marco,Ranking Error,1
what does borax do,ms_marco,Ranking Error,1
what does a trapeze artist wear,ms_marco,Lexical Miss,0
parasympathetic division definition,ms_marco,Semantic Miss,0
pitambari name meaning,ms_marco,Ranking Error,1
financing campaign definition,ms_marco,Ranking Error,1
what is the closest living area to disney world,ms_marco,Lexical Miss,0
what is dna methylation,ms_marco,Ranking Error,1
what is a complex carbohydrate diet?,ms_marco,Ranking Error,1
how long should a manual state return take to process,ms_marco,Ranking Error,1
what foods contain soy,ms_marco,Ranking Error,1
how long to cook pork steaks in oven,ms_marco,Ranking Error,1
how much is a meter stamp,ms_marco,Ranking Error,1
what is the name of the inner region of a lymph node,ms_marco,Ranking Error,1
va disability back pay,ms_marco,Ranking Error,1
how much to charge for architectural rendering,ms_marco,Semantic Miss,0
fully burdened material cost,ms_marco,Ranking Error,1
what is the role of the medial septum in the brain,ms_marco,Ranking Error,1
what is the standard deduction for a dependent,ms_marco,Ranking Error,1
what materials is made of weathered rock,ms_marco,Ranking Error,1
what will happen with oil prices,ms_marco,Lexical Miss,0
who is the deputy taoiseach,ms_marco,Ranking Error,1
cost to install kitchen faucet,ms_marco,Ranking Error,1
what is an alleles of a gene,ms_marco,Ranking Error,1
do you have to have a special license to be a plumber virginia,ms_marco,Lexical Miss,0
what disorder affects the digestive system,ms_marco,Lexical Miss,0
what is pid,ms_marco,Ranking Error,1
what vitamins are good for colds,ms_marco,Ranking Error,1
what is meant by phonetics,ms_marco,Ranking Error,1
Daily cost of food per person per day australia,ms_marco,Ranking Error,1
average cost for cat to be spayed,ms_marco,Ranking Error,1
how to cure a stye,ms_marco,Ranking Error,1
marketing analyst uber salary,ms_marco,Ranking Error,1
what is the average cost of a funeral,ms_marco,Ranking Error,1
what is velour material,ms_marco,Ranking Error,1
vitamin and mineral content in fruits,ms_marco,Lexical Miss,0
what is sazon seasoning made of,ms_marco,Ranking Error,1
what is a pbr,ms_marco,Lexical Miss,0
what is a purified phytochemical,ms_marco,Ranking Error,1
what does the project manager do,ms_marco,Ranking Error,1
what does aerobic exercise mean,ms_marco,Ranking Error,1
average dental implant cost,ms_marco,Lexical Miss,0
what are the benefits of cabbage soup diet,ms_marco,Ranking Error,1
what age can my puppy go on a walk,ms_marco,Ranking Error,1
how long for food to reach stomach,ms_marco,Ranking Error,1
what is rapa nui,ms_marco,Ranking Error,1
pilot salary in air india,ms_marco,Ranking Error,1
how to cook a lamb chop in the oven,ms_marco,Ranking Error,1
what is average psa level by age,ms_marco,Semantic Miss,0
causes of lymphopenia,ms_marco,Ranking Error,1
technology invented during the harlem renaissance,ms_marco,Ranking Error,1
what is patent leather made from,ms_marco,Semantic Miss,0
what is the maximum dose of slo niacin,ms_marco,Ranking Error,1
when was the rabbit first introduced to australia,ms_marco,Ranking Error,1
how much do panera general managers make nj,ms_marco,Ranking Error,1
what is hrm concept,ms_marco,Ranking Error,1
can alcohol cause psychosis,ms_marco,Ranking Error,1
surname shiraishi name origin,ms_marco,Ranking Error,1
where do auroras occur,ms_marco,Ranking Error,1
what properties do lithium and francium have in common?,ms_marco,Ranking Error,1
different types of usb ports,ms_marco,Ranking Error,1
how do turkeys attract mates,ms_marco,Ranking Error,1
can you borrow money against a roth ira,ms_marco,Semantic Miss,0
cheese brain means,ms_marco,Semantic Miss,0
what is PKU diet,ms_marco,Ranking Error,1
what is idx systems,ms_marco,Lexical Miss,0
what are three functions of the skin,ms_marco,Ranking Error,1
what makes you an independent student for financial aid,ms_marco,Lexical Miss,0
cost of vinyl floor installation,ms_marco,Ranking Error,1
what was the plan of d day,ms_marco,Ranking Error,1
what is a desalination plant,ms_marco,Ranking Error,1
do I have to have pci dss,ms_marco,Ranking Error,1
how far from a fence should you plant a tree,ms_marco,Semantic Miss,0
what is family centred care,ms_marco,Ranking Error,1
how long does it take an lcl sprain to heal,ms_marco,Ranking Error,1
what is megahertz a measurement of,ms_marco,Ranking Error,1
what chamber of the heart do the anterior and posterior vena cava open,ms_marco,Ranking Error,1
cell types are specifically responsible for humoral immunity,ms_marco,Ranking Error,1
what are some things archaeologists find,ms_marco,Ranking Error,1
characteristics of muscles,ms_marco,Ranking Error,1
what is Epistemology in research,ms_marco,Ranking Error,1
standard abbreviation of liters per minute,ms_marco,Ranking Error,1
what does accredited post-secondary institution mean,ms_marco,Ranking Error,1
normal body temperature for humans in celsius,ms_marco,Ranking Error,1
what organelle stores calcium,ms_marco,Ranking Error,1
what temperature should underfloor heating be,ms_marco,Ranking Error,1
symptoms of a cat in heat,ms_marco,Lexical Miss,0
what faberge is,ms_marco,Ranking Error,1
costs of utilities per month,ms_marco,Semantic Miss,0
how often should an adolescent dog be fed,ms_marco,Ranking Error,1
name different kinds of tissue,ms_marco,Ranking Error,1
what category is grits,ms_marco,Ranking Error,1
how to make a calendar in microsoft office,ms_marco,Ranking Error,1
outlook how to make different folders,ms_marco,Ranking Error,1
what are millets,ms_marco,Ranking Error,1
tarsh name meaning,ms_marco,Ranking Error,1
how much profit does a subway franchise make,ms_marco,Ranking Error,1
surgery tech salary,ms_marco,Ranking Error,1
what is a sponges family,ms_marco,Semantic Miss,0
what is habu sake,ms_marco,Ranking Error,1
what is pans disease,ms_marco,Ranking Error,1
where is kaunakakai hawaii,ms_marco,Ranking Error,1
desert description biome,ms_marco,Ranking Error,1
what is corporate communication in business,ms_marco,Lexical Miss,0
how long to keep brussel sprouts in fridge,ms_marco,Ranking Error,1
what kind of mining is bentonite,ms_marco,Semantic Miss,0
cozumel weather in february,ms_marco,Ranking Error,1
how important was the issue of slavery in the constitution quizlet,ms_marco,Semantic Miss,0
what are nematodes used for,ms_marco,Ranking Error,1
what industry is petroleum refining,ms_marco,Ranking Error,1
accounting annual reporting period definition,ms_marco,Ranking Error,1
how much for a new combination boiler,ms_marco,Ranking Error,1
federal prisons in indiana,ms_marco,Ranking Error,1
how much does it cost for a crown without insurance,ms_marco,Ranking Error,1
colon cancer that has spread to liver,ms_marco,Ranking Error,1
what is external and internal respiration in biology,ms_marco,Ranking Error,1
when was robert gould shaw born,ms_marco,Ranking Error,1
which civilization is considered the world's oldest,ms_marco,Lexical Miss,0
what is coccydynia,ms_marco,Ranking Error,1
concrete resurfacing cost,ms_marco,Ranking Error,1
what is masterbatch,ms_marco,Ranking Error,1
Why did many slaves travel immediately after gaining freedom,ms_marco,Ranking Error,1
clenbuterol how long to see results,ms_marco,Lexical Miss,0
vitamins and minerals good for the skin,ms_marco,Ranking Error,1
how much does it cost to repair a washer machine,ms_marco,Semantic Miss,0
how much does it cost for kitchen remodel,ms_marco,Ranking Error,1
is influenza a contagious,ms_marco,Semantic Miss,0
in what types of cells are chloroplasts found,ms_marco,Ranking Error,1
side effects of taking carbamazepine,ms_marco,Lexical Miss,0
what type of flooring can be installed on concrete,ms_marco,Ranking Error,1
what is steviol glycosides,ms_marco,Lexical Miss,0
how much does it cost to run a street light,ms_marco,Ranking Error,1
what is lactose used for,ms_marco,Ranking Error,1
psyllium husk uses,ms_marco,Ranking Error,1
what did huygens probe discover,ms_marco,Ranking Error,1
does sore throat usually mean a cold,ms_marco,Ranking Error,1
what is earth perihelion and aphelion,ms_marco,Ranking Error,1
who is discovered silk,ms_marco,Ranking Error,1
what is paraffin,ms_marco,Ranking Error,1
how far is a kilometer in english,ms_marco,Ranking Error,1
what is mucuna pruriens,ms_marco,Ranking Error,1
literary definition of petrarchan sonnet,ms_marco,Ranking Error,1
what element is represented by the symbol sr,ms_marco,Ranking Error,1
what is tophi in gout,ms_marco,Semantic Miss,0
what foods have yeast,ms_marco,Ranking Error,1
pnf stretching golgi tendon organ,ms_marco,Ranking Error,1
what is amorphous urates,ms_marco,Ranking Error,1
the cells of living things are composed of a substance called protoplasm,ms_marco,Semantic Miss,0
what is margin in stock trading,ms_marco,Ranking Error,1
what is aion,ms_marco,Ranking Error,1
what is an advertising agency,ms_marco,Ranking Error,1
java square root of length,ms_marco,Ranking Error,1
rally's fast food in nc do they have value menue,ms_marco,Ranking Error,1
average age hearing aid,ms_marco,Ranking Error,1
how much liquid does an evod hold,ms_marco,Ranking Error,1
how long does it take to make a million dollars in the stocks market,ms_marco,Ranking Error,1
what does algaecide do,ms_marco,Ranking Error,1
rice phylum name,ms_marco,Ranking Error,1
what is toothbrush abrasion,ms_marco,Ranking Error,1
what is the average cost to stretch carpet,ms_marco,Ranking Error,1
what is ndvi,ms_marco,Ranking Error,1
thyroid produced in hypothalamus,ms_marco,Ranking Error,1
what disease do cockroaches cause,ms_marco,Semantic Miss,0
what type of government does singapore have,ms_marco,Ranking Error,1
how to choose fertilizer for a vegetable garden,ms_marco,Ranking Error,1
What presidents were father and son?,ms_marco,Ranking Error,1
what is a tamarind plant,ms_marco,Ranking Error,1
when were telegraph were discovered,ms_marco,Ranking Error,1
where is chernobyl located,ms_marco,Semantic Miss,0
average salary for a major league baseball player,ms_marco,Ranking Error,1
does medicaid pay for dentures,ms_marco,Ranking Error,1
where can i buy orangina,ms_marco,Ranking Error,1
what is giada worth,ms_marco,Ranking Error,1
how much does donor egg ivf cost,ms_marco,Ranking Error,1
what are the valves called,ms_marco,Lexical Miss,0
how does michonne die,ms_marco,Ranking Error,1
what explorer is an african gazelle named for,ms_marco,Semantic Miss,0
what to use in power washer to clean the side of house without harming my garden,ms_marco,Ranking Error,1
meaning of genre and examples,ms_marco,Lexical Miss,0
is emulsifier a leaven,ms_marco,Ranking Error,1
average price of home in san antonio,ms_marco,Ranking Error,1
examples of vaccines are cell mediated immunity,ms_marco,Ranking Error,1
what is garuda purana,ms_marco,Ranking Error,1
what is a snowy owl's climate,ms_marco,Ranking Error,1
erythroid tissue definition,ms_marco,Ranking Error,1
habitat science definition,ms_marco,Ranking Error,1
who wrote a dog of flanders crossword,ms_marco,Semantic Miss,0
what is grounding yourself,ms_marco,Semantic Miss,0
what is louse,ms_marco,Semantic Miss,0
what is an equalization rate,ms_marco,Ranking Error,1
what is the largest muscle in the body,ms_marco,Ranking Error,1
how long can vegetarian chili stay in the fridge,ms_marco,Lexical Miss,0
what is a gross expense ratio,ms_marco,Ranking Error,1
how fast can a giraffe run in mph,ms_marco,Ranking Error,1
common diseases in turkeys,ms_marco,Ranking Error,1
how to remove a locked door handle without the key,ms_marco,Lexical Miss,0
what are food webs,ms_marco,Ranking Error,1
how much does a facial cost in dallas,ms_marco,Ranking Error,1
what nerve carries impulses related to the retina,ms_marco,Ranking Error,1
how many ml equals an ounce,ms_marco,Semantic Miss,0
Motor neurons are considered to be what type of neurons,ms_marco,Lexical Miss,0
how long will fresh asparagus last in fridge,ms_marco,Lexical Miss,0
what is genomic dna,ms_marco,Ranking Error,1
how long was the titanic's voyage supposed to be,ms_marco,Ranking Error,1
does cerebrospinal fluid contain white blood cells,ms_marco,Ranking Error,1
are upper respiratory infections contagious in dogs,ms_marco,Semantic Miss,0
do brand new cars use more fuel at first,ms_marco,Ranking Error,1
how to call to canada from russia,ms_marco,Ranking Error,1
temperature range of the ocean,ms_marco,Ranking Error,1
how long can you keep lentils in the fridge for,ms_marco,Ranking Error,1
purpose of wedge resection,ms_marco,Ranking Error,1
effects of marijuana on your body,ms_marco,Ranking Error,1
what are dairy kosher,ms_marco,Ranking Error,1
average cost of meal in paris,ms_marco,Ranking Error,1
standard basketball size,ms_marco,Ranking Error,1
what is a characteristic of influenza,ms_marco,Ranking Error,1
does earthpaste contain lead,ms_marco,Ranking Error,1
what gland is cortisol secreted from,ms_marco,Semantic Miss,0
english language proficiency definition,ms_marco,Ranking Error,1
getting a passport card when you have a passport,ms_marco,Ranking Error,1
who coined term evidence based medicine,ms_marco,Ranking Error,1
describe the landform of most of japan,ms_marco,Ranking Error,1
motor nerve cell what do their parts do,ms_marco,Ranking Error,1
how fast do pike grow,ms_marco,Ranking Error,1
what is pnp mean,ms_marco,Ranking Error,1
what is blood test mchc mean,ms_marco,Ranking Error,1
food definition,ms_marco,Semantic Miss,0
how much did computers cost when they first came out,ms_marco,Ranking Error,1
what is the least fastest snake on earth,ms_marco,Ranking Error,1
what are the organisms classified in the phylum chordata,ms_marco,Ranking Error,1
fictitious business name definition,ms_marco,Ranking Error,1
how much does Pharmacy Technician make,ms_marco,Lexical Miss,0
what inr for antiphospholipid antibody syndrome,ms_marco,Ranking Error,1
what is a Railroad signal unit,ms_marco,Ranking Error,1
how to establish salary ranges,ms_marco,Ranking Error,1
what is opportunity qualification process,ms_marco,Ranking Error,1
what is the cellular characteristic that distinguishes kingdom eubacteria and archaebacteria from members of the other four kingdoms,ms_marco,Ranking Error,1
why did greece fall,ms_marco,Lexical Miss,0
what is purines,ms_marco,Ranking Error,1
What is Being Done About Global Warming,ms_marco,Ranking Error,1
what is degenerative scoliosis,ms_marco,Ranking Error,1
why should drinking age be lowered,ms_marco,Semantic Miss,0
what type of reaction is dehydration reaction,ms_marco,Ranking Error,1
what is colombia geography,ms_marco,Ranking Error,1
what is shown by a frequency polygon,ms_marco,Ranking Error,1
what does an HR coordinator do,ms_marco,Ranking Error,1
what is the organism that causes strep throat quizlet,ms_marco,Semantic Miss,0
how far is it from crystal sands condos in destin florida to sandestin resort,ms_marco,Ranking Error,1
marijuana vote in maine will growing be legal,ms_marco,Ranking Error,1
is up to his ears,ms_marco,Semantic Miss,0
normal reference range for iron,ms_marco,Ranking Error,1
what is dust from mites,ms_marco,Ranking Error,1
asbestos removal cost estimate,ms_marco,Ranking Error,1
average cost of credit repair services,ms_marco,Ranking Error,1
define schema in active directory,ms_marco,Ranking Error,1
define broaden,ms_marco,Ranking Error,1
how to get rid of grey hair naturally at home,ms_marco,Ranking Error,1
narcolepsy symptoms,ms_marco,Ranking Error,1
types of connective tissue in the heart,ms_marco,Ranking Error,1
taiga temperature and precipitation,ms_marco,Ranking Error,1
getting rid of hornworms tomatoes,ms_marco,Ranking Error,1
name of toxic gases emitted by volcanoes,ms_marco,Ranking Error,1
how long do i have to stay as primary residence to qualify for hst rebate,ms_marco,Ranking Error,1
list of foods that are starches,ms_marco,Ranking Error,1
what gland secretes a substance that regulates glucose,ms_marco,Semantic Miss,0
what is oleoresin,ms_marco,Ranking Error,1
what do the carvings on a totem pole mean,ms_marco,Ranking Error,1
benefits of curd in diabetes,ms_marco,Ranking Error,1
what process does human cells use to generate more atp,ms_marco,Ranking Error,1
is serrapeptase enzyme a salicylate,ms_marco,Ranking Error,1
what does laos flag represent,ms_marco,Ranking Error,1
how much does a notary house call cost?,ms_marco,Semantic Miss,0
what is the cerebellum known as,ms_marco,Semantic Miss,0
how long to defrost meat in a refrigerator,ms_marco,Semantic Miss,0
how to delete user in redhat linux,ms_marco,Ranking Error,1
what are signs of rosacea,ms_marco,Semantic Miss,0
maine average temperature,ms_marco,Ranking Error,1
average years in law school,ms_marco,Ranking Error,1
what makes a good biofuel,ms_marco,Ranking Error,1
what is trait,ms_marco,Ranking Error,1
what is classical ballet,ms_marco,Ranking Error,1
what is craic mean,ms_marco,Ranking Error,1
what is a lease disposition fee,ms_marco,Semantic Miss,0
what type of toxin is arsenic,ms_marco,Semantic Miss,0
what did newton invent calculus,ms_marco,Lexical Miss,0
schools with associates degrees in forensic science,ms_marco,Ranking Error,1
when was the ottoman empire at its height,ms_marco,Semantic Miss,0
what is a urban myth,ms_marco,Ranking Error,1
what does a brain mri show,ms_marco,Semantic Miss,0
what does potassium mean,ms_marco,Ranking Error,1
foal of a donkey meaning,ms_marco,Ranking Error,1
what is the normal dose for valium,ms_marco,Ranking Error,1
how long do cockatiel eggs take to hatch,ms_marco,Semantic Miss,0
what is internalizing behaviors,ms_marco,Ranking Error,1
what is smooth muscle structure,ms_marco,Semantic Miss,0
what year was rockford university was established,ms_marco,Ranking Error,1
average cost of stained concrete job,ms_marco,Ranking Error,1
how long should i cook salmon,ms_marco,Ranking Error,1
what is an amide,ms_marco,Lexical Miss,0
where and who does gray wolf find its food,ms_marco,Ranking Error,1
types of inverted papilloma sinus,ms_marco,Lexical Miss,0
what is sinus tract,ms_marco,Ranking Error,1
what are the adaptation of a cassowary,ms_marco,Ranking Error,1
standard temperature and pressure for water,ms_marco,Ranking Error,1
perkins coie salary,ms_marco,Ranking Error,1
www what is the meaning of my name is preethi,ms_marco,Lexical Miss,0
how to cook the perfect tuna steak,ms_marco,Ranking Error,1
what causes alkalosis,ms_marco,Ranking Error,1
when is a good time to start tomato seeds indoors,ms_marco,Semantic Miss,0
average temperature in side turkey in may,ms_marco,Ranking Error,1
turbotax sales phone number,ms_marco,Semantic Miss,0
does florida require malpractice insurance for nurse practitioner,ms_marco,Lexical Miss,0
what is an oxalate,ms_marco,Semantic Miss,0
average price of hernia surgery in chicago,ms_marco,Ranking Error,1
what is a mind muscle connection,ms_marco,Ranking Error,1
average cost per square foot to build a house in south florida,ms_marco,Ranking Error,1
what hormone is responsible for decreasing blood glucose levels,ms_marco,Ranking Error,1
are polyunsaturated fats good,ms_marco,Semantic Miss,0
typical aso service fee,ms_marco,Ranking Error,1
how did they build the pyramids of egypt,ms_marco,Lexical Miss,0
what is a bear's hand called,ms_marco,Ranking Error,1
churchill claims department contact number,ms_marco,Ranking Error,1
what is atmosphere examples,ms_marco,Ranking Error,1
The scientific name of an organism includes the genus and species name,ms_marco,Ranking Error,1
where is daiso,ms_marco,Ranking Error,1
what can you do to reduce spider veins,ms_marco,Ranking Error,1
strep throat contagious period,ms_marco,Ranking Error,1
which description of the term caliph is correct,ms_marco,Ranking Error,1
what causes laryngitis,ms_marco,Ranking Error,1
why did only miriam get leprosy,ms_marco,Ranking Error,1
what is wasting disease,ms_marco,Semantic Miss,0
qualifications for becoming a registered nurse,ms_marco,Ranking Error,1
what is crustacean larvae,ms_marco,Ranking Error,1
where is aspergillus found,ms_marco,Lexical Miss,0
how much does it cost to relocate a palm tree,ms_marco,Semantic Miss,0
is there such thing as a work spouse?,ms_marco,Lexical Miss,0
why is machu picchu fantastic,ms_marco,Ranking Error,1
what temperature does a chicken brooder need to be,ms_marco,Ranking Error,1
what do veins carry,ms_marco,Ranking Error,1
disability pensioner can i get age pension,ms_marco,Ranking Error,1
how many kWh does one person use per day,ms_marco,Ranking Error,1
thunder-darting definition,ms_marco,Ranking Error,1
how to set up printing to onenote,ms_marco,Semantic Miss,0
what is mutton kabab,ms_marco,Ranking Error,1
what is spiriva for,ms_marco,Ranking Error,1
how to stop boxbe,ms_marco,Ranking Error,1
what is puerperal sepsis,ms_marco,Ranking Error,1
what province is paris in,ms_marco,Ranking Error,1
what does the median mean,ms_marco,Ranking Error,1
what is a wicklow,ms_marco,Ranking Error,1
what forms does aspirin come in,ms_marco,Ranking Error,1
how many time does a baby have to bathe a week,ms_marco,Ranking Error,1
buddhist symbol aum,ms_marco,Ranking Error,1
can i use email money transfer to send money to account in us,ms_marco,Ranking Error,1
why is aum the symbol for hinduism,ms_marco,Ranking Error,1
what nutrient is important in the transport of oxygen in blood and in muscle tissue,ms_marco,Ranking Error,1
what is the color of urine of a diabetes insipidus person,ms_marco,Ranking Error,1
how long does it take for employer to get back to you after you apply,ms_marco,Ranking Error,1
what does conjunctivitis mean,ms_marco,Ranking Error,1
appropriate wedding gift cost,ms_marco,Ranking Error,1
Time off in lieu of overtime meaning,ms_marco,Semantic Miss,0
what are meristem cells,ms_marco,Semantic Miss,0
what is oscilloscope,ms_marco,Ranking Error,1
how to solve an equation for x in terms of y,ms_marco,Ranking Error,1
what temperature do you cook bacon wrapped dates,ms_marco,Ranking Error,1
average cost of child care in nevada,ms_marco,Ranking Error,1
average salary in the united states by year,ms_marco,Ranking Error,1
landrum south carolina zip code,ms_marco,Ranking Error,1
how long is cooked turkey good in the fridge,ms_marco,Lexical Miss,0
what is renaissance art,ms_marco,Ranking Error,1
what is wind mitigation,ms_marco,Ranking Error,1
what does the peripheral nervous system do,ms_marco,Lexical Miss,0
possible causes of restrictive lung disease,ms_marco,Ranking Error,1
types of precancerous skin cancer,ms_marco,Ranking Error,1
what is an NSULC,ms_marco,Ranking Error,1
where is Fang'rila in tanaran jungle,ms_marco,Ranking Error,1
meaning of name takaki,ms_marco,Ranking Error,1
how long does it take for someone to be charged an interest on discover credit card,ms_marco,Ranking Error,1
what do you use to clean a keyboard,ms_marco,Ranking Error,1
what language do sudanese people speak,ms_marco,Ranking Error,1
what is muscle,ms_marco,Ranking Error,1
fluid of csf is derived from the bloodstream,ms_marco,Ranking Error,1
what kind of wild animals can be found in germany for kids,ms_marco,Lexical Miss,0
where is kelowna bc canada,ms_marco,Ranking Error,1
what technique did the inca empire use to build its roads,ms_marco,Ranking Error,1
where do pumice stones originate,ms_marco,Ranking Error,1
how to turn screen on iphone 6 plus,ms_marco,Ranking Error,1
what kind of volcano is yellowstone,ms_marco,Lexical Miss,0
ryne name pronunciation,ms_marco,Ranking Error,1
what is RNR genetics,ms_marco,Ranking Error,1
what age does a person have to be to become part of senate,ms_marco,Semantic Miss,0
what type of area is caltech rural urban,ms_marco,Semantic Miss,0
who influenced isaac newton to become a scientist,ms_marco,Ranking Error,1
lsat score range,ms_marco,Ranking Error,1
meaning of name soraya,ms_marco,Ranking Error,1
different types of gruyere cheese,ms_marco,Semantic Miss,0
The DNA in eukaryotes is found in:,ms_marco,Ranking Error,1
where is a hernia located,ms_marco,Ranking Error,1
what is smi company,ms_marco,Ranking Error,1
Froyo franchise cost,ms_marco,Ranking Error,1
wheel bearing replacement cost,ms_marco,Ranking Error,1
how to return used dell toner cartridge,ms_marco,Ranking Error,1
average price per acre,ms_marco,Ranking Error,1
what does the german word wechsel mean,ms_marco,Ranking Error,1
how long does it take to grow long hair,ms_marco,Semantic Miss,0
what are canadian lynx babies called,ms_marco,Ranking Error,1
glutamate where is found function and removed by,ms_marco,Ranking Error,1
how many years of school do you need to be a chiropractor,ms_marco,Ranking Error,1
can rotation rack costco,ms_marco,Lexical Miss,0
how long does it take for water to get cold in the freezer,ms_marco,Semantic Miss,0
can you get a universal garage door opener,ms_marco,Ranking Error,1
between which two plates are the himalayan mountains forming,ms_marco,Ranking Error,1
cargill average pay,ms_marco,Ranking Error,1
what kind of fertilizer does a oleander like?,ms_marco,Semantic Miss,0
definition site,ms_marco,Ranking Error,1
what level is hnd qualification,ms_marco,Ranking Error,1
how long can dogs go without food when sick,ms_marco,Ranking Error,1
what kind of car did the blues brothers drive,ms_marco,Lexical Miss,0
how much money do the dancing with the stars contestants make,ms_marco,Ranking Error,1
how much does working at target pay,ms_marco,Ranking Error,1
what size should a polar bear enclosure be,ms_marco,Ranking Error,1
how to plant dwarf apple trees,ms_marco,Semantic Miss,0
production rate for carpet cleaning,ms_marco,Ranking Error,1
type two diabetes levels,ms_marco,Ranking Error,1
what is the structure of hemoglobin,ms_marco,Ranking Error,1
tricare cost for retirees,ms_marco,Ranking Error,1
on which continent is athens greece located,ms_marco,Ranking Error,1
what is the scientific word for sugar,ms_marco,Lexical Miss,0
how long does an occupational therapist go to school,ms_marco,Ranking Error,1
ba definition degree,ms_marco,Ranking Error,1
does texas state have a law school,ms_marco,Ranking Error,1
does solar energy pay for the cost,ms_marco,Ranking Error,1
does mcdonalds still have birthday cakes,ms_marco,Ranking Error,1
what is carbon & where is it found,ms_marco,Ranking Error,1
where is Serotonin made in the body,ms_marco,Ranking Error,1
where is the pcv valve located,ms_marco,Semantic Miss,0
average cost of paving driveway,ms_marco,Semantic Miss,0
who invented induced currents,ms_marco,Ranking Error,1
how many people are employed in agriculture in europe,ms_marco,Ranking Error,1
where do the richest people in the world live,ms_marco,Ranking Error,1
term for normal temperature,ms_marco,Ranking Error,1
cost of whatsapp call,ms_marco,Ranking Error,1
in what form pension is reported,ms_marco,Lexical Miss,0
where did margaret mahy go to school,ms_marco,Ranking Error,1
how do you become an aide for a child with autism,ms_marco,Ranking Error,1
what is anticholinergic medication for,ms_marco,Semantic Miss,0
what is hips serv,ms_marco,Ranking Error,1
average rainfall in bloemfontein,ms_marco,Ranking Error,1
how long can cooked venison sit out,ms_marco,Ranking Error,1
what is the basic function of the hindbrain (brainstem),ms_marco,Ranking Error,1
what is mdx,ms_marco,Ranking Error,1
where are hormones produced,ms_marco,Ranking Error,1
english pronunciation of irish name eamonn,ms_marco,Ranking Error,1
what layer of skin is granulation tissue,ms_marco,Ranking Error,1
mpg of modern trucks,ms_marco,Ranking Error,1
how long do paid tax liens stay on your credit report,ms_marco,Ranking Error,1
what hormones are used in digestion,ms_marco,Ranking Error,1
what type of lava comes out of a cinder cone volcano,ms_marco,Ranking Error,1
what is meant by a company corporate culture,ms_marco,Semantic Miss,0
average home building cost,ms_marco,Ranking Error,1
what is cabergoline used for,ms_marco,Semantic Miss,0
what is capocollo,ms_marco,Ranking Error,1
how long does ground beef stay good for frozen,ms_marco,Ranking Error,1
merrick dog food all life stages good for puppies,ms_marco,Ranking Error,1
where do degus come from,ms_marco,Ranking Error,1
what is nss error,ms_marco,Semantic Miss,0
what is quartz cleaning,ms_marco,Ranking Error,1
what is immediate family only,ms_marco,Ranking Error,1
what does vain mean in the bible,ms_marco,Ranking Error,1
how long is a teaching degree,ms_marco,Ranking Error,1
ipad display on computer without airplay,ms_marco,Semantic Miss,0
how long does defrosting take,ms_marco,Ranking Error,1
what does the empire state building have,ms_marco,Semantic Miss,0
can grapes cause canker sores,ms_marco,Ranking Error,1
who invented the first computer invented,ms_marco,Ranking Error,1
where does insulin come from,ms_marco,Ranking Error,1
was that midlife is affected biologically,ms_marco,Ranking Error,1
who sings little things mean a lot,ms_marco,Ranking Error,1
what is gas solenoid valve,ms_marco,Ranking Error,1
what is the starting median salary for a actress,ms_marco,Ranking Error,1
what is traditional biotechnology,ms_marco,Ranking Error,1
when was navex global founded,ms_marco,Ranking Error,1
how many years do you need followup appointments for womb cancer,ms_marco,Ranking Error,1
how much does a rent roll cost,ms_marco,Ranking Error,1
how much does cristiano ronaldo earn,ms_marco,Semantic Miss,0
how much to charge for a banquet,ms_marco,Ranking Error,1
what is the ancient Siamese culture mean,ms_marco,Ranking Error,1
which gene mutation is constitutive mutation gene regulation lac operon,ms_marco,Semantic Miss,0
how long would it take to go to planet nine,ms_marco,Ranking Error,1
is quartzite formed by burial metamorphism,ms_marco,Ranking Error,1
what foods contain soy protein,ms_marco,Ranking Error,1
how long does it take a banana peel to decompose,ms_marco,Ranking Error,1
what is proprietary software - OED,ms_marco,Ranking Error,1
does castor oil grow eyebrow hair,ms_marco,Semantic Miss,0
how much does it cost to change a jetblue flight,ms_marco,Ranking Error,1
how long does it take a belly button piercing to heal,ms_marco,Semantic Miss,0
what is musculoskeletal pain,ms_marco,Ranking Error,1
what if jury summons excuses confirmation notice,ms_marco,Ranking Error,1
the plural form of ulna is,ms_marco,Ranking Error,1
the longest days without food a person accomplished,ms_marco,Ranking Error,1
what is atrophic erythematous tongue,ms_marco,Ranking Error,1
is cholesterol only found in animal products,ms_marco,Ranking Error,1
bad effect of watching tv,ms_marco,Ranking Error,1
is cowan a common name,ms_marco,Ranking Error,1
can i list a grocery item on amazon without a barcode,ms_marco,Ranking Error,1
conclusion about how to choosing career,ms_marco,Ranking Error,1
when did married women get the right to own their own money,ms_marco,Ranking Error,1
what does a patient care specialist do,ms_marco,Ranking Error,1
replacing insulation under mobile home,ms_marco,Ranking Error,1
how do i plant my knockout roses,ms_marco,Ranking Error,1
does whole life insurance expire at a certain age,ms_marco,Ranking Error,1
what does the earth's magnetic field do,ms_marco,Semantic Miss,0
when did daylight saving start,ms_marco,Lexical Miss,0
Cognos BI average salary in seattle,ms_marco,Ranking Error,1
what does the air temperature controller do,ms_marco,Ranking Error,1
can ms cause elevated liver enzymes,ms_marco,Ranking Error,1
how much was a new brough superior,ms_marco,Lexical Miss,0
originally iq was defined as,ms_marco,Ranking Error,1
is apple cider vinegar good for kidney function,ms_marco,Ranking Error,1
buying a car dealer vs. private seller,ms_marco,Ranking Error,1
formula for put call parity,ms_marco,Ranking Error,1
average cost for a skilled nursing bed,ms_marco,Ranking Error,1
cost accounting salary houston,ms_marco,Ranking Error,1
cost to reupholster a recliner sofa,ms_marco,Ranking Error,1
can you transfer traditional ira into simple ira,ms_marco,Ranking Error,1
what is caponizing a rooster,ms_marco,Ranking Error,1
FreedomPop Keep Phone Number,ms_marco,Ranking Error,1
what bacteria does doxycycline treat,ms_marco,Semantic Miss,0
is heat intolerance is associated with pituitary gland,ms_marco,Ranking Error,1
what is as good as a proton pump inhibitor,ms_marco,Semantic Miss,0
how i can make money fast,ms_marco,Semantic Miss,0
best temperature for fridge,ms_marco,Ranking Error,1
push definition,ms_marco,Ranking Error,1
what is a poetry,ms_marco,Lexical Miss,0
what is a clinical study,ms_marco,Ranking Error,1
how to become a realtor in memphis tn,ms_marco,Semantic Miss,0
where does the southern accent come from,ms_marco,Ranking Error,1
what made princess diana a great leader,ms_marco,Ranking Error,1
how many calories in a reuben,ms_marco,Ranking Error,1
where is the pyramid of giza located,ms_marco,Ranking Error,1
What are the significant differences between continental ice caps and alpine glaciers”?,ms_marco,Ranking Error,1
is there something called a recorder but looks like a flute,ms_marco,Ranking Error,1
description and function of thymus gland,ms_marco,Ranking Error,1
what breed of dog is a westie,ms_marco,Ranking Error,1
what was the battle of verdun,ms_marco,Ranking Error,1
are a levels further or secondary education,ms_marco,Ranking Error,1
what does sciatic nerve do,ms_marco,Ranking Error,1
are chickpeas a carbohydrate?,ms_marco,Semantic Miss,0
what evidence does dna show,ms_marco,Ranking Error,1
what does fpo membrane,ms_marco,Ranking Error,1
what is a klezmer clarinet,ms_marco,Ranking Error,1
factors that affect the cause of chickenpox,ms_marco,Lexical Miss,0
what was the overall purpose of fdr day of infamy speech,ms_marco,Ranking Error,1
hipaa breach definition,ms_marco,Ranking Error,1
what is scaffolding bruner,ms_marco,Ranking Error,1
cost to check a potential customer's credit at a reporting service,ms_marco,Ranking Error,1
supervolcano definition,ms_marco,Ranking Error,1
what Produces lymph fluid,ms_marco,Lexical Miss,0
where does vetiver come from,ms_marco,Ranking Error,1
how to analyze network latency,ms_marco,Semantic Miss,0
concrete costs per yard,ms_marco,Ranking Error,1
what is the common name for nh4cl,ms_marco,Ranking Error,1
how long will thawed chicken last in the fridge,ms_marco,Ranking Error,1
what type of marine environment are horseshoe crabs found in,ms_marco,Ranking Error,1
how much can i charge for bankruptcy petition preparer,ms_marco,Ranking Error,1
how do shower pumps work,ms_marco,Lexical Miss,0
what happens when large intestine fails to absorb water,ms_marco,Ranking Error,1
prefab homes average cost,ms_marco,Ranking Error,1
how warm does it need to be to plant grass seed,ms_marco,Ranking Error,1
what does resetting your network settings on iphone do,ms_marco,Ranking Error,1
what is transcription in dna,ms_marco,Ranking Error,1
how much protein should a woman have each day,ms_marco,Semantic Miss,0
how many species of tapir are there,ms_marco,Ranking Error,1
what does a negative oxidase test mean,ms_marco,Ranking Error,1
cost of card reader for locks,ms_marco,Ranking Error,1
UTEP tuition and fees,ms_marco,Ranking Error,1
salary of a pilot english money,ms_marco,Ranking Error,1
how long does a deep wound take to heal in the finger,ms_marco,Ranking Error,1
what is a quantity surveyor,ms_marco,Ranking Error,1
what can cause shrinking testicles,ms_marco,Ranking Error,1
move windows file to linux share,ms_marco,Semantic Miss,0
when was the first harry potter books,ms_marco,Ranking Error,1
prosthodontics cost,ms_marco,Ranking Error,1
what is average wacc,ms_marco,Semantic Miss,0
can you opt to tax part of a building,ms_marco,Ranking Error,1
why did they invent the telephone,ms_marco,Ranking Error,1
disease caused by contaminated food,ms_marco,Semantic Miss,0
define manage,ms_marco,Ranking Error,1
what does sidhe mean,ms_marco,Ranking Error,1
books by glenda reed,ms_marco,Lexical Miss,0
where does angina radiate,ms_marco,Ranking Error,1
how tall do you have to be to ride slides at splash village,ms_marco,Ranking Error,1
what is prima facie,ms_marco,Ranking Error,1
what kind of person was charles lindbergh,ms_marco,Semantic Miss,0
hives common food causes,ms_marco,Ranking Error,1
where does papua new guinea originate,ms_marco,Ranking Error,1
how to get to cascais from lisbon,ms_marco,Ranking Error,1
what is the kaaba and where is it located,ms_marco,Ranking Error,1
crickets and grasshoppers eat what,ms_marco,Ranking Error,1
what is decyl glucoside,ms_marco,Ranking Error,1
what is turmeric in ayurvedic treatment,ms_marco,Ranking Error,1
what does ambien do,ms_marco,Ranking Error,1
can i contribute both roth ira and traditional ira,ms_marco,Ranking Error,1
how far does the gobi desert stretch,ms_marco,Ranking Error,1
what layer of the atmosphere does ozone depletion occur,ms_marco,Ranking Error,1
how much does a cable technician make,ms_marco,Ranking Error,1
how is a cervical smear done,ms_marco,Semantic Miss,0
what is rhino poaching definition,ms_marco,Ranking Error,1
how long does it take for my car title to come in the mail,ms_marco,Ranking Error,1
what was the name of the android created in age of ultron,ms_marco,Ranking Error,1
how big is neptune,ms_marco,Ranking Error,1
flagler cost per credit hour,ms_marco,Ranking Error,1
continental volcanic arcs are associated with the,ms_marco,Ranking Error,1
how children electric train works,ms_marco,Ranking Error,1
where are lungs located in your back,ms_marco,Lexical Miss,0
what is cabaret music,ms_marco,Ranking Error,1
lyme disease what determines geographical region,ms_marco,Ranking Error,1
what education do you need to become a surgeon,ms_marco,Ranking Error,1
what is a cost centers,ms_marco,Ranking Error,1
the treaty of versailles detailed definition,ms_marco,Ranking Error,1
hypnotic ability psychology definition,ms_marco,Ranking Error,1
average salary of a lorry driver ireland,ms_marco,Ranking Error,1
collection of hyphae is known as,ms_marco,Ranking Error,1
what meat is commonly eaten in africa,ms_marco,Ranking Error,1
what is a registered nurse role,ms_marco,Semantic Miss,0
is portugal a republic,ms_marco,Ranking Error,1
standard speeding fines,ms_marco,Ranking Error,1
can the electric be updated in kitchen and not the rest of house,ms_marco,Ranking Error,1
function of acth,ms_marco,Ranking Error,1
where is fort gordon georgia,ms_marco,Ranking Error,1
is hilary duff an illuminati,ms_marco,Ranking Error,1
estimated cost to become a pharmacy technician,ms_marco,Ranking Error,1
what level do you get a flying mount in wow,ms_marco,Ranking Error,1
what is magnesium metal used for,ms_marco,Ranking Error,1
define causality,ms_marco,Ranking Error,1
who discovered the structure of dna the story,ms_marco,Ranking Error,1
where does bile come from,ms_marco,Ranking Error,1
footballers salary per week,ms_marco,Ranking Error,1
what kind of paint to use on glass,ms_marco,Semantic Miss,0
when to check blood sugar non insulin,ms_marco,Ranking Error,1
what form should vitamin a be in,ms_marco,Ranking Error,1
what is the function of the ciliary body,ms_marco,Ranking Error,1
what is a cultivated mushroom,ms_marco,Ranking Error,1
the proximal surface that is located farthest away from the midline is the,ms_marco,Ranking Error,1
how much flaxseed per day,ms_marco,Ranking Error,1
where is ramada shoal bay,ms_marco,Semantic Miss,0
how much do radiologists techs make an hour,ms_marco,Ranking Error,1
what bachelor degrees can get you into law,ms_marco,Semantic Miss,0
what is a balustrade,ms_marco,Ranking Error,1
how long to change solenoid,ms_marco,Ranking Error,1
average price for dinner in argentina,ms_marco,Ranking Error,1
what kind of historian is jh elliott,ms_marco,Ranking Error,1
is the levator palpebrae superioris an extraocular muscle,ms_marco,Ranking Error,1
what is montelukast,ms_marco,Semantic Miss,0
things commonly mistaken for diatoms,ms_marco,Ranking Error,1
why ozone layer is important atmospheric gas,ms_marco,Ranking Error,1
diabetes mellitus definition medical,ms_marco,Ranking Error,1
are squamous epithelial cells cancerous,ms_marco,Ranking Error,1
what class of lever is a baseball bat,ms_marco,Ranking Error,1
how to request for approval email for data card,ms_marco,Ranking Error,1
name the sphincters of the gastrointestinal tract in order,ms_marco,Ranking Error,1
what is a desert biome,ms_marco,Ranking Error,1
what is formlessness,ms_marco,Semantic Miss,0
what are the organs in the muscular system,ms_marco,Ranking Error,1
what proteins are directly affected by ADH,ms_marco,Ranking Error,1
does neutering a dog help with marking,ms_marco,Ranking Error,1
is advair a corticosteroid,ms_marco,Ranking Error,1
how long does a college lacrosse game last,ms_marco,Ranking Error,1
are all fungi multicellular,ms_marco,Ranking Error,1
average salary by state,ms_marco,Ranking Error,1
what is cultural geography,ms_marco,Ranking Error,1
factory reset galaxy s3,ms_marco,Ranking Error,1
is there spirulina in algae,ms_marco,Ranking Error,1
srija name meaning,ms_marco,Lexical Miss,0
how they verify overseas education,ms_marco,Ranking Error,1
what pressure is the eye of the hurricane,ms_marco,Ranking Error,1
what is a carbuncle photo,ms_marco,Ranking Error,1
normal range of haemoglobin in australian medicine,ms_marco,Ranking Error,1
what is bonito flakes,ms_marco,Semantic Miss,0
what kind of symmetry do grasshoppers have,ms_marco,Ranking Error,1
how old does babies start teething,ms_marco,Ranking Error,1
is charles manson dead,ms_marco,Semantic Miss,0
how does loan officer get paid,ms_marco,Ranking Error,1
what do you use brow wax for,ms_marco,Ranking Error,1
how long to cook spaghetti squash in microwave,ms_marco,Ranking Error,1
what year did the battle of gettysburg take place,ms_marco,Ranking Error,1
average temperature in vero beach florida in june,ms_marco,Ranking Error,1
cost to install super sliding patio door,ms_marco,Lexical Miss,0
what is clipping morphology,ms_marco,Ranking Error,1
what does androstenedione do,ms_marco,Ranking Error,1
how long can pork roast stay in fridge,ms_marco,Ranking Error,1
how much did goldman sachs pay hillary clinton,ms_marco,Ranking Error,1
what enables the thyroid gland to perform its function,ms_marco,Ranking Error,1
does the prime meridian pass through the arctic circle or antarctic circle,ms_marco,Ranking Error,1
what is scorpion fish adaptations,ms_marco,Ranking Error,1
what is angio,ms_marco,Semantic Miss,0
what is atopic skin,ms_marco,Ranking Error,1
how long should silastic to dry in a shower,ms_marco,Ranking Error,1
how much iron you need a day,ms_marco,Ranking Error,1
who can prescribe in australia,ms_marco,Ranking Error,1
what is coffee wikipedia,ms_marco,Ranking Error,1
how to add a picture when creating an event on facebook,ms_marco,Ranking Error,1
what is albumin,ms_marco,Ranking Error,1
oceanic crust is made of,ms_marco,Ranking Error,1
what is caulking,ms_marco,Ranking Error,1
colloquialisms slang definition,ms_marco,Ranking Error,1
what is iris folding,ms_marco,Ranking Error,1
consolute temperature meaning,ms_marco,Ranking Error,1
highest paid actresses on tv,ms_marco,Ranking Error,1
cost of artefill injections,ms_marco,Ranking Error,1
after cooked how soon to fridge,ms_marco,Lexical Miss,0
is there an age limit to play college sports,ms_marco,Ranking Error,1
where is palau located,ms_marco,Semantic Miss,0
what temperature to cook kentucky legend smoked pork chops,ms_marco,Ranking Error,1
what is psychoanalytic criticism,ms_marco,Semantic Miss,0
meaning of elico name,ms_marco,Ranking Error,1
how long to cook lamb chops in nuwave oven,ms_marco,Semantic Miss,0
irs publication origination fees,ms_marco,Ranking Error,1
different types of helminth worms,ms_marco,Ranking Error,1
average cost to polish concrete per square meter,ms_marco,Semantic Miss,0
what is nco content,ms_marco,Ranking Error,1
what does annealing mean,ms_marco,Ranking Error,1
definition of chupacabra,ms_marco,Ranking Error,1
what to get someone whose pet has died,ms_marco,Ranking Error,1
what is lean,ms_marco,Ranking Error,1
what does the name bragi mean,ms_marco,Ranking Error,1
where do the osphronemidae live,ms_marco,Lexical Miss,0
how much does a pregnancy cost without insurance,ms_marco,Ranking Error,1
what are marionberries,ms_marco,Ranking Error,1
what is tbt,ms_marco,Ranking Error,1
what is magnesium used for,ms_marco,Ranking Error,1
how to check my airtel no.,ms_marco,Semantic Miss,0
what charities does bill gates currently give to,ms_marco,Ranking Error,1
does using a proxy server hide from your isp?,ms_marco,Lexical Miss,0
name the great vessels that deliver blood to heart,ms_marco,Ranking Error,1
what is a bant deck mtg,ms_marco,Ranking Error,1
what is a jewish shvitz,ms_marco,Semantic Miss,0
how much a home inspector make,ms_marco,Semantic Miss,0
what is evaporative cooling,ms_marco,Ranking Error,1
can ipads be used as a laptop,ms_marco,Ranking Error,1
why is the united states considered a meritocracy,ms_marco,Lexical Miss,0
who is the president of costa rica today,ms_marco,Ranking Error,1
what is the average cost of a polygraph test,ms_marco,Ranking Error,1
what infrastructure does tpg use,ms_marco,Semantic Miss,0
what is the function of cranial nerve x,ms_marco,Semantic Miss,0
nitrofurantoin dosage and duration for uti,ms_marco,Ranking Error,1
two step movie meaning,ms_marco,Ranking Error,1
how long does it take to refund on a credit card,ms_marco,Semantic Miss,0
what type of volcano is mount vesuvius,ms_marco,Ranking Error,1
what part of a vaccine stimulates an immune response,ms_marco,Ranking Error,1
how long a nap for toddler,ms_marco,Lexical Miss,0
cost of ventolin hfa inhaler without insurance,ms_marco,Ranking Error,1
is hemp marijuana,ms_marco,Lexical Miss,0
what does amplitude mean,ms_marco,Ranking Error,1
what does hpv positive mean,ms_marco,Semantic Miss,0
definition of gene locus,ms_marco,Ranking Error,1
name meanings felicity,ms_marco,Ranking Error,1
what is customer acquisition cost,ms_marco,Ranking Error,1
what makes a shirt flannel,ms_marco,Ranking Error,1
where does spaghetti originate from,ms_marco,Ranking Error,1
what is phylum also called,ms_marco,Ranking Error,1
what is syncope,ms_marco,Ranking Error,1
what are upper respiratory infections,ms_marco,Ranking Error,1
age recommendation for shingles shot,ms_marco,Semantic Miss,0
what language do icelanders speak,ms_marco,Semantic Miss,0
where was vivaldi born,ms_marco,Semantic Miss,0
what is the function of salivary amylase,ms_marco,Ranking Error,1
What is est sudan is best known for,ms_marco,Ranking Error,1
average salary for appliance technician,ms_marco,Ranking Error,1
how much degree do you bake empanadas,ms_marco,Ranking Error,1
where does Sodium chloride come from,ms_marco,Ranking Error,1
how old do you have to be to watch a child,ms_marco,Semantic Miss,0
what is hydroquinone,ms_marco,Ranking Error,1
how long can a carrot cake stay out at a wedding?,ms_marco,Ranking Error,1
cost to install a deck,ms_marco,Ranking Error,1
how far is uranus from earth,ms_marco,Ranking Error,1
what is the duckbill platypus adaptations,ms_marco,Ranking Error,1
when was the death penalty abolished,ms_marco,Ranking Error,1
how much are the court fees for a divorce,ms_marco,Ranking Error,1
what does a tectonic plate do,ms_marco,Semantic Miss,0
set default printer remote desktop connection,ms_marco,Semantic Miss,0
what is xdsl,ms_marco,Ranking Error,1
height average,ms_marco,Lexical Miss,0
what is translocation in plants,ms_marco,Ranking Error,1
how much does it cost to build an amusement park,ms_marco,Ranking Error,1
do buffers exist in digestive system,ms_marco,Semantic Miss,0
urquhart meaning of name,ms_marco,Ranking Error,1
how long to fry cod,ms_marco,Semantic Miss,0
what function diffuses water molecules,ms_marco,Ranking Error,1
what is CIP abbreviation,ms_marco,Ranking Error,1
normal range of platelets,ms_marco,Ranking Error,1
what parts of the male reproductive system are affected by transmitted by gonorrhea,ms_marco,Ranking Error,1
neonatal nurse salary how much will they make,ms_marco,Ranking Error,1
how to do closing statement in a debate,ms_marco,Ranking Error,1
are the immune and lymphatic system the same,ms_marco,Ranking Error,1
what meter is used to write a sonnet,ms_marco,Ranking Error,1
carbohydrates are stored in the liver and muscles in the form of,ms_marco,Semantic Miss,0
what is the form of the raven,ms_marco,Ranking Error,1
hormone that stimulates the development of the immune system and the production of lymphocytes,ms_marco,Ranking Error,1
socialist nations adopt features of capitalism. This theory is referred to as ________. quizlet,ms_marco,Lexical Miss,0
what is a cluster headache,ms_marco,Ranking Error,1
what are the four types of dissociative disorders,ms_marco,Ranking Error,1
where is bard college located,ms_marco,Ranking Error,1
is hvar croatia near split,ms_marco,Ranking Error,1
what best describes connective tissue,ms_marco,Ranking Error,1
stanza what is it,ms_marco,Ranking Error,1
is als disease curable,ms_marco,Ranking Error,1
on average how often is someone online a day,ms_marco,Ranking Error,1
A kilocalorie of heat is required to raise the temperature of,ms_marco,Semantic Miss,0
what year did the constitutional convention meet,ms_marco,Ranking Error,1
what does superficial muscles mean,ms_marco,Ranking Error,1
does alcohol aggravate osteoarthritis,ms_marco,Ranking Error,1
asphalt cost,ms_marco,Semantic Miss,0
what are some uses for einsteinium,ms_marco,Ranking Error,1
causes of facial numbness,ms_marco,Ranking Error,1
what type of chemical bond has the most potential energy stored in it,ms_marco,Ranking Error,1
definition of horderves,ms_marco,Ranking Error,1
what is the name of the sugar molecule in the dna helix,ms_marco,Ranking Error,1
what is mediterranean food,ms_marco,Ranking Error,1
does the stomach digest food,ms_marco,Semantic Miss,0
how long do i have to respond to a counter claim in supreme court,ms_marco,Semantic Miss,0
what qualifications do you need to be an occupational therapist,ms_marco,Ranking Error,1
where canary islands is located,ms_marco,Ranking Error,1
cost to build garage office,ms_marco,Ranking Error,1
what is the average salary of pilot in india,ms_marco,Semantic Miss,0
what is taxa,ms_marco,Lexical Miss,0
explain why italy was the birthplace of the renaissance,ms_marco,Ranking Error,1
what is the aqueous humor secreted by,ms_marco,Ranking Error,1
what biome has plants spaced far apart,ms_marco,Ranking Error,1
what are bairdi crab,ms_marco,Ranking Error,1
gestation period horses and cows,ms_marco,Ranking Error,1
what is love susan polis schutz,ms_marco,Ranking Error,1
Simplification definition,ms_marco,Ranking Error,1
what are the parathyroid hormones,ms_marco,Ranking Error,1
how is carbon monoxide administered,ms_marco,Ranking Error,1
how much do tuna fishers first mates make,ms_marco,Ranking Error,1
mesentery definition,ms_marco,Ranking Error,1
what organic compound makes up nails,ms_marco,Ranking Error,1
what is combustion in chemistry,ms_marco,Ranking Error,1
where does bachata originate from,ms_marco,Ranking Error,1
costco cost of copying,ms_marco,Ranking Error,1
does my computer have a sound card,ms_marco,Ranking Error,1
what causes warts on cattle,ms_marco,Ranking Error,1
what do lymphatic vessels do in the immune system,ms_marco,Ranking Error,1
is dubai a desert,ms_marco,Ranking Error,1
cost of lucentis injection,ms_marco,Ranking Error,1
what is passivity,ms_marco,Ranking Error,1
what was the purpose of the transcontinental railroad,ms_marco,Semantic Miss,0
what does corporate culture mean,ms_marco,Ranking Error,1
what is whistler village,ms_marco,Semantic Miss,0
where did the name bismuth come from,ms_marco,Ranking Error,1
a common sodium deficiency is muscle cramps,ms_marco,Ranking Error,1
what can i put on the dishwasher directions to make it look black instead of white,ms_marco,Ranking Error,1
what is sonnet,ms_marco,Semantic Miss,0
cost of garage door openers installed,ms_marco,Lexical Miss,0
good soluble fiber sources,ms_marco,Ranking Error,1
employment pass malaysia for salary range,ms_marco,Semantic Miss,0
why do my eyes look squinty in pictures,ms_marco,Semantic Miss,0
why are venus fly traps carnivores,ms_marco,Lexical Miss,0
what is belching,ms_marco,Ranking Error,1
how long can a body survive without food and water,ms_marco,Ranking Error,1
what does malaika mean,ms_marco,Ranking Error,1
what kind of portraits does frida kahlo paint,ms_marco,Ranking Error,1
when was novel kite runner by hosseini published,ms_marco,Ranking Error,1
putting netflix on dish network,ms_marco,Ranking Error,1
what is the benefit of having a dark green vegetables,ms_marco,Ranking Error,1
dna condenses during what phase,ms_marco,Semantic Miss,0
what is a cipher,ms_marco,Ranking Error,1
what particles make up a proton,ms_marco,Ranking Error,1
what is the stomach function,ms_marco,Ranking Error,1
flg mutation ethnicity,ms_marco,Ranking Error,1
what is symbol of venus,ms_marco,Ranking Error,1
how much does an estate lawyer cost,ms_marco,Ranking Error,1
what are the minerals in our food for,ms_marco,Ranking Error,1
how long do boiled eggs stay good for in the fridge,ms_marco,Ranking Error,1
when was the television invented,ms_marco,Semantic Miss,0
What are the names of the salivary glands located anterior to the ear,ms_marco,Ranking Error,1
how much is a superintendent salary in new york,ms_marco,Ranking Error,1
what is interpreter,ms_marco,Ranking Error,1
is sicl4 nonpolar,ms_marco,Ranking Error,1
lymphoid tissue definition,ms_marco,Ranking Error,1
what is atomic number radiology,ms_marco,Ranking Error,1
starting salary for dialysis nurse,ms_marco,Semantic Miss,0
what did the jay treaty do for the americans,ms_marco,Lexical Miss,0
what does dandelion root do,ms_marco,Ranking Error,1
what is clobetasol propionate ointment for,ms_marco,Ranking Error,1
what is a retainer fee,ms_marco,Ranking Error,1
how to cook pork belly strips in oven,ms_marco,Ranking Error,1
unt average annual cost,ms_marco,Ranking Error,1
what is smelting,ms_marco,Semantic Miss,0
what does signior mean,ms_marco,Ranking Error,1
how to get mozilla firefox,ms_marco,Ranking Error,1
what muscles does deadlift work,ms_marco,Ranking Error,1
average cost to screen in a patio,ms_marco,Semantic Miss,0
what is the main goal of any business,ms_marco,Semantic Miss,0
is foxtail fern poisonous,ms_marco,Lexical Miss,0
which nationality if the name chudy,ms_marco,Ranking Error,1
is jutland denmark,ms_marco,Ranking Error,1
what are ribosomes composed of,ms_marco,Semantic Miss,0
what is the difference between osteoarthritis and rheumatoid arthritis,ms_marco,Ranking Error,1
what are the symptoms of a broken hip,ms_marco,Ranking Error,1
what temperature can aloe survive,ms_marco,Ranking Error,1
price for chaco canyon entrance fee,ms_marco,Ranking Error,1
what is alcantara leather,ms_marco,Ranking Error,1
can you heal knuckles arthritis,ms_marco,Ranking Error,1
what is camu camu powder,ms_marco,Ranking Error,1
is yellow loosestrife invasive,ms_marco,Semantic Miss,0
what is the role of the sodium chloride detergent solution in the dna extraction process,ms_marco,Ranking Error,1
amount of money paid to president once he leaves office,ms_marco,Lexical Miss,0
what is star anise tea good for,ms_marco,Ranking Error,1
how long does it take to cook a turkey on gas grill,ms_marco,Semantic Miss,0
what is the si base unit of temperature,ms_marco,Ranking Error,1
disadvantages mmr vaccine,ms_marco,Ranking Error,1
what kind of glue can you use to apply fabric to foam board,ms_marco,Ranking Error,1
when did the battle of the midway happen,ms_marco,Ranking Error,1
what is bundesliga,ms_marco,Ranking Error,1
define stress,ms_marco,Ranking Error,1
bacterial immune system,ms_marco,Lexical Miss,0
what album is enter sandman on by metallica,ms_marco,Semantic Miss,0
how much does it cost to install central heat and air,ms_marco,Ranking Error,1
cystic fibrosis location of genetic cause,ms_marco,Ranking Error,1
what does vitamins do,ms_marco,Ranking Error,1
How long do you broil scallops wrapped in bacon,ms_marco,Ranking Error,1
plasma definition,ms_marco,Ranking Error,1
where is esophagus located,ms_marco,Ranking Error,1
where does seaweed grow,ms_marco,Ranking Error,1
why are dragonflies called mosquito hawks,ms_marco,Ranking Error,1
what are the uses of radon,ms_marco,Semantic Miss,0
how long should i keep insurance eobs,ms_marco,Ranking Error,1
where are dna nucleotides found,ms_marco,Ranking Error,1
when are babies supposed to stand with help,ms_marco,Ranking Error,1
what is the function of the reticular activating system,ms_marco,Ranking Error,1
is protease the same as pepsin,ms_marco,Ranking Error,1
how much can a recovery coach make in nj,ms_marco,Ranking Error,1
why does a protein have a great potential for variation of structure,ms_marco,Ranking Error,1
what does school governance mean,ms_marco,Ranking Error,1
what is a lease agreement,ms_marco,Ranking Error,1
what is woolworths known for,ms_marco,Ranking Error,1
what is the scientific species of wolverine,ms_marco,Semantic Miss,0
how much does it cost to go paintballing in atlanta,ms_marco,Ranking Error,1
the hybridization of br in brf3 is,ms_marco,Lexical Miss,0
convenience fee definitions,ms_marco,Ranking Error,1
who wrote the movie purple rain,ms_marco,Lexical Miss,0
what area is considered east texas,ms_marco,Lexical Miss,0
Which is the best definition of food insecurity?,ms_marco,Ranking Error,1
what was the name of the earthquake that destroyed the colosseum,ms_marco,Semantic Miss,0
how much money do you spend on fast food,ms_marco,Ranking Error,1
where is zadar in croatia,ms_marco,Ranking Error,1
what is fiber reinforced polymer,ms_marco,Ranking Error,1
how long does a std test take to come back,ms_marco,Ranking Error,1
what is donburi,ms_marco,Ranking Error,1
why does shoreline erosion occur,ms_marco,Lexical Miss,0
meaning of the name lindze,ms_marco,Ranking Error,1
famous actors born in alaska,ms_marco,Semantic Miss,0
why are they called fire called fireflies?,ms_marco,Ranking Error,1
what is pygeum used for,ms_marco,Ranking Error,1
different types of rice good for diabetes,ms_marco,Semantic Miss,0
what is charreria,ms_marco,Ranking Error,1
nutrition mushrooms cooked,ms_marco,Semantic Miss,0
styx songs,ms_marco,Semantic Miss,0
what is a basilar migraine,ms_marco,Ranking Error,1
what is bax,ms_marco,Ranking Error,1
what is the temperature range for yucca plants,ms_marco,Ranking Error,1
who sang please release me first,ms_marco,Ranking Error,1
what is a PICO,ms_marco,Ranking Error,1
is cala mayor quiet,ms_marco,Ranking Error,1
what is antacid made of,ms_marco,Lexical Miss,0
A paragraph explaining dna and what is does,ms_marco,Ranking Error,1
pancreas is an organ that regulate blood glucose levels,ms_marco,Ranking Error,1
average annual salary for a teacher,ms_marco,Ranking Error,1
are mb bigger than kb,ms_marco,Ranking Error,1
can i still use outdated sunscreen,ms_marco,Ranking Error,1
where does the lateral cutaneous nerve of the arm come from,ms_marco,Ranking Error,1
what is a novel,ms_marco,Ranking Error,1
what does mrna do,ms_marco,Ranking Error,1
what are permanent joints,ms_marco,Ranking Error,1
is gallbladder a bile duct,ms_marco,Ranking Error,1
define basal medium,ms_marco,Ranking Error,1
what is jeeva samadhi,ms_marco,Semantic Miss,0
how much money does a nascar driver make,ms_marco,Ranking Error,1
transcription unit definition biology,ms_marco,Ranking Error,1
what is lacunar infarct,ms_marco,Ranking Error,1
what is demographic segmentation definition,ms_marco,Ranking Error,1
what does vato mean,ms_marco,Ranking Error,1
how fast does a jetliner go,ms_marco,Ranking Error,1
what cells contain hemoglobin genes,ms_marco,Ranking Error,1
a contagious skin infection caused by fungi is,ms_marco,Ranking Error,1
does nioxin work on patch hair loss,ms_marco,Semantic Miss,0
how to get a real estate license in alabama,ms_marco,Ranking Error,1
what is purpose of augmented voltage leads,ms_marco,Lexical Miss,0
what is nrf2 activator,ms_marco,Ranking Error,1
how to get dog hair off of clothes,ms_marco,Semantic Miss,0
where are lipids digested,ms_marco,Ranking Error,1
the gallbladder is located in the______ margin of the liver,ms_marco,Ranking Error,1
what is greta van susteren salary,ms_marco,Ranking Error,1
how to bake pork,ms_marco,Ranking Error,1
how did the series prison break end,ms_marco,Lexical Miss,0
subjective meaning,ms_marco,Ranking Error,1
what kind of dogs are boxers,ms_marco,Semantic Miss,0
is there a medication called pileri?,ms_marco,Lexical Miss,0
how much do accountants make,ms_marco,Ranking Error,1
food groups and what they do for your body,ms_marco,Ranking Error,1
How Much Does IVF Cost,ms_marco,Ranking Error,1
how fast does bamboo grow in a day,ms_marco,Ranking Error,1
currency symbol for australian dollar,ms_marco,Ranking Error,1
where is marmaris in turkey,ms_marco,Ranking Error,1
arthritis caused by ulcerative colitis,ms_marco,Ranking Error,1
what is a duchy,ms_marco,Ranking Error,1
One degree Celsius indicates the same temperature change as,ms_marco,Ranking Error,1
can you go for look around at grand floridian disney,ms_marco,Ranking Error,1
calcium score test cost,ms_marco,Ranking Error,1
What is another name for tomatoes and okra,ms_marco,Semantic Miss,0
reduce blood pressure naturally fast,ms_marco,Semantic Miss,0
what is average hourly pay of a burger flipper in fast food,ms_marco,Semantic Miss,0
average us employee salary,ms_marco,Ranking Error,1
how much ignition switch cost,ms_marco,Lexical Miss,0
tia meaning,ms_marco,Ranking Error,1
internal cost definition,ms_marco,Ranking Error,1
what are watersheds,ms_marco,Ranking Error,1
what does the american pika do,ms_marco,Semantic Miss,0
difference between compressional and transverse waves,ms_marco,Ranking Error,1
what is tocopherols in food,ms_marco,Ranking Error,1
does mophie work with samsung phone,ms_marco,Ranking Error,1
how much does coolsculpting cost per session,ms_marco,Lexical Miss,0
what is the panda's habitat like in the wild,ms_marco,Ranking Error,1
how much do you make in a resort as a massage therapist,ms_marco,Semantic Miss,0
import tax from china to usa,ms_marco,Ranking Error,1
temp rating for pvc,ms_marco,Ranking Error,1
where puerto vallarta is located,ms_marco,Ranking Error,1
is it best to withdraw from college before being expelled,ms_marco,Semantic Miss,0
what is cued articulation,ms_marco,Ranking Error,1
anaerobic cellular respiration,ms_marco,Semantic Miss,0
how long do shingles spots last,ms_marco,Semantic Miss,0
labor cost per square foot to install laminate flooring,ms_marco,Ranking Error,1
how many carbs should a diabetic have in one meal,ms_marco,Ranking Error,1
what time does the masters air,ms_marco,Ranking Error,1
what is vds approval,ms_marco,Ranking Error,1
how long does it take to receive student loan,ms_marco,Ranking Error,1
potassium deficiency hereditary,ms_marco,Ranking Error,1
do brain aneurysms grow,ms_marco,Ranking Error,1
do u get charged extra for using your debit card as a credit card,ms_marco,Ranking Error,1
what are intercostal muscles,ms_marco,Semantic Miss,0
how much does it cost to go to a chiropractor,ms_marco,Ranking Error,1
average salary for hgv driver,ms_marco,Ranking Error,1
what is a policy document,ms_marco,Ranking Error,1
what is the function of aorta and pulmonary trunk,ms_marco,Ranking Error,1
foods that cause constipation list,ms_marco,Ranking Error,1
life vs death cost,ms_marco,Lexical Miss,0
how long can steak stay in the fridge,ms_marco,Ranking Error,1
what are the active ingredients in flonase,ms_marco,Ranking Error,1
how much does an animal shelter worker get paid,ms_marco,Ranking Error,1
adhira name meaning,ms_marco,Ranking Error,1
how long do black labs typically live,ms_marco,Ranking Error,1
what kind of climate does ginger grow in,ms_marco,Ranking Error,1
what is bangladeshi tehri food,ms_marco,Ranking Error,1
nalbuphine dosage,ms_marco,Ranking Error,1
which kingdom do single celled organisms that do not have a nucleus belong in,ms_marco,Ranking Error,1
bad behaviour in schools statistics,ms_marco,Semantic Miss,0
what does amino fuel do,ms_marco,Semantic Miss,0
per diem deduction irs,ms_marco,Ranking Error,1
what is chemotaxis,ms_marco,Semantic Miss,0
is georgia hilly,ms_marco,Ranking Error,1
how big is a nanometer,ms_marco,Ranking Error,1
who is affected by scarlet fever,ms_marco,Ranking Error,1
how successful is back surgery,ms_marco,Ranking Error,1
what time does ebenefits update,ms_marco,Ranking Error,1
what is the chemical name for limestone,ms_marco,Ranking Error,1
average price of gas in tennessee,ms_marco,Ranking Error,1
treatment for palatal expansion,ms_marco,Ranking Error,1
what classifies as plankton,ms_marco,Ranking Error,1
where is brown algae found,ms_marco,Ranking Error,1
where are Persians from,ms_marco,Ranking Error,1
what causes a dislocated kneecap,ms_marco,Ranking Error,1
what is the life expectancy of a microwave oven,ms_marco,Ranking Error,1
can heat wave cause mouth ulcers,ms_marco,Ranking Error,1
how to get rid of staff infection,ms_marco,Ranking Error,1
how long does a raincheck from tractor supply last?,ms_marco,Ranking Error,1
what is location based marketing,ms_marco,Semantic Miss,0
can other fish be placed with bala sharks,ms_marco,Ranking Error,1
what is the purpose of iodoform reaction,ms_marco,Ranking Error,1
who was joseph smith,ms_marco,Lexical Miss,0
is norvasc a blood thinner,ms_marco,Ranking Error,1
what is the equation for calculating density,ms_marco,Semantic Miss,0
does cat litter reduce humidity in home,ms_marco,Ranking Error,1
what is a broken clavicle,ms_marco,Ranking Error,1
ethics is the study of what is,ms_marco,Semantic Miss,0
what is chamoy,ms_marco,Ranking Error,1
what is considered a good lsat score,ms_marco,Ranking Error,1
highest salaries in chemistry,ms_marco,Ranking Error,1
how much do forensic crime scene investigators make,ms_marco,Ranking Error,1
where is iceland on the world map,ms_marco,Ranking Error,1
who money is worth the most,ms_marco,Semantic Miss,0
do you have to be smart to be an ultrasound tech,ms_marco,Ranking Error,1
where is papaya found,ms_marco,Ranking Error,1
do intralipids cause infections,ms_marco,Semantic Miss,0
Myelinated axons that extend between the cerebral hemispheres are called,ms_marco,Ranking Error,1
what is the average pay per week when u r a lawyer criminology,ms_marco,Semantic Miss,0
how to delete a contact i added to my email hotmail,ms_marco,Ranking Error,1
what is zinc oxide used for,ms_marco,Lexical Miss,0
what does night auditor at hotel do,ms_marco,Ranking Error,1
what is clitoridectomy,ms_marco,Ranking Error,1
UCF tuition per credit hour,ms_marco,Ranking Error,1
do arteries and veins actually connect,ms_marco,Ranking Error,1
what does it cost to repair a rotator cuff tear?,ms_marco,Ranking Error,1
rights based theory definition,ms_marco,Semantic Miss,0
types of unsaturated fats,ms_marco,Ranking Error,1
cost of us postage stamp today,ms_marco,Semantic Miss,0
what is the average temperature of argentina,ms_marco,Ranking Error,1
what phase electrical is residential,ms_marco,Ranking Error,1
what were the frontier wars,ms_marco,Ranking Error,1
what is the manufacturing process of materials,ms_marco,Ranking Error,1
how much per square foot to install acoustical ceiling,ms_marco,Ranking Error,1
what is the plate tectonic of the rainforest,ms_marco,Ranking Error,1
what region is ecuador in,ms_marco,Ranking Error,1
how long is cooked chicken good for in fridge,ms_marco,Ranking Error,1
how long to robins nest,ms_marco,Ranking Error,1
genetic material definition,ms_marco,Ranking Error,1
clinical laboratory scientist salary per hour,ms_marco,Semantic Miss,0
what is carbon hydroxide,ms_marco,Ranking Error,1
where is sang nila utama from,ms_marco,Ranking Error,1
types of granite geology,ms_marco,Semantic Miss,0
what age do kittens start eating,ms_marco,Ranking Error,1
what is aneurysm,ms_marco,Ranking Error,1
how to end period early,ms_marco,Ranking Error,1
vitamin d in infants side effects,ms_marco,Ranking Error,1
what is cfc in styrofoam,ms_marco,Ranking Error,1
how much does a neonatal nurse make an hour,ms_marco,Ranking Error,1
what is the crisis of representation,ms_marco,Semantic Miss,0
stress fracture in hip that causes pain in a different location,ms_marco,Semantic Miss,0
where is perrier water produced,ms_marco,Ranking Error,1
where did the first humans emerge,ms_marco,Lexical Miss,0
what is powder coating,ms_marco,Ranking Error,1
sinew definition,ms_marco,Ranking Error,1
do you need lotion tanning bed,ms_marco,Ranking Error,1
what is at exbury gardens,ms_marco,Ranking Error,1
is dunite extrusive or intrusive,ms_marco,Ranking Error,1
what is the largest body of water in africa,ms_marco,Ranking Error,1
what is meloxicam for,ms_marco,Semantic Miss,0
how to invest in bitcoin,ms_marco,Semantic Miss,0
gmu cost per credit,ms_marco,Ranking Error,1
what is the biggest rainforest in the world,ms_marco,Semantic Miss,0
is foam microwavable,ms_marco,Semantic Miss,0
coventry council senior social workers salary,ms_marco,Ranking Error,1
why did the us protest germany use of submarine warfare,ms_marco,Lexical Miss,0
taxi service at amtrak bwi,ms_marco,Ranking Error,1
what is a major cause of arteriosclerosis,ms_marco,Ranking Error,1
buerger's disease definition,ms_marco,Ranking Error,1
common chemical neurotransmitters,ms_marco,Semantic Miss,0
icf foundation cost comparison,ms_marco,Ranking Error,1
how tall is a wall,ms_marco,Ranking Error,1
is licorice a blood thinner,ms_marco,Ranking Error,1
what are dust diseases,ms_marco,Ranking Error,1
how long has it been taking to get results from ancestry dna test,ms_marco,Ranking Error,1
how much money do we spend because of obesity,ms_marco,Semantic Miss,0
safe internal temperature for prime rib,ms_marco,Ranking Error,1
what are germ,ms_marco,Ranking Error,1
cost of cosmetic surgery for eyes,ms_marco,Ranking Error,1
what is jcaho,ms_marco,Semantic Miss,0
explain the dawes act,ms_marco,Semantic Miss,0
what is a sound barrier,ms_marco,Ranking Error,1
what is the average pay for police officers vs the army,ms_marco,Semantic Miss,0
meaning of the name darcy,ms_marco,Ranking Error,1
how can rocks be formed in the earth's lithosphere,ms_marco,Ranking Error,1
what are the discs between the vertebrae made of,ms_marco,Ranking Error,1
what is gelatin made of in marshmallow,ms_marco,Ranking Error,1
the heart and the blood vessels are separate organs that form what,ms_marco,Ranking Error,1
does buckwheat tea have caffeine,ms_marco,Ranking Error,1
common snapdragons scientific name,ms_marco,Ranking Error,1
what is vlcc,ms_marco,Ranking Error,1
where is grand bahama island located,ms_marco,Ranking Error,1
average starting salary mechanical engineer,ms_marco,Semantic Miss,0
what stops r on mexican riviera cruise?,ms_marco,Ranking Error,1
"Plasmodium, the parasitic organism that causes malaria, is a",ms_marco,Ranking Error,1
how is a whale like a human,ms_marco,Semantic Miss,0
how much is m&s prosecco,ms_marco,Ranking Error,1
what is existential therapy,ms_marco,Ranking Error,1
slang definition poetry,ms_marco,Ranking Error,1
how long does it take to heal from a broken ankle surgery,ms_marco,Ranking Error,1
"what advances were made in europe science,math and education during the renaissance",ms_marco,Ranking Error,1
zygomaticus muscles definition,ms_marco,Ranking Error,1
why does respiration take place in organelle,ms_marco,Ranking Error,1
what are bentgrass lawns,ms_marco,Ranking Error,1
what is muscle action,ms_marco,Ranking Error,1
what do you understand by the activation energy of a reaction and how does it relate to collision theory?,ms_marco,Ranking Error,1
cost for admission to disneyland,ms_marco,Ranking Error,1
what level of oxygen is dangerous,ms_marco,Ranking Error,1
why should kids get paid for coming to school,ms_marco,Ranking Error,1
sugars are examples of what type of molecule,ms_marco,Lexical Miss,0
how to find serial number on dell,ms_marco,Ranking Error,1
how was the first pacemaker made,ms_marco,Semantic Miss,0
what made anzac cove so important,ms_marco,Ranking Error,1
what is Polygonum cuspidatum extract,ms_marco,Ranking Error,1
how much does it cost to patent an idea,ms_marco,Ranking Error,1
holds an organism's hereditary information,ms_marco,Ranking Error,1
when did seat belt laws go into effect,ms_marco,Ranking Error,1
what is considered criminal justice organizations,ms_marco,Lexical Miss,0
what is the hindi name for calotropis?,ms_marco,Ranking Error,1
what is brostep,ms_marco,Ranking Error,1
how many different bees are there,ms_marco,Ranking Error,1
what is mal's name,ms_marco,Semantic Miss,0
what does azra mean in arabic,ms_marco,Ranking Error,1
who is nigel bruce,ms_marco,Ranking Error,1
hardwood floor refinishing average cost per square foot,ms_marco,Ranking Error,1
where would peasants live,ms_marco,Ranking Error,1
how to get loose motion,ms_marco,Ranking Error,1
haneefa name meaning in urdu,ms_marco,Ranking Error,1
is lupus curable,ms_marco,Ranking Error,1
what is histiocytoma,ms_marco,Ranking Error,1
how much does truck broker make,ms_marco,Ranking Error,1
pool solar heating cost estimate,ms_marco,Ranking Error,1
can am spyders for sale ebay gold coast,ms_marco,Ranking Error,1
what are garlic supplements good for,ms_marco,Ranking Error,1
what is saturn second largest moon,ms_marco,Semantic Miss,0
what is the hazchem code,ms_marco,Lexical Miss,0
what is bolivia famous for,ms_marco,Ranking Error,1
what is the order of the subunits in a strand of dna is called,ms_marco,Ranking Error,1
function of intestinal epithelial cells,ms_marco,Ranking Error,1
who originally sang all along the watchtower,ms_marco,Ranking Error,1
what is parsley root,ms_marco,Ranking Error,1
what is the difference between polar satellite and geostationary,ms_marco,Ranking Error,1
is xmlhttp data secure,ms_marco,Lexical Miss,0
cost of building factory unit,ms_marco,Ranking Error,1
why did so many psychiatric hospitals close,ms_marco,Ranking Error,1
when does implantation in pregnancy occur,ms_marco,Ranking Error,1
what are crocodiles enemies,ms_marco,Ranking Error,1
where are stress hormones produced,ms_marco,Semantic Miss,0
delta how much to change flight date,ms_marco,Ranking Error,1
garage floor cost,ms_marco,Ranking Error,1
when was the first computer built,ms_marco,Ranking Error,1
glycolysis definition as a pathway for atp,ms_marco,Ranking Error,1
characteristics of the earthquake fault lines,ms_marco,Ranking Error,1
generic name for losartan,ms_marco,Ranking Error,1
how do you get a copy of a divorce decree from hawaii,ms_marco,Lexical Miss,0
what is aice diploma,ms_marco,Lexical Miss,0
what does vinegar consist of,ms_marco,Lexical Miss,0
increased respiratory rate causes,ms_marco,Ranking Error,1
what kingdom is mad cow disease,ms_marco,Ranking Error,1
where is the volcano popocatepetl located in mexico,ms_marco,Ranking Error,1
what kind of climate do truffles grow in,ms_marco,Ranking Error,1
what are the types of creatinine kinase,ms_marco,Semantic Miss,0
sustainability is also referred to as,ms_marco,Semantic Miss,0
is will smith really dead,ms_marco,Semantic Miss,0
how do you prepare beetroot,ms_marco,Lexical Miss,0
what is filtrate,ms_marco,Ranking Error,1
where is benidorm the programme filmed,ms_marco,Ranking Error,1
what is sound of leopard called,ms_marco,Ranking Error,1
what are the ingredients in goat milk,ms_marco,Ranking Error,1
normal rabbit temperature,ms_marco,Semantic Miss,0
what surface is indoor field hockey played on,ms_marco,Ranking Error,1
freud civilization and its discontents summary,ms_marco,Ranking Error,1
what is the plural of census,ms_marco,Ranking Error,1
what is a cumulonimbus cloud?,ms_marco,Semantic Miss,0
what is the function of the trachea yahoo answers,ms_marco,Ranking Error,1
what is beef bulgogi,ms_marco,Ranking Error,1
what is a sensory homunculus,ms_marco,Ranking Error,1
how much does a cat ultrasound cost,ms_marco,Ranking Error,1
why is piccalilli called piccalilli,ms_marco,Ranking Error,1
how much should a party bus cost to hire,ms_marco,Ranking Error,1
Where is the river Ganges and where is its source and length,ms_marco,Ranking Error,1
can i do a group calls on skype international,ms_marco,Semantic Miss,0
inflamed bowel disease,ms_marco,Ranking Error,1
what do they use bear bile for,ms_marco,Ranking Error,1
where are fatty acids derived from,ms_marco,Lexical Miss,0
what does a fbc blood test check for,ms_marco,Ranking Error,1
average salary for an assistant greenskeeper at a golf course,ms_marco,Semantic Miss,0
how much do you get for uber referral,ms_marco,Ranking Error,1
what time was treaty of versailles signed at,ms_marco,Ranking Error,1
average salary of a ups driver,ms_marco,Semantic Miss,0
what is another name for infectious diseases,ms_marco,Ranking Error,1
what fault is near ecuador,ms_marco,Ranking Error,1
how fast does it take u to get your settlement check after it is settled,ms_marco,Ranking Error,1
what type of comedy does rowan atkinson use,ms_marco,Ranking Error,1
proclamation definition legal,ms_marco,Ranking Error,1
who is leanne brown married to,ms_marco,Ranking Error,1
who was the australian constitution written for,ms_marco,Ranking Error,1
source of radioactive gaseous radon in homes,ms_marco,Semantic Miss,0
what biome is the netherlands in,ms_marco,Semantic Miss,0
how to keep hard boiled eggs from cracking during boiling,ms_marco,Ranking Error,1
the medial concavity of the kidney is called the,ms_marco,Ranking Error,1
is amelanchier asiatica ballerina american,ms_marco,Lexical Miss,0
who will gloria vanderbilt leave her money to,ms_marco,Ranking Error,1
generic name for lovaza,ms_marco,Ranking Error,1
what are uses of mercury,ms_marco,Ranking Error,1
why do fillings hurt when they touch metal,ms_marco,Ranking Error,1
did russia make it to the moon first,ms_marco,Ranking Error,1
how much money do NFL games bring in?,ms_marco,Ranking Error,1
what is a kilogram,ms_marco,Ranking Error,1
what is an inguinal hernia how is it usually repaired,ms_marco,Ranking Error,1
how much digital perm cost,ms_marco,Ranking Error,1
what prompted the civil rights movement,ms_marco,Ranking Error,1
anaerobic exercise meaning,ms_marco,Ranking Error,1
what is a normal fever temperature for adults,ms_marco,Ranking Error,1
what is dutch lap vinyl siding,ms_marco,Ranking Error,1
do.muslims not believe the holocaust happened,ms_marco,Ranking Error,1
reagan is a good president APUSH,ms_marco,Ranking Error,1
per diem rates conus,ms_marco,Ranking Error,1
what are the differences between a male and female pelvis,ms_marco,Semantic Miss,0
why was archduke shot,ms_marco,Semantic Miss,0
where is great wall china located,ms_marco,Ranking Error,1
what are psilocybin,ms_marco,Ranking Error,1
what kind of animal is a penguin,ms_marco,Ranking Error,1
how to use a push mower,ms_marco,Ranking Error,1
what was the last year for the trailblazer,ms_marco,Ranking Error,1
what is egmont cheese,ms_marco,Ranking Error,1
what genre is thomas hardy's poetry,ms_marco,Semantic Miss,0
medicare ppo what does it cover,ms_marco,Ranking Error,1
the other side lyrics evanescence,ms_marco,Ranking Error,1
yeast infections are caused by quizlet,ms_marco,Ranking Error,1
what do sensory nerves do,ms_marco,Semantic Miss,0
proteins are synthesized (made) at what organelle in the cytosol,ms_marco,Ranking Error,1
average writing speed by age,ms_marco,Ranking Error,1
what is the circle of willis,ms_marco,Ranking Error,1
what is a vacuum breaker,ms_marco,Ranking Error,1
what is prader willi syndrome caused by,ms_marco,Ranking Error,1
what is potassium nitrate found in,ms_marco,Ranking Error,1
what instruments do the kruger brothers play,ms_marco,Semantic Miss,0
how old must a child be to have a simple ira account,ms_marco,Ranking Error,1
what is echocardiogram test,ms_marco,Semantic Miss,0
what does the planets aligning mean,ms_marco,Ranking Error,1
where are the savannas in africa,ms_marco,Semantic Miss,0
where mangroves are generally found,ms_marco,Ranking Error,1
what is the meaning of grapevine,ms_marco,Ranking Error,1
why do we need to take a bmi test,ms_marco,Ranking Error,1
what is the difference in a regular minor and a harmonic minor in music,ms_marco,Semantic Miss,0
define noun phrase,ms_marco,Semantic Miss,0
where is buenos aires located in argentina,ms_marco,Ranking Error,1
what is human reproduction,ms_marco,Ranking Error,1
what type of contact is HIb,ms_marco,Ranking Error,1
what is the primary function of the thyroid hormones quizlet,ms_marco,Lexical Miss,0
what does wheatgrass do,ms_marco,Ranking Error,1
hand surgeon average salary,ms_marco,Ranking Error,1
what is copper good for,ms_marco,Semantic Miss,0
when did first wave feminism begin,ms_marco,Ranking Error,1
neutrophil normal range,ms_marco,Ranking Error,1
what is average markup percentage in retail,ms_marco,Ranking Error,1
what system are affected by heart diseases,ms_marco,Ranking Error,1
what is silicon element classification,ms_marco,Ranking Error,1
what is a nailery?,ms_marco,Ranking Error,1
what is a synapse in biology,ms_marco,Ranking Error,1
covalent bonds in dna are made of what,ms_marco,Ranking Error,1
how to be invulnerable in life,ms_marco,Ranking Error,1
where can i sell my baby stuff pensa,ms_marco,Ranking Error,1
What temperature should you reheat lasagna to,ms_marco,Ranking Error,1
which chromosome is huntington's disease found on,ms_marco,Semantic Miss,0
how much does a phlebotomy technician make,ms_marco,Ranking Error,1
how to remove password protection from excel,ms_marco,Ranking Error,1
artridol what is,ms_marco,Ranking Error,1
what is the meaning of something inside so strong,ms_marco,Lexical Miss,0
what is rh positive blood type mean,ms_marco,Ranking Error,1
is gelatin good for digestion,ms_marco,Ranking Error,1
what is barbacoa in what region does this originate,ms_marco,Ranking Error,1
what can you do if your employer fails to pay you,ms_marco,Ranking Error,1
cost tarmac driveway repair,ms_marco,Semantic Miss,0
what does means prostate,ms_marco,Ranking Error,1
how to sell my script,ms_marco,Ranking Error,1
how to find calculated t value,ms_marco,Lexical Miss,0
does aecom pay interns,ms_marco,Ranking Error,1
the greatest relative pressure change in sea water takes place between _____ and _____ meters.,ms_marco,Ranking Error,1
what is websense,ms_marco,Lexical Miss,0
what disease is classified hiv,ms_marco,Ranking Error,1
what are the causes of shortness of breath,ms_marco,Semantic Miss,0
what is antimony pentafluoride used for,ms_marco,Lexical Miss,0
what does ounce mean,ms_marco,Ranking Error,1
how long does it take to qualify for a home loan,ms_marco,Ranking Error,1
hydronic heating cost,ms_marco,Ranking Error,1
what symmetry means,ms_marco,Ranking Error,1
is barcelona expensive,ms_marco,Semantic Miss,0
how to check what ram i have windows 7,ms_marco,Ranking Error,1
what kind of fossil is a petoskey stone,ms_marco,Ranking Error,1
cost of turtle trip zante,ms_marco,Ranking Error,1
definition of muscle pain,ms_marco,Semantic Miss,0
how to calculate how many litres in my pool,ms_marco,Semantic Miss,0
what is uranus major moon called,ms_marco,Semantic Miss,0
oakwood university tuition cost,ms_marco,Ranking Error,1
what does ikat mean,ms_marco,Ranking Error,1
statistics on energy consumption in the united states,ms_marco,Ranking Error,1
The visual cortex of the brain is located towards the:,ms_marco,Ranking Error,1
symbolic archetype definition,ms_marco,Ranking Error,1
total movement cash summary,ms_marco,Ranking Error,1
what is tcci indicator,ms_marco,Ranking Error,1
what kind of guitar does ray lamontagne play,ms_marco,Ranking Error,1
how to take that irritated feeling away from shingles,ms_marco,Ranking Error,1
how many years do you sleep in a lifetime,ms_marco,Lexical Miss,0
what is bigger system or organism,ms_marco,Ranking Error,1
warrior archetype definition,ms_marco,Ranking Error,1
definition lethargy,ms_marco,Ranking Error,1
where is stone barn castle located,ms_marco,Ranking Error,1
In US dollars what is the most money ever paid for a bluefin tuna in Japan,ms_marco,Lexical Miss,0
which blood type occurs most frequently,ms_marco,Ranking Error,1
why did they make the eiffel tower,ms_marco,Lexical Miss,0
what are the function of the lymphatic vessels,ms_marco,Ranking Error,1
where is sandon,ms_marco,Ranking Error,1
what does the name cierra mean,ms_marco,Ranking Error,1
how old should a dog be to start breeding,ms_marco,Semantic Miss,0
how much does architectural cement board planks cost,ms_marco,Semantic Miss,0
jaw points of movement snakes definition,ms_marco,Semantic Miss,0
how many miles is the grand canyon from las vegas,ms_marco,Semantic Miss,0
meaning of the name ethan,ms_marco,Ranking Error,1
how quickly can you get pregnant after the implant,ms_marco,Ranking Error,1
average cost trash pickup,ms_marco,Ranking Error,1
what is locking hardwood,ms_marco,Ranking Error,1
what type of lake is lake victoria,ms_marco,Ranking Error,1
what is a bothy,ms_marco,Ranking Error,1
is bp stock a good investment,ms_marco,Ranking Error,1
what is ashwagandha herb good for,ms_marco,Ranking Error,1
how much is an lady americana mattress worth,ms_marco,Ranking Error,1
does playing tennis burn calories,ms_marco,Ranking Error,1
average price of a kayak pool,ms_marco,Ranking Error,1
weather in bali in august,ms_marco,Ranking Error,1
average cost to live in an apartment,ms_marco,Semantic Miss,0
what types of materials make good conductors,ms_marco,Semantic Miss,0
what does transpiration do for a plant,ms_marco,Lexical Miss,0
how much does a acre of land cost in apalachin ny cost,ms_marco,Ranking Error,1
is a subpoena a court order,ms_marco,Ranking Error,1
what is parkerized finish,ms_marco,Semantic Miss,0
disruptive dysfunctional mood disorder,ms_marco,Ranking Error,1
how many types of slugs are there,ms_marco,Ranking Error,1
what is sfogliatelle,ms_marco,Ranking Error,1
how long does it take baby spiders to hatch,ms_marco,Ranking Error,1
what is marketing myopia,ms_marco,Ranking Error,1
how much does it cost to join the masters golf club,ms_marco,Ranking Error,1
where does the word clew come from,ms_marco,Ranking Error,1
where is endometrial ablation performed,ms_marco,Semantic Miss,0
what is the salary for a flight attendant,ms_marco,Ranking Error,1
how long should hair be to dread,ms_marco,Semantic Miss,0
what is ring fencing,ms_marco,Ranking Error,1
how much tax deducted from salary,ms_marco,Ranking Error,1
what does wt mean in texting,ms_marco,Ranking Error,1
zweitstudium what is,ms_marco,Ranking Error,1
does the coast guard have free housing,ms_marco,Ranking Error,1
aida name has what nationality,ms_marco,Lexical Miss,0
ingredients of diphtheria tetanus vaccine,ms_marco,Ranking Error,1
what does the name liberty mean,ms_marco,Ranking Error,1
what diseases do mice carry in nz,ms_marco,Ranking Error,1
what are pickles good for,ms_marco,Ranking Error,1
does smell based memory affect the thalamus?,ms_marco,Ranking Error,1
what is lifi,ms_marco,Ranking Error,1
what is puush,ms_marco,Ranking Error,1
How to Unfriend on Facebook Without Offending,ms_marco,Ranking Error,1
which was the most significant effect of the european enlightenment period,ms_marco,Ranking Error,1
what is bowland hodder shale,ms_marco,Ranking Error,1
what is the compressibility factor,ms_marco,Ranking Error,1
when is the school summer break in texas,ms_marco,Lexical Miss,0
what constitutes a firewall,ms_marco,Ranking Error,1
what phase of the cell cycle is the genome replicated,ms_marco,Ranking Error,1
what are examples of VOCs,ms_marco,Ranking Error,1
how much schooling for scrub tech,ms_marco,Ranking Error,1
will ibuprofen hurt my liver,ms_marco,Semantic Miss,0
how long do people on dialysis tend to live,ms_marco,Semantic Miss,0
SNP definition,ms_marco,Ranking Error,1
what is marketing support,ms_marco,Ranking Error,1
weekly cost of agisting horses,ms_marco,Ranking Error,1
tartrazine what is it,ms_marco,Semantic Miss,0
how much do attorneys charge to register a trademark,ms_marco,Ranking Error,1
what is travel retail industry,ms_marco,Ranking Error,1
who is the protagonist in lysistrata,ms_marco,Semantic Miss,0
how did the Athenians differ from the spartans in their views on education and military training according to pericles,ms_marco,Lexical Miss,0
frequency is to amplitude as,ms_marco,Ranking Error,1
average cost of tiling a shower,ms_marco,Ranking Error,1
how do i delete photos from my auto backup,ms_marco,Semantic Miss,0
can cancer treatment affect a man's metabolism,ms_marco,Ranking Error,1
what are symptoms for chlamydia,ms_marco,Ranking Error,1
what causes inflamed lymph nodes in abdomen,ms_marco,Ranking Error,1
do blue whales have a predator,ms_marco,Ranking Error,1
peripheral nervous is part of what system,ms_marco,Semantic Miss,0
what moves vesicles and organelles throughout the organelle,ms_marco,Ranking Error,1
where is covenant college,ms_marco,Ranking Error,1
bu measurement conversion in kg,ms_marco,Ranking Error,1
organism that causes paralytic shellfish poisoning,ms_marco,Semantic Miss,0
when did the masking tape come out,ms_marco,Lexical Miss,0
where is bilbao in spain is it near the coast,ms_marco,Ranking Error,1
how does a seafloor volcano create an island,ms_marco,Semantic Miss,0
what is gram-negative intracellular diplococci,ms_marco,Ranking Error,1
what is a gold level ncrc,ms_marco,Ranking Error,1
ocwen mortgage phone number customer service,ms_marco,Ranking Error,1
cost of drywall installation per square foot,ms_marco,Ranking Error,1
what year did apple start,ms_marco,Ranking Error,1
where is megiddo on the map,ms_marco,Ranking Error,1
Why is it called scandinavia,ms_marco,Ranking Error,1
is saffron poisonous,ms_marco,Ranking Error,1
howard university gpa to get in,ms_marco,Ranking Error,1
what does the nucleus basalis do,ms_marco,Lexical Miss,0
when did the new zealand flag come into being,ms_marco,Ranking Error,1
what is fungi,ms_marco,Ranking Error,1
what does ibg stand for banking,ms_marco,Ranking Error,1
biological therapy definition,ms_marco,Ranking Error,1
what is public health model,ms_marco,Semantic Miss,0
brand of vitamins called zinc balance blue label,ms_marco,Ranking Error,1
how much did it cost to build the sydney opera house,ms_marco,Ranking Error,1
How much is platinum?,ms_marco,Ranking Error,1
rampersaud surname origin,ms_marco,Ranking Error,1
what is naive,ms_marco,Ranking Error,1
must pay employee within certain amount of time after discharge,ms_marco,Ranking Error,1
what is ethylene oxide used for,ms_marco,Ranking Error,1
what amendment was the prohibition act,ms_marco,Ranking Error,1
what direction does the spleen do,ms_marco,Semantic Miss,0
can you get sliding wardrobes doors in different heights,ms_marco,Lexical Miss,0
where does the main aorta run the body,ms_marco,Semantic Miss,0
definition occupational therapy,ms_marco,Ranking Error,1
what is mfr,ms_marco,Ranking Error,1
what does rust on furnace mean?,ms_marco,Ranking Error,1
what is brabus,ms_marco,Ranking Error,1
what foods did ancient greeks eat,ms_marco,Lexical Miss,0
blood is classified as,ms_marco,Ranking Error,1
what province is wonderboom,ms_marco,Ranking Error,1
parrot scientific name,ms_marco,Ranking Error,1
what is normal body temp for a baby,ms_marco,Ranking Error,1
average salary for financial analyst,ms_marco,Ranking Error,1
what is a retroperitoneal mass definition,ms_marco,Ranking Error,1
average cost to rescreen pool enclosure,ms_marco,Semantic Miss,0
what is the difference between sms and mms,ms_marco,Ranking Error,1
what is a burrito,ms_marco,Ranking Error,1
what causes a collapsed lung in a teenager,ms_marco,Ranking Error,1
what keeps the moon orbiting the earth,ms_marco,Semantic Miss,0
what is a stereocenter,ms_marco,Ranking Error,1
what is the relationship between a gene a dna molecule and a protein,ms_marco,Ranking Error,1
what language do they speak in iran,ms_marco,Semantic Miss,0
average salary first year lawyer,ms_marco,Ranking Error,1
what is palm sugar used for,ms_marco,Ranking Error,1
what is housemaids knee,ms_marco,Ranking Error,1
where does the word anorexia nervosa come from,ms_marco,Ranking Error,1
why are frequent monitoring of diabetes important,ms_marco,Semantic Miss,0
what functional group is adipoyl chloride,ms_marco,Ranking Error,1
what disabilities are intellectual disabilities,ms_marco,Semantic Miss,0
what should the temp be inside a refrigerator,ms_marco,Ranking Error,1
what should normal diabetes glucose levels be,ms_marco,Ranking Error,1
what is food grade mineral oil,ms_marco,Ranking Error,1
what makes a fossil an index fossil,ms_marco,Ranking Error,1
average cost of sweater,ms_marco,Ranking Error,1
oklahoma driver license cost,ms_marco,Ranking Error,1
what happens if you're buried alive,ms_marco,Ranking Error,1
how many students take the act annually,ms_marco,Ranking Error,1
oculomotor nerve definition,ms_marco,Semantic Miss,0
why do road crews use road salt in the winter months to treat icy roads,ms_marco,Ranking Error,1
what is midazolam versed,ms_marco,Ranking Error,1
what is worm juice,ms_marco,Ranking Error,1
average velocity definition,ms_marco,Ranking Error,1
what is bacterial infection in urine,ms_marco,Ranking Error,1
what is grewia asiatica,ms_marco,Ranking Error,1
arkansas dept of revenue mailing address,ms_marco,Ranking Error,1
what's the average cost for a crown,ms_marco,Ranking Error,1
occupational therapist salary in singapore,ms_marco,Ranking Error,1
what was the purpose of the treaty of ghent,ms_marco,Ranking Error,1
what comprises the side pieces of dna molecules,ms_marco,Ranking Error,1
what are the bad sugars called,ms_marco,Ranking Error,1
describe what a raceme is,ms_marco,Ranking Error,1
average radon levels in homes,ms_marco,Ranking Error,1
carpet dyeing cost,ms_marco,Ranking Error,1
how long does it take your body to go into ketosis on atkins,ms_marco,Ranking Error,1
how far apart should a woman period be,ms_marco,Ranking Error,1
how to put header on one page only,ms_marco,Ranking Error,1
how to remove duplicate pictures from computer,ms_marco,Ranking Error,1
how long does pork last in fridge,ms_marco,Ranking Error,1
what is dse,ms_marco,Lexical Miss,0
why does a dog chew on a stick,ms_marco,Ranking Error,1
can you make money as a notary signing agent,ms_marco,Ranking Error,1
where is choluna in gorgrond,ms_marco,Ranking Error,1
how fast do redwoods grow,ms_marco,Ranking Error,1
what is quinine good for,ms_marco,Ranking Error,1
what kind of rock is silver,ms_marco,Semantic Miss,0
what causes steel corrosion,ms_marco,Ranking Error,1
what are signs of dementia,ms_marco,Semantic Miss,0
how much does an rn make in florida,ms_marco,Ranking Error,1
are covalent structures volatile,ms_marco,Ranking Error,1
what is a cryogenic thermoplastic,ms_marco,Semantic Miss,0
phospholipid make up which of the following structures,ms_marco,Ranking Error,1
average cost of college,ms_marco,Ranking Error,1
what is cephalexin for humans,ms_marco,Semantic Miss,0
what does vagifem cure,ms_marco,Semantic Miss,0
temperature to cook pork chops,ms_marco,Ranking Error,1
can elliptical cause hip pain,ms_marco,Ranking Error,1
explain the biochemical process of photosynthesis,ms_marco,Semantic Miss,0
responsibilities of a general manager,ms_marco,Ranking Error,1
what types of bees pollinate,ms_marco,Ranking Error,1
what is a nickelback,ms_marco,Ranking Error,1
how do i get my periods back while breastfeeding,ms_marco,Ranking Error,1
how to change degrees celsius to fahrenheit,ms_marco,Ranking Error,1
how many hours of college does it take to get an associates,ms_marco,Semantic Miss,0
hachure marks definition,ms_marco,Ranking Error,1
what causes arteries to harden,ms_marco,Semantic Miss,0
what type of substance is ferric chloride,ms_marco,Ranking Error,1
how to get money to remodel my home,ms_marco,Semantic Miss,0
average weight of human excrement,ms_marco,Ranking Error,1
why was the treaty of nanjing unequal,ms_marco,Ranking Error,1
how does calorie compared to a joule,ms_marco,Ranking Error,1
where is the baobab trees in madagascar,ms_marco,Semantic Miss,0
what is provider based billing mean,ms_marco,Lexical Miss,0
where is lantana fl,ms_marco,Ranking Error,1
why do i constantly hum,ms_marco,Ranking Error,1
cost to spread mulch per yard,ms_marco,Ranking Error,1
how long does it take a pregnant woman to digest food,ms_marco,Ranking Error,1
what are some characteristics of urine,ms_marco,Ranking Error,1
after your dog has given birth how long before she is in season again,ms_marco,Semantic Miss,0
what is robot actuation,ms_marco,Ranking Error,1
how much does a radiology tech make with a bachelor's degree,ms_marco,Ranking Error,1
what does epinephrine do to peripheral vessels,ms_marco,Ranking Error,1
how long does it take for broccoli to mature,ms_marco,Ranking Error,1
typical balloon mortgage terms,ms_marco,Ranking Error,1
what does a wolf spider look like,ms_marco,Ranking Error,1
who is the richest actor in the world,ms_marco,Ranking Error,1
what does a crankshaft do,ms_marco,Lexical Miss,0
lowest viable body temperature,ms_marco,Ranking Error,1
what are baby sparrows called,ms_marco,Semantic Miss,0
army psychologist salary,ms_marco,Lexical Miss,0
how long can chopped liver be refrigerated,ms_marco,Ranking Error,1
what is vietnamese food,ms_marco,Semantic Miss,0
average cost of auto insurance in florida,ms_marco,Ranking Error,1
how much do radio presenters earn,ms_marco,Lexical Miss,0
what is gastropathy,ms_marco,Lexical Miss,0
how much energy does an air conditioner use per hour,ms_marco,Ranking Error,1
are oatcakes healthy,ms_marco,Ranking Error,1
work front definition,ms_marco,Ranking Error,1
meaning of nominations,ms_marco,Ranking Error,1
how much does a property deed cost,ms_marco,Semantic Miss,0
is dubai first a good credit card,ms_marco,Semantic Miss,0
gpa for texas tech,ms_marco,Lexical Miss,0
what is the thailand land like,ms_marco,Ranking Error,1
what is honey made of chemically,ms_marco,Ranking Error,1
definition genetic variation biology,ms_marco,Ranking Error,1
synthetic oil change how often jeep patriot,ms_marco,Ranking Error,1
lowest theoretical temperature,ms_marco,Ranking Error,1
what does bullous emphysema suggest,ms_marco,Semantic Miss,0
what age do freckles disappear,ms_marco,Ranking Error,1
inventor definition uspto,ms_marco,Ranking Error,1
what type of mackerel does supermarkets sell,ms_marco,Ranking Error,1
average expatriates salaries,ms_marco,Ranking Error,1
cost to replace check valve on well pump,ms_marco,Semantic Miss,0
polymerase chain reaction definition,ms_marco,Ranking Error,1
how long do i cook boneless lamb leg,ms_marco,Semantic Miss,0
What is the name of the high-energy compound that cells use directly to fuel other chemical reactions?,ms_marco,Semantic Miss,0
what is a sales strategy,ms_marco,Ranking Error,1
what kinds of flu are fatal,ms_marco,Ranking Error,1
what are dmards,ms_marco,Ranking Error,1
what is flaxseed oil,ms_marco,Semantic Miss,0
what is chupacabra,ms_marco,Semantic Miss,0
who invented the first vehicle,ms_marco,Ranking Error,1
what is the highest mountain of ireland,ms_marco,Ranking Error,1
what is xylem and phloem,ms_marco,Semantic Miss,0
what are good fat food,ms_marco,Ranking Error,1
where is eastern time zone,ms_marco,Ranking Error,1
what helps bruises heal quicker,ms_marco,Ranking Error,1
Lupus erythematosus is a common connective-tissue disease that is most frequently seen in,ms_marco,Ranking Error,1
what language does austria speak,ms_marco,Semantic Miss,0
how long is a notary bond good for,ms_marco,Ranking Error,1
what is neuroblastoma symptoms,ms_marco,Ranking Error,1
how are sedimentary rocks identified,ms_marco,Ranking Error,1
what are the different giant covalent structures,ms_marco,Ranking Error,1
how long does it take to complete a hs CRP,ms_marco,Ranking Error,1
how long do lab mixes live,ms_marco,Ranking Error,1
side effects of cogentin,ms_marco,Ranking Error,1
how far are deserts from the equator,ms_marco,Ranking Error,1
how much do emt program uniforms cost,ms_marco,Semantic Miss,0
what does nursing aides need to know,ms_marco,Ranking Error,1
what are homeotic genes and homeobox sequences,ms_marco,Ranking Error,1
what is a minesto,ms_marco,Ranking Error,1
how much do accountants earn in canada,ms_marco,Ranking Error,1
who is the secretary of state on house of cards,ms_marco,Ranking Error,1
average cost of college in canada,ms_marco,Semantic Miss,0
how deep is loch morar,ms_marco,Ranking Error,1
celebrities who have or had cancer,ms_marco,Ranking Error,1
average salary for teachers in hawaii,ms_marco,Ranking Error,1
does kefir contain calcium,ms_marco,Ranking Error,1
how long after getting a green card can i apply for citizenship,ms_marco,Ranking Error,1
does ibogaine contain dmt,ms_marco,Semantic Miss,0
irs phone number,ms_marco,Ranking Error,1
how is hailstone formed,ms_marco,Ranking Error,1
how to measure resting heart rate on ekg,ms_marco,Semantic Miss,0
how many calories per day do i need to lose weight,ms_marco,Ranking Error,1
definition of full time regular employee,ms_marco,Ranking Error,1
what is the eclectic paradigm,ms_marco,Ranking Error,1
what type of ship is a Baghla,ms_marco,Ranking Error,1
can i book my origin digital meter now for december,ms_marco,Ranking Error,1
what is other tort personal injury,ms_marco,Ranking Error,1
how long does a ctc check take,ms_marco,Semantic Miss,0
constricts blood vessels definition,ms_marco,Ranking Error,1
deficiency of vitamin c causes which disease,ms_marco,Ranking Error,1
can lyme disease transmitted from human to human,ms_marco,Ranking Error,1
what muscles in activated during plank,ms_marco,Ranking Error,1
what is resilience,ms_marco,Semantic Miss,0
do plants reduce carbon dioxide,ms_marco,Lexical Miss,0
where is woodbine georgia,ms_marco,Ranking Error,1
how much does a vic check cost,ms_marco,Ranking Error,1
what causes white coated tongue,ms_marco,Semantic Miss,0
what does TD stand for in catholic parlance,ms_marco,Ranking Error,1
is carisoprodol an NSAID?,ms_marco,Ranking Error,1
absorption of blood from abdominal cavity,ms_marco,Ranking Error,1
how early to tell baby gender,ms_marco,Lexical Miss,0
is it mandatory to pay overtime on holidays,ms_marco,Lexical Miss,0
is phosphorus toxic,ms_marco,Ranking Error,1
spinal reflex definition,ms_marco,Ranking Error,1
who sang it's a new day originally,ms_marco,Ranking Error,1
salary texas university,ms_marco,Semantic Miss,0
average pay of respiratory therapist,ms_marco,Ranking Error,1
what are the three major groups of amphibians alive today,ms_marco,Semantic Miss,0
what is the origin of the name Belgae,ms_marco,Ranking Error,1
how long will homemade vegetable soup keep in the fridge,ms_marco,Ranking Error,1
cost to reside a house in vinyl,ms_marco,Lexical Miss,0
what ethnicity is the last name dean,ms_marco,Semantic Miss,0
what is the medication apo amitriptyline used for,ms_marco,Semantic Miss,0
how a nurse can get the picc certification,ms_marco,Ranking Error,1
order of magnitude estimate definition,ms_marco,Ranking Error,1
cost of neograft,ms_marco,Ranking Error,1
reckless endangerment felony or misdemeanor,ms_marco,Ranking Error,1
how many years does it take studying to become an RN,ms_marco,Semantic Miss,0
is spousal support in new york based on gross or net income,ms_marco,Semantic Miss,0
what two colors make brown,ms_marco,Ranking Error,1
is there an age requirement to be a flight attendant,ms_marco,Lexical Miss,0
how many meter in one acre,ms_marco,Semantic Miss,0
what does a accountant do,ms_marco,Ranking Error,1
what is spersallerg used for,ms_marco,Ranking Error,1
what language do they speak in brunei,ms_marco,Ranking Error,1
where coal is found,ms_marco,Lexical Miss,0
why did we start saying burn the midnight oil,ms_marco,Ranking Error,1
why did congress object to the league of nations,ms_marco,Ranking Error,1
how much does a porsche boxster cost,ms_marco,Ranking Error,1
how long is pork good for in the fridge,ms_marco,Ranking Error,1
why is albumin normally absent in urine,ms_marco,Ranking Error,1
how long does it take for kidney stones to pass,ms_marco,Ranking Error,1
is allora wine kosher,ms_marco,Ranking Error,1
largest australian native parrot,ms_marco,Ranking Error,1
what is the difference between nonprofit and profit,ms_marco,Ranking Error,1
length of time you have to wear a cast for a broken leg,ms_marco,Semantic Miss,0
why is muscle dense,ms_marco,Ranking Error,1
usda pork loin temperature,ms_marco,Ranking Error,1
average temperature in dhaka,ms_marco,Ranking Error,1
can you have numerous genotype hcv infections,ms_marco,Ranking Error,1
when was the EEC created,ms_marco,Semantic Miss,0
what does a comprehensive metabolic panel consist of,ms_marco,Ranking Error,1
how long to cook a boneless lamb leg,ms_marco,Semantic Miss,0
what kind of soil is the himalayas,ms_marco,Ranking Error,1
hpv vaccine india brand names,ms_marco,Ranking Error,1
on average how long does first labour last from start to finish,ms_marco,Ranking Error,1
what type of professional organization are chiropractors involved in,ms_marco,Ranking Error,1
what kind of government is the us,ms_marco,Semantic Miss,0
what was the name of the operation of the invasion of poland,ms_marco,Ranking Error,1
cost of a cremation funeral,ms_marco,Ranking Error,1
salata franchise cost,ms_marco,Ranking Error,1
what preacher's name is lester felty,ms_marco,Semantic Miss,0
what year did jamestown settle,ms_marco,Lexical Miss,0
explain a muscle contraction,ms_marco,Ranking Error,1
parkinson disease spiritual meaning,ms_marco,Ranking Error,1
why is homeostasis important for cells as well as for an entire organism,ms_marco,Ranking Error,1
metabolic causes of memory loss,ms_marco,Ranking Error,1
meridian health plan average salary,ms_marco,Ranking Error,1
what is the largest organ in the body,ms_marco,Ranking Error,1
what organ system do glands belong to,ms_marco,Ranking Error,1
what do the gonadal veins drain,ms_marco,Ranking Error,1
how much does it cost to park at CHOC all day?,ms_marco,Ranking Error,1
what is spinosad,ms_marco,Ranking Error,1
does transcription require dna polymerase,ms_marco,Ranking Error,1
bacterial endocarditis definition,ms_marco,Ranking Error,1
what are the short branched extensions on a nerve called,ms_marco,Ranking Error,1
define agonist muscles,ms_marco,Semantic Miss,0
what is the salary range of a paralegal,ms_marco,Ranking Error,1
how much do medical examiners make,ms_marco,Ranking Error,1
can you splitter off sky cable,ms_marco,Ranking Error,1
allergic to sunflower seeds,ms_marco,Ranking Error,1
how fast do english walnut trees grow,ms_marco,Semantic Miss,0
what causes the gyres in each ocean basin to be circular,ms_marco,Ranking Error,1
what are characteristics of a republic government,ms_marco,Ranking Error,1
what is the difference between a seed and pollen,ms_marco,Semantic Miss,0
how much does a pilot earn,ms_marco,Ranking Error,1
size of russia's armies in the napoleonic wars,ms_marco,Semantic Miss,0
what is room temperature in celsius,ms_marco,Ranking Error,1
salary nhl players,ms_marco,Semantic Miss,0
salary of clinical psychologist,ms_marco,Semantic Miss,0
what is the ciliospinal reflex,ms_marco,Ranking Error,1
what type of landscape region is cusco,ms_marco,Ranking Error,1
which was a republican response to the sedition act,ms_marco,Ranking Error,1
the renal corpuscle is made up of,ms_marco,Semantic Miss,0
what is a tree urn,ms_marco,Ranking Error,1
what is hypoglycemia mean,ms_marco,Ranking Error,1
what is local area code,ms_marco,Ranking Error,1
food nutrients and their importance,ms_marco,Semantic Miss,0
what is structural functionalism used for,ms_marco,Ranking Error,1
what is ethernet over ip,ms_marco,Semantic Miss,0
how long can you keep chicken cutlets in the freezer,ms_marco,Semantic Miss,0
what is a communication warrant,ms_marco,Ranking Error,1
Who hosts inside the actors studio,ms_marco,Ranking Error,1
what is night soil,ms_marco,Ranking Error,1
jeweler salary pay scale,ms_marco,Ranking Error,1
what does häagen-dazs mean,ms_marco,Ranking Error,1
indianapolis cost of asphalt driveway,ms_marco,Ranking Error,1
what foods are magnesium in,ms_marco,Ranking Error,1
Are baking powder and baking soda the same thing,ms_marco,Ranking Error,1
where is grand cayman island located,ms_marco,Ranking Error,1
how can I change my flight without paying a fee american airlines,ms_marco,Ranking Error,1
what could cause lower abdominal pain,ms_marco,Ranking Error,1
what is physiology mean,ms_marco,Ranking Error,1
where i can send my tax amended,ms_marco,Ranking Error,1
how to hire a residential structural engineer,ms_marco,Ranking Error,1
what is metals,ms_marco,Ranking Error,1
how long does a torn shoulder tendon take to heal,ms_marco,Semantic Miss,0
typical medigap insurance costs,ms_marco,Semantic Miss,0
definition of falling out,ms_marco,Ranking Error,1
where is abruzzo italy,ms_marco,Semantic Miss,0
how long to cook bean sprouts,ms_marco,Ranking Error,1
what are the symptoms of stifle arthritis?,ms_marco,Ranking Error,1
is chlorpyrifos systemic,ms_marco,Ranking Error,1
what zone is arlington wa,ms_marco,Ranking Error,1
what is the function of the nephron,ms_marco,Ranking Error,1
what is pravastatin,ms_marco,Ranking Error,1
facade definition dictionary,ms_marco,Ranking Error,1
how far is venus from the earth,ms_marco,Ranking Error,1
who wrote the declaration of independence and when was it signed,ms_marco,Ranking Error,1
what does geometry mean,ms_marco,Ranking Error,1
what is allostasis,ms_marco,Ranking Error,1
where can i order otc hydrocortisone online,ms_marco,Ranking Error,1
definition of kehilla,ms_marco,Ranking Error,1
what is the average human reaction time,ms_marco,Ranking Error,1
what is an ionic lattice,ms_marco,Semantic Miss,0
what is the difference between a lizard and a salamander,ms_marco,Semantic Miss,0
what is exclamation,ms_marco,Ranking Error,1
how long should kittens stay with mother cat,ms_marco,Ranking Error,1
define altruism,ms_marco,Ranking Error,1
what is ethyl oleate,ms_marco,Ranking Error,1
salary of civil engineering technician,ms_marco,Ranking Error,1
what is normal oxygen levels,ms_marco,Ranking Error,1
how to sew a faux roman valance,ms_marco,Ranking Error,1
can you transfer rego from one car to another qld in your name,ms_marco,Ranking Error,1
what time period was paper invented,ms_marco,Ranking Error,1
who benefited from the mercantilist system,ms_marco,Semantic Miss,0
what are ornamental plants,ms_marco,Ranking Error,1
what chemical is in sparklers,ms_marco,Lexical Miss,0
how does lactobacillus acidophilus ferment inulin,ms_marco,Ranking Error,1
cost of a basic will,ms_marco,Ranking Error,1
what is whisky made of,ms_marco,Ranking Error,1
how long is a person certified to do electrical work,ms_marco,Ranking Error,1
what is quartz used in kitchen countertops,ms_marco,Ranking Error,1
what defines density,ms_marco,Ranking Error,1
meaning of the word silhouetted,ms_marco,Ranking Error,1
what is gangnam style,ms_marco,Lexical Miss,0
A polysaccharide that is used for storing energy in human muscle and liver cells is __________.,ms_marco,Ranking Error,1
what type of hybridization is exhibited by the central atom in chclo,ms_marco,Ranking Error,1
what is hijama or cupping,ms_marco,Semantic Miss,0
model steam engine for marine,ms_marco,Ranking Error,1
what does effexor do,ms_marco,Ranking Error,1
cost of lumber for building a house,ms_marco,Ranking Error,1
what is the definition of a substance in chemistry,ms_marco,Ranking Error,1
what temp should a dog be while in labor,ms_marco,Ranking Error,1
NHS nutritionist salary per hour,ms_marco,Ranking Error,1
what is in a bratwurst,ms_marco,Semantic Miss,0
act psychology definition brentano,ms_marco,Ranking Error,1
what is calciphylaxis disease,ms_marco,Ranking Error,1
where is carmignano,ms_marco,Ranking Error,1
where is nicaragua located on the map,ms_marco,Ranking Error,1
why does cpu fan speed up,ms_marco,Ranking Error,1
how much should a one month baby drink,ms_marco,Ranking Error,1
per diem meal rate in chicago,ms_marco,Ranking Error,1
infrared spectroscopy definition,ms_marco,Ranking Error,1
where is phantasialand located,ms_marco,Ranking Error,1
how much does a registered nurse make in the philippines,ms_marco,Semantic Miss,0
what are animals that hunt eagles,ms_marco,Ranking Error,1
what is cloudfront,ms_marco,Lexical Miss,0
resting metabolic rate is often measured instead of bmr because,ms_marco,Lexical Miss,0
how long does a energy efficient propane furnace last,ms_marco,Ranking Error,1
cost of drywall ceiling,ms_marco,Semantic Miss,0
what is ptosis,ms_marco,Ranking Error,1
qualitative forecasting definition,ms_marco,Ranking Error,1
what chromosome is huntington's disease found on,ms_marco,Ranking Error,1
why is latin is a root word for everything,ms_marco,Ranking Error,1
what symbolizes strength,ms_marco,Semantic Miss,0
how many calories in idli,ms_marco,Ranking Error,1
what is normal GFR level for person with one kidney,ms_marco,Ranking Error,1
what is a hip pointer,ms_marco,Semantic Miss,0
what county is houston in,ms_marco,Ranking Error,1
what is transesophageal echocardiogram,ms_marco,Ranking Error,1
how many football players have cte,ms_marco,Ranking Error,1
what is inflammation arthritis,ms_marco,Ranking Error,1
can you have a number as the ID in a vba collection,ms_marco,Ranking Error,1
what is a basketcase?,ms_marco,Ranking Error,1
does a dark floor make a room smaller,ms_marco,Ranking Error,1
what kind of food is offered at seder,ms_marco,Ranking Error,1
what cow does water buffalo resemble,ms_marco,Ranking Error,1
do you have to go to graduate school before law school,ms_marco,Ranking Error,1
what foods to eat for leg cramps,ms_marco,Ranking Error,1
why was graphene aerogel created,ms_marco,Ranking Error,1
identify three types of kidney disorders,ms_marco,Ranking Error,1
what are leafy greens good for,ms_marco,Lexical Miss,0
what is amortization in accounting,ms_marco,Ranking Error,1
can too much orange juice make you sick,ms_marco,Ranking Error,1
element definition,ms_marco,Ranking Error,1
what papers do i need to have dog,ms_marco,Semantic Miss,0
what means ebay multiple account,ms_marco,Ranking Error,1
cost of sim card,ms_marco,Ranking Error,1
what is rishabh means,ms_marco,Ranking Error,1
what movement does the cerebrum control,ms_marco,Ranking Error,1
what food is guatemala known for,ms_marco,Semantic Miss,0
different kinds of delicatus granite,ms_marco,Lexical Miss,0
what is the difference between managing and leading,ms_marco,Semantic Miss,0
meaning of lyme disease,ms_marco,Ranking Error,1
how fast can i pay off mortgage?,ms_marco,Ranking Error,1
do I need flood insurance,ms_marco,Ranking Error,1
what types of movements are observed in transport of bedload,ms_marco,Ranking Error,1
what are organic molecules digested by,ms_marco,Semantic Miss,0
what is genoise sponge,ms_marco,Ranking Error,1
how to calculate cost of direct labor per hour,ms_marco,Ranking Error,1
how long is a ehic card valid for,ms_marco,Ranking Error,1
operational reserve definition,ms_marco,Ranking Error,1
what is a prepared statement,ms_marco,Ranking Error,1
what does corporate governance include,ms_marco,Ranking Error,1
is uttar pradesh safe,ms_marco,Ranking Error,1
what is the upper curved border of the ilium called,ms_marco,Ranking Error,1
what is aneurysm caused by,ms_marco,Ranking Error,1
how long does it take to bake a pork loin roast in the oven,ms_marco,Ranking Error,1
how does dragonfly moves,ms_marco,Ranking Error,1
how to make glow in the dark slime,ms_marco,Ranking Error,1
what does performance action plan means,ms_marco,Ranking Error,1
best temperature for sunflower to germinate,ms_marco,Ranking Error,1
what city in in nigeria has infectious diseases,ms_marco,Ranking Error,1
what do parsnip seedlings look like,ms_marco,Ranking Error,1
volleyball court measurement in meters,ms_marco,Ranking Error,1
who is an estate representative,ms_marco,Ranking Error,1
what does first-wave feminism argue for,ms_marco,Ranking Error,1
what does pcb means,ms_marco,Ranking Error,1
what does a transportation coordinator do,ms_marco,Ranking Error,1
permit technician salary,ms_marco,Ranking Error,1
what kind of chickens are black,ms_marco,Ranking Error,1
what is benzedrine,ms_marco,Ranking Error,1
is life insurance a vested,ms_marco,Ranking Error,1
constant marginal cost,ms_marco,Ranking Error,1
what is cetaphil used for,ms_marco,Semantic Miss,0
what is a literary agent salary,ms_marco,Semantic Miss,0
did alexander the great visit ephesus,ms_marco,Ranking Error,1
what happened to pangaea in the triassic period,ms_marco,Semantic Miss,0
what group does the squirrel monkey belong to,ms_marco,Ranking Error,1
what is static ip,ms_marco,Ranking Error,1
macrovascular complications definition,ms_marco,Ranking Error,1
how old do you have to be to have ebay,ms_marco,Ranking Error,1
what is a chard in drugs,ms_marco,Semantic Miss,0
how long does a blister take to heal,ms_marco,Ranking Error,1
what are the units of gauss,ms_marco,Ranking Error,1
was a candidate crossword,ms_marco,Ranking Error,1
average precipitation seattle,ms_marco,Ranking Error,1
how does common descent applied to the evolution of cameras,ms_marco,Ranking Error,1
ainsley name meaning,ms_marco,Ranking Error,1
what are mirror neurons in psychology,ms_marco,Lexical Miss,0
how many calories in cooked zucchini squash,ms_marco,Ranking Error,1
who was louis xvi,ms_marco,Semantic Miss,0
genetic mutation diseases list,ms_marco,Ranking Error,1
why is fracking called unconventional,ms_marco,Ranking Error,1
where can the opal stone be found,ms_marco,Ranking Error,1
what is mild steel,ms_marco,Ranking Error,1
what distinguish an algorithm from a method,ms_marco,Ranking Error,1
A fever is a rise in body temperature reading above,ms_marco,Ranking Error,1
what is pulmonary distance,ms_marco,Semantic Miss,0
where are puffins from,ms_marco,Ranking Error,1
how to change credit card limit uob,ms_marco,Ranking Error,1
pronounce biceps femoris,ms_marco,Lexical Miss,0
why did my keypad stop working on my surface,ms_marco,Ranking Error,1
how long does a roast chicken last in the refrigerator,ms_marco,Ranking Error,1
robert hooke invented the light microscope,ms_marco,Ranking Error,1
what is tested for in a urinalysis,ms_marco,Ranking Error,1
what is landline telephone,ms_marco,Lexical Miss,0
what are overtones in music,ms_marco,Ranking Error,1
how much does a professional tattoo artist make,ms_marco,Semantic Miss,0
what type of response by the afferent arterioles,ms_marco,Ranking Error,1
salary of cage cashier at horseshoe casino,ms_marco,Semantic Miss,0
what is retrogradation,ms_marco,Ranking Error,1
how is a smear test done,ms_marco,Lexical Miss,0
common causes for bladder infections,ms_marco,Ranking Error,1
what is a brain lesion,ms_marco,Ranking Error,1
what is pleiotropy conditions,ms_marco,Ranking Error,1
do ovulation symptoms continue after conception,ms_marco,Ranking Error,1
who is ruth benedict,ms_marco,Ranking Error,1
how much does it cost for your provisional licence,ms_marco,Ranking Error,1
what is sitz bath,ms_marco,Ranking Error,1
what is pique fabric used for,ms_marco,Ranking Error,1
how big do dierama grow,ms_marco,Ranking Error,1
how does exercise affect your lung capacity,ms_marco,Ranking Error,1
where are limpets found,ms_marco,Ranking Error,1
meaning of LaBlanche name,ms_marco,Ranking Error,1
cost for postage stamp,ms_marco,Ranking Error,1
where is horseshoe falls located,ms_marco,Ranking Error,1
"what are NK cells, scientific name",ms_marco,Ranking Error,1
how to open isz file on windows,ms_marco,Semantic Miss,0
name meaning companion,ms_marco,Ranking Error,1
cost to change flight southwest,ms_marco,Lexical Miss,0
can you determine device by mac address on network,ms_marco,Ranking Error,1
where can i put out my business yard signs,ms_marco,Ranking Error,1
can you see websites visited on a mobile hotspot,ms_marco,Semantic Miss,0
what is the dosage for cymbalta,ms_marco,Semantic Miss,0
what muscles are used during alternating ankle touches,ms_marco,Semantic Miss,0
what degree do you need to be an energy engineer,ms_marco,Semantic Miss,0
how does someone become a us citizen,ms_marco,Ranking Error,1
who plays which characters in hamilton,ms_marco,Ranking Error,1
what is structural protein,ms_marco,Ranking Error,1
why is calcium carbonate a base,ms_marco,Ranking Error,1
what causes overactive nerves,ms_marco,Semantic Miss,0
what is procurement analytics,ms_marco,Ranking Error,1
which hemisphere are the largest land masses found,ms_marco,Ranking Error,1
what is cremora,ms_marco,Ranking Error,1
norman lear net worth is,ms_marco,Ranking Error,1
what was darwin greatest scientific contribution to evolutionary theory,ms_marco,Ranking Error,1
best natural sources of calcium,ms_marco,Ranking Error,1
how long is turkey lunch meat good for in the fridge,ms_marco,Lexical Miss,0
what does per axle mean,ms_marco,Ranking Error,1
what it cost to etch glass,ms_marco,Ranking Error,1
incubation period for mumps for kids,ms_marco,Ranking Error,1
dangers of taking wellbutrin,ms_marco,Ranking Error,1
how long can cooked pork be frozen,ms_marco,Ranking Error,1
normal heart rate of child,ms_marco,Lexical Miss,0
if quantity demanded goes down what happens to total revenue,ms_marco,Ranking Error,1
what is pravastatin prescribed for,ms_marco,Ranking Error,1
how long is a day on earth compared to space,ms_marco,Ranking Error,1
what is the one part of a nucleotide that differs,ms_marco,Ranking Error,1
shorter university tuition cost,ms_marco,Ranking Error,1
what is a pink eye disease,ms_marco,Ranking Error,1
what is the relationship between temperature and altitude,ms_marco,Ranking Error,1
is safflower the same as saffron,ms_marco,Ranking Error,1
cost of catering services for a wedding,ms_marco,Ranking Error,1
are bigs sunflower seeds healthy,ms_marco,Ranking Error,1
what is rose hill manhattan,ms_marco,Ranking Error,1
who created the first plane,ms_marco,Semantic Miss,0
is fish considered meat,ms_marco,Ranking Error,1
how much cost skip hire,ms_marco,Ranking Error,1
what food has vitamin e,ms_marco,Lexical Miss,0
how much should a driveway cost,ms_marco,Ranking Error,1
what part of the body is the parietal,ms_marco,Ranking Error,1
what is common occurrence for granite,ms_marco,Ranking Error,1
does dna repair itself,ms_marco,Ranking Error,1
what habitat do amur tigers live in,ms_marco,Ranking Error,1
what is the salary working at disability teacher,ms_marco,Ranking Error,1
Why were ziggurats tall?,ms_marco,Ranking Error,1
what does malana,ms_marco,Ranking Error,1
is zirconium oxide toxic,ms_marco,Lexical Miss,0
mortgage advisor salary plus commission,ms_marco,Ranking Error,1
what type of plant is wisteria,ms_marco,Ranking Error,1
mars average surface temperature in celsius,ms_marco,Semantic Miss,0
will a credit limit increase decline hurt your credit,ms_marco,Semantic Miss,0
best temperature to keep a flowerhorn in,ms_marco,Ranking Error,1
what is amba sauce,ms_marco,Semantic Miss,0
does mailing a letter cost,ms_marco,Ranking Error,1
call avoidance definition,ms_marco,Lexical Miss,0
how to import records below using excel macro,ms_marco,Ranking Error,1
what does ionic mean,ms_marco,Ranking Error,1
what materials are used to produce electricity,ms_marco,Ranking Error,1
where are ocean trenches located,ms_marco,Semantic Miss,0
air handler replacement cost,ms_marco,Ranking Error,1
what are emergent properties biology,ms_marco,Semantic Miss,0
average assistant director of nursing salary,ms_marco,Ranking Error,1
what is glyceryl trinitrate spray used for,ms_marco,Lexical Miss,0
meaning of the name androulla,ms_marco,Ranking Error,1
is selleck a cornish surname,ms_marco,Semantic Miss,0
what are signs of osteoarthritis,ms_marco,Ranking Error,1
normal range for blood pressure,ms_marco,Ranking Error,1
what causes cyclones,ms_marco,Ranking Error,1
cultural intrusion definition,ms_marco,Semantic Miss,0
when was mae jemison born,ms_marco,Ranking Error,1
davita starting pay,ms_marco,Ranking Error,1
how much does it cost for a repairman to replace refrigerator handle,ms_marco,Ranking Error,1
cost to send a postcard,ms_marco,Ranking Error,1
meaning of quarrying,ms_marco,Ranking Error,1
how does laser measure distance,ms_marco,Ranking Error,1
how can i find a long lost friend,ms_marco,Semantic Miss,0
definition of citizenism,ms_marco,Ranking Error,1
standard height of shower curtain,ms_marco,Ranking Error,1
how to use string comparison in c++,ms_marco,Ranking Error,1
what is adobo chicken,ms_marco,Ranking Error,1
how much do interns make at idexx,ms_marco,Lexical Miss,0
what does the endoplasmic reticulum do in an animal cell,ms_marco,Ranking Error,1
what is an unsaturated hydrocarbon,ms_marco,Semantic Miss,0
where is the leaning tower of pisa located in italy,ms_marco,Ranking Error,1
cost install inground pool,ms_marco,Semantic Miss,0
cystic fibrosis what other names for this disorder,ms_marco,Ranking Error,1
where is que river in tasmania,ms_marco,Ranking Error,1
where is norbury junction,ms_marco,Ranking Error,1
why is a pineapple called a pineapple,ms_marco,Semantic Miss,0
where is billericay,ms_marco,Ranking Error,1
what is a blue heeler,ms_marco,Ranking Error,1
justify renting costs,ms_marco,Ranking Error,1
why did the anzacs land at gallipoli,ms_marco,Ranking Error,1
where did greek language come from,ms_marco,Ranking Error,1
what spices do they use in india,ms_marco,Semantic Miss,0
how much does uber pay,ms_marco,Semantic Miss,0
mova what is inside,ms_marco,Ranking Error,1
executive committee exco definition,ms_marco,Semantic Miss,0
how long to chill a fridge,ms_marco,Lexical Miss,0
does probiotics work for cat diarrhea,ms_marco,Ranking Error,1
ccd ipo date,ms_marco,Ranking Error,1
reasons why fossil fuels are bad,ms_marco,Ranking Error,1
what does a fractured vertebrae look like?,ms_marco,Semantic Miss,0
what is an object pronoun,ms_marco,Ranking Error,1
how much money do verizon retail sales reps make,ms_marco,Ranking Error,1
precordial leads are what,ms_marco,Ranking Error,1
average cost of child braces,ms_marco,Ranking Error,1
how to apply for ca nursing license,ms_marco,Ranking Error,1
is candida a bacterial infection,ms_marco,Lexical Miss,0
fishbone diagram is also known as,ms_marco,Ranking Error,1
what is a nerve block in the foot,ms_marco,Ranking Error,1
how does recharging a battery work,ms_marco,Semantic Miss,0
what kind of membrane surrounds the nucleus,ms_marco,Ranking Error,1
incubation period for quail eggs,ms_marco,Ranking Error,1
how much is a passport card,ms_marco,Ranking Error,1
who was president the last time we had a balanced budget,ms_marco,Ranking Error,1
when was nike founded and by whom,ms_marco,Ranking Error,1
how much does it cost to attend kapiolani community college,ms_marco,Ranking Error,1
what is the star wars galaxy called,ms_marco,Ranking Error,1
what is essid,ms_marco,Ranking Error,1
meaning name darren,ms_marco,Ranking Error,1
explain what is meant by rhizomes,ms_marco,Ranking Error,1
salary or wage for a medical office assistant,ms_marco,Ranking Error,1
what is shadow salary,ms_marco,Ranking Error,1
is vitamin c good for acne,ms_marco,Ranking Error,1
who started mountain dew,ms_marco,Ranking Error,1
what are examples of GMOs,ms_marco,Ranking Error,1
Epsom Salt to Water Ratio,ms_marco,Ranking Error,1
what movie is baymax from,ms_marco,Lexical Miss,0
part time best buy salary,ms_marco,Ranking Error,1
does advantage contain fipronil,ms_marco,Semantic Miss,0
why do dna and rna use sugars,ms_marco,Semantic Miss,0
what is the average cost of a vet visit for a dog,ms_marco,Lexical Miss,0
characteristics of blood vessels,ms_marco,Lexical Miss,0
actual measurements of a teaspoon,ms_marco,Ranking Error,1
what is deadline to file tax extension,ms_marco,Semantic Miss,0
what is in the subcutaneous layer of skin,ms_marco,Semantic Miss,0
food that has natural laxative effects,ms_marco,Ranking Error,1
what does viral infection means,ms_marco,Lexical Miss,0
why did the The Globe theatre have flags,ms_marco,Lexical Miss,0
benefits of drinking water on empty stomach in the morning,ms_marco,Ranking Error,1
what is inflammatory pelvic disease,ms_marco,Ranking Error,1
how to put a picture on a shirt without transfer paper,ms_marco,Ranking Error,1
what does a bonsai signify,ms_marco,Ranking Error,1
what is cartilage simply,ms_marco,Ranking Error,1
what is a subtitle,ms_marco,Ranking Error,1
which of the following are considered diseases of the lower respiratory tract,ms_marco,Ranking Error,1
what are the sensory receptor for balance name,ms_marco,Semantic Miss,0
who is ulysses s grant,ms_marco,Ranking Error,1
where does the name smith come from,ms_marco,Ranking Error,1
body temperature range,ms_marco,Ranking Error,1
crestor patent expiration,ms_marco,Ranking Error,1
average salary professor columbia university,ms_marco,Lexical Miss,0
what age should children get the pneumococcal vaccine?,ms_marco,Ranking Error,1
what is ferroelectric material,ms_marco,Ranking Error,1
what is infective endocarditis symptoms,ms_marco,Ranking Error,1
what type of pathogen is ebola,ms_marco,Ranking Error,1
what are blood diamonds,ms_marco,Ranking Error,1
roast beef sandwich portions per person,ms_marco,Ranking Error,1
how to use movie maker,ms_marco,Ranking Error,1
do you get bas in the reserves,ms_marco,Ranking Error,1
stages of a sea turtle's life,ms_marco,Ranking Error,1
how much does behavior analyst make,ms_marco,Semantic Miss,0
prophylactic ovary removal what to expect,ms_marco,Ranking Error,1
what is the panama canal history,ms_marco,Ranking Error,1
who sings just like did it for me?,ms_marco,Lexical Miss,0
what are members of the kingdom protista called,ms_marco,Ranking Error,1
where does the river itchen start,ms_marco,Semantic Miss,0
how much does a clinical technician make,ms_marco,Ranking Error,1
can you load amazon prime movies to iphone,ms_marco,Ranking Error,1
when to plant garden per moon phases,ms_marco,Semantic Miss,0
what is bid rigging in construction,ms_marco,Ranking Error,1
what is function of glutamate,ms_marco,Semantic Miss,0
what is the largest estuary in the world,ms_marco,Ranking Error,1
where is kankerbos grown,ms_marco,Semantic Miss,0
how long to cook a mini roast lamb,ms_marco,Ranking Error,1
where does the name morag originate from,ms_marco,Semantic Miss,0
average cost of dental implants,ms_marco,Ranking Error,1
taste and simplicity of nutrients and ingredients used in italian cuisine,ms_marco,Semantic Miss,0
how long to keep tax returns,ms_marco,Semantic Miss,0
on average how much does a human litter,ms_marco,Ranking Error,1
which is a warm countercurrent that periodically flows,ms_marco,Ranking Error,1
does vaping cause gum disease,ms_marco,Ranking Error,1
how far from gold coast to noosa,ms_marco,Ranking Error,1
average cost of a doctor's visit,ms_marco,Semantic Miss,0
what is a irrevocable trust,ms_marco,Ranking Error,1
what are alpines plants,ms_marco,Ranking Error,1
the delicate layer of the meninges closely applied to the brain is,ms_marco,Ranking Error,1
how long do period pains last,ms_marco,Ranking Error,1
what does stratum,ms_marco,Ranking Error,1
what is pulse ox,ms_marco,Ranking Error,1
What band names were the Beatles known as,ms_marco,Semantic Miss,0
how long does an irs audit take,ms_marco,Semantic Miss,0
how long to get masters degree,ms_marco,Ranking Error,1
how much is the entry fee to the bisbee,ms_marco,Ranking Error,1
what does mange tout mean,ms_marco,Ranking Error,1
what is the maximum age for life insurance,ms_marco,Semantic Miss,0
where is hyden,ms_marco,Ranking Error,1
where is your hamstring muscle located,ms_marco,Ranking Error,1
what colours should redheads wear,ms_marco,Ranking Error,1
average cost to open a day care,ms_marco,Semantic Miss,0
how much is a chef paid well,ms_marco,Ranking Error,1
cost of living in a condo in california,ms_marco,Ranking Error,1
what age do dogs get shots,ms_marco,Ranking Error,1
what is a whey,ms_marco,Ranking Error,1
how did the prohibition affect us,ms_marco,Lexical Miss,0
two basic tissues of which the skin is composed are,ms_marco,Ranking Error,1
average income of canadians,ms_marco,Ranking Error,1
which part of a nucleotide contains the genetic code,ms_marco,Lexical Miss,0
what is an unconformity rock,ms_marco,Ranking Error,1
radon is,ms_marco,Ranking Error,1
what is an italian piada,ms_marco,Semantic Miss,0
where in tasmania does a platypus live,ms_marco,Ranking Error,1
who invented the first tv,ms_marco,Ranking Error,1
what gender does cystic fibrosis affect,ms_marco,Ranking Error,1
what type of consumer is the jackal,ms_marco,Ranking Error,1
is donner pass open,ms_marco,Ranking Error,1
how to fix column width in pivot table,ms_marco,Lexical Miss,0
how long do I have to sign after I win an auction with auction.COm?,ms_marco,Ranking Error,1
how much does a successful neurosurgeon make per year,ms_marco,Lexical Miss,0
what is sulphur used for in terms of medicines,ms_marco,Ranking Error,1
is the name thor copyrighted,ms_marco,Ranking Error,1
where is newberry college,ms_marco,Ranking Error,1
how much does one mole of heavy water weigh,ms_marco,Ranking Error,1
merchant fees definition,ms_marco,Ranking Error,1
what is the saltatory conduction,ms_marco,Ranking Error,1
what is a bronsted lowry base example,ms_marco,Ranking Error,1
which organelle provides energy for translation,ms_marco,Lexical Miss,0
what causes takayasu arteritis,ms_marco,Semantic Miss,0
biblical meaning of the name jovan,ms_marco,Semantic Miss,0
what are fire ant males called,ms_marco,Ranking Error,1
what happened to clay marzo,ms_marco,Ranking Error,1
average salary of a daycare worker in florida,ms_marco,Lexical Miss,0
what is a carbon sink,ms_marco,Ranking Error,1
what functional group is acetaminophen,ms_marco,Ranking Error,1
age when you can start wearing a tampon,ms_marco,Ranking Error,1
how do i make my stitches loose in knitting,ms_marco,Ranking Error,1
how much is a home inspection in california,ms_marco,Ranking Error,1
is dcpip harmful,ms_marco,Ranking Error,1
are fungi aquatic or terrestrial,ms_marco,Ranking Error,1
salary of a computer scientist,ms_marco,Ranking Error,1
what are bibliography of different viruses,ms_marco,Ranking Error,1
what is chartered financial analyst,ms_marco,Ranking Error,1
what is hecate,ms_marco,Ranking Error,1
average salary in shanghai,ms_marco,Ranking Error,1
average salary of a school counselor in ohio,ms_marco,Ranking Error,1
what are epiphytes,ms_marco,Ranking Error,1
what is barramundi,ms_marco,Ranking Error,1
ms is actually lyme disease,ms_marco,Lexical Miss,0
what does ablation mean,ms_marco,Lexical Miss,0
what is a quatrain poem,ms_marco,Ranking Error,1
how does fitbit charge track steps,ms_marco,Ranking Error,1
how do i know what amount of caffeine is right for me,ms_marco,Ranking Error,1
normal resting pulse rate,ms_marco,Ranking Error,1
why was san luis obispo built,ms_marco,Ranking Error,1
calories in kraft singles,ms_marco,Ranking Error,1
what is a cowl,ms_marco,Ranking Error,1
CCAC tuition and fees,ms_marco,Lexical Miss,0
what is examples of electrical charge,ms_marco,Semantic Miss,0
at what temperature does tap water boil,ms_marco,Semantic Miss,0
how to update all figures in word,ms_marco,Ranking Error,1
photosynthesis vs respiration definition,ms_marco,Ranking Error,1
earth temperature range,ms_marco,Ranking Error,1
word meaning predation,ms_marco,Ranking Error,1
what temp should coffee be,ms_marco,Ranking Error,1
what are flavonoids in marijuana,ms_marco,Ranking Error,1
how long is raw pork good for in the fridge,ms_marco,Lexical Miss,0
can baby bunnies have strawberries,ms_marco,Ranking Error,1
what to do on the isle of wight for disabled,ms_marco,Ranking Error,1
what is dendritic opal,ms_marco,Ranking Error,1
what is zana,ms_marco,Ranking Error,1
how long does it take for a broken leg on a dog to heal,ms_marco,Ranking Error,1
is reducing substance in infants stool curable ?,ms_marco,Ranking Error,1
what environment does a coconut live in,ms_marco,Ranking Error,1
what does a power conditioner do,ms_marco,Semantic Miss,0
where was archduke franz ferdinand assassinated,ms_marco,Semantic Miss,0
meaning of the name tyanna,ms_marco,Lexical Miss,0
what temp is frost,ms_marco,Ranking Error,1
harmful effects of microorganisms to plants,ms_marco,Ranking Error,1
a mineral is inorganic which means that it contains yahoo answers,ms_marco,Ranking Error,1
how to cook a roast beef in a toaster oven,ms_marco,Ranking Error,1
what is a rectifier used for,ms_marco,Ranking Error,1
is typhus contagious,ms_marco,Ranking Error,1
what are the adaptations of a maned wolf,ms_marco,Semantic Miss,0
average temperatures in silves portugal,ms_marco,Ranking Error,1
is there an airport at uluru,ms_marco,Semantic Miss,0
did the railroad invention have an impact on the world,ms_marco,Lexical Miss,0
sigmoidoscopy preparation,ms_marco,Ranking Error,1
what does the magician symbolize in tarot cards,ms_marco,Semantic Miss,0
hodgkin's disease causes and symptoms,ms_marco,Ranking Error,1
body systems affected by kidney stones,ms_marco,Ranking Error,1
what is a ancient religion,ms_marco,Ranking Error,1
new orleans average temperature,ms_marco,Ranking Error,1
what species are jaguars,ms_marco,Semantic Miss,0
can i estimate business mileage,ms_marco,Ranking Error,1
what is the income limit to get food stamps,ms_marco,Semantic Miss,0
average salary of a nurse,ms_marco,Ranking Error,1
how to calculate annual salary to hourly rate,ms_marco,Semantic Miss,0
average cost for painting exterior of house,ms_marco,Lexical Miss,0
what causes pressure on the groin in women,ms_marco,Ranking Error,1
radiology salary per hour,ms_marco,Ranking Error,1
who is prince charles boxer,ms_marco,Ranking Error,1
what color is alexandrite,ms_marco,Ranking Error,1
how long does it take a dead ipod to charge,ms_marco,Ranking Error,1
cost per class of university of chicago,ms_marco,Ranking Error,1
what does a chromosome do,ms_marco,Semantic Miss,0
how many degrees fahrenheit for child fever,ms_marco,Ranking Error,1
does minoxidil work for women's hair loss,ms_marco,Lexical Miss,0
what did the ancient maya build,ms_marco,Lexical Miss,0
what is pepper,ms_marco,Ranking Error,1
is tourettes a genetic disorders,ms_marco,Ranking Error,1
where is aconcagua located,ms_marco,Ranking Error,1
cost to attend GCSU,ms_marco,Ranking Error,1
average length of nursing home stay,ms_marco,Ranking Error,1
what temp is beef well done,ms_marco,Lexical Miss,0
the substance found in cells which hold the organelles is called,ms_marco,Ranking Error,1
what is a single bond,ms_marco,Ranking Error,1
What are symptoms of bloat in goats,ms_marco,Ranking Error,1
how much does laser treatment for broken capillaries cost,ms_marco,Ranking Error,1
how long should you cook chicken for?,ms_marco,Ranking Error,1
why isn't kareem abdul jabbar involved with the lakers,ms_marco,Ranking Error,1
at what age can a fetus survive,ms_marco,Semantic Miss,0
how many saturated fats should you consume per day,ms_marco,Ranking Error,1
what are two types of vascular tissue found in plants,ms_marco,Ranking Error,1
how much more sap will a vacuum system produce,ms_marco,Ranking Error,1
how many stomach does a cow have,ms_marco,Ranking Error,1
mainstreaming services - definition,ms_marco,Ranking Error,1
what is psychosomatic,ms_marco,Ranking Error,1
cost of partial dentures,ms_marco,Ranking Error,1
what is the deadliest mountain in colorado,ms_marco,Ranking Error,1
how do you cite a movie quote in a paper,ms_marco,Ranking Error,1
what does longhouse mean,ms_marco,Ranking Error,1
where is antidiuretic hormone released from,ms_marco,Ranking Error,1
when was the first tv made,ms_marco,Semantic Miss,0
meaning of the name vega,ms_marco,Ranking Error,1
is there a part of the brain called superior,ms_marco,Ranking Error,1
how long does it take a butterfly to fly after hatching,ms_marco,Lexical Miss,0
what is normal retirement age,ms_marco,Ranking Error,1
how big does a normal mandarin tree grow,ms_marco,Ranking Error,1
what actor played moses,ms_marco,Ranking Error,1
how long does it take to drive from philadelphia to quebec city,ms_marco,Ranking Error,1
what is a bandog,ms_marco,Ranking Error,1
where to get corso riggs,ms_marco,Ranking Error,1
who is flavor flav,ms_marco,Ranking Error,1
what is a cbr test,ms_marco,Semantic Miss,0
what is humoral immunity,ms_marco,Ranking Error,1
kms to. miles,ms_marco,Ranking Error,1
what type of duck is donald duck,ms_marco,Ranking Error,1
what is polychromasia,ms_marco,Semantic Miss,0
is phenomena contagious,ms_marco,Semantic Miss,0
should i use fence paint or fence stain,ms_marco,Ranking Error,1
where does water reabsorption occur,ms_marco,Semantic Miss,0
what does advocare spark actually do to your body,ms_marco,Ranking Error,1
what kind of seeds are in bird seed,ms_marco,Ranking Error,1
list of low carb foods for weight loss,ms_marco,Ranking Error,1
what structures are associated with cell movement,ms_marco,Ranking Error,1
do all hybrid poplars grow quickly,ms_marco,Lexical Miss,0
how long do you leave beef jerky in a dehydrator,ms_marco,Ranking Error,1
can you use pandora without wifi,ms_marco,Ranking Error,1
what part of the heart is the pericardium attached to,ms_marco,Semantic Miss,0
how much is a kitchen remodel,ms_marco,Ranking Error,1
different names of cells that cause disease,ms_marco,Ranking Error,1
what kind of emulsion is salad dressing,ms_marco,Ranking Error,1
what is hall voltage,ms_marco,Ranking Error,1
what are purebred organisms,ms_marco,Semantic Miss,0
what is vestibular rehabilitation,ms_marco,Ranking Error,1
what is contribution contribution,ms_marco,Ranking Error,1
where is area one farms located,ms_marco,Ranking Error,1
when was delta airlines founded,ms_marco,Ranking Error,1
average cost for cal lutheran university,ms_marco,Ranking Error,1
how should a chiropractor dress,ms_marco,Ranking Error,1
average cost of redoing a small bathroom,ms_marco,Ranking Error,1
how do i check to see why the mic is not working,ms_marco,Ranking Error,1
what is the purpose of the indicator,ms_marco,Ranking Error,1
Highest Football Attendances,ms_marco,Ranking Error,1
cost to send a letter usps,ms_marco,Semantic Miss,0
political party which opposed expansion,ms_marco,Ranking Error,1
why is knee numb from shingles,ms_marco,Ranking Error,1
what kind of worms do dogs get,ms_marco,Ranking Error,1
different types of pku,ms_marco,Ranking Error,1
how much associate professor of pharmacy school earn,ms_marco,Ranking Error,1
what does a rash around your ankles mean,ms_marco,Ranking Error,1
what is the use of bt spray for plants,ms_marco,Semantic Miss,0
what is the latin names for skate wings,ms_marco,Ranking Error,1
what are typical decibel levels,ms_marco,Ranking Error,1
food borne diseases could be caused by consuming food which contains,ms_marco,Ranking Error,1
what makes a halal chicken,ms_marco,Ranking Error,1
how fast do colorado blue spruce trees grow,ms_marco,Ranking Error,1
what is the name of the one that comes before undergraduate,ms_marco,Ranking Error,1
what was the bill of rights meant to protect,ms_marco,Semantic Miss,0
what is charmeuse fabric,ms_marco,Ranking Error,1
how much does a doctor's office visit cost without insurance,ms_marco,Semantic Miss,0
how to get rid of serve burn acne,ms_marco,Ranking Error,1
is a combi suitable for a large four bed house,ms_marco,Ranking Error,1
Staph infection is it contagious,ms_marco,Ranking Error,1
HOW TO INSTALL RELAY BOARD ON WALL OVEN,ms_marco,Ranking Error,1
what are people from china called,ms_marco,Ranking Error,1
cost of blue light treatment with dermatologist,ms_marco,Ranking Error,1
is plaque in the brain from cholesterol,ms_marco,Semantic Miss,0
how much does a credit hour cost at tcc,ms_marco,Ranking Error,1
what muscles are involved with a pain beside shoulder blade,ms_marco,Lexical Miss,0
average cost australian terrier,ms_marco,Ranking Error,1
size of postcards for us post office,ms_marco,Ranking Error,1
average height for black male,ms_marco,Ranking Error,1
lorazepam dose for sleep,ms_marco,Ranking Error,1
What do alligators eat children,ms_marco,Ranking Error,1
what do neuromuscular blocking agents do,ms_marco,Ranking Error,1
what is esotropia,ms_marco,Ranking Error,1
how do aromatic hydrocarbons differ from alkenes,ms_marco,Ranking Error,1
type of symbiotic relationship,ms_marco,Ranking Error,1
what are green stones called,ms_marco,Ranking Error,1
what nutrients contain iron,ms_marco,Ranking Error,1
what is glt material,ms_marco,Ranking Error,1
what is hormone therapy for cancer,ms_marco,Ranking Error,1
what is a pigmented lipstick,ms_marco,Ranking Error,1
what is vegetable bouillon,ms_marco,Ranking Error,1
average cost of bills per month,ms_marco,Semantic Miss,0
what does kenton name,ms_marco,Ranking Error,1
how long should i cook a roast beef in the oven,ms_marco,Ranking Error,1
what happens to cookies with too much baking soda,ms_marco,Ranking Error,1
long term disability information,ms_marco,Semantic Miss,0
what county is tomball in,ms_marco,Ranking Error,1
what is iridium,ms_marco,Lexical Miss,0
what does BLS upon hire mean,ms_marco,Ranking Error,1
what is dimeric,ms_marco,Ranking Error,1
what landforms do divergent boundaries form,ms_marco,Ranking Error,1
tainted blood scandal canada compensation,ms_marco,Ranking Error,1
what molecules are plastic bags made up of,ms_marco,Ranking Error,1
what is mineral magnesium,ms_marco,Ranking Error,1
what structure does nitrogen have,ms_marco,Ranking Error,1
what is duration risk,ms_marco,Semantic Miss,0
what is an action potential quizlet,ms_marco,Lexical Miss,0
what are distinctly applicable measures,ms_marco,Ranking Error,1
where in the body is urea excreted,ms_marco,Ranking Error,1
what is a codon,ms_marco,Ranking Error,1
what is a succulent plant,ms_marco,Semantic Miss,0
is ruthenium expensive,ms_marco,Ranking Error,1
what is a pothole,ms_marco,Ranking Error,1
what is gene,ms_marco,Semantic Miss,0
good sources of complex carbohydrates,ms_marco,Semantic Miss,0
what was the weimar republic what happened,ms_marco,Ranking Error,1
wife of pierre trudeau,ms_marco,Ranking Error,1
what causes the color of uranus,ms_marco,Ranking Error,1
uses for minerals,ms_marco,Semantic Miss,0
what is a disease that affects the legs,ms_marco,Ranking Error,1
do the different rarity of skins affect the reroll in league of legends,ms_marco,Semantic Miss,0
can you freeze your social security earnings,ms_marco,Semantic Miss,0
how much does an acupuncturist earn in australia,ms_marco,Ranking Error,1
what causes tonsils,ms_marco,Ranking Error,1
relationship between genes dna and chromosomes,ms_marco,Ranking Error,1
justdial coimbatore contact number,ms_marco,Ranking Error,1
causes of hypokalemic periodic paralysis,ms_marco,Ranking Error,1
what vegetables contain vitamin c,ms_marco,Lexical Miss,0
how much money does kelly ripa make a year,ms_marco,Ranking Error,1
what constitutes a scientific name,ms_marco,Semantic Miss,0
does starving yourself cause your belly to bloat,ms_marco,Semantic Miss,0
what happens to bacteria trapped inside a white blood cell,ms_marco,Lexical Miss,0
will a knock sensor cause a car to lose power,ms_marco,Ranking Error,1
what makes corned beef corned,ms_marco,Ranking Error,1
copenhagen temperatures october,ms_marco,Ranking Error,1
average temperature in memphis early november,ms_marco,Ranking Error,1
cost of dental implants in pa,ms_marco,Ranking Error,1
new oil furnace should cost,ms_marco,Ranking Error,1
html stop underline button text,ms_marco,Ranking Error,1
charter colony definition,ms_marco,Ranking Error,1
what impulsive means,ms_marco,Ranking Error,1
why did they build the great wall of china ad,ms_marco,Lexical Miss,0
how much does it cost to service a sump pump,ms_marco,Ranking Error,1
what theories did galileo disprove,ms_marco,Lexical Miss,0
what is nasal stuffiness,ms_marco,Ranking Error,1
how long can you ferment yogurt,ms_marco,Ranking Error,1
what tyt means,ms_marco,Semantic Miss,0
what causes cholesteatoma,ms_marco,Ranking Error,1
what does meristem culture,ms_marco,Lexical Miss,0
why does facebook ask for your email password on sign up,ms_marco,Ranking Error,1
what does otoacoustic emissions measure,ms_marco,Semantic Miss,0
how much is a lawyer on retainer,ms_marco,Ranking Error,1
where are the leeward islands located,ms_marco,Semantic Miss,0
what is secondary syphilis,ms_marco,Ranking Error,1
what genre is the grisha series,ms_marco,Ranking Error,1
how long does it take to charge a panasonic camera battery,ms_marco,Ranking Error,1
what kind of infections does a z pack treat,ms_marco,Semantic Miss,0
what did the royal fusiliers do,ms_marco,Lexical Miss,0
what is gas giants means,ms_marco,Ranking Error,1
walgreens store sales average,ms_marco,Ranking Error,1
period means out of ovary after conceived,ms_marco,Semantic Miss,0
cost of postage stamps,ms_marco,Ranking Error,1
where do palm trees originate,ms_marco,Semantic Miss,0
what was the formation of the united nations,ms_marco,Ranking Error,1
salary for air force officer,ms_marco,Ranking Error,1
where do orangutans live,ms_marco,Lexical Miss,0
what causes enlarged thyroid in neck,ms_marco,Lexical Miss,0
What is the replication fork? Why is it called a “fork”?,ms_marco,Semantic Miss,0
how to use mesquite as a sugar substitute,ms_marco,Ranking Error,1
what is meant by clogging,ms_marco,Ranking Error,1
is kefir protein,ms_marco,Semantic Miss,0
what is dairy cattle husbandry,ms_marco,Semantic Miss,0
how much is it to get a bath and brush at petsmart,ms_marco,Lexical Miss,0
rohypnol is also known as,ms_marco,Ranking Error,1
who was betsy ross,ms_marco,Ranking Error,1
what is the world's longest snake on record,ms_marco,Ranking Error,1
what is gold formed in,ms_marco,Ranking Error,1
what age should a foal be weaned,ms_marco,Ranking Error,1
are kangaroos only found in australia,ms_marco,Ranking Error,1
describe epitope specific receptors,ms_marco,Semantic Miss,0
what is sinamay fabric,ms_marco,Ranking Error,1
how do i turn off frequently visited sites on my ipad,ms_marco,Semantic Miss,0
cost of tile per square foot installed,ms_marco,Semantic Miss,0
where does the name burley come from,ms_marco,Ranking Error,1
what is cupric acetate used for,ms_marco,Ranking Error,1
how long does it take to receive a insurance check,ms_marco,Ranking Error,1
rahab name meaning,ms_marco,Ranking Error,1
what is the average cost per muscular disorder,ms_marco,Ranking Error,1
sensorineural hearing loss diagnosis code,ms_marco,Semantic Miss,0
how many health careers are there,ms_marco,Semantic Miss,0
what temp for roast beef,ms_marco,Ranking Error,1
what does acb mean,ms_marco,Ranking Error,1
how often does sdi pay you,ms_marco,Ranking Error,1
credit union teller salary average,ms_marco,Ranking Error,1
what is normal range for triglycerides,ms_marco,Lexical Miss,0
what are a probation officers duties,ms_marco,Semantic Miss,0
benadryl dosage for dogs,ms_marco,Semantic Miss,0
do female serial killers exist,ms_marco,Ranking Error,1
what is omics,ms_marco,Semantic Miss,0
when was the smallpox vaccine discovered,ms_marco,Ranking Error,1
cost of knee replacement after medicare,ms_marco,Ranking Error,1
how much does the average rn make per year,ms_marco,Semantic Miss,0
what does the name kion mean,ms_marco,Ranking Error,1
maximum pay and average pay of orthotists,ms_marco,Semantic Miss,0
majority owned business definition,ms_marco,Ranking Error,1
how to change from degrees to radians,ms_marco,Ranking Error,1
what is a gossan,ms_marco,Ranking Error,1
what is a memoir,ms_marco,Ranking Error,1
what does the muscular system do,ms_marco,Ranking Error,1
do b.arch students get good placements,ms_marco,Ranking Error,1
delta what is class of service,ms_marco,Ranking Error,1
what is a rheostat,ms_marco,Ranking Error,1
oceanic crust made of,ms_marco,Ranking Error,1
what accounting standards does the netherlands use?,ms_marco,Semantic Miss,0
can a mid level see new patients per medicare guidelines,ms_marco,Lexical Miss,0
how long does a gas water heater take to heat up,ms_marco,Ranking Error,1
types of systemic lupus erythematosus,ms_marco,Ranking Error,1
why is destination marketing important,ms_marco,Semantic Miss,0
what is a tuberculoma,ms_marco,Lexical Miss,0
who and when was the sign language invented,ms_marco,Ranking Error,1
where does secretion mostly occur in the nephron,ms_marco,Ranking Error,1
what organization or agency regulates cloning,ms_marco,Ranking Error,1
what is soap saponification,ms_marco,Ranking Error,1
what is difference between planned amounts and budgeted amounts,ms_marco,Ranking Error,1
what is a powwow,ms_marco,Ranking Error,1
how to stop hair from being affected by humidity,ms_marco,Ranking Error,1
average salary in canberra,ms_marco,Ranking Error,1
what is a rare earth magnet,ms_marco,Ranking Error,1
what is ioffer website,ms_marco,Lexical Miss,0
can you buy a hat band to make a hat fit that is too small,ms_marco,Semantic Miss,0
statistics on adopting a pet rather than buying,ms_marco,Ranking Error,1
diseases caused by viruses list,ms_marco,Ranking Error,1
weighted average price,ms_marco,Semantic Miss,0
what is cumulative standard normal distribution,ms_marco,Ranking Error,1
how much do the government pay for removal of graffiti,ms_marco,Lexical Miss,0
average cost for cement driveway and walkway,ms_marco,Ranking Error,1
what river did the comanches hunt in,ms_marco,Ranking Error,1
when was winston churchill born,ms_marco,Semantic Miss,0
what is the land area of beijing china,ms_marco,Ranking Error,1
why was germany held responsible for ww1,ms_marco,Ranking Error,1
president who was impeached,ms_marco,Lexical Miss,0
incubation period for viral pneumonia,ms_marco,Ranking Error,1
botox for men how much cost,ms_marco,Semantic Miss,0
Recommended serving size of fish per person,ms_marco,Ranking Error,1
what is knee arthroplasty cause,ms_marco,Ranking Error,1
what are isotopes of an element,ms_marco,Ranking Error,1
what is double fertilization,ms_marco,Ranking Error,1
description of the different types of radiation,ms_marco,Semantic Miss,0
are mastiffs dangerous,ms_marco,Ranking Error,1
________ are the blood vessels that carry blood away from the heart,ms_marco,Ranking Error,1
what is denitrification,ms_marco,Ranking Error,1
can wolves die from disease,ms_marco,Semantic Miss,0
can a leader call a nation to prayer,ms_marco,Semantic Miss,0
are koalas bears vicious,ms_marco,Ranking Error,1
how much cost appointment with small business coach,ms_marco,Ranking Error,1
cerebral oedema definition,ms_marco,Ranking Error,1
what is the choroid of the eye,ms_marco,Ranking Error,1
what are radiolaria,ms_marco,Ranking Error,1
what kind of siding resists carpenter bees,ms_marco,Lexical Miss,0
what is normal lymphocytes range,ms_marco,Ranking Error,1
where is mastoid process,ms_marco,Ranking Error,1
how much do marine biologist make,ms_marco,Ranking Error,1
what type of minibeast is scorpion,ms_marco,Semantic Miss,0
why are cnidarians important,ms_marco,Ranking Error,1
who emphasized the importance of unconditional positive regard,ms_marco,Ranking Error,1
what is mastocytosis disease,ms_marco,Ranking Error,1
what does a radiology technician do,ms_marco,Ranking Error,1
Walmart hours silver city,ms_marco,Ranking Error,1
which vitamins is effective in post inflammatory pigmentation,ms_marco,Ranking Error,1
how long for the citizenship process after fingerprints,ms_marco,Semantic Miss,0
who is considered a direct descendant,ms_marco,Lexical Miss,0
burial vs cremation cost,ms_marco,Ranking Error,1
is emulsifier lecithin halal,ms_marco,Ranking Error,1
what does the gradient tell us,ms_marco,Ranking Error,1
can you hatch quails in an incubator,ms_marco,Ranking Error,1
"average gas in harrisonburg, va",ms_marco,Ranking Error,1
are galapagos islands safe,ms_marco,Ranking Error,1
how long does it take to get a degree in addiction counseling online,ms_marco,Semantic Miss,0
can you use vicks vaporub when pregnant,ms_marco,Ranking Error,1
weigela shrub how big,ms_marco,Ranking Error,1
how often are representatives to be elected,ms_marco,Ranking Error,1
where is testosterone produced,ms_marco,Ranking Error,1
why are chemical symbols important,ms_marco,Ranking Error,1
what is chiffon used for,ms_marco,Semantic Miss,0
what did the yellow river do for china,ms_marco,Lexical Miss,0
how long does it take for the govt to give u a tax refund when you have electronically filed,ms_marco,Semantic Miss,0
what are curcuminoids,ms_marco,Ranking Error,1
which statement best describes the concept of binding price ceiling,ms_marco,Semantic Miss,0
how long can cooked pork last without refrigeration,ms_marco,Ranking Error,1
don bradman where was he born,ms_marco,Ranking Error,1
how to calculate %w/w of a liquid,ms_marco,Lexical Miss,0
what causes mitochondrial dysfunction,ms_marco,Ranking Error,1
what is a shelter care order,ms_marco,Ranking Error,1
cost of fraud,ms_marco,Ranking Error,1
gaze meaning,ms_marco,Ranking Error,1
what is considered coarse bread,ms_marco,Lexical Miss,0
what could you get with a&p plaid stamps,ms_marco,Ranking Error,1
do motorcycles come with automatic transmission,ms_marco,Semantic Miss,0
what is foh manager,ms_marco,Ranking Error,1
examples of opportunistic fungi,ms_marco,Ranking Error,1
is time value of money a principle of net present value,ms_marco,Ranking Error,1
what is the song title in the movie called what happens in vegas,ms_marco,Ranking Error,1
what ethnicity is the last name moody,ms_marco,Ranking Error,1
shrivelling definition,ms_marco,Ranking Error,1
what kinds of trees are in the savannas,ms_marco,Ranking Error,1
the name of the artist from the renaissance period,ms_marco,Ranking Error,1
average salary radiologist,ms_marco,Semantic Miss,0
what kingdom possess a nervous system,ms_marco,Ranking Error,1
where is mauna kea flowing now,ms_marco,Ranking Error,1
what was a weakness of the bill of rights,ms_marco,Ranking Error,1
mean gene definition,ms_marco,Ranking Error,1
what does maintenance management accomplish,ms_marco,Ranking Error,1
what is mineral potassium,ms_marco,Lexical Miss,0
natal meaning,ms_marco,Ranking Error,1
what are the mosquito repellent herbs,ms_marco,Ranking Error,1
meaning name inayat,ms_marco,Ranking Error,1
what is the nearest point between vancouver island & the mainland,ms_marco,Semantic Miss,0
what do elastic fibres do in arteries,ms_marco,Ranking Error,1
what is a normal iq,ms_marco,Ranking Error,1
average cost of auto repair,ms_marco,Ranking Error,1
what is a pagani automobile,ms_marco,Ranking Error,1
where is abbotsbury,ms_marco,Lexical Miss,0
eagle point oregon weather,ms_marco,Ranking Error,1
what is there to do in penzance,ms_marco,Ranking Error,1
"how much do I pay someone to install my ceramic, backsplash",ms_marco,Lexical Miss,0
what is hopsack material,ms_marco,Ranking Error,1
what separates culture from civilization,ms_marco,Semantic Miss,0
where is rocky point located,ms_marco,Ranking Error,1
how long do tortoise eggs incubation,ms_marco,Ranking Error,1
when filling a job application and it asks salary what does it mean,ms_marco,Lexical Miss,0
where did ansel adams live,ms_marco,Ranking Error,1
how much do bartenders make,ms_marco,Semantic Miss,0
size of the sun compared to earth,ms_marco,Ranking Error,1
meaning of name keri,ms_marco,Ranking Error,1
what is titanium used for,ms_marco,Ranking Error,1
how long to oven cook whole chicken,ms_marco,Ranking Error,1
what is cephalexin used for in humans,ms_marco,Ranking Error,1
what were yorkshire terriers bred for,ms_marco,Ranking Error,1
Mitochondria definition,ms_marco,Ranking Error,1
outsourcing when did it start,ms_marco,Ranking Error,1
what is an fbc blood test,ms_marco,Ranking Error,1
what is the purpose of uvula,ms_marco,Ranking Error,1
who did the early christian persecution,ms_marco,Lexical Miss,0
what does jule mean,ms_marco,Ranking Error,1
what is the correct name for the eardrum,ms_marco,Lexical Miss,0
health benefits of liquid aminos,ms_marco,Ranking Error,1
how do birds play an important role in the community,ms_marco,Ranking Error,1
Europe is the ______ largest continent in terms of land area,ms_marco,Ranking Error,1
which president had slaves,ms_marco,Ranking Error,1
why are algae confused as plants,ms_marco,Ranking Error,1
where does chyme form in the stomach,ms_marco,Semantic Miss,0
what is conservation of chromosome number called,ms_marco,Semantic Miss,0
are barred rocks broody,ms_marco,Ranking Error,1
can i increase my white cells count by eating garlic,ms_marco,Lexical Miss,0
what is the carbohydrates that is your body primary source of energy,ms_marco,Ranking Error,1
is it normal to get period week after your period,ms_marco,Ranking Error,1
how long can i keep oranges in the fridge,ms_marco,Lexical Miss,0
how much money do i get from the pell grant each class,ms_marco,Ranking Error,1
what process is needed to oxidation of glucose,ms_marco,Ranking Error,1
what is a stretch reflex,ms_marco,Ranking Error,1
how to disable popups,ms_marco,Ranking Error,1
convert stone to lb,ms_marco,Ranking Error,1
how long for pain medication to work,ms_marco,Ranking Error,1
how much does it cost to build a house in nz,ms_marco,Ranking Error,1
common source of adenovirus,ms_marco,Ranking Error,1
what is wind used for,ms_marco,Semantic Miss,0
what does ambassador mean in the bible,ms_marco,Semantic Miss,0
define contract employee,ms_marco,Semantic Miss,0
How is the due date for a pregnancy typically calculated? coursehero,ms_marco,Ranking Error,1
what are the causes of nasal polyps,ms_marco,Lexical Miss,0
what do the kidneys do in the digestive system,ms_marco,Ranking Error,1
how much of fare to uber drivers get,ms_marco,Ranking Error,1
are there nucleolus in plant cells,ms_marco,Ranking Error,1
what is dk,ms_marco,Ranking Error,1
how long can pizza sit out for,ms_marco,Ranking Error,1
is the pharynx located before the mouth ?,ms_marco,Ranking Error,1
how is the alveolar structure related to its function,ms_marco,Ranking Error,1
why is immune rejection an example of a healthy immune system,ms_marco,Ranking Error,1
negative side effects of lumigan,ms_marco,Lexical Miss,0
what does the first amendment mean,ms_marco,Ranking Error,1
inflammation around the heart medical term,ms_marco,Semantic Miss,0
what is the sed rate test,ms_marco,Ranking Error,1
A gene is usually __________.,ms_marco,Semantic Miss,0
maximum sugar intake per day,ms_marco,Ranking Error,1
what is the cost of employment arbitration,ms_marco,Ranking Error,1
what is the rural urban fringe,ms_marco,Semantic Miss,0
how does a flat screen tv work,ms_marco,Ranking Error,1
meaning of name dian,ms_marco,Ranking Error,1
what does reiki mean,ms_marco,Ranking Error,1
what does bms mean in texting,ms_marco,Ranking Error,1
what is the normal dosage for digoxin,ms_marco,Ranking Error,1
what is aldebaran made of,ms_marco,Ranking Error,1
where is sinus located,ms_marco,Semantic Miss,0
what does unicef need help,ms_marco,Ranking Error,1
what does the wolf symbolize,ms_marco,Ranking Error,1
what is transference healing,ms_marco,Ranking Error,1
what does mouse stand for computer,ms_marco,Ranking Error,1
salary of an industrial pharmacist,ms_marco,Ranking Error,1
what is absolute word in real estate,ms_marco,Ranking Error,1
hygienist cost,ms_marco,Ranking Error,1
how fast can a parachutist land,ms_marco,Ranking Error,1
how to switch your straight talk phone to another,ms_marco,Ranking Error,1
who created the first ever motion picture,ms_marco,Ranking Error,1
how thick does a concrete footing need to be,ms_marco,Ranking Error,1
yield chemistry definition,ms_marco,Ranking Error,1
turbotax can i pay my taxes with a credit card,ms_marco,Ranking Error,1
congress passed what during reconstruction era,ms_marco,Semantic Miss,0
what is pyrroloquinoline quinone,ms_marco,Ranking Error,1
what causes a hoarse voice,ms_marco,Ranking Error,1
how to prepare and cook a filet mignon,ms_marco,Ranking Error,1
average condo association fees chicago,ms_marco,Semantic Miss,0
talbots hourly wage,ms_marco,Lexical Miss,0
what is a gfr test on kidneys,ms_marco,Lexical Miss,0
meaning dream of man lying in pool of blood,ms_marco,Ranking Error,1
average private school tuition in canada,ms_marco,Ranking Error,1
what is a gene in biology,ms_marco,Ranking Error,1
when did mao zedong lead china,ms_marco,Ranking Error,1
which planets are considered twins,ms_marco,Lexical Miss,0
what are chiefdoms,ms_marco,Ranking Error,1
what does a starter motor do,ms_marco,Lexical Miss,0
average wage dental hygienist,ms_marco,Ranking Error,1
diseases caused by algae,ms_marco,Ranking Error,1
what is a Otorhinolaryngology,ms_marco,Lexical Miss,0
what is nearsightedness called,ms_marco,Ranking Error,1
what language is spoken in switzerland,ms_marco,Semantic Miss,0
where does biomass energy come from,ms_marco,Semantic Miss,0
what is the book of life,ms_marco,Ranking Error,1
dental hygienist salary comparison by city,ms_marco,Ranking Error,1
average weight of a model,ms_marco,Ranking Error,1
what is the meaning of a garden gnome,ms_marco,Ranking Error,1
how long heater last,ms_marco,Ranking Error,1
education needed for a biomedical engineer,ms_marco,Ranking Error,1
who sings on the song moves like jagger original,ms_marco,Ranking Error,1
where was chayanne born,ms_marco,Ranking Error,1
what does the zoroastrianism symbol represent,ms_marco,Ranking Error,1
what is fg in catheter,ms_marco,Ranking Error,1
is it ok to eat spinach raw,ms_marco,Semantic Miss,0
what is a heightened sense of smell a symptom of,ms_marco,Semantic Miss,0
define radical chemistry,ms_marco,Ranking Error,1
if you had a brain transplant would you be the same person,ms_marco,Ranking Error,1
can naproxen cause blood in urine,ms_marco,Lexical Miss,0
rear brake and rotor replacement cost,ms_marco,Ranking Error,1
diseases similar to rheumatoid arthritis,ms_marco,Ranking Error,1
what does pennyweight mean,ms_marco,Semantic Miss,0
is orbitz owned by delta,ms_marco,Ranking Error,1
what is ra latex turbid mean,ms_marco,Ranking Error,1
who is ruth davidson,ms_marco,Lexical Miss,0
similarities between due process and crime control models,ms_marco,Ranking Error,1
when was come fly with me released,ms_marco,Ranking Error,1
what languages is spoken in mongolia,ms_marco,Ranking Error,1
who is millie charles,ms_marco,Lexical Miss,0
what travel zone is deptford,ms_marco,Ranking Error,1
what was the pit in the globe theater,ms_marco,Ranking Error,1
how much does a residential survey cost,ms_marco,Ranking Error,1
how long to cook brisket in oven,ms_marco,Ranking Error,1
what is a group of roos,ms_marco,Ranking Error,1
what are prebiotics foods,ms_marco,Ranking Error,1
how long does collar dove take to hatch,ms_marco,Ranking Error,1
what is a corrido,ms_marco,Ranking Error,1
what is the epcot center,ms_marco,Ranking Error,1
what does aa grade gemstone mean,ms_marco,Ranking Error,1
how do you get rust out of a tea kettle,ms_marco,Ranking Error,1
what does warez mean,ms_marco,Ranking Error,1
what level of education is requirements for occupational therapist,ms_marco,Semantic Miss,0
what is igneous rock definition,ms_marco,Semantic Miss,0
foods for vitamin folate,ms_marco,Ranking Error,1
what causes purple urine,ms_marco,Ranking Error,1
how much does a pc computer cost,ms_marco,Semantic Miss,0
what is masteron,ms_marco,Ranking Error,1
what is ponzu made of,ms_marco,Ranking Error,1
the term salary gcse,ms_marco,Semantic Miss,0
what seeds are poisonous to humans,ms_marco,Ranking Error,1
perirolandic cortex definition,ms_marco,Ranking Error,1
what was the main goal of the military reconstruction act,ms_marco,Semantic Miss,0
what do you understand by fiscal policy,ms_marco,Ranking Error,1
coastal processes are located on what vertebrae,ms_marco,Semantic Miss,0
description of starfish habitat,ms_marco,Ranking Error,1
what was the reason for the berlin airlift quizlet,ms_marco,Ranking Error,1
how much sugar should i consume a day,ms_marco,Ranking Error,1
what is a habitat of a wolf,ms_marco,Semantic Miss,0
what decade did manufacturing start singapore,ms_marco,Ranking Error,1
who played frasier on tv series,ms_marco,Ranking Error,1
what is the function of the orbicularis oculi,ms_marco,Ranking Error,1
do snakes give birth to live snakes,ms_marco,Ranking Error,1
when did australia gain independence,ms_marco,Lexical Miss,0
what did progressive era lack reform in,ms_marco,Ranking Error,1
what is cilia function,ms_marco,Ranking Error,1
how has governor rick scott done since being elected?,ms_marco,Semantic Miss,0
which president had first speech on tv,ms_marco,Ranking Error,1
how long do you keep your baby in an infant car seat,ms_marco,Lexical Miss,0
what color is mediterranean bronze,ms_marco,Ranking Error,1
typical payroll cost for a small firm,ms_marco,Ranking Error,1
how many states are in USA,ms_marco,Ranking Error,1
"Colonial rule in African nations did all of the following, except",ms_marco,Ranking Error,1
how long can a baby sleep in a bassinet,ms_marco,Ranking Error,1
how did wwii contribute to the civil rights movement,ms_marco,Ranking Error,1
what is the average wage for housekeepers,ms_marco,Semantic Miss,0
what is a urn,ms_marco,Ranking Error,1
where is pain from gallbladder,ms_marco,Semantic Miss,0
what does disclosure mean under hipaa,ms_marco,Ranking Error,1
where is the jejunum located,ms_marco,Ranking Error,1
osteoporosis what does it mean,ms_marco,Ranking Error,1
how long do fresh hen eggs keep outside fridge,ms_marco,Lexical Miss,0
what genre is disney,ms_marco,Lexical Miss,0
why was berlin airlift needed,ms_marco,Ranking Error,1
what is cerebrospinal fluid,ms_marco,Ranking Error,1
why is this reaction called a hydrolytic reaction,ms_marco,Lexical Miss,0
what is the meaning of mayur,ms_marco,Ranking Error,1
are dendritic cells same as neuron dendrites,ms_marco,Ranking Error,1
what does prius mean,ms_marco,Semantic Miss,0
dimensions of a square acre in feet,ms_marco,Ranking Error,1
buddhism influence during the edo period,ms_marco,Ranking Error,1
clearance requirement for gas range,ms_marco,Ranking Error,1
what is micronized progesterone,ms_marco,Ranking Error,1
what is non-market socialism,ms_marco,Semantic Miss,0
do employer rrsp contributions count as income,ms_marco,Ranking Error,1
rendering --meaning,ms_marco,Ranking Error,1
where are otters indigenous to,ms_marco,Semantic Miss,0
what is the climate polar environment,ms_marco,Semantic Miss,0
when you order an item in listview the stocks will automatically deducted c#,ms_marco,Ranking Error,1
what is the cost to hire an employee,ms_marco,Ranking Error,1
how long to cook pork chops in showtime rotisserie,ms_marco,Ranking Error,1
where are the prostate glands located,ms_marco,Ranking Error,1
what are medium chain plant fats,ms_marco,Semantic Miss,0
medical technologist average starting salary,ms_marco,Ranking Error,1
what are food grade chemicals,ms_marco,Ranking Error,1
what is a BN,ms_marco,Ranking Error,1
where is alicante located,ms_marco,Ranking Error,1
what types of volcanic rock are found at divergent plate boundaries,ms_marco,Ranking Error,1
definition of saute in cooking,ms_marco,Semantic Miss,0
what is bacon preservative,ms_marco,Ranking Error,1
how to clean fingerprints off your laptop case,ms_marco,Ranking Error,1
what is the classification of flatworms,ms_marco,Ranking Error,1
how long do immediate dentures hurt,ms_marco,Lexical Miss,0
where is retroperitoneal lymph nodes,ms_marco,Lexical Miss,0
why are gas prices going up in oregon,ms_marco,Ranking Error,1
what do the arteries do in the respiratory system,ms_marco,Ranking Error,1
what is the longest river in africa,ms_marco,Semantic Miss,0
does texas require boiler inspections?,ms_marco,Ranking Error,1
where do catfish live in ponds,ms_marco,Semantic Miss,0
what are the blood sugar blood tests,ms_marco,Ranking Error,1
what does catfishing mean,ms_marco,Ranking Error,1
"what is street, drive or lane",ms_marco,Ranking Error,1
cost of kids passports,ms_marco,Ranking Error,1
substances are exchanged between the blood and body cells in the,ms_marco,Ranking Error,1
what makes a thunderstorm,ms_marco,Ranking Error,1
what did the emancipation proclamation do for the civil war,ms_marco,Ranking Error,1
how to tie egg loop knot,ms_marco,Ranking Error,1
how to make semolina porridge,ms_marco,Ranking Error,1
where in a muscle cell is calcium stored,ms_marco,Ranking Error,1
what is lagrangian multiplier,ms_marco,Ranking Error,1
what is payee account,ms_marco,Semantic Miss,0
how long to cook pork roast in a pellet smoker grill,ms_marco,Ranking Error,1
are beans inflammatory,ms_marco,Ranking Error,1
what is dialectical behavior therapy,ms_marco,Ranking Error,1
what is the class that includes sedimentary rocks which are deposited from a solution made from organic process,ms_marco,Ranking Error,1
how do i stop my iphone from updating,ms_marco,Ranking Error,1
when did the triceratops appear in the fossil record,ms_marco,Lexical Miss,0
what does the psoas muscle do,ms_marco,Ranking Error,1
what is present progressive,ms_marco,Ranking Error,1
what is a colonic angioectasia,ms_marco,Ranking Error,1
how long does it take to get my associates degree online,ms_marco,Ranking Error,1
what causes a navicular fracture,ms_marco,Ranking Error,1
where is the anterior cavity of the eye located,ms_marco,Ranking Error,1
what is mercedes kompressor,ms_marco,Ranking Error,1
what relish is made of,ms_marco,Ranking Error,1
heaviest birth weight,ms_marco,Ranking Error,1
how much to charge for carpet cleaning,ms_marco,Ranking Error,1
pv yield as a function of temperature,ms_marco,Ranking Error,1
how much deposit do you pay on exchange,ms_marco,Ranking Error,1
platelet count normal range,ms_marco,Ranking Error,1
does annual salary include bonus,ms_marco,Ranking Error,1
what did dobby tell harry just before the second task,ms_marco,Lexical Miss,0
why can't you sell the first edition of mein kampf on ebay,ms_marco,Lexical Miss,0
why was epa created,ms_marco,Ranking Error,1
what is voluntary repo,ms_marco,Ranking Error,1
are aries and cancer signs compatible,ms_marco,Ranking Error,1
what is threadworm,ms_marco,Semantic Miss,0
what is field clinical engineer,ms_marco,Ranking Error,1
what is an osteotomy,ms_marco,Ranking Error,1
how to keep keyboard to bottom of screen of acer iconia,ms_marco,Ranking Error,1
what is the yearly salary of a boat builder?,ms_marco,Ranking Error,1
cost per kwh,ms_marco,Semantic Miss,0
chromosome translocation definition,ms_marco,Ranking Error,1
what types of substances can diffuse through the lipid bilayer,ms_marco,Ranking Error,1
what does yellow urine indicate,ms_marco,Semantic Miss,0
dod per diems,ms_marco,Ranking Error,1
where did the battle of bunker hill take place,ms_marco,Lexical Miss,0
where is the coywolf habitat,ms_marco,Ranking Error,1
what are prions campbell biology,ms_marco,Semantic Miss,0
how many figures is a billion,ms_marco,Ranking Error,1
how long can chicken be kept in refrigerator,ms_marco,Ranking Error,1
common malignant tumor arising from osteoblasts,ms_marco,Ranking Error,1
what language is spoken in singapore,ms_marco,Ranking Error,1
which of the following endocrine glands is located in the neck,ms_marco,Ranking Error,1
how to use art for depression,ms_marco,Ranking Error,1
where does the name tory come from,ms_marco,Ranking Error,1
what is plasticine,ms_marco,Ranking Error,1
what is an evaluation instrument,ms_marco,Ranking Error,1
what does a thaad battery,ms_marco,Semantic Miss,0
ciprofloxacin dizziness side effects,ms_marco,Semantic Miss,0
why are syrian hamsters used in experiments?,ms_marco,Ranking Error,1
foods to avoid during implantation,ms_marco,Lexical Miss,0
who is billy brownless,ms_marco,Ranking Error,1
what is onychomycosis of toenails,ms_marco,Ranking Error,1
what zone is langley,ms_marco,Ranking Error,1
standard deviation of probability distribution,ms_marco,Ranking Error,1
what kind of gravel is bad for a fish tank,ms_marco,Ranking Error,1
what is the purpose of PCR,ms_marco,Ranking Error,1
what is cmos in computer,ms_marco,Ranking Error,1
what is title iii funding,ms_marco,Ranking Error,1
what frequency is mid range,ms_marco,Lexical Miss,0
what is chipotle chili powder,ms_marco,Ranking Error,1
what nutrient is most associated with eutrophication,ms_marco,Ranking Error,1
how much do waiters make,ms_marco,Ranking Error,1
are there different types of japanese painted ferns,ms_marco,Ranking Error,1
what is a gini coefficient,ms_marco,Ranking Error,1
reupholstery cost,ms_marco,Ranking Error,1
what are exports of sweden,ms_marco,Ranking Error,1
what geological processes is important in the formation of soil and sedimentary rock,ms_marco,Semantic Miss,0
how to keep house plants from becoming leggy,ms_marco,Ranking Error,1
vascular tissue made of dead cells,ms_marco,Semantic Miss,0
how much does a business manager make,ms_marco,Ranking Error,1
what are the statistics of being a registered nurse,ms_marco,Semantic Miss,0
where is bickley,ms_marco,Ranking Error,1
characteristics of rheumatoid arthritis,ms_marco,Ranking Error,1
average starting salary for college grads,ms_marco,Semantic Miss,0
what does poppy flower symbolize,ms_marco,Semantic Miss,0
what were the compromises at the constitutional convention,ms_marco,Ranking Error,1
what were early dry cell batteries made of,ms_marco,Ranking Error,1
what is teppanyaki,ms_marco,Ranking Error,1
what is ernest hilgard best known for,ms_marco,Ranking Error,1
how long is a ladybug's life cycle,ms_marco,Semantic Miss,0
what is the starting salary for x ray technician,ms_marco,Ranking Error,1
how much does it cost to get your passport expedited,ms_marco,Semantic Miss,0
how to get spin from a wedge shot,ms_marco,Ranking Error,1
requirements for being a correctional officer,ms_marco,Ranking Error,1
how long does it take for email to be delivered,ms_marco,Ranking Error,1
what is hoarse,ms_marco,Ranking Error,1
the average kidney receives what percentage of cardiac output,ms_marco,Lexical Miss,0
what does clustering mean,ms_marco,Semantic Miss,0
what is neuromuscular therapy,ms_marco,Ranking Error,1
where was spike lee born,ms_marco,Ranking Error,1
disease that opossum carry that are transmitted to dogs,ms_marco,Ranking Error,1
what is a transistor composed of,ms_marco,Ranking Error,1
what are the side effects of finacea,ms_marco,Ranking Error,1
what type of market structure is nike,ms_marco,Ranking Error,1
how is the water in the amazon river used,ms_marco,Semantic Miss,0
is dyslexia hereditary,ms_marco,Ranking Error,1
how long do wild baby bunnies nurse,ms_marco,Ranking Error,1
terms used in a will,ms_marco,Ranking Error,1
what is stigmatization,ms_marco,Ranking Error,1
how much paint is needed for a fence,ms_marco,Ranking Error,1
where is mittagong rsl,ms_marco,Ranking Error,1
what blood test is done to check for diabetes,ms_marco,Semantic Miss,0
are dna and chromosomes found in different types of cells,ms_marco,Ranking Error,1
what is the average attention span of a child,ms_marco,Lexical Miss,0
what does chemoautotroph mean,ms_marco,Ranking Error,1
how much does it cost for someone to put up a retaining wall,ms_marco,Ranking Error,1
what does ordinarily reside in australia mean,ms_marco,Ranking Error,1
what is cranberry sauce good for,ms_marco,Semantic Miss,0
what is azuki,ms_marco,Ranking Error,1
how to get full music albums for free,ms_marco,Ranking Error,1
what is a dhcp reservation,ms_marco,Semantic Miss,0
what is the meaning of bamboo tree,ms_marco,Ranking Error,1
what impact did the harlem renaissance have on american society,ms_marco,Ranking Error,1
what temperature for slow cooking,ms_marco,Semantic Miss,0
what does a sway bar do,ms_marco,Semantic Miss,0
how far from airport is beaches negril,ms_marco,Ranking Error,1
what were the ancient sumerian famous for,ms_marco,Ranking Error,1
what does apatite do,ms_marco,Ranking Error,1
oil price per barrel history,ms_marco,Ranking Error,1
platinum cost of production per ounce,ms_marco,Ranking Error,1
what does a teardrop tattoo by the eye mean,ms_marco,Ranking Error,1
How much should brake pad cost,ms_marco,Ranking Error,1
average salary system engineer seattle wa,ms_marco,Ranking Error,1
how to predict a period,ms_marco,Ranking Error,1
what is the code to type registered symbol,ms_marco,Ranking Error,1
how much does price chopper pay,ms_marco,Ranking Error,1
are cancer cell is anaerobic,ms_marco,Ranking Error,1
how many americans enrolled in medicare,ms_marco,Ranking Error,1
how long to cook a cross rib roast,ms_marco,Ranking Error,1
what is lacquer,ms_marco,Semantic Miss,0
when does the logan post office open,ms_marco,Ranking Error,1
what causes stiffness in hands,ms_marco,Ranking Error,1
where is the name keeva from,ms_marco,Ranking Error,1
cost of pet insurance per month,ms_marco,Ranking Error,1
how long does it take to recover from knee arthroscopy,ms_marco,Ranking Error,1
is a peacock a bird,ms_marco,Ranking Error,1
are fish considered a meat,ms_marco,Ranking Error,1
what are four season strawberries,ms_marco,Ranking Error,1
what nutrients does a teenager need,ms_marco,Semantic Miss,0
what is auricle,ms_marco,Ranking Error,1
comprehensive immigration reform definition,ms_marco,Ranking Error,1
what parts of capers are used in food,ms_marco,Ranking Error,1
cause of erdheim-chester disease,ms_marco,Ranking Error,1
what is the longest medical word,ms_marco,Semantic Miss,0
What is the average cost of chiwawa puppies,ms_marco,Ranking Error,1
how fast does first response detect pregnancy,ms_marco,Ranking Error,1
does jupiter have carbon dioxide,ms_marco,Ranking Error,1
what are kneading movements,ms_marco,Ranking Error,1
what is the meaning of lily,ms_marco,Ranking Error,1
antibodies are important in what type of immune response,ms_marco,Ranking Error,1
where is is kidzania sentosa,ms_marco,Lexical Miss,0
causes of intestinal adhesions,ms_marco,Ranking Error,1
what colours represent what emotions,ms_marco,Ranking Error,1
what is lithotomy position,ms_marco,Ranking Error,1
normal wbc count range,ms_marco,Ranking Error,1
what does parathyroid gland do,ms_marco,Lexical Miss,0
history about the spaniards the types of food clothing shelter and language dey speak,ms_marco,Ranking Error,1
immunoglobulin definition,ms_marco,Lexical Miss,0
where is gerdau steel located,ms_marco,Ranking Error,1
how much do i pay for auditor,ms_marco,Ranking Error,1
how much do you pay for a dog,ms_marco,Ranking Error,1
what is inside jackfruit,ms_marco,Ranking Error,1
average temperature fuerteventura,ms_marco,Ranking Error,1
average act score for a freshman,ms_marco,Ranking Error,1
how do we know the mayans were influenced by the olmec,ms_marco,Ranking Error,1
what does nightly version mean,ms_marco,Ranking Error,1
what tissues are plants covered in,ms_marco,Semantic Miss,0
fasted definition,ms_marco,Semantic Miss,0
tiles installation cost estimate,ms_marco,Ranking Error,1
what is the difference between inhuman and inhumane,ms_marco,Semantic Miss,0
iatrogenic coagulopathy definition,ms_marco,Ranking Error,1
controlled study definition,ms_marco,Ranking Error,1
is rheumatoid arthritis different from arthritis,ms_marco,Ranking Error,1
how many years to become an aerospace engineer,ms_marco,Lexical Miss,0
what enzyme does a positive TSI test detect,ms_marco,Ranking Error,1
how much do bodybuilders make,ms_marco,Ranking Error,1
how long do radio waves to get to venus from earth,ms_marco,Ranking Error,1
how to change a computer name,ms_marco,Ranking Error,1
is parkinson's disease autoimmune,ms_marco,Ranking Error,1
how much is chiropractic care,ms_marco,Semantic Miss,0
definition of motion rate,ms_marco,Semantic Miss,0
habitat fragmentation meaning,ms_marco,Ranking Error,1
what is occupational class,ms_marco,Ranking Error,1
what does the amplitude mean in a cosine equation,ms_marco,Ranking Error,1
how to open .sitx files on windows,ms_marco,Ranking Error,1
what does Claré means,ms_marco,Ranking Error,1
"how to calculate price charged per unit given units sold, fixed cost and variable cost per unit",ms_marco,Ranking Error,1
why is it called a kissing bug,ms_marco,Ranking Error,1
what type of car does shu todoroki drive,ms_marco,Ranking Error,1
sella turcica what is cause by,ms_marco,Lexical Miss,0
how much do weddings cost in the philippines,ms_marco,Ranking Error,1
standard deviation measures what kind of risk,ms_marco,Ranking Error,1
average temperature for santa barbara ca,ms_marco,Ranking Error,1
what is marketing resource,ms_marco,Lexical Miss,0
average cost of heat pump system and installation,ms_marco,Ranking Error,1
what is shinkansen,ms_marco,Ranking Error,1
how long to heal a fractured ankle,ms_marco,Lexical Miss,0
examples of anaerobic exercise,ms_marco,Semantic Miss,0
what is a tawse,ms_marco,Semantic Miss,0
how to boil a perfect egg,ms_marco,Ranking Error,1
what is a fortress,ms_marco,Ranking Error,1
where is coffs harbour,ms_marco,Ranking Error,1
where did the brown tree snake come from,ms_marco,Ranking Error,1
what county is berkeley ca,ms_marco,Ranking Error,1
annual cost of HIV,ms_marco,Semantic Miss,0
what features are found in theropods,ms_marco,Semantic Miss,0
what are intercalated discs functions,ms_marco,Ranking Error,1
cost to replace floor,ms_marco,Semantic Miss,0
what function does the thyroid perform,ms_marco,Lexical Miss,0
where is bankhead georgia,ms_marco,Ranking Error,1
when was fontana dam built,ms_marco,Ranking Error,1
what kind of dog does jennifer aniston have,ms_marco,Ranking Error,1
what kind of animal is vulpes velox how do you know,ms_marco,Semantic Miss,0
estimated cost of radial keratotomy,ms_marco,Lexical Miss,0
definition commandeer,ms_marco,Ranking Error,1
mumps contagious,ms_marco,Ranking Error,1
what does an hvac technician do,ms_marco,Ranking Error,1
international average salary income database,ms_marco,Ranking Error,1
average cost of house building per square metre,ms_marco,Ranking Error,1
gestation period for wild rabbits,ms_marco,Ranking Error,1
what is haggis made of,ms_marco,Ranking Error,1
what is the gulo gene,ms_marco,Ranking Error,1
what does a body scan detect?,ms_marco,Ranking Error,1
carbs in a medium potato,ms_marco,Ranking Error,1
what is a wetland restoration,ms_marco,Ranking Error,1
fever definition celsius,ms_marco,Ranking Error,1
is there a website to check comma usage,ms_marco,Ranking Error,1
how long does a yorkie mix with chihuahua lives,ms_marco,Ranking Error,1
amount of cholesterol in steak,ms_marco,Ranking Error,1
what is the bad thing about green cleaning,ms_marco,Ranking Error,1
what is polyresin,ms_marco,Ranking Error,1
trip to hawaii average cost,ms_marco,Ranking Error,1
geothermal cost to install,ms_marco,Semantic Miss,0
how many times are you supposed to be able to bench press your weight,ms_marco,Semantic Miss,0
what signal does a mobile phone give off,ms_marco,Ranking Error,1
what is a hyperbolic curve,ms_marco,Ranking Error,1
why isolate plasmid dna,ms_marco,Ranking Error,1
what is involved in memory,ms_marco,Ranking Error,1
What is the average internet cost per month,ms_marco,Ranking Error,1
what are the precipitating factors for addison's disease in dogs,ms_marco,Semantic Miss,0
times definition,ms_marco,Ranking Error,1
what are symptoms of pancreatitis,ms_marco,Ranking Error,1
what county is catonsville md in,ms_marco,Ranking Error,1
best average temperature in toronto,ms_marco,Ranking Error,1
what is tomato pomace,ms_marco,Ranking Error,1
who is david dukes kkk,ms_marco,Ranking Error,1
what is stadol nasal spray,ms_marco,Ranking Error,1
average household electricity consumption ontario,ms_marco,Semantic Miss,0
average lines per hour entry level medical transcriptionist,ms_marco,Ranking Error,1
best time to visit denmark,ms_marco,Ranking Error,1
what is the difference between lantus and levemir,ms_marco,Ranking Error,1
is isobutylene recyclable,ms_marco,Semantic Miss,0
passport renewal costs,ms_marco,Ranking Error,1
what were economic consequences of the gold rush,ms_marco,Ranking Error,1
what is normal urine frequency per day,ms_marco,Ranking Error,1
what are the different types of pancreatic enzymes,ms_marco,Ranking Error,1
why are viruses such a difficult group to classify,ms_marco,Ranking Error,1
average soccer player salary in the world,ms_marco,Ranking Error,1
how do i compute the cost of goods sold,ms_marco,Ranking Error,1
average earnings karate school owner,ms_marco,Ranking Error,1
average cost of shock and strut replacement,ms_marco,Lexical Miss,0
what is gordian knot,ms_marco,Ranking Error,1
what does cholesterol do to the lipid bilayer,ms_marco,Lexical Miss,0
what is a civils contractor,ms_marco,Ranking Error,1
the opponent process theory of color vision,ms_marco,Ranking Error,1
what branches of government are involved in making laws,ms_marco,Ranking Error,1
what does multicast querier mean,ms_marco,Ranking Error,1
how does ira work,ms_marco,Ranking Error,1
age you can shoot at a firing range in usa,ms_marco,Ranking Error,1
negative effects of alcohol on society,ms_marco,Ranking Error,1
what temperature is medium rare prime rib,ms_marco,Ranking Error,1
average college tuition for private college,ms_marco,Ranking Error,1
what is a rita municipality,ms_marco,Ranking Error,1
are satsuma mandarins seedless,ms_marco,Ranking Error,1
biggest island in bahamas,ms_marco,Ranking Error,1
what is the difference turmeric root from ginger root,ms_marco,Ranking Error,1
what is a stomate,ms_marco,Ranking Error,1
are millipedes nocturnal,ms_marco,Ranking Error,1
what is STC rating,ms_marco,Semantic Miss,0
how do i open pictures in windows media player,ms_marco,Semantic Miss,0
which type of blood vessel usually carries oxygen-rich blood,ms_marco,Ranking Error,1
difference in salary rn and bsn,ms_marco,Semantic Miss,0
what type of oak is verdun oak,ms_marco,Ranking Error,1
what is Diabetic microalbuminuria,ms_marco,Ranking Error,1
what is the meaning of chesed,ms_marco,Semantic Miss,0
my passport ultra not saving files,ms_marco,Ranking Error,1
who is the majority leader of the house of representatives,ms_marco,Ranking Error,1
what constitutes a liability,ms_marco,Ranking Error,1
average temps for fairbanks alaska,ms_marco,Ranking Error,1
top reasons for having pain in left heart,ms_marco,Ranking Error,1
"distance between canmore, alberta and banff (town) miles and time",ms_marco,Ranking Error,1
what is bupropion used to treat,ms_marco,Semantic Miss,0
is stubhub reliable,ms_marco,Semantic Miss,0
temperature at which gasoline will ignite,ms_marco,Semantic Miss,0
how much do massage therapists make at a spa,ms_marco,Ranking Error,1
when did slavery end in usa,ms_marco,Lexical Miss,0
cost to get passport,ms_marco,Semantic Miss,0
what is magnesium oxide made up of,ms_marco,Ranking Error,1
can metamorphic rock be used to make pottery,ms_marco,Semantic Miss,0
is lorazepam a narcotic,ms_marco,Ranking Error,1
fan motor cost for air conditioner,ms_marco,Semantic Miss,0
ideal body temperature for humans,ms_marco,Ranking Error,1
how long is the average nfl career,ms_marco,Ranking Error,1
how long should i cook a ribeye steak,ms_marco,Ranking Error,1
what colour is expression lilium,ms_marco,Ranking Error,1
what is lagna in astrology,ms_marco,Ranking Error,1
credit score good bad average,ms_marco,Ranking Error,1
how much is pregnancy period in dogs,ms_marco,Ranking Error,1
what is the function of decoder,ms_marco,Ranking Error,1
what process do plants use to break down the sugars they produce,ms_marco,Ranking Error,1
it's a dui a misdemeanor or felony,ms_marco,Lexical Miss,0
average cost of a roofing,ms_marco,Ranking Error,1
what is carbohydrate fermentation,ms_marco,Ranking Error,1
how much does a theoretical physicist get paid,ms_marco,Ranking Error,1
how much postage for a letter to scotland,ms_marco,Ranking Error,1
what does wing mean,ms_marco,Lexical Miss,0
who wrote purple rain lyrics,ms_marco,Ranking Error,1
why does my gas pedal keep sticking,ms_marco,Ranking Error,1
what kind of fish is rockfish,ms_marco,Ranking Error,1
what causes tias,ms_marco,Lexical Miss,0
what region is brampton in,ms_marco,Ranking Error,1
how much does an lpn make an hour in illinois,ms_marco,Ranking Error,1
how to care for a fig tree,ms_marco,Ranking Error,1
what is pulmonary fibrosis symptoms,ms_marco,Ranking Error,1
dog vaccination costs,ms_marco,Semantic Miss,0
the beginning of medicare,ms_marco,Semantic Miss,0
when do you take cold eeze,ms_marco,Ranking Error,1
how long does caffeine stay in your system for,ms_marco,Ranking Error,1
what gold alloys are used in jewelry,ms_marco,Ranking Error,1
how long to bake chicken drumsticks in oven,ms_marco,Ranking Error,1
whittaker classification genus species variety,ms_marco,Semantic Miss,0
what is a beta particle made up of,ms_marco,Ranking Error,1
average salary for orthopedic pa in arizona,ms_marco,Ranking Error,1
what are the three types of meteoroids/asteroids.,ms_marco,Ranking Error,1
common sites of metastasis of ovarian cancer,ms_marco,Ranking Error,1
what food don't contain preservatives,ms_marco,Ranking Error,1
what is a lira,ms_marco,Ranking Error,1
show calculation celsius to kelvin,ms_marco,Ranking Error,1
what is blood pudding in ireland,ms_marco,Ranking Error,1
what is ulnar styloid,ms_marco,Lexical Miss,0
which kingdoms have a true nucleus,ms_marco,Ranking Error,1
what is the difference between nuclear dna and mitochondrial dna,ms_marco,Ranking Error,1
operational psychology definition,ms_marco,Ranking Error,1
starting dose of neurontin,ms_marco,Ranking Error,1
what are smiley faces called,ms_marco,Ranking Error,1
what does a store manager do,ms_marco,Ranking Error,1
how much does choreographers get paid,ms_marco,Ranking Error,1
what does hss stand for,ms_marco,Lexical Miss,0
should i turn off my ice maker when going away for a few months ?,ms_marco,Ranking Error,1
average hospital stay cost,ms_marco,Ranking Error,1
is cholo a derogatory term,ms_marco,Ranking Error,1
average homeowner insurance cost,ms_marco,Ranking Error,1
when was the cambrian period,ms_marco,Ranking Error,1
where is dallas located in usa,ms_marco,Ranking Error,1
does poppy seed mean mustard seeds,ms_marco,Ranking Error,1
how much does a afghan hound cost,ms_marco,Ranking Error,1
how long does it take to get a passport and how much does it cost,ms_marco,Lexical Miss,0
average temperature in ashtabula ohio in may,ms_marco,Ranking Error,1
meaning of the baby name mackenzie,ms_marco,Ranking Error,1
what does coda mean,ms_marco,Ranking Error,1
what is aerobic glycolysis,ms_marco,Ranking Error,1
where is persepolis located,ms_marco,Semantic Miss,0
why is the river severn called the river severn,ms_marco,Ranking Error,1
what is the range for normal blood glucose levels,ms_marco,Ranking Error,1
definition epistle,ms_marco,Ranking Error,1
what causes stye,ms_marco,Semantic Miss,0
how to become a recreational therapist,ms_marco,Ranking Error,1
where orangutans live,ms_marco,Ranking Error,1
how often should i get a mammogram,ms_marco,Ranking Error,1
a list of vitamins and minerals and what they do,ms_marco,Ranking Error,1
where can i find a notary republic greenfield indiana,ms_marco,Ranking Error,1
can i claim my child as a dependent if they don't live with me,ms_marco,Ranking Error,1
What is parathyroid function,ms_marco,Ranking Error,1
where is matadi,ms_marco,Semantic Miss,0
what is inflammatory condition,ms_marco,Ranking Error,1
how can i see my iphone's screen to pc,ms_marco,Ranking Error,1
how long does it take to walk 5k,ms_marco,Ranking Error,1
list of cancers for alcohol,ms_marco,Ranking Error,1
are tamko shingles good,ms_marco,Ranking Error,1
on what month was mother's day was supposed to be celebrated,ms_marco,Ranking Error,1
what is doxycycline,ms_marco,Semantic Miss,0
what is the difference between a shark and a whale,ms_marco,Ranking Error,1
list of viscous fibre food,ms_marco,Semantic Miss,0
what kind of romex for outlets,ms_marco,Semantic Miss,0
how to change your pc login password,ms_marco,Semantic Miss,0
muscle disorders are often evaluated by,ms_marco,Semantic Miss,0
how much is a fat transfer to buttocks,ms_marco,Semantic Miss,0
what does a geneticist do,ms_marco,Semantic Miss,0
what is subclinical hyperthyroidism,ms_marco,Ranking Error,1
difference between grams and grams force,ms_marco,Semantic Miss,0
how did the paris peace conference affect japan,ms_marco,Lexical Miss,0
Quizlet define gene mutation,ms_marco,Ranking Error,1
what is the airheads mystery flavor what is it,ms_marco,Semantic Miss,0
how to cut seed potatoes to plant,ms_marco,Ranking Error,1
what kind of lake is lake simcoe,ms_marco,Ranking Error,1
where can stem cells be found in human body,ms_marco,Ranking Error,1
how long does it take to install a pool,ms_marco,Ranking Error,1
cost to remove and install concrete driveway,ms_marco,Ranking Error,1
why was cape town founded,ms_marco,Ranking Error,1
lpg heating installation cost,ms_marco,Semantic Miss,0
peripheral artery disease foot swelling,ms_marco,Ranking Error,1
frequency of data definition,ms_marco,Ranking Error,1
competences biology definition,ms_marco,Ranking Error,1
does regeneron do background checks,ms_marco,Semantic Miss,0
what kind of character is thimbletack,ms_marco,Ranking Error,1
what is an induction motor,ms_marco,Ranking Error,1
what are the functions of each lobes in the cerebral,ms_marco,Semantic Miss,0
full classification of cyprinus carpio,ms_marco,Ranking Error,1
what type of bedding for chickens,ms_marco,Semantic Miss,0
what is respiratory equipment,ms_marco,Ranking Error,1
best thing for killing dandelions,ms_marco,Ranking Error,1
where was movie the birds filmed,ms_marco,Lexical Miss,0
what does jolie blon mean,ms_marco,Ranking Error,1
what is chondromalacia,ms_marco,Ranking Error,1
what does ach manager mean,ms_marco,Semantic Miss,0
what are cruciferous vegetables,ms_marco,Ranking Error,1
cost per kwh in long beach ca,ms_marco,Semantic Miss,0
can crohn's cause weight loss,ms_marco,Semantic Miss,0
what the name elvie means,ms_marco,Ranking Error,1
what is used motherboard,ms_marco,Ranking Error,1
date of september fomc meeting,ms_marco,Ranking Error,1
average salary of doctors in us,ms_marco,Ranking Error,1
is gonorrhea infectious or noninfectious,ms_marco,Ranking Error,1
what is culture within a business,ms_marco,Ranking Error,1
Why did many scientists reject the Copernican model when it was published?,ms_marco,Ranking Error,1
what is anomie,ms_marco,Semantic Miss,0
where is a floodplain,ms_marco,Ranking Error,1
how much is lipscomb university tuition,ms_marco,Ranking Error,1
how long does it take for a college refund check to get mailed,ms_marco,Ranking Error,1
does lowes install sheds,ms_marco,Ranking Error,1
how long is the seikan tunnel,ms_marco,Ranking Error,1
what is medicaid requirement,ms_marco,Ranking Error,1
why is africa densely populated,ms_marco,Ranking Error,1
rheumatoid arthritis is it hereditary,ms_marco,Lexical Miss,0
what causes scours in dairy cows,ms_marco,Ranking Error,1
what is balik ekmek,ms_marco,Semantic Miss,0
how often does medicare pay for mammograms,ms_marco,Ranking Error,1
what are the triceps brachii,ms_marco,Ranking Error,1
how long to boil ribs before grilling,ms_marco,Ranking Error,1
what is the twelfth amendment,ms_marco,Ranking Error,1
does crestor affect cholesterol,ms_marco,Ranking Error,1
where are habitats found,ms_marco,Ranking Error,1
how much does it cost to build house,ms_marco,Ranking Error,1
calligrapher definition,ms_marco,Ranking Error,1
how long does it take for pterygium to heal after surgery,ms_marco,Ranking Error,1
what is in poi,ms_marco,Ranking Error,1
cooking time for a leg of lamb per kg,ms_marco,Ranking Error,1
different types of orchids and their names,ms_marco,Ranking Error,1
salary sacrifice super limits,ms_marco,Semantic Miss,0
typical dose of digoxin for elderly,ms_marco,Ranking Error,1
average cost of food per week in sydney,ms_marco,Ranking Error,1
what is fibroid,ms_marco,Ranking Error,1
signs of your appendix rupturing,ms_marco,Ranking Error,1
at what temperature does oxygen become liquid,ms_marco,Ranking Error,1
pesto slang meaning,ms_marco,Lexical Miss,0
what do kidneys beans consist of,ms_marco,Ranking Error,1
what is smallest particle size a human eye can see,ms_marco,Ranking Error,1
what digestive processes occur in the small intestine,ms_marco,Ranking Error,1
causes for kidney stones,ms_marco,Lexical Miss,0
what is pancreatic calcification,ms_marco,Ranking Error,1
per diem deduction,ms_marco,Semantic Miss,0
define responsible government,ms_marco,Ranking Error,1
average anesthesiologist salary,ms_marco,Semantic Miss,0
what is xvid ac3,ms_marco,Ranking Error,1
how long should you bake chicken legs,ms_marco,Ranking Error,1
organelle responsible for aerobic cellular respiration,ms_marco,Ranking Error,1
What does a molecular flu test detect,ms_marco,Lexical Miss,0
what is prilocaine,ms_marco,Ranking Error,1
how long can you keep chicken salad in your fridge,ms_marco,Ranking Error,1
average weight for a female english lab,ms_marco,Ranking Error,1
cost for tile removal,ms_marco,Ranking Error,1
what is vsm,ms_marco,Ranking Error,1
what damage do fully blocked arteries,ms_marco,Ranking Error,1
michael chiklis played in what shows,ms_marco,Semantic Miss,0
what are the characteristics of primates,ms_marco,Ranking Error,1
how many words are on a page in a novel,ms_marco,Ranking Error,1
how long does it take to cook ribeye roast,ms_marco,Ranking Error,1
average np salary in texas,ms_marco,Semantic Miss,0
what molecules make up chromosomes,ms_marco,Ranking Error,1
what is the antagonist in muscles,ms_marco,Semantic Miss,0
term meaning muscle pain,ms_marco,Lexical Miss,0
air velocity needed for good impingement drying,ms_marco,Ranking Error,1
why was the havana charter rejected,ms_marco,Semantic Miss,0
how much do vet techs make,ms_marco,Ranking Error,1
how long can chicken cutlets stay in the fridge,ms_marco,Ranking Error,1
what is a kremlin,ms_marco,Ranking Error,1
how do the nhl playoff matchups work,ms_marco,Ranking Error,1
a antonym for politely,ms_marco,Ranking Error,1
what properties are particles and waves,ms_marco,Ranking Error,1
vehicle payload definition,ms_marco,Ranking Error,1
what are sand reefs,ms_marco,Ranking Error,1
what is postscript,ms_marco,Ranking Error,1
what is the meaning of the decameron,ms_marco,Semantic Miss,0
what does altimeter mean,ms_marco,Ranking Error,1
what is femoral neck,ms_marco,Ranking Error,1
describe igneous rocks,ms_marco,Semantic Miss,0
how tall is an average monkey,ms_marco,Ranking Error,1
what is endocannabinoid system,ms_marco,Ranking Error,1
how much do hobby lobby employees make an hour,ms_marco,Semantic Miss,0
protein per day in grams for a runner,ms_marco,Ranking Error,1
what does salinity mean,ms_marco,Semantic Miss,0
how does pressure affect phase change,ms_marco,Ranking Error,1
is graphite rare,ms_marco,Ranking Error,1
how long can someone last without food or fluids,ms_marco,Ranking Error,1
can an inherited ira be converted to a roth ira,ms_marco,Ranking Error,1
which hormone is responsible for eating,ms_marco,Ranking Error,1
how tight should boat be to dock,ms_marco,Ranking Error,1
how can you tell if there is a problem with your transmission,ms_marco,Ranking Error,1
is there a certain university degree to become an occupational therapist,ms_marco,Ranking Error,1
chromosomes are made when dna wraps around,ms_marco,Ranking Error,1
in which organ-- gizzard or crop-- would you expect to find the contents more ground up,ms_marco,Ranking Error,1
how long can tracheal irritation last after anesthesia in dogs,ms_marco,Ranking Error,1
how young do babies start teething,ms_marco,Semantic Miss,0
what does soil pollution happen,ms_marco,Ranking Error,1
what currency do germany use,ms_marco,Ranking Error,1
what means when a teen uses the express did you get your lunch money?,ms_marco,Ranking Error,1
what does shaniqua mean,ms_marco,Ranking Error,1
temp of pork or chicken,ms_marco,Ranking Error,1
what does hip do,ms_marco,Ranking Error,1
is kodak still making cameras,ms_marco,Semantic Miss,0
how long to cook chuck roast in the oven,ms_marco,Semantic Miss,0
what is a kier,ms_marco,Ranking Error,1
what kind of oil does wendy's use to fry in,ms_marco,Ranking Error,1
what is normal dosage for lyrica,ms_marco,Semantic Miss,0
what is the origin of the name cattermole?,ms_marco,Ranking Error,1
what is the average cost of replacement windows installed,ms_marco,Ranking Error,1
how is bitcoin different from traditional currency,ms_marco,Ranking Error,1
male name meaning healer,ms_marco,Ranking Error,1
what kind of disorder is adhd,ms_marco,Ranking Error,1
what type of tissue is the wall of the heart made of,ms_marco,Ranking Error,1
who is the drummer in metallica,ms_marco,Ranking Error,1
cooking time for turkey,ms_marco,Ranking Error,1
why was the united states constitution created,ms_marco,Ranking Error,1
a bacterial infection is elevation of what,ms_marco,Ranking Error,1
where is it brisbane,ms_marco,Semantic Miss,0
what color is our blood,ms_marco,Ranking Error,1
market futures definition,ms_marco,Ranking Error,1
putting baking soda in water to boil eggs,ms_marco,Semantic Miss,0
name that means fire,ms_marco,Ranking Error,1
what is a Positive fecal occult blood test,ms_marco,Semantic Miss,0
point cook median house price,ms_marco,Ranking Error,1
what is a credit tenant,ms_marco,Ranking Error,1
where are white blood cells formed,ms_marco,Ranking Error,1
how much do footballers get paid,ms_marco,Ranking Error,1
DNA polymerase kids definition,ms_marco,Ranking Error,1
what was the manifesto of surrealism,ms_marco,Ranking Error,1
how long does it take impatiens to germinate,ms_marco,Lexical Miss,0
have much protein should i take a day,ms_marco,Lexical Miss,0
metastatic cancer lymph nodes symptoms,ms_marco,Ranking Error,1
where do joints occur,ms_marco,Ranking Error,1
why did tim hortons expand internationally,ms_marco,Lexical Miss,0
what is the difference between quartz granite and marble,ms_marco,Lexical Miss,0
what is vactor,ms_marco,Ranking Error,1
is peat moss considered a mineral,ms_marco,Lexical Miss,0
what age can withdraw ira,ms_marco,Ranking Error,1
how much does it cost to paint kitchen cabinets,ms_marco,Ranking Error,1
what kind of industry helps mexico,ms_marco,Ranking Error,1
what is the meaning of kaleem name,ms_marco,Ranking Error,1
what does acquisition cost include,ms_marco,Ranking Error,1
what causes chemical meningitis,ms_marco,Ranking Error,1
what is kina shell,ms_marco,Ranking Error,1
how much does the masters payout winnings,ms_marco,Ranking Error,1
what is gist cancer,ms_marco,Semantic Miss,0
what was the supreme court decision in korematsu vs us,ms_marco,Semantic Miss,0
cost to remove mold in home,ms_marco,Ranking Error,1
Sedimentary rocks that are formed partially by animals and plants are called what?,ms_marco,Ranking Error,1
what is the difference between dental hygienist and dental assistant salaries,ms_marco,Ranking Error,1
what is nmr and mri,ms_marco,Ranking Error,1
what does emulsifier do,ms_marco,Ranking Error,1
how much money do nurses make,ms_marco,Ranking Error,1
good sources of vitamin a,ms_marco,Ranking Error,1
what type of barrier is mucus,ms_marco,Ranking Error,1
how does freezing affect the nutrients in food,ms_marco,Ranking Error,1
why do children get obese at such a young age,ms_marco,Ranking Error,1
where is the pancreas located relative to other organs,ms_marco,Ranking Error,1
what meat is carnosine in,ms_marco,Semantic Miss,0
can i sue the government in small claims court,ms_marco,Ranking Error,1
when were historical documents written,ms_marco,Ranking Error,1
names of crystalline igneous rocks,ms_marco,Ranking Error,1
what is the currency in haiti,ms_marco,Ranking Error,1
how much does it cost for a speech therapist,ms_marco,Ranking Error,1
meaning of name myah,ms_marco,Ranking Error,1
what is a cohesive essay,ms_marco,Ranking Error,1
when was pompeia born,ms_marco,Semantic Miss,0
Abbreviation for both Ears,ms_marco,Ranking Error,1
what function does your adrenal gland control,ms_marco,Ranking Error,1
what are rice noodles made out of,ms_marco,Ranking Error,1
miner name meanings,ms_marco,Ranking Error,1
mediterranean diet what type of residents are on this food,ms_marco,Lexical Miss,0
marginal cost tells us the,ms_marco,Ranking Error,1
what is the meaning of a claddagh ring,ms_marco,Ranking Error,1
when were terracotta warriors found,ms_marco,Semantic Miss,0
what is meant by the word - notwithstanding,ms_marco,Ranking Error,1
replacement cost profit,ms_marco,Ranking Error,1
what does anti fouled mean,ms_marco,Ranking Error,1
what is artane medication used for,ms_marco,Semantic Miss,0
what age should a dog be spayed,ms_marco,Ranking Error,1
how long does it take to get passport renewed,ms_marco,Ranking Error,1
what is taurine made of,ms_marco,Ranking Error,1
what are intermediate rocks,ms_marco,Semantic Miss,0
what kind of spectrums are there,ms_marco,Ranking Error,1
how long do house of representatives members serve,ms_marco,Ranking Error,1
what is the incubation period for chlamydia,ms_marco,Ranking Error,1
what is prescriptive building code,ms_marco,Ranking Error,1
how much do medical technologists make,ms_marco,Ranking Error,1
how to like a page on facebook without friends seeing it,ms_marco,Ranking Error,1
where are your ribs in your back located,ms_marco,Semantic Miss,0
can you get pta degree online,ms_marco,Semantic Miss,0
how to become a parole officer,ms_marco,Ranking Error,1
what can you use limoncello for,ms_marco,Ranking Error,1
how thick does concrete need to be garden wall,ms_marco,Ranking Error,1
what is a muscle in the body,ms_marco,Ranking Error,1
average salary for draughtsman,ms_marco,Ranking Error,1
what is modular arithmetic,ms_marco,Ranking Error,1
lenovo k4 note yahoo mail configuration,ms_marco,Ranking Error,1
what are the disadvantages of silk,ms_marco,Ranking Error,1
what is a registrar office,ms_marco,Ranking Error,1
what is meant by reflection of the serous pericardium,ms_marco,Ranking Error,1
is menstruation the normal condition for humans,ms_marco,Ranking Error,1
poems punctuation rules,ms_marco,Lexical Miss,0
what classification is lanoxin,ms_marco,Ranking Error,1
what does the enterogastric reflex accomplish,ms_marco,Ranking Error,1
chicken pox and incubation period,ms_marco,Ranking Error,1
what is the longitude and latitude of the great barrier reef,ms_marco,Ranking Error,1
where is waikeria prison,ms_marco,Ranking Error,1
how long should lambs nurse till weaned,ms_marco,Ranking Error,1
how much will new brakes cost for my car,ms_marco,Ranking Error,1
where is foshan in china map,ms_marco,Ranking Error,1
where is the alveoli located and what is its function,ms_marco,Ranking Error,1
what does it cost to launch a boat in collier county florida,ms_marco,Ranking Error,1
what is rp accent,ms_marco,Ranking Error,1
how to make the laptop keyboard light up,ms_marco,Ranking Error,1
how much to pay for drywall work,ms_marco,Semantic Miss,0
research study protocol meaning,ms_marco,Ranking Error,1
how do i pay my taxes online,ms_marco,Ranking Error,1
which opioids is an agonist and antagonist,ms_marco,Ranking Error,1
what is a husband supposed to do,ms_marco,Ranking Error,1
how much does it cost to make a sensor mat,ms_marco,Ranking Error,1
what foods grow well in italy,ms_marco,Semantic Miss,0
what to eat to reduce raised inflammatory markers,ms_marco,Ranking Error,1
is a nerve conduction study test painful,ms_marco,Ranking Error,1
where do bees usually live,ms_marco,Ranking Error,1
what is fossilization,ms_marco,Ranking Error,1
where is hornchurch,ms_marco,Semantic Miss,0
what is the mountain range in european russia,ms_marco,Ranking Error,1
why were nature and human nature important to renaissance artists,ms_marco,Ranking Error,1
how to turn xerox printer online,ms_marco,Semantic Miss,0
what is seid,ms_marco,Ranking Error,1
where is the sea of galilee,ms_marco,Ranking Error,1
can you borrow money from an ira,ms_marco,Ranking Error,1
how long does bankruptcy affect me,ms_marco,Ranking Error,1
what are dna microarrays,ms_marco,Ranking Error,1
call apple support number,ms_marco,Semantic Miss,0
how much does a medical technologist earn,ms_marco,Ranking Error,1
is something wrong if my right side is hurting,ms_marco,Ranking Error,1
What spiritual significance does the ganges,ms_marco,Ranking Error,1
what is the minimum temperature for an office environment,ms_marco,Ranking Error,1
how much does a nutritionist make a year,ms_marco,Ranking Error,1
"housing appraisals, cost",ms_marco,Ranking Error,1
how long can a cgis investigation last,ms_marco,Ranking Error,1
side effects of prednisolone,ms_marco,Ranking Error,1
what is ferrous gluconate,ms_marco,Ranking Error,1
what animal is uniqua from backyardigans,ms_marco,Semantic Miss,0
what is descriptive paragraph,ms_marco,Ranking Error,1
what region is cambridge in,ms_marco,Ranking Error,1
where do depositions of fact witnesses take place,ms_marco,Ranking Error,1
slate roof cost,ms_marco,Ranking Error,1
what degree do i need to be a radiologist,ms_marco,Ranking Error,1
where was glen scrimshaw born,ms_marco,Ranking Error,1
in which order do baby teeth fall out,ms_marco,Ranking Error,1
overtime for salaried employees law,ms_marco,Semantic Miss,0
average advisory fee by account size,ms_marco,Ranking Error,1
how does the eighth amendment protect prisoners,ms_marco,Semantic Miss,0
what county is yellowstone in,ms_marco,Ranking Error,1
what is hemoptysis,ms_marco,Ranking Error,1
what is maleate,ms_marco,Ranking Error,1
can libraries lend ebooks,ms_marco,Ranking Error,1
what is in allium root tip,ms_marco,Ranking Error,1
how much does someone with a masters in public health make,ms_marco,Ranking Error,1
what is the raccoons scientific name,ms_marco,Ranking Error,1
common causes of atrial fibrillation,ms_marco,Semantic Miss,0
what essential oil is good for colds for kids,ms_marco,Ranking Error,1
where does lavender grow in the world,ms_marco,Semantic Miss,0
what is brooklands museum,ms_marco,Ranking Error,1
What is the calculation that determines what a batters average is,ms_marco,Ranking Error,1
how much does ipl facial cost,ms_marco,Ranking Error,1
where does author's name go in a citation for a website,ms_marco,Ranking Error,1
what causes a posterior tibial tendon tear,ms_marco,Ranking Error,1
what is nasal reflux,ms_marco,Ranking Error,1
cost us passport,ms_marco,Ranking Error,1
what kind of food is served at a luau,ms_marco,Ranking Error,1
word that means easily influenced,ms_marco,Ranking Error,1
what is caucasian mean,ms_marco,Semantic Miss,0
who discovered medicinal uses of penicillium,ms_marco,Ranking Error,1
where is fitzrovia,ms_marco,Ranking Error,1
what does carino mean,ms_marco,Ranking Error,1
what is a catalase positive result,ms_marco,Semantic Miss,0
what is a dog kingdom,ms_marco,Ranking Error,1
oj simpson who was his lawyer,ms_marco,Ranking Error,1
why are the blue mountains of washington blue,ms_marco,Ranking Error,1
what month is virgo,ms_marco,Ranking Error,1
is fiber good for body cleansing,ms_marco,Ranking Error,1
is the temperate forest soil good,ms_marco,Semantic Miss,0
what is mesothelioma cancer,ms_marco,Ranking Error,1
litotes definition and examples,ms_marco,Ranking Error,1
what is the purpose of peroxidase used in elisa,ms_marco,Lexical Miss,0
what does the human genome consist of,ms_marco,Ranking Error,1
what group of animals does a mudskipper belong to,ms_marco,Ranking Error,1
what is electrotherapy used for,ms_marco,Ranking Error,1
what is gemba kaizen,ms_marco,Ranking Error,1
is startwire legitimate,ms_marco,Semantic Miss,0
how to stop facial hair from growing back so fast,ms_marco,Ranking Error,1
why did berlin blockade happen,ms_marco,Ranking Error,1
what is the general name of the group of hormones produced by the anterior pituitary than then exert an effect on target organs to produce another hormone,ms_marco,Semantic Miss,0
describe carl wernicke,ms_marco,Ranking Error,1
what are the nutrients in the phosphorus cycle,ms_marco,Ranking Error,1
how much does it cost to score a concrete floor,ms_marco,Ranking Error,1
can a roth ira lower my taxes,ms_marco,Semantic Miss,0
what's the average cost of a conservatory,ms_marco,Lexical Miss,0
how long after you ovulate do you get your period,ms_marco,Ranking Error,1
Possible health risks of consuming cilantro leaves,ms_marco,Ranking Error,1
what is an example of a psychological need,ms_marco,Ranking Error,1
how to reset fuel filter light on toyota hilux,ms_marco,Ranking Error,1
what sort of mouth does barbus barbus have,ms_marco,Lexical Miss,0
how long does a car accident settlement usually take,ms_marco,Ranking Error,1
how did russia own alaska,ms_marco,Lexical Miss,0
what is a minority government?,ms_marco,Ranking Error,1
what is sn,ms_marco,Ranking Error,1
where do the dutch come from?,ms_marco,Ranking Error,1
what is normal peak flow measurement for male is it erv,ms_marco,Ranking Error,1
what is a good refrigerator temperature,ms_marco,Ranking Error,1
what is a ridge,ms_marco,Ranking Error,1
calcium contain food list,ms_marco,Lexical Miss,0
what damage does nicotine do to your body,ms_marco,Semantic Miss,0
are there different types of vertigo,ms_marco,Ranking Error,1
does a water softener change ph,ms_marco,Ranking Error,1
what is shatterproof styrene,ms_marco,Ranking Error,1
douwe meaning name,ms_marco,Ranking Error,1
what is Serotonin syndrome,ms_marco,Ranking Error,1
cyndi lauper goonies lyrics,ms_marco,Lexical Miss,0
how much does a computer engineer earn,ms_marco,Semantic Miss,0
meaning of protagonist,ms_marco,Ranking Error,1
what type of eruption is shown in this photograph,ms_marco,Ranking Error,1
when did american troops capture rome,ms_marco,Ranking Error,1
what is a mall scavenger hunt,ms_marco,Ranking Error,1
What is an Aft Cabin,ms_marco,Ranking Error,1
how far is 4 miles in km,ms_marco,Ranking Error,1
what is soccer called in brazil,ms_marco,Semantic Miss,0
what is strategic initiative,ms_marco,Ranking Error,1
what is gypsum used in,ms_marco,Ranking Error,1
what was the lusitania known for when it launched,ms_marco,Ranking Error,1
how much transmission fluid,ms_marco,Lexical Miss,0
what do olfactory hairs do,ms_marco,Ranking Error,1
what is glycolysis energy system,ms_marco,Ranking Error,1
PDR definition of disease,ms_marco,Lexical Miss,0
where is alcohol stored,ms_marco,Lexical Miss,0
what age of children fifths disease,ms_marco,Ranking Error,1
are peace lilies poisonous if eaten,ms_marco,Ranking Error,1
what is the average temperature in dallas texas in may,ms_marco,Ranking Error,1
what is dmt,ms_marco,Ranking Error,1
how fast should my pulse be,ms_marco,Ranking Error,1
where is cuernavaca,ms_marco,Ranking Error,1
what is the difference between certified and registered mail,ms_marco,Semantic Miss,0
Biological species concept definition,ms_marco,Ranking Error,1
is walthamstow a nice place to live,ms_marco,Semantic Miss,0
what did the intolerable acts lead the colonists to do,ms_marco,Ranking Error,1
what organs produce and secrete substances that aid in digestion,ms_marco,Lexical Miss,0
how much does it cost to call canada with fios,ms_marco,Ranking Error,1
what causes the hiv virus?,ms_marco,Ranking Error,1
where is nunavut,ms_marco,Semantic Miss,0
roth eligibility requirements,ms_marco,Ranking Error,1
who was in the limo when jfk was shot,ms_marco,Semantic Miss,0
who can notarize,ms_marco,Ranking Error,1
BOD biological oxygen definition,ms_marco,Ranking Error,1
how fast do cobras move,ms_marco,Lexical Miss,0
is the american prison system effective,ms_marco,Ranking Error,1
how to invest ira roth,ms_marco,Semantic Miss,0
what is host graft disease,ms_marco,Ranking Error,1
average tuition for degree in early education southeastern,ms_marco,Semantic Miss,0
calories in a medium pear,ms_marco,Ranking Error,1
what helps your rheumatoid arthritis,ms_marco,Ranking Error,1
what is naan,ms_marco,Ranking Error,1
how long does it take sausages to cook,ms_marco,Ranking Error,1
how old are stars,ms_marco,Ranking Error,1
when did gatorade come out,ms_marco,Ranking Error,1
what is uncas jewelry,ms_marco,Ranking Error,1
how to nail a phone interview,ms_marco,Semantic Miss,0
what is corned beef,ms_marco,Lexical Miss,0
How much time is usually needed in vigorous activity to cause depletion of glycogen reserves,ms_marco,Ranking Error,1
average annual salary pediatric orthopedic surgeon,ms_marco,Semantic Miss,0
how much does termite treatment cost in texas,ms_marco,Ranking Error,1
what is the compound needed for photosynthesis,ms_marco,Semantic Miss,0
what does fusee movement mean in clocks,ms_marco,Ranking Error,1
which region of france is paris in,ms_marco,Ranking Error,1
average salary rugby player,ms_marco,Ranking Error,1
modularity definition psychology,ms_marco,Lexical Miss,0
what does gadi mean,ms_marco,Ranking Error,1
why do fossil fuels cause pollution,ms_marco,Semantic Miss,0
how long to cook pork ribs in oven wrapped in foil to cook fast,ms_marco,Semantic Miss,0
define frag,ms_marco,Ranking Error,1
what does opo squash taste like,ms_marco,Ranking Error,1
different types of herring,ms_marco,Ranking Error,1
average cost to install architectural shingles,ms_marco,Semantic Miss,0
tuition and fees deduction eligible educational institution,ms_marco,Ranking Error,1
difference between xml xsl jsp html css,ms_marco,Ranking Error,1
what dividend do apple shares pay,ms_marco,Lexical Miss,0
how deep should soil be to plant vegetables in a planter box?,ms_marco,Ranking Error,1
how much does an accountant earn in dubai,ms_marco,Ranking Error,1
what are the main characteristics of the tropical savanna,ms_marco,Ranking Error,1
what is gaskin maneuver shoulder dystocia,ms_marco,Ranking Error,1
what nutrients are in bacon,ms_marco,Ranking Error,1
how do actors get paid,ms_marco,Lexical Miss,0
what is a coatimundi,ms_marco,Ranking Error,1
what is the relevance of the mis to managers,ms_marco,Ranking Error,1
does genome size vary from organism to organism,ms_marco,Ranking Error,1
cost of solar,ms_marco,Lexical Miss,0
which is the southernmost part of india,ms_marco,Ranking Error,1
where is georgia usa,ms_marco,Ranking Error,1
where is arizona located,ms_marco,Ranking Error,1
what stone to use for a walkway,ms_marco,Semantic Miss,0
how much does a lawyer charge to help me file for disability,ms_marco,Ranking Error,1
what is integration in education,ms_marco,Ranking Error,1
is a class a misdemeanor deportable offense to a residence,ms_marco,Ranking Error,1
what is biphasic action potential,ms_marco,Ranking Error,1
how long do beta fish live,ms_marco,Ranking Error,1
what does recombinant dna produce,ms_marco,Semantic Miss,0
irritable bowel syndrome is it contagious,ms_marco,Ranking Error,1
what is a jacu bird wiki,ms_marco,Ranking Error,1
is edamame a vegetable,ms_marco,Ranking Error,1
what does your cerebral cortex control,ms_marco,Ranking Error,1
how much does a tuxedo cost to rent,ms_marco,Semantic Miss,0
lvac membership cost,ms_marco,Ranking Error,1
what is a spine,ms_marco,Semantic Miss,0
who wrote the james bond theme tune,ms_marco,Ranking Error,1
why was the separate amenities act passed,ms_marco,Ranking Error,1
what is a marsdenia,ms_marco,Ranking Error,1
what is the largest planet in solar system,ms_marco,Ranking Error,1
meaning of mckenna,ms_marco,Ranking Error,1
what is a squatter,ms_marco,Ranking Error,1
can i play games without nvidia drivers installed,ms_marco,Ranking Error,1
how much protein does a person need,ms_marco,Ranking Error,1
why was the ling canal built,ms_marco,Lexical Miss,0
solarcity price per watt,ms_marco,Ranking Error,1
parathyroid produces what hormone and function quizlet,ms_marco,Ranking Error,1
disease that causes inflammation,ms_marco,Semantic Miss,0
What is the name of the blood vessel layer that contains smooth muscle fibers?,ms_marco,Ranking Error,1
how long can an obese person live without food,ms_marco,Ranking Error,1
what is the bride entrance called,ms_marco,Ranking Error,1
how much does a wedding videographer cost,ms_marco,Ranking Error,1
what type of tissue are the veins in leaves,ms_marco,Ranking Error,1
what kind of tea do they drink in india,ms_marco,Ranking Error,1
where did the khoisan come from,ms_marco,Lexical Miss,0
what is the meaning of atharva veda,ms_marco,Ranking Error,1
where does anthrax live,ms_marco,Ranking Error,1
what is fibrin fibrous tissue,ms_marco,Ranking Error,1
cholera infantum definition,ms_marco,Ranking Error,1
what is drm copyright protected,ms_marco,Semantic Miss,0
age limit for station master in railways,ms_marco,Ranking Error,1
where do wolves come from,ms_marco,Semantic Miss,0
are hives itchy,ms_marco,Semantic Miss,0
what does a wellness check consist of,ms_marco,Ranking Error,1
ways to reduce emissions from cars,ms_marco,Semantic Miss,0
definition of prothrombin gene mutation,ms_marco,Ranking Error,1
cost of fence installation,ms_marco,Ranking Error,1
what is lodestar mean,ms_marco,Semantic Miss,0
what does metoprolol do,ms_marco,Semantic Miss,0
what foods are good sources of vitamins and minerals,ms_marco,Ranking Error,1
define processed food,ms_marco,Ranking Error,1
the top leader in that's running for president,ms_marco,Ranking Error,1
what does glidewell laboratories do,ms_marco,Ranking Error,1
chromosomes of zygote hold genetic information for life,ms_marco,Ranking Error,1
should you take your regular medications before a thyroid check,ms_marco,Ranking Error,1
meaning of agnostic,ms_marco,Ranking Error,1
full tuition cost uh,ms_marco,Ranking Error,1
what ph is for milkweed,ms_marco,Ranking Error,1
what is pos system in hotels,ms_marco,Ranking Error,1
what is coronary heart disease caused by,ms_marco,Ranking Error,1
who does the dod oversee,ms_marco,Semantic Miss,0
what are donairs,ms_marco,Ranking Error,1
what does eccentric mean in anatomy,ms_marco,Ranking Error,1
where is ilwaco washington,ms_marco,Ranking Error,1
cost for bricklayer,ms_marco,Semantic Miss,0
what is a statutory audit,ms_marco,Ranking Error,1
what do states have regarding whistleblower,ms_marco,Semantic Miss,0
what is the levator scapulae,ms_marco,Ranking Error,1
what is quilting,ms_marco,Ranking Error,1
how long and what temp to cook ribs in oven,ms_marco,Ranking Error,1
how long is a pregnancy for an elephant,ms_marco,Ranking Error,1
how long do you cook noodles,ms_marco,Ranking Error,1
how much social security is deducted from my paycheck,ms_marco,Ranking Error,1
arwen name meaning origin,ms_marco,Ranking Error,1
what language do hungarians speak,ms_marco,Ranking Error,1
what causes abscess,ms_marco,Ranking Error,1
what causes an upper respiratory infection,ms_marco,Ranking Error,1
how to write a receptionist cover letter,ms_marco,Semantic Miss,0
what is a semitone,ms_marco,Ranking Error,1
what is flagella,ms_marco,Semantic Miss,0
how much should a wedding band cost,ms_marco,Ranking Error,1
how long do you have to work for a company to get unfair dismissal,ms_marco,Ranking Error,1
how long does it take a baby duck to hatch,ms_marco,Ranking Error,1
which minerals indicate the presence of oxygen,ms_marco,Semantic Miss,0
how to get rid of bacne scars fast,ms_marco,Lexical Miss,0
leonardo's technique of blurred edges is called,ms_marco,Ranking Error,1
How many pounds to a ton,ms_marco,Ranking Error,1
what is pupil distance in eyeglass prescription,ms_marco,Ranking Error,1
what is an information system quizlet,ms_marco,Ranking Error,1
how long for autopsy report results,ms_marco,Ranking Error,1
why do cells need atp,ms_marco,Ranking Error,1
what was the aftermath of the titanic sinking,ms_marco,Lexical Miss,0
how do strong bases burn skin,ms_marco,Ranking Error,1
who invented the internet,ms_marco,Semantic Miss,0
innate intelligence definition psychology,ms_marco,Ranking Error,1
what is a molar root canal,ms_marco,Semantic Miss,0
which kingdom do humans belong to,ms_marco,Ranking Error,1
what does each layer of the skin do,ms_marco,Ranking Error,1
what is the bottom lip piercing called,ms_marco,Ranking Error,1
what is pregnyl used for,ms_marco,Lexical Miss,0
characteristics of alyssum plants,ms_marco,Ranking Error,1
what are the average costs of a funeral,ms_marco,Ranking Error,1
why did the battle of normandy happen,ms_marco,Ranking Error,1
what type of art existed during the baroque period,ms_marco,Ranking Error,1
how often does Nakk the thunderer spawn,ms_marco,Lexical Miss,0
vietnam size comparison to what us state,ms_marco,Ranking Error,1
what is white ischemic matter in brain,ms_marco,Ranking Error,1
how much should a dog drink,ms_marco,Ranking Error,1
what is needed twic,ms_marco,Ranking Error,1
how do you get rid of eczema on your buttocks,ms_marco,Ranking Error,1
rehab group definition,ms_marco,Ranking Error,1
what is a normal temperature,ms_marco,Semantic Miss,0
average salary at aetna for director,ms_marco,Ranking Error,1
what Pokémon is a moth,ms_marco,Ranking Error,1
where is budapest located on a world map,ms_marco,Ranking Error,1
do vw bugs float,ms_marco,Ranking Error,1
cost of disability related obesity on nhs,ms_marco,Semantic Miss,0
does a map have to be included in appendix,ms_marco,Ranking Error,1
can you use metho to clean bongs?,ms_marco,Ranking Error,1
what does anpr check,ms_marco,Ranking Error,1
colonoscopy procedure how long does it take,ms_marco,Ranking Error,1
salary range for relocation coordinator,ms_marco,Ranking Error,1
ninian name meaning,ms_marco,Ranking Error,1
what is limestone in chemistry,ms_marco,Semantic Miss,0
what causes yersinia enterocolitica,ms_marco,Ranking Error,1
what is considered revolving credit,ms_marco,Ranking Error,1
what is contagious disease,ms_marco,Lexical Miss,0
how to cite mla book,ms_marco,Ranking Error,1
when did the access to knowledge movement,ms_marco,Lexical Miss,0
does gout crystals itch,ms_marco,Lexical Miss,0
should you use a spirometer to increase lung capacity,ms_marco,Ranking Error,1
what is symptoms of pneumonia,ms_marco,Ranking Error,1
when did one child policy began in china,ms_marco,Ranking Error,1
can a pinched nerve feel like a heart attack,ms_marco,Ranking Error,1
what is bromazepam used for,ms_marco,Ranking Error,1
amex maximum credit limit I should ask for,ms_marco,Ranking Error,1
what does the partial eta squared mean,ms_marco,Ranking Error,1
what is a bundle of neuronal processes,ms_marco,Lexical Miss,0
average cost of water bill in georgia,ms_marco,Ranking Error,1
what is the structure of a multipolar neuron,ms_marco,Ranking Error,1
what is atrophic retinal lesion,ms_marco,Ranking Error,1
what exactly is fistula,ms_marco,Ranking Error,1
cost for trailer rental for office space,ms_marco,Ranking Error,1
dog gestation period,ms_marco,Ranking Error,1
what is in poultry seasoning,ms_marco,Ranking Error,1
why is it called paella,ms_marco,Semantic Miss,0
what proteins in gluten cause coeliac disease,ms_marco,Ranking Error,1
how long does it take for my refund to process,ms_marco,Ranking Error,1
what is thyroid eye disease,ms_marco,Lexical Miss,0
should boys play netball in school,ms_marco,Ranking Error,1
average attendance at nfl games,ms_marco,Ranking Error,1
what are b complex vitamins good for,ms_marco,Semantic Miss,0
when did the grand canyon form,ms_marco,Ranking Error,1
how old do you have to be to serve alcohol in qld,ms_marco,Ranking Error,1
what size is the human eyeball,ms_marco,Ranking Error,1
what Town is golden bc close to,ms_marco,Ranking Error,1
what causes pain in rib cage,ms_marco,Semantic Miss,0
could pinched nerve affect movement,ms_marco,Ranking Error,1
electricity cost / kwh seattle,ms_marco,Semantic Miss,0
how to get dead lice eggs out of hair,ms_marco,Ranking Error,1
what is trepanning used for,ms_marco,Semantic Miss,0
what causes shingles disease,ms_marco,Semantic Miss,0
adjunct professor definition,ms_marco,Ranking Error,1
what book made jrr tolkien famous,ms_marco,Ranking Error,1
any penalty for transferring roth ira?,ms_marco,Ranking Error,1
blood disease examples,ms_marco,Ranking Error,1
what is gottex,ms_marco,Semantic Miss,0
what does a western blot detect,ms_marco,Ranking Error,1
where was laura ingalls wilder born,ms_marco,Ranking Error,1
what is necrotizing fasciitis,ms_marco,Ranking Error,1
what are cyanobacteria,ms_marco,Ranking Error,1
what type of blood cells does hiv attack,ms_marco,Semantic Miss,0
cost per sq ft to build a home without land,ms_marco,Lexical Miss,0
what are the mammary glands of the female,ms_marco,Ranking Error,1
do great crested grebes migrate,ms_marco,Ranking Error,1
habit burger salary,ms_marco,Semantic Miss,0
what type of habitat arthropods can be found,ms_marco,Ranking Error,1
what does a cortisol test show,ms_marco,Ranking Error,1
did marco polo travels,ms_marco,Ranking Error,1
what cells are found within the epithelium lines of trachea quizlet,ms_marco,Ranking Error,1
weeping willow tree name,ms_marco,Ranking Error,1
what is maknae,ms_marco,Ranking Error,1
how to be a good commercial property adjuster,ms_marco,Ranking Error,1
what is a aboriginal boomerang used for,ms_marco,Ranking Error,1
what is venus,ms_marco,Ranking Error,1
prostaglandin what are they,ms_marco,Ranking Error,1
what is a monoprint in art,ms_marco,Lexical Miss,0
what is antisocial personality disorder,ms_marco,Ranking Error,1
average cost of baby per month us,ms_marco,Ranking Error,1
what is ashwagandha turmeric,ms_marco,Semantic Miss,0
what is serous fluid,ms_marco,Ranking Error,1
what is crypton fabric,ms_marco,Ranking Error,1
what is furadan,ms_marco,Ranking Error,1
can you cook a tri-tip in the oven,ms_marco,Ranking Error,1
bpi shangri la branch contact number,ms_marco,Ranking Error,1
how to activate airtel roaming,ms_marco,Ranking Error,1
cost per square foot for stamped concrete vs pavers,ms_marco,Ranking Error,1
where does peppermint come from,ms_marco,Ranking Error,1
what is atrial septal defect,ms_marco,Ranking Error,1
what is RIGHT UPPER extremities,ms_marco,Ranking Error,1
What do transfer RNA molecules do during protein synthesis?,ms_marco,Ranking Error,1
what is collinear,ms_marco,Ranking Error,1
what does EPNS mean,ms_marco,Ranking Error,1
spinal fluid which causes the low pressure around the brain,ms_marco,Ranking Error,1
common causes of burning sensation in the tongue,ms_marco,Semantic Miss,0
what diseases do chickens carry that harm humans,ms_marco,Ranking Error,1
what type of bond does a janitorial service need,ms_marco,Ranking Error,1
state the names of two scientists who helped develop the periodic table,ms_marco,Ranking Error,1
what is a bowstring truss made out of,ms_marco,Ranking Error,1
is a multipolar neuron motor,ms_marco,Ranking Error,1
how astronomy affects our lives,ms_marco,Ranking Error,1
color of urine and meaning,ms_marco,Semantic Miss,0
how long do tax liens stay on credit report,ms_marco,Ranking Error,1
surname david origin,ms_marco,Ranking Error,1
building a garage cost,ms_marco,Ranking Error,1
what are bile salts used for,ms_marco,Ranking Error,1
what is a muscle up,ms_marco,Ranking Error,1
how long does an mri take for your back,ms_marco,Semantic Miss,0
what is a patent attorney,ms_marco,Ranking Error,1
what is the difference between adsl and wifi,ms_marco,Semantic Miss,0
dna melting temperature,ms_marco,Lexical Miss,0
what is amqp mqtt,ms_marco,Ranking Error,1
average fee for paying up mortgage,ms_marco,Semantic Miss,0
how much is a guinea worth now,ms_marco,Lexical Miss,0
what is morphosyntactic structure,ms_marco,Ranking Error,1
what food can you have at a luau party,ms_marco,Ranking Error,1
what is a barn,ms_marco,Lexical Miss,0
what is in tiger balm,ms_marco,Ranking Error,1
are american corns bad,ms_marco,Semantic Miss,0
how many kwh does a fridge use nz,ms_marco,Lexical Miss,0
what is easter island,ms_marco,Ranking Error,1
what is the modern name for the city of syene,ms_marco,Ranking Error,1
how long before chickens can fly,ms_marco,Ranking Error,1
deforestation affecting animals,ms_marco,Ranking Error,1
what is a bmx bike,ms_marco,Ranking Error,1
what is education credentials meaning,ms_marco,Ranking Error,1
what is individual trait theory,ms_marco,Lexical Miss,0
what is a vicar,ms_marco,Ranking Error,1
hourly rate for a esy paraprofessional,ms_marco,Ranking Error,1
what language do they speak in kazakhstan,ms_marco,Ranking Error,1
is delirium symptom of toxic encephalopathy,ms_marco,Semantic Miss,0
how to take resting pulse rate,ms_marco,Semantic Miss,0
who sings all star,ms_marco,Ranking Error,1
what causes knee swelling and stiffness,ms_marco,Ranking Error,1
what type of bond is between nitrogen bases,ms_marco,Ranking Error,1
what hormone does the pituitary gland produce in dogs,ms_marco,Ranking Error,1
anna kendrick boyfriend,ms_marco,Ranking Error,1
what side do you wear someone else's medals,ms_marco,Ranking Error,1
what age is parental responsibility,ms_marco,Semantic Miss,0
what is sensory deprivation,ms_marco,Ranking Error,1
what does dsu switching stand for,ms_marco,Ranking Error,1
what is switzerland's food style,ms_marco,Semantic Miss,0
average price per square foot for rent in USA,ms_marco,Ranking Error,1
what part of speech is despite,ms_marco,Ranking Error,1
where did buddhism originate,ms_marco,Ranking Error,1
how much do recruitment consultants earn,ms_marco,Ranking Error,1
what does your brain do,ms_marco,Ranking Error,1
what are berms,ms_marco,Ranking Error,1
what kind of soil is in a tropical dry forest,ms_marco,Ranking Error,1
what does a k in a mustang's vin code mean,ms_marco,Ranking Error,1
what diseases is flagyl used for,ms_marco,Ranking Error,1
what vision abnormality occurs,ms_marco,Ranking Error,1
difference between greek and roman culture,ms_marco,Ranking Error,1
best coolant stop leak,ms_marco,Ranking Error,1
calculating to get estimate to replace windows,ms_marco,Ranking Error,1
what are proteins used for,ms_marco,Ranking Error,1
how often should dogs urinate,ms_marco,Ranking Error,1
beef tenderloin internal temperature,ms_marco,Ranking Error,1
does magnetic flux produce a current,ms_marco,Ranking Error,1
what is pycnogenol powder,ms_marco,Ranking Error,1
where is india located,ms_marco,Semantic Miss,0
what is an eastern guru called,ms_marco,Semantic Miss,0
how early to put out hummingbird feeders,ms_marco,Ranking Error,1
average lifespan of cat,ms_marco,Ranking Error,1
what is echinacea angustifolia root,ms_marco,Ranking Error,1
cost to build a frame house,ms_marco,Ranking Error,1
what is pemmican,ms_marco,Ranking Error,1
How often should you have the oil in your car changed,ms_marco,Ranking Error,1
what is considered a seizure of person under the fourth amendment,ms_marco,Ranking Error,1
what is beta oxidation,ms_marco,Ranking Error,1
how does one avoid unsupportable claims in an essay,ms_marco,Ranking Error,1
who wrote sea to shining sea,ms_marco,Ranking Error,1
what is the chivalry thesis,ms_marco,Lexical Miss,0
what is cashu,ms_marco,Ranking Error,1
who said the quote by any means necessary,ms_marco,Ranking Error,1
how fattening is honey,ms_marco,Semantic Miss,0
what is a bore diameter,ms_marco,Ranking Error,1
what is controlled test marketing,ms_marco,Ranking Error,1
how long does it take to receive a package from japan to us,ms_marco,Ranking Error,1
definition of non controlling interest,ms_marco,Ranking Error,1
average annual cost of college textbooks,ms_marco,Ranking Error,1
what will happen if i put egg in my hair,ms_marco,Ranking Error,1
how much should home appraisal cost,ms_marco,Ranking Error,1
what salary psychologist,ms_marco,Ranking Error,1
how much does southwest charge to change a reservation to another person,ms_marco,Ranking Error,1
when you boiling water does it make it more acidic,ms_marco,Ranking Error,1
what is ceres,ms_marco,Semantic Miss,0
cache pronunciation,ms_marco,Ranking Error,1
where are the baroreceptors located,ms_marco,Ranking Error,1
Liquid Measurements Metric,ms_marco,Ranking Error,1
what is RBC in blood test,ms_marco,Ranking Error,1
what age are ira rmds mandatory,ms_marco,Semantic Miss,0
where was will rogers born,ms_marco,Ranking Error,1
what happened at the yalta conference,ms_marco,Ranking Error,1
average salary research associate,ms_marco,Ranking Error,1
who sings the song goodnight irene,ms_marco,Ranking Error,1
which qualification do australia forensic psychologist have,ms_marco,Ranking Error,1
when is primrose day,ms_marco,Ranking Error,1
which system is responsible for carrying oxygen to the muscles,ms_marco,Ranking Error,1
allegory definition literature,ms_marco,Ranking Error,1
yearly income need to retire in canada,ms_marco,Semantic Miss,0
what instruments are used in orchestra,ms_marco,Ranking Error,1
what dominant traits are advantageous,ms_marco,Ranking Error,1
what is the emperor penguin habitat,ms_marco,Ranking Error,1
what kind of stars are the cepheids,ms_marco,Ranking Error,1
what is river rocks,ms_marco,Semantic Miss,0
what kind of volcano is paricutin,ms_marco,Ranking Error,1
what kind of lavender is the most fragrant,ms_marco,Semantic Miss,0
do female bison reject a newborn bison calf,ms_marco,Ranking Error,1
how far to space watermelon plants,ms_marco,Ranking Error,1
how long do chickens lay eggs,ms_marco,Ranking Error,1
types of joins in relational algebra with examples,ms_marco,Ranking Error,1
what is trigeminal neuralgia,ms_marco,Ranking Error,1
what are typical food allergies,ms_marco,Ranking Error,1
what color is a dilophosaurus,ms_marco,Semantic Miss,0
concrete cost per yard,ms_marco,Ranking Error,1
what are the significance of Streptococcus pyogenes,ms_marco,Semantic Miss,0
do sponges drain water in minecraft,ms_marco,Ranking Error,1
can you legally get married in the bahamas,ms_marco,Semantic Miss,0
where does the gulf stream flow,ms_marco,Semantic Miss,0
who originally wrote last kiss,ms_marco,Ranking Error,1
where do giant moths originate from,ms_marco,Ranking Error,1
what temperature for pork ribs,ms_marco,Semantic Miss,0
what does bmi mean in weight loss,ms_marco,Ranking Error,1
ghana electricity cost per kwh,ms_marco,Ranking Error,1
what are coplanar circles,ms_marco,Ranking Error,1
how much do snooker referees get paid,ms_marco,Ranking Error,1
difference between plant air and instrument air,ms_marco,Semantic Miss,0
dosage of tylenol for geriatric,ms_marco,Ranking Error,1
what is canavan disease,ms_marco,Ranking Error,1
how does sleep help our health?,ms_marco,Ranking Error,1
what type of barrier isolates gene pools,ms_marco,Ranking Error,1
where is the prefix gynéco- derived from,ms_marco,Ranking Error,1
when was the first test played at the gabba,ms_marco,Ranking Error,1
when was the cannon invented,ms_marco,Semantic Miss,0
average length of treatment for eating disorder,ms_marco,Ranking Error,1
what are the physical properties of minerals,ms_marco,Ranking Error,1
what is the structure of vyvanse,ms_marco,Ranking Error,1
until what time is dunkin donuts giving free coffee,ms_marco,Ranking Error,1
what are scientific uses for carbon,ms_marco,Semantic Miss,0
grams in a tablespoon of sugar,ms_marco,Ranking Error,1
what servos in flyzone beaver?,ms_marco,Ranking Error,1
how long does a hep a vaccine last,ms_marco,Ranking Error,1
how long do newborn kittens sleep,ms_marco,Ranking Error,1
cost for poured concrete walls,ms_marco,Ranking Error,1
commence definition,ms_marco,Ranking Error,1
jayaprada husband name,ms_marco,Ranking Error,1
what is another name for buccal cavity,ms_marco,Semantic Miss,0
what is protected extensible authentication protocol,ms_marco,Ranking Error,1
how much should a kitten drink,ms_marco,Ranking Error,1
what is an end user agreement,ms_marco,Ranking Error,1
what is eva material,ms_marco,Ranking Error,1
where is maldon salt from,ms_marco,Ranking Error,1
extra insurance cost for an inground pool,ms_marco,Semantic Miss,0
what tectonic plate is japan on,ms_marco,Ranking Error,1
ryan higa do you want to play,ms_marco,Ranking Error,1
length definition,ms_marco,Ranking Error,1
shoulder replacement how long driving,ms_marco,Ranking Error,1
types of wetland ecosystem,ms_marco,Ranking Error,1
what is the currency in ireland,ms_marco,Ranking Error,1
how much money do mma fighters,ms_marco,Ranking Error,1
what does ECO mean in a lexus,ms_marco,Ranking Error,1
do snakes get ticks?,ms_marco,Ranking Error,1
what makes male seman brown,ms_marco,Semantic Miss,0
how much does it cost to add a floor and renovate home,ms_marco,Ranking Error,1
how long does the average cremation take,ms_marco,Semantic Miss,0
what does geomorphic,ms_marco,Ranking Error,1
what does commercial liability insurance cover,ms_marco,Ranking Error,1
why is it not recommended that consumers acquire debts,ms_marco,Ranking Error,1
is it normal for babies to wake a lot at night,ms_marco,Ranking Error,1
how long will soup keep in the fridge,ms_marco,Ranking Error,1
how long after a house auction sale do you have to move,ms_marco,Semantic Miss,0
average cost for textbooks in college,ms_marco,Ranking Error,1
what is speakonia,ms_marco,Ranking Error,1
what do whales produce that is use in perfume,ms_marco,Ranking Error,1
what is postmenopausal atrophic vaginitis,ms_marco,Ranking Error,1
hardwood flooring installation labor cost,ms_marco,Semantic Miss,0
are there inherited ira early withdrawal penalties,ms_marco,Ranking Error,1
is seborrheic dermatitis like psoriasis,ms_marco,Semantic Miss,0
can a baby be born HIV positive and then be HIV negative,ms_marco,Ranking Error,1
is fountain grass perennial,ms_marco,Ranking Error,1
average cost of an inground pool in australia,ms_marco,Lexical Miss,0
who is giuseppe mercalli and charles richter,ms_marco,Ranking Error,1
salary for insurance agent,ms_marco,Semantic Miss,0
example of population in an ecosystem,ms_marco,Ranking Error,1
average temperature in alaska in winter,ms_marco,Semantic Miss,0
what is slander or libel,ms_marco,Semantic Miss,0
what is target market examples,ms_marco,Semantic Miss,0
what is the average cost of a full time nanny,ms_marco,Ranking Error,1
how much to cancel sprint cell phone contract,ms_marco,Ranking Error,1
what should i take for a sore throat,ms_marco,Ranking Error,1
what meals does kfc do,ms_marco,Semantic Miss,0
What is zoloft prescribed for,ms_marco,Ranking Error,1
how do i delete a saved login info on pacific blue cross provider net website,ms_marco,Lexical Miss,0
how can infertility be treated,ms_marco,Ranking Error,1
average starting teaching salary in minnesota,ms_marco,Ranking Error,1
cost to purchase a carpet cleaning machine,ms_marco,Ranking Error,1
how long to boil king crab,ms_marco,Semantic Miss,0
what is a diocese,ms_marco,Ranking Error,1
pain from the hip what causes,ms_marco,Ranking Error,1
can you major in medical imaging,ms_marco,Semantic Miss,0
what is glyceryl caprylate,ms_marco,Ranking Error,1
what causes very foul smelling stools,ms_marco,Semantic Miss,0
what does blood pudding taste like,ms_marco,Ranking Error,1
what type of aluminum is soluble,ms_marco,Ranking Error,1
what is a normal amount of steps per day,ms_marco,Ranking Error,1
homewyse cost to install sheet vinyl,ms_marco,Ranking Error,1
what is nunavut,ms_marco,Ranking Error,1
what is a spider,ms_marco,Ranking Error,1
what is beltane celebration,ms_marco,Ranking Error,1
what is cell body is the control center,ms_marco,Semantic Miss,0
what is considered household income for obamacare,ms_marco,Ranking Error,1
how long does chicken last in fridge,ms_marco,Lexical Miss,0
what temp should a cpu run at,ms_marco,Ranking Error,1
the geckos name from the geico commercials,ms_marco,Ranking Error,1
what is specific immunity,ms_marco,Ranking Error,1
average pay for a cna in washington state,ms_marco,Ranking Error,1
where does the optic nerve end,ms_marco,Ranking Error,1
what is flank pain,ms_marco,Ranking Error,1
average salary doctor,ms_marco,Ranking Error,1
is suboxone an opiate,ms_marco,Ranking Error,1
why was the roman army so victorious,ms_marco,Semantic Miss,0
which fungi has flagellated spores,ms_marco,Ranking Error,1
average non management pay at american airlines,ms_marco,Semantic Miss,0
what does rms mean,ms_marco,Ranking Error,1
how much does a pharmacist tech make an hour,ms_marco,Ranking Error,1
how much does a circuit judge make,ms_marco,Lexical Miss,0
how many human organs are there,ms_marco,Ranking Error,1
what does iwd stand for in technology,ms_marco,Semantic Miss,0
what is pneumovax,ms_marco,Ranking Error,1
how much does it cost to get a real tattoo,ms_marco,Ranking Error,1
how long do you have ovulation symptoms,ms_marco,Ranking Error,1
The _______ gland is also known as the mixed gland,ms_marco,Ranking Error,1
what vitamins for hypothyroidism,ms_marco,Ranking Error,1
is proteus mirabilis normal flora,ms_marco,Ranking Error,1
what is the name of the star called la superba,ms_marco,Ranking Error,1
where is hitlers crows nest located,ms_marco,Ranking Error,1
what is qr code,ms_marco,Ranking Error,1
why is the sacrament of anointing given,ms_marco,Ranking Error,1
what is a state surveyor,ms_marco,Ranking Error,1
what does circumduction mean,ms_marco,Ranking Error,1
how many years do i need to wear my retainer,ms_marco,Lexical Miss,0
how much does it cost to geld a donkey,ms_marco,Ranking Error,1
what is a endometrial cyst,ms_marco,Ranking Error,1
each state is guaranteed how many representatives what is representation based on,ms_marco,Ranking Error,1
can you run with rheumatoid arthritis,ms_marco,Ranking Error,1
funding fee deductible,ms_marco,Ranking Error,1
how long does an female eagle leave the egg to hunt for food,ms_marco,Ranking Error,1
what is absinthe,ms_marco,Semantic Miss,0
iso meaning,ms_marco,Ranking Error,1
what is a eukaryote,ms_marco,Ranking Error,1
what does hacker mean,ms_marco,Ranking Error,1
difference between emancipation proclamation and thirteenth amendment,ms_marco,Lexical Miss,0
net worth of pat sajak,ms_marco,Ranking Error,1
how much is aaa per month,ms_marco,Ranking Error,1
could chlamydia be cured but have pid,ms_marco,Ranking Error,1
where is marco island florida located,ms_marco,Ranking Error,1
how long does it take to get checks,ms_marco,Ranking Error,1
how long do you cook a crown roast of pork,ms_marco,Ranking Error,1
what are alcoholic spirits,ms_marco,Ranking Error,1
i get pop up that say that my computer is infected. how can i get rid of this,ms_marco,Ranking Error,1
how long do you have to be working at a job to get maternity leave,ms_marco,Ranking Error,1
1k is equal to how many ohms,ms_marco,Ranking Error,1
energy: what is work,ms_marco,Ranking Error,1
how long do you cook a boiled egg,ms_marco,Semantic Miss,0
what is blood occult mean,ms_marco,Ranking Error,1
chicago il population,ms_marco,Ranking Error,1
how much to budget to eat per person at dollywood,ms_marco,Ranking Error,1
interquartile range outlier,ms_marco,Ranking Error,1
what is visqueen sheeting,ms_marco,Ranking Error,1
what regulates calcium levels,ms_marco,Ranking Error,1
why is brassica rapa a good model organism,ms_marco,Semantic Miss,0
what types of food are digested in the stomach first,ms_marco,Semantic Miss,0
what does microscopic urinalysis tell you,ms_marco,Ranking Error,1
list of foods for mediterranean diet,ms_marco,Ranking Error,1
what is a chaparral biome,ms_marco,Ranking Error,1
what is presorted standard mail,ms_marco,Ranking Error,1
what is thermostatic valve,ms_marco,Ranking Error,1
where is excel arena london,ms_marco,Lexical Miss,0
meal costs in usa,ms_marco,Ranking Error,1
define rheumatology,ms_marco,Ranking Error,1
average household water usage per day,ms_marco,Ranking Error,1
how much does a giant flemish rabbits weigh,ms_marco,Ranking Error,1
what is a constructive trustee,ms_marco,Semantic Miss,0
history of the civil war era time period,ms_marco,Ranking Error,1
salary of import and export in usa,ms_marco,Ranking Error,1
what is waste water plant effluent,ms_marco,Semantic Miss,0
what function does the thyroid have,ms_marco,Ranking Error,1
what is the power of elite,ms_marco,Ranking Error,1
what is the best american made truck,ms_marco,Ranking Error,1
why is it called flatbush,ms_marco,Ranking Error,1
meaning of the name hiram,ms_marco,Ranking Error,1
what does uber alles mean,ms_marco,Ranking Error,1
what is acerola,ms_marco,Ranking Error,1
does pepsin digest protein,ms_marco,Lexical Miss,0
average cost for a estate attorney,ms_marco,Semantic Miss,0
is lima dangerous,ms_marco,Ranking Error,1
what causes your urine to smell,ms_marco,Ranking Error,1
what is the usb for blue ray player,ms_marco,Ranking Error,1
what is a long term problem for patients with emphysema,ms_marco,Ranking Error,1
what does sacramento republic fc mean,ms_marco,Ranking Error,1
what is cost of replacing a capacitor in an air conditioner,ms_marco,Ranking Error,1
what is ftp sftp ftps,ms_marco,Ranking Error,1
what is a distressed reaction,ms_marco,Ranking Error,1
what is a QTL,ms_marco,Ranking Error,1
how long does it take to charge a nimh rc battery,ms_marco,Semantic Miss,0
what does sateen weave mean,ms_marco,Ranking Error,1
what was the first transistor made of,ms_marco,Semantic Miss,0
with what product did the term brand name originate,ms_marco,Lexical Miss,0
sales revenues for sound system,ms_marco,Semantic Miss,0
where does the madagascar hissing cockroach live,ms_marco,Ranking Error,1
what is a capper,ms_marco,Ranking Error,1
what is cla,ms_marco,Semantic Miss,0
what does the corticosteroid hormone do,ms_marco,Lexical Miss,0
average to get into harvard,ms_marco,Ranking Error,1
what's the average salary for a sous chef,ms_marco,Lexical Miss,0
can you conceive before ovulation,ms_marco,Ranking Error,1
how long does it take for a dove to hatch their eggs,ms_marco,Ranking Error,1
types of spices and herbs,ms_marco,Ranking Error,1
where can a cheetah be found,ms_marco,Ranking Error,1
how do you get to aran islands,ms_marco,Ranking Error,1
sonic average pay,ms_marco,Ranking Error,1
average cost to mount a turkey,ms_marco,Ranking Error,1
how much are sd cards for dslr,ms_marco,Ranking Error,1
how to do basketball skills for beginners,ms_marco,Semantic Miss,0
cost of wound care in the us,ms_marco,Ranking Error,1
what zone is carpal tunnel in hand,ms_marco,Ranking Error,1
What is contained within the polar body?,ms_marco,Ranking Error,1
cost of attendance snhu,ms_marco,Ranking Error,1
mineral rocks definition,ms_marco,Ranking Error,1
inflammation of a tendon from overuse is called quizlet,ms_marco,Ranking Error,1
age of earth bible,ms_marco,Ranking Error,1
ee business number,ms_marco,Ranking Error,1
what is jujitsu,ms_marco,Ranking Error,1
where is hull,ms_marco,Ranking Error,1
how fast does a gator go,ms_marco,Ranking Error,1
how much do marketers earn,ms_marco,Lexical Miss,0
granite countertops cost per square foot installed,ms_marco,Ranking Error,1
what glands are associated with acromegaly,ms_marco,Ranking Error,1
in a standard normal distribution the mean is,ms_marco,Semantic Miss,0
what is pragmatism in philosophy,ms_marco,Ranking Error,1
outer banks average temperature by month,ms_marco,Ranking Error,1
what is the function of the hypothalamus,ms_marco,Ranking Error,1
describe the instrument used to record seismic waves,ms_marco,Ranking Error,1
what happened to shergar,ms_marco,Semantic Miss,0
average price dallas cowboys ticket home game,ms_marco,Ranking Error,1
how much is an entry level salary as a nurse with an associate degree,ms_marco,Ranking Error,1
can you pass a urine test for alcohol the night before,ms_marco,Ranking Error,1
how long does it take for skin to peel after fraxel,ms_marco,Semantic Miss,0
does low dose aspirin prevent miscarriage,ms_marco,Ranking Error,1
who is the director of ncis,ms_marco,Ranking Error,1
what is legislation definition,ms_marco,Ranking Error,1
internal cooking temperature for medium prime rib roast,ms_marco,Ranking Error,1
how quickly does a tax refund come,ms_marco,Ranking Error,1
how to convert to a probability distribution,ms_marco,Ranking Error,1
what inorganic materials contain carbon,ms_marco,Ranking Error,1
what type is palkia,ms_marco,Ranking Error,1
convert nm to ft lbf,ms_marco,Ranking Error,1
how far are the mountains from the coast in argentina,ms_marco,Ranking Error,1
what class of medication is niacin,ms_marco,Ranking Error,1
where did the language spanish come from,ms_marco,Ranking Error,1
bandwidth utilization definition,ms_marco,Ranking Error,1
when was the new model army formed,ms_marco,Ranking Error,1
what is a reaction,ms_marco,Ranking Error,1
how long to stay in oxford for,ms_marco,Ranking Error,1
can leopard geckos dig,ms_marco,Ranking Error,1
what foods contain sorbitol,ms_marco,Ranking Error,1
what is a winged lion called,ms_marco,Ranking Error,1
what is the starch in beans called,ms_marco,Ranking Error,1
crab and snake meaning,ms_marco,Ranking Error,1
definition of constitutional amendments,ms_marco,Ranking Error,1
should transgenders be allowed to use any bathrooms,ms_marco,Lexical Miss,0
cost to remove pine tree,ms_marco,Ranking Error,1
financial service designations,ms_marco,Ranking Error,1
how long does it take to cremate a person,ms_marco,Ranking Error,1
what tissues are in the diaphragm respiratory system,ms_marco,Ranking Error,1
when did japan declare war on china,ms_marco,Ranking Error,1
cost of hulu per month,ms_marco,Ranking Error,1
what is tubersol used for,ms_marco,Ranking Error,1
what do mourning doves eat,ms_marco,Ranking Error,1
why are enzymes important in digestion,ms_marco,Ranking Error,1
what is scarlatina,ms_marco,Ranking Error,1
legal age a child can stay home alone in louisiana,ms_marco,Ranking Error,1
is oprah still married to stedman,ms_marco,Ranking Error,1
how to cook marinated beef ribs,ms_marco,Ranking Error,1
gene family definition,ms_marco,Ranking Error,1
how long cook a baked potato in the oven,ms_marco,Ranking Error,1
what is chitin in biology,ms_marco,Ranking Error,1
what is sap in business,ms_marco,Lexical Miss,0
where is tobacco mostly found,ms_marco,Ranking Error,1
how long do pineapples keep,ms_marco,Ranking Error,1
germany uses strikes called blitzkrieg,ms_marco,Ranking Error,1
what does pb mean,ms_marco,Ranking Error,1
what group is potassium in,ms_marco,Ranking Error,1
what is cavitation and flashing,ms_marco,Ranking Error,1
biogas cost per kwh,ms_marco,Ranking Error,1
building an extension cost,ms_marco,Ranking Error,1
where are centipedes found,ms_marco,Lexical Miss,0
how often is cal grant disbursed,ms_marco,Ranking Error,1
is mooloolaba near noosa,ms_marco,Ranking Error,1
average years for an nfl player,ms_marco,Semantic Miss,0
cost to carpet your home,ms_marco,Ranking Error,1
cost of playing basketball,ms_marco,Ranking Error,1
what is nitrofurantoin used for,ms_marco,Semantic Miss,0
what is prince fielder salary,ms_marco,Ranking Error,1
dna dna hybridization,ms_marco,Ranking Error,1
what is the birthday of the actor james bolam,ms_marco,Ranking Error,1
athena name meaning origin,ms_marco,Ranking Error,1
how long does it take for stool sample results to come back H.Pylori,ms_marco,Semantic Miss,0
when did the provisional government fall,ms_marco,Ranking Error,1
what type of archetypal hero is luke skywalker,ms_marco,Ranking Error,1
how far from bullers of buchan from aberdeen scotland,ms_marco,Ranking Error,1
how does stress affect teenagers health,ms_marco,Ranking Error,1
what class of drugs is gabapentin,ms_marco,Ranking Error,1
average cost of living in dothan alabama,ms_marco,Ranking Error,1
what are the molecules in a dna strands called,ms_marco,Ranking Error,1
infection of respiratory tract caused by fungus,ms_marco,Ranking Error,1
how long does it take for a cat to give birth,ms_marco,Ranking Error,1
what electrical plug ins are used in portugal,ms_marco,Ranking Error,1
define hydrogen,ms_marco,Ranking Error,1
how long does it take for food to pass,ms_marco,Semantic Miss,0
what is the meaning of Tachyglossus aculeatus,ms_marco,Ranking Error,1
what is a map projection,ms_marco,Ranking Error,1
food that will raise blood pressure count,ms_marco,Ranking Error,1
what is sherry wine made of,ms_marco,Ranking Error,1
what is mongolian bbq,ms_marco,Ranking Error,1
cost of adding a basement entrance,ms_marco,Ranking Error,1
what is the function and structure of a mitotic spindle,ms_marco,Lexical Miss,0
does chemical digestion occur in the pancreas,ms_marco,Ranking Error,1
what is the earliest type of computer,ms_marco,Ranking Error,1
what is dbp in nail polish,ms_marco,Ranking Error,1
what is the role of plasmids in antibiotic resistance,ms_marco,Ranking Error,1
what is klk,ms_marco,Ranking Error,1
crestor is used to treat what,ms_marco,Ranking Error,1
what is the function of the epithelial tissue,ms_marco,Semantic Miss,0
what is the salary range for a cardiac rehab director,ms_marco,Ranking Error,1
what is in Talpirid,ms_marco,Lexical Miss,0
how to roast a small prime rib roast,ms_marco,Ranking Error,1
types of stones used for necklace,ms_marco,Ranking Error,1
is ganges a perennial river,ms_marco,Ranking Error,1
how energy from the ets is coupled with ox phos,ms_marco,Ranking Error,1
pixelmon what level does pikachu evolve,ms_marco,Semantic Miss,0
how soon is pregnancy detected in blood,ms_marco,Ranking Error,1
the name tayla meanings,ms_marco,Ranking Error,1
what causes discoloration of toenails,ms_marco,Semantic Miss,0
how much should san storage cost per tb,ms_marco,Ranking Error,1
different types of wines explained,ms_marco,Ranking Error,1
how to make a blurred background,ms_marco,Ranking Error,1
what are two characteristics of fluids,ms_marco,Lexical Miss,0
what can urinalysis detect,ms_marco,Ranking Error,1
parasitic roundworms examples,ms_marco,Ranking Error,1
what does the name macy mean,ms_marco,Ranking Error,1
where are aphids origin,ms_marco,Lexical Miss,0
how to become a cna fast,ms_marco,Semantic Miss,0
how neurons communicate for dummies,ms_marco,Semantic Miss,0
meanings of armenian name marianna,ms_marco,Ranking Error,1
average salary for rn in florida,ms_marco,Lexical Miss,0
what is a levo drip,ms_marco,Ranking Error,1
what is the individual functional unit in the kidney called,ms_marco,Ranking Error,1
how long do mallard ducks sit on eggs,ms_marco,Ranking Error,1
what was so important for where the bull run battle was at',ms_marco,Ranking Error,1
what does the name dagon mean,ms_marco,Ranking Error,1
when did oklahoma become a territory,ms_marco,Ranking Error,1
how much does it cost for an abscess tooth to be extracted,ms_marco,Ranking Error,1
where does ikat come from,ms_marco,Semantic Miss,0
harvard tuition and costs,ms_marco,Ranking Error,1
average lifespan of builder grade carpet,ms_marco,Semantic Miss,0
what is technical perspective,ms_marco,Ranking Error,1
Why does my pregnant wife have stinky breath,ms_marco,Ranking Error,1
what is joconde cake,ms_marco,Semantic Miss,0
what are liquid aminos,ms_marco,Lexical Miss,0
how to improve iq,ms_marco,Ranking Error,1
what is corner brook known for,ms_marco,Ranking Error,1
is it allowed to drain sanitary sewer into sump pit,ms_marco,Ranking Error,1
what are the major organs in the respiratory system and their functions,ms_marco,Ranking Error,1
how to become a federal employee,ms_marco,Lexical Miss,0
what does sneering mean,ms_marco,Ranking Error,1
what is jarabe tapatio,ms_marco,Semantic Miss,0
what is paw paw,ms_marco,Semantic Miss,0
good food sources as you can complex fats,ms_marco,Ranking Error,1
temperature and length of time to bake salmon,ms_marco,Semantic Miss,0
how long do you have before you have to move after the foreclosure,ms_marco,Ranking Error,1
what is a circumflex in french,ms_marco,Semantic Miss,0
in what year did diamondback bikes start cadel evans career off,ms_marco,Ranking Error,1
rhetorical term definition,ms_marco,Ranking Error,1
what are some uses for hardwood,ms_marco,Ranking Error,1
what is in a spice called savory,ms_marco,Ranking Error,1
what does a cumulonimbus look like,ms_marco,Ranking Error,1
how are stromatolites are related to oxygen',ms_marco,Ranking Error,1
Acquired immunity can be naturally or artificially acquired.,ms_marco,Ranking Error,1
why do you say bless you when a person sneezes,ms_marco,Ranking Error,1
difference between cooling fan and exhaust fan,ms_marco,Ranking Error,1
biblical meaning of the name daisy,ms_marco,Semantic Miss,0
explain what a sensor does,ms_marco,Ranking Error,1
what are reactants and products in relation to chemical reactions,ms_marco,Ranking Error,1
what is dioscorea villosa analgesic,ms_marco,Ranking Error,1
can you use a teepee trellis for tomatoes,ms_marco,Ranking Error,1
how many calories in honey,ms_marco,Ranking Error,1
what is a birthstone,ms_marco,Ranking Error,1
average cost of pavers per square foot,ms_marco,Ranking Error,1
when did china become unified,ms_marco,Ranking Error,1
geographical definition of isthmus,ms_marco,Semantic Miss,0
what temperature is a roast done,ms_marco,Semantic Miss,0
magnetic bracelets for arthritis pros and cons,ms_marco,Ranking Error,1
common extensor tendon origin and insertion,ms_marco,Semantic Miss,0
cost to install hardwood floor,ms_marco,Ranking Error,1
how to keep ants out of grass,ms_marco,Ranking Error,1
what is a pear shaped diamond called,ms_marco,Ranking Error,1
what are the differences between balinese and javanese gamelan,ms_marco,Ranking Error,1
what is progressive reform,ms_marco,Ranking Error,1
what is bibingka,ms_marco,Ranking Error,1
when did the harbour bridge started being built,ms_marco,Lexical Miss,0
meaning of the name kayla,ms_marco,Ranking Error,1
set forth definition,ms_marco,Semantic Miss,0
does an increase in co2 levels cause the heart rate to increase?,ms_marco,Ranking Error,1
how long chicken eggs incubate,ms_marco,Semantic Miss,0
open label extension study definition,ms_marco,Ranking Error,1
what is chlorophyll used for,ms_marco,Ranking Error,1
what do all the alkali metals have in common,ms_marco,Ranking Error,1
what is a NUc,ms_marco,Ranking Error,1
where do mountains usually form,ms_marco,Semantic Miss,0
how much nicotine is considered a lethal dose for humans,ms_marco,Ranking Error,1
where did sacagawea grow up,ms_marco,Ranking Error,1
where is the rocky mountains located on a map,ms_marco,Semantic Miss,0
does msm and biotin change hair texture,ms_marco,Ranking Error,1
how long do you have to be on birth control for it to start controlling your periods,ms_marco,Ranking Error,1
should you cut off salvage when doing quilting,ms_marco,Ranking Error,1
Pain felt in the iris is known as,ms_marco,Ranking Error,1
how much uv do leds emit,ms_marco,Ranking Error,1
cost to build a house in alabama,ms_marco,Lexical Miss,0
age you can leave a child home alone,ms_marco,Semantic Miss,0
is two thirds equivalent to four sixths,ms_marco,Ranking Error,1
what is a minerals,ms_marco,Ranking Error,1
difference between osteo and rheumatoid arthritis,ms_marco,Ranking Error,1
what was the purpose of the first continental congress,ms_marco,Ranking Error,1
what does botox do,ms_marco,Ranking Error,1
allegory literary definition,ms_marco,Semantic Miss,0
how much do church workers make,ms_marco,Ranking Error,1
what do the capillaries around the air sacs do,ms_marco,Ranking Error,1
recommended dosage of paracetamol,ms_marco,Ranking Error,1
what are the predators of the gulper eel,ms_marco,Ranking Error,1
what are the primary germ layers,ms_marco,Ranking Error,1
dragon tattoos meaning,ms_marco,Semantic Miss,0
average cost of power in auckland,ms_marco,Ranking Error,1
how much do photographers earn,ms_marco,Ranking Error,1
how many weeks pay for maternity leave,ms_marco,Ranking Error,1
what are other names for color blindness,ms_marco,Ranking Error,1
is mold a carcinogen,ms_marco,Ranking Error,1
how time is the chicken pox incubation period for chickenpox,ms_marco,Semantic Miss,0
how much do you make with uber,ms_marco,Ranking Error,1
what type of materials do you need to keep charges flowing?,ms_marco,Semantic Miss,0
how to restore straight razors,ms_marco,Semantic Miss,0
what is excessive saliva called,ms_marco,Ranking Error,1
what category does liothyronine belong and what disease does it treat,ms_marco,Ranking Error,1
what is the average starting salary for chemical engineers,ms_marco,Ranking Error,1
what is a gyroscope,ms_marco,Semantic Miss,0
where is vietnam located,ms_marco,Semantic Miss,0
eukaryotic organisms that are involved in causing or spreading disease,ms_marco,Ranking Error,1
cost per square metre tarmac driveway,ms_marco,Ranking Error,1
what does the name talitha mean,ms_marco,Ranking Error,1
what hormones does the pituitary gland produce,ms_marco,Semantic Miss,0
ordinal level of measurement definition statistics,ms_marco,Ranking Error,1
dissociative identity disorder meaning,ms_marco,Semantic Miss,0
what time should i get to the ACT test,ms_marco,Ranking Error,1
describe the structure of a capillary network,ms_marco,Semantic Miss,0
is reactive depression a mental illness,ms_marco,Ranking Error,1
where are almonds made,ms_marco,Ranking Error,1
what is ppd test,ms_marco,Ranking Error,1
alabang area code telephone,ms_marco,Lexical Miss,0
what is keirin,ms_marco,Lexical Miss,0
deadline to pay virginia state taxes,ms_marco,Ranking Error,1
what is chemical reaction,ms_marco,Ranking Error,1
saxmundham meaning of name,ms_marco,Ranking Error,1
how long to hatch dove eggs,ms_marco,Ranking Error,1
average temperature jindabyne,ms_marco,Ranking Error,1
should i wear a pad for discharge,ms_marco,Ranking Error,1
what is the fee for return receipt for usps mail,ms_marco,Semantic Miss,0
average cost of coffee beans,ms_marco,Ranking Error,1
what is a pilsner beer,ms_marco,Semantic Miss,0
which layer of the earth is made mostly of granite and rocks,ms_marco,Lexical Miss,0
how much sugar americans consume per day,ms_marco,Semantic Miss,0
pronounce descent,ms_marco,Ranking Error,1
standard deduction for dependent,ms_marco,Semantic Miss,0
is the catchpenny car boot on tomorrow,ms_marco,Ranking Error,1
what is phosphorus good for,ms_marco,Semantic Miss,0
what is a ethical business practices,ms_marco,Ranking Error,1
find out which computer a user is locking an account,ms_marco,Ranking Error,1
why do humans hunt the western gorillas,ms_marco,Lexical Miss,0
what is a fuse,ms_marco,Ranking Error,1
what is open offer means,ms_marco,Ranking Error,1
temperature for a roast beef,ms_marco,Ranking Error,1
who were the first members of the eu,ms_marco,Lexical Miss,0
definition of nuclear energy,ms_marco,Ranking Error,1
how long is a whole watermelon good for in the fridge,ms_marco,Lexical Miss,0
what is a disease that affects the digestive system,ms_marco,Ranking Error,1
are eggs a good diet food,ms_marco,Semantic Miss,0
what does a parasitologist do,ms_marco,Ranking Error,1
antibiotics commonly prescribed for ear infections,ms_marco,Ranking Error,1
who is governor of alaska,ms_marco,Semantic Miss,0
what is magnetism,ms_marco,Ranking Error,1
where is the okefenokee swamp located,ms_marco,Ranking Error,1
what is surimi salad,ms_marco,Ranking Error,1
what is tempeh made of,ms_marco,Semantic Miss,0
most male last name,ms_marco,Ranking Error,1
what causes particle separation in a concrete mix,ms_marco,Ranking Error,1
foods that are bad for gout,ms_marco,Ranking Error,1
define net income for tax purposes,ms_marco,Ranking Error,1
what is agency debt,ms_marco,Ranking Error,1
quarterly state taxes virginia due date,ms_marco,Ranking Error,1
what does arbitration agreement means,ms_marco,Ranking Error,1
age at which an individual is classed as a minor and how this differs nationally,ms_marco,Ranking Error,1
what are the ingredients in common table salt,ms_marco,Ranking Error,1
length of time for brain mri,ms_marco,Ranking Error,1
does eating when drunk sober you up,ms_marco,Ranking Error,1
What do the enteroendocrine cells of the stomach produce,ms_marco,Ranking Error,1
average cost to build a bathroom,ms_marco,Ranking Error,1
what does the frontal sinus do,ms_marco,Ranking Error,1
what do the pulmonary veins do,ms_marco,Ranking Error,1
dental hygienist salary alberta,ms_marco,Ranking Error,1
lakes around michigan,ms_marco,Ranking Error,1
what kind of dog is toto,ms_marco,Ranking Error,1
what does guava candy taste like,ms_marco,Ranking Error,1
can you move some music to a new itunes account and delete it from an old one,ms_marco,Semantic Miss,0
what age can you spay a dog,ms_marco,Ranking Error,1
why was corrymeela founded,ms_marco,Ranking Error,1
what is a siren mermaid,ms_marco,Lexical Miss,0
what are some of antinomianism,ms_marco,Ranking Error,1
what diseases can be transmitted by bloodborne pathogens,ms_marco,Ranking Error,1
can you carry hair gel on a plane,ms_marco,Ranking Error,1
what nationality is alex wagner,ms_marco,Ranking Error,1
how to sand rough glass edges,ms_marco,Ranking Error,1
what is a heterotroph microbe,ms_marco,Semantic Miss,0
how much should you get paid for dog walking,ms_marco,Lexical Miss,0
where the name drambuie come from,ms_marco,Ranking Error,1
how much does it cost to install a garage door,ms_marco,Ranking Error,1
which amendment allows voting,ms_marco,Semantic Miss,0
ribosomes description and function,ms_marco,Ranking Error,1
what does fibro adipose tissue do,ms_marco,Semantic Miss,0
major landforms of the amazon rainforest,ms_marco,Ranking Error,1
what weight is polycotton,ms_marco,Ranking Error,1
cost of marble countertops,ms_marco,Semantic Miss,0
age do baby teeth start falling out,ms_marco,Ranking Error,1
what does leptin stimulate,ms_marco,Ranking Error,1
what genus is human,ms_marco,Semantic Miss,0
percentage of death of measles before vaccine,ms_marco,Ranking Error,1
cost of installing backup sump pump,ms_marco,Ranking Error,1
how much does a professional bowler make,ms_marco,Ranking Error,1
what vegetation zone are pandas found,ms_marco,Ranking Error,1
how long should you leave a thermometer under your tongue,ms_marco,Semantic Miss,0
how the salary of the texas governor is determined,ms_marco,Ranking Error,1
what is latitude,ms_marco,Ranking Error,1
unit charge definition,ms_marco,Ranking Error,1
is there a limit for money in a current account,ms_marco,Ranking Error,1
how much do i pay csa for one child,ms_marco,Ranking Error,1
how to get cat dander out of a house,ms_marco,Ranking Error,1
what are regional movements that occur in the small intestine and function to churn and fragment the digestive materials called,ms_marco,Semantic Miss,0
how grams in an ounce,ms_marco,Ranking Error,1
What is the highest point in chile above sea level,ms_marco,Lexical Miss,0
what are villous lymphocytes,ms_marco,Ranking Error,1
board of directors roles and responsibilities,ms_marco,Ranking Error,1
do you need power meter for your road bike,ms_marco,Ranking Error,1
essential oil that start with rose,ms_marco,Ranking Error,1
what colour is charcoal,ms_marco,Ranking Error,1
what time of day is the best time to take clear blue digital pregnancy test,ms_marco,Semantic Miss,0
average temperatures climate in neptune for kids,ms_marco,Ranking Error,1
what is a hoosier?,ms_marco,Ranking Error,1
how to estimate what my business is worth,ms_marco,Ranking Error,1
how long to barbecue pork tenderloin,ms_marco,Ranking Error,1
what does a cbc include,ms_marco,Semantic Miss,0
how is a cyclone measured,ms_marco,Semantic Miss,0
enzyme is responsible for the metabolism of alcohol in the liver,ms_marco,Ranking Error,1
archetypal definition,ms_marco,Semantic Miss,0
do tenancy agreements need to be stamped,ms_marco,Semantic Miss,0
average cost per hospital day,ms_marco,Ranking Error,1
how many types of nucleotides are in dna and how do they differ,ms_marco,Lexical Miss,0
average age of women who get married,ms_marco,Ranking Error,1
what causes radioactive pollution,ms_marco,Ranking Error,1
where is energy located in the atp molecule,ms_marco,Ranking Error,1
what is a shemagh,ms_marco,Ranking Error,1
what is iron steel used for,ms_marco,Ranking Error,1
main purpose of alienation and sedition act,ms_marco,Ranking Error,1
average speed limit for drivers in ct,ms_marco,Lexical Miss,0
cost of mausoleum entombment,ms_marco,Ranking Error,1
WHat states do alligators live in,ms_marco,Ranking Error,1
normal pulse rate in adults,ms_marco,Ranking Error,1
what is altitude training,ms_marco,Lexical Miss,0
prion disease definition,ms_marco,Ranking Error,1
garage door spring replacement cost,ms_marco,Ranking Error,1
how long is cooked shrimp good for in refrigerator,ms_marco,Ranking Error,1
what foods do you use capers in,ms_marco,Ranking Error,1
what legislation was passed due to civil rights movement,ms_marco,Ranking Error,1
how often should a treadmill be lubricated,ms_marco,Ranking Error,1
what functional groups are in all monosaccharides,ms_marco,Lexical Miss,0
what origin does the surname Assemi come from,ms_marco,Semantic Miss,0
what kinds of food it bad for the heart,ms_marco,Ranking Error,1
will walking burn fat,ms_marco,Semantic Miss,0
merely definition,ms_marco,Ranking Error,1
what is the yearly pay for a civil engineer,ms_marco,Semantic Miss,0
hurricanes in hawaii that did most damage,ms_marco,Lexical Miss,0
how long does it take for birth control to clear up your skin,ms_marco,Ranking Error,1
how long to cook eye round,ms_marco,Lexical Miss,0
which neuron secretes neurotransmitters in light,ms_marco,Semantic Miss,0
site into which releasing hormones or inhibiting hormones,ms_marco,Ranking Error,1
what is the total fee for a petition,ms_marco,Ranking Error,1
what forms covalent bonds,ms_marco,Ranking Error,1
meaning of the name robbie,ms_marco,Ranking Error,1
convert square feet into linear feet,ms_marco,Ranking Error,1
what benefited from reconstruction finance corporation created by president hoover who benefited from this program,ms_marco,Lexical Miss,0
how fast do bluegill grow,ms_marco,Ranking Error,1
how long do you cook a beef tenderloin,ms_marco,Semantic Miss,0
can a person with a criminal record travel,ms_marco,Ranking Error,1
what is amyloplast,ms_marco,Ranking Error,1
what is a pole hem on a flag,ms_marco,Ranking Error,1
required amount of fiber per day,ms_marco,Ranking Error,1
define unimproved grassland,ms_marco,Ranking Error,1
cost of orthotics in ontario,ms_marco,Ranking Error,1
what dragonfly symbolizes,ms_marco,Ranking Error,1
how much carbohydrates should an athlete consume,ms_marco,Semantic Miss,0
what is the average salary for a FIFA player,ms_marco,Ranking Error,1
is dopamine a hormone,ms_marco,Ranking Error,1
where does the horse originated from,ms_marco,Ranking Error,1
how do you open a .paf file,ms_marco,Semantic Miss,0
how long do french lace hydrangea,ms_marco,Semantic Miss,0
what are human tissues,ms_marco,Ranking Error,1
is there a net torque on the loop of wire from the magnetic field,ms_marco,Semantic Miss,0
what does inr measure?,ms_marco,Ranking Error,1
how to become a cognitive psychologist,ms_marco,Ranking Error,1
what kind of store is walmart,ms_marco,Ranking Error,1
what is a phoneme in linguistics,ms_marco,Semantic Miss,0
all of the hobbit movies,ms_marco,Semantic Miss,0
what is a planarian,ms_marco,Ranking Error,1
what is deciduous,ms_marco,Lexical Miss,0
average penile length yahoo,ms_marco,Ranking Error,1
what is a blighted ovum,ms_marco,Semantic Miss,0
how long to charge camera battery,ms_marco,Ranking Error,1
what is kelp powder good for,ms_marco,Ranking Error,1
what is the origin of the last name fleming,ms_marco,Ranking Error,1
at what gestational age can you feel a fetus move,ms_marco,Ranking Error,1
liquid biocell life cost per month?,ms_marco,Ranking Error,1
how much space do you need above a refrigerator,ms_marco,Semantic Miss,0
where is graphite flakes produced,ms_marco,Ranking Error,1
what does rose quartz known for,ms_marco,Semantic Miss,0
what foods are bad for arthritis,ms_marco,Ranking Error,1
what does a sphere represent?,ms_marco,Ranking Error,1
what does a naturopath do,ms_marco,Semantic Miss,0
what is arthritis in the hands,ms_marco,Semantic Miss,0
what artery supplies dorsal part of hand,ms_marco,Ranking Error,1
average temperature august in new york,ms_marco,Ranking Error,1
uses of rocks in everyday life,ms_marco,Semantic Miss,0
what is a blastocyst,ms_marco,Ranking Error,1
how long to cook lamb rack,ms_marco,Lexical Miss,0
what technology is used to detect earthquakes,ms_marco,Ranking Error,1
cost per square foot to build a home addition,ms_marco,Ranking Error,1
what is tomato rasam,ms_marco,Semantic Miss,0
what happens if the visual cortex is damaged,ms_marco,Ranking Error,1
why hibiscus flower is important,ms_marco,Ranking Error,1
what age does wendy's hire,ms_marco,Ranking Error,1
what does lesion on kidneys mean,ms_marco,Lexical Miss,0
what type of pain is fracture pain,ms_marco,Ranking Error,1
should you rely on a compliance officer,ms_marco,Semantic Miss,0
can i service my own subpoena,ms_marco,Semantic Miss,0
why sedimentary rocks are porous,ms_marco,Ranking Error,1
what geological event occurs at a transform boundary,ms_marco,Ranking Error,1
how much does it cost to park at channelside parking garage,ms_marco,Lexical Miss,0
average wage per hour for babysitting,ms_marco,Ranking Error,1
what does it mean to be a doormat,ms_marco,Ranking Error,1
what is the normal range for body fat percentage,ms_marco,Ranking Error,1
how is a ultrasound done,ms_marco,Semantic Miss,0
how long does it take for a baby to be fully developed,ms_marco,Ranking Error,1
how to summon golem terraria,ms_marco,Ranking Error,1
what are the two main functions of the skeletal system,ms_marco,Ranking Error,1
how much do psychiatrists earn in australia,ms_marco,Ranking Error,1
how much does it cost to be a pediatric nurse,ms_marco,Ranking Error,1
do angiosperms have spores,ms_marco,Lexical Miss,0
what is a paralegal degree,ms_marco,Ranking Error,1
what is balkans,ms_marco,Ranking Error,1
what is similar to cholera,ms_marco,Ranking Error,1
how much does a human rabies vaccine cost,ms_marco,Ranking Error,1
is selenium a mood booster,ms_marco,Ranking Error,1
goosebumps the werewolf of fever swamp,ms_marco,Ranking Error,1
is phagocytosis autotrophic or heterotrophic,ms_marco,Ranking Error,1
kazakhstan location,ms_marco,Ranking Error,1
what is the age limit for life insurance,ms_marco,Ranking Error,1
what is a pterodactyl dinosaur,ms_marco,Ranking Error,1
whale blubber used for,ms_marco,Ranking Error,1
what age a child needs authorization to travel without the parents,ms_marco,Ranking Error,1
Which is a nonvascular seedless plant?,ms_marco,Semantic Miss,0
how long does it take to cook a pork tenderloin,ms_marco,Ranking Error,1
how much does a good pair of hearing aids cost,ms_marco,Ranking Error,1
can you purchase your own custom sports duvet cover,ms_marco,Ranking Error,1
do i need arc fault protection on the bathroom circuit?,ms_marco,Ranking Error,1
cholesterol in shrimp good or bad,ms_marco,Ranking Error,1
pharmacist tech salary,ms_marco,Ranking Error,1
what does foreign language mean,ms_marco,Ranking Error,1
name meaning of kaylyn,ms_marco,Ranking Error,1
how much is ivig treatment,ms_marco,Ranking Error,1
what is the cost of an mri scan,ms_marco,Ranking Error,1
why was the heian period given its name,ms_marco,Ranking Error,1
immobilized enzymes definition lactase,ms_marco,Ranking Error,1
best way to find raikou in crystal,ms_marco,Semantic Miss,0
what general function does the skeletal system perform,ms_marco,Ranking Error,1
what are the difference between mitochondria and chloroplast,ms_marco,Ranking Error,1
what makes your skin very dry,ms_marco,Ranking Error,1
how much do associate corporate lawyers make,ms_marco,Ranking Error,1
what kind of flour do gluten free,ms_marco,Ranking Error,1
did the Equal rights amendment ever get passed,ms_marco,Ranking Error,1
are vitamins organic or inorganic,ms_marco,Lexical Miss,0
what are is fibromyalgia,ms_marco,Ranking Error,1
how many calories should a young infants consume per day,ms_marco,Ranking Error,1
how much does it cost to get a cat declawed,ms_marco,Ranking Error,1
what is real property,ms_marco,Semantic Miss,0
how many actors from on the buses are still alive,ms_marco,Ranking Error,1
what minerals are carbonate,ms_marco,Semantic Miss,0
minimum height of electricity meter,ms_marco,Ranking Error,1
what is the strongest muscle in the body,ms_marco,Semantic Miss,0
what is aesthetic leadership,ms_marco,Ranking Error,1
what is a carrier for a phone?,ms_marco,Ranking Error,1
average women's professional soccer salary over the years,ms_marco,Ranking Error,1
aleve side effects,ms_marco,Lexical Miss,0
what is an internal adjustment in financial aid,ms_marco,Ranking Error,1
temporal parietal damage,ms_marco,Ranking Error,1
what spices are in sausage,ms_marco,Ranking Error,1
how much do full time nationally certified Pharmacy Tech's make??,ms_marco,Ranking Error,1
what is vzw airwaves,ms_marco,Ranking Error,1
what is papillary thyroid cancer,ms_marco,Ranking Error,1
what defeats rock type pokemon,ms_marco,Lexical Miss,0
what are chemical bonds in biology,ms_marco,Ranking Error,1
what seeds will grow under artificial light in the winter?,ms_marco,Ranking Error,1
what is a methane hydrate,ms_marco,Ranking Error,1
salary of a neonatologist in louisiana,ms_marco,Ranking Error,1
how do you remove the space after a paragraph in word,ms_marco,Semantic Miss,0
what are some good food sources for thiamin,ms_marco,Ranking Error,1
female five weeks after birth height,ms_marco,Ranking Error,1
how long should you eat after a workout,ms_marco,Ranking Error,1
cat repellent that is safe for dogs,ms_marco,Ranking Error,1
how to cook eat crab,ms_marco,Ranking Error,1
when was lady jane grey born,ms_marco,Ranking Error,1
why are savannas located where they are,ms_marco,Ranking Error,1
maximum earnings to contribute to roth ira,ms_marco,Semantic Miss,0
what continent is jamaica belong to,ms_marco,Ranking Error,1
what is armistice day,ms_marco,Ranking Error,1
what is a hamsa hand,ms_marco,Ranking Error,1
how do you know if a stamp is a forever stamp,ms_marco,Semantic Miss,0
what purpose does public policy serve,ms_marco,Ranking Error,1
cost to maintain a reining horse,ms_marco,Ranking Error,1
what language do they speak in saudi arabia,ms_marco,Ranking Error,1
what bug bite causes small blisters,ms_marco,Semantic Miss,0
what surgery do you do for blepharochalasis,ms_marco,Ranking Error,1
what does the deltoid muscle do,ms_marco,Ranking Error,1
what does a producer of a movie do,ms_marco,Ranking Error,1
what is food technology,ms_marco,Ranking Error,1
how do i tie out my prior year retained earnings,ms_marco,Ranking Error,1
describe how mitosis maintains a constant chromosome number,ms_marco,Ranking Error,1
did prince have children,ms_marco,Ranking Error,1
how big do ornamental pear trees grow,ms_marco,Ranking Error,1
what is an average amount to spend on health insurance a month,ms_marco,Ranking Error,1
what Kombucha is good for,ms_marco,Ranking Error,1
what is a dwarfs,ms_marco,Ranking Error,1
why nainital is famous,ms_marco,Ranking Error,1
what is a gastritis,ms_marco,Semantic Miss,0
how to cook a duck in the oven,ms_marco,Ranking Error,1
sean is pronounced as,ms_marco,Ranking Error,1
what is the average bookkeeper hourly rate,ms_marco,Ranking Error,1
how much do you get paid fostering a child,ms_marco,Ranking Error,1
what does landrace mean,ms_marco,Ranking Error,1
disease caused by protozoa in animals,ms_marco,Semantic Miss,0
what is in a cell,ms_marco,Ranking Error,1
signs of hens laying,ms_marco,Semantic Miss,0
who is ishmael,ms_marco,Ranking Error,1
what medications does lyrica interact with,ms_marco,Ranking Error,1
should we do space exploration,ms_marco,Semantic Miss,0
average salary in bahrain per month,ms_marco,Semantic Miss,0
how long does a dog bleed during a heat cycle,ms_marco,Ranking Error,1
what is a drawout circuit breaker,ms_marco,Ranking Error,1
can you connect to bluetooth through laptop,ms_marco,Ranking Error,1
what breed is the american pitbull,ms_marco,Ranking Error,1
how to fix a leaky bathtub faucet,ms_marco,Ranking Error,1
psychology identification examples,ms_marco,Ranking Error,1
what causes canker sore,ms_marco,Ranking Error,1
carbs count for a pre diabetes,ms_marco,Ranking Error,1
similarities between humans and chimpanzees,ms_marco,Ranking Error,1
what kind of vaccine is tetanus,ms_marco,Lexical Miss,0
what does a fold in your intestines mean,ms_marco,Ranking Error,1
how to manually calculate cumulative gpa,ms_marco,Ranking Error,1
blanchard name meaning,ms_marco,Ranking Error,1
how to get photos from phone to computer,ms_marco,Ranking Error,1
what did aristotle believe earth was made of,ms_marco,Ranking Error,1
how long to cook beef rolled rib roast,ms_marco,Semantic Miss,0
what education is needed to become a top executive,ms_marco,Ranking Error,1
mountain range definition,ms_marco,Ranking Error,1
how much does it cost to rebook a skills test,ms_marco,Ranking Error,1
what does methanol smell like,ms_marco,Ranking Error,1
what is a nupe kappa,ms_marco,Ranking Error,1
how much does it cost to plant a tree,ms_marco,Ranking Error,1
radical behaviorism simple definition,ms_marco,Ranking Error,1
tyre puncture repair cost,ms_marco,Ranking Error,1
how does benedict's solution work,ms_marco,Ranking Error,1
what is chemical Glyphosate used for,ms_marco,Semantic Miss,0
what is kratky method,ms_marco,Ranking Error,1
what is e dispar,ms_marco,Semantic Miss,0
what is mediastinal mass,ms_marco,Ranking Error,1
max income for a roth ira,ms_marco,Ranking Error,1
klonopin normal dose,ms_marco,Ranking Error,1
what is a meerkat in english,ms_marco,Ranking Error,1
cost of getting a physical exam without insurance,ms_marco,Ranking Error,1
what is a silicone elastomer,ms_marco,Ranking Error,1
what is cosmetic bonding,ms_marco,Ranking Error,1
does peyton and lucas come back,ms_marco,Ranking Error,1
dna replication what is a replication fork,ms_marco,Ranking Error,1
what are the characteristics of hurricane,ms_marco,Semantic Miss,0
what is a critical habitat,ms_marco,Ranking Error,1
when and why was the berlin wall built,ms_marco,Ranking Error,1
do quest test for von willebrand disease,ms_marco,Ranking Error,1
brennan name meaning,ms_marco,Ranking Error,1
gestation period of whitetail deer,ms_marco,Semantic Miss,0
how much does a business coach cost,ms_marco,Ranking Error,1
where was pavel constantin born,ms_marco,Ranking Error,1
how wide is the colosseum,ms_marco,Ranking Error,1
what to do as community service,ms_marco,Ranking Error,1
what is trypophobia disease,ms_marco,Ranking Error,1
Who were the Sumerians and what did they believe in?,ms_marco,Ranking Error,1
are spadefoot toads endangered,ms_marco,Ranking Error,1
what is metatarsal,ms_marco,Ranking Error,1
what are bales,ms_marco,Ranking Error,1
maximum hours allowed to work before a break,ms_marco,Ranking Error,1
what does the yin yang mean,ms_marco,Ranking Error,1
what is cost to stain a deck,ms_marco,Ranking Error,1
el chapo net worth,ms_marco,Ranking Error,1
telephone prefix for columbus kansas,ms_marco,Ranking Error,1
what is chiropractic therapy,ms_marco,Ranking Error,1
list the location of each body cavity and name the organs it contains,ms_marco,Ranking Error,1
what was the third reich,ms_marco,Semantic Miss,0
what is tympanic membrane,ms_marco,Semantic Miss,0
how long to cook a whole turkey,ms_marco,Ranking Error,1
what does a nursing program do for a college,ms_marco,Ranking Error,1
what is a DME provider,ms_marco,Ranking Error,1
insoluble fiber foods,ms_marco,Semantic Miss,0
is there a way to find the owner of a cell phone number,ms_marco,Ranking Error,1
when were airbags developed,ms_marco,Ranking Error,1
cost of a single tooth repair (cavity)?,ms_marco,Ranking Error,1
what does sodium chloride inhibit,ms_marco,Ranking Error,1
what is tigernut,ms_marco,Ranking Error,1
what does a steam turbine condenser do,ms_marco,Ranking Error,1
A a species is a group of similar organisms that test,ms_marco,Ranking Error,1
tsavorite meaning,ms_marco,Ranking Error,1
why did humans domesticate dogs,ms_marco,Lexical Miss,0
how to restore metal dukes jar lids,ms_marco,Lexical Miss,0
what is a tokoloshe,ms_marco,Ranking Error,1
average temperature in breckenridge in july,ms_marco,Ranking Error,1
how long does a bad account stay on your credit report,ms_marco,Semantic Miss,0
how did the twelfth amendment change the electoral college?,ms_marco,Ranking Error,1
the meaning of the name april,ms_marco,Ranking Error,1
is asparagus fern a perennial,ms_marco,Semantic Miss,0
what is a characteristic of cellulose,ms_marco,Ranking Error,1
what is international commercial law,ms_marco,Ranking Error,1
what is a tawa,ms_marco,Ranking Error,1
what process produces zygotes what cells join or fuse,ms_marco,Ranking Error,1
how much money does a dental assistant make a year,ms_marco,Semantic Miss,0
does term life insurance increase,ms_marco,Semantic Miss,0
how long do artichoke seeds take to germinate,ms_marco,Ranking Error,1
what is chytridiomycosis caused by,ms_marco,Ranking Error,1
average cost for yard maintenance,ms_marco,Semantic Miss,0
best way to use chromecast,ms_marco,Semantic Miss,0
what is tempe area codes,ms_marco,Ranking Error,1
who is invertebrate paleontologist,ms_marco,Ranking Error,1
where to plant buttercup flowers,ms_marco,Ranking Error,1
ascending tract definition,ms_marco,Ranking Error,1
how to use classic crafting in minecraft console,ms_marco,Ranking Error,1
what does mobo stand for computer,ms_marco,Ranking Error,1
how long bake chicken legs,ms_marco,Ranking Error,1
percent of how many service dogs are golden retrievers,ms_marco,Ranking Error,1
can you use a deactivated sim card again,ms_marco,Ranking Error,1
what is a spill kit,ms_marco,Ranking Error,1
what is osteopenic range,ms_marco,Ranking Error,1
what structure do traditional turkey music use?,ms_marco,Ranking Error,1
average salary in drc,ms_marco,Ranking Error,1
how much does pet insurance cost for cats,ms_marco,Ranking Error,1
characteristics of pollutants classified as persistent organic pollutants,ms_marco,Ranking Error,1
what is land around australia,ms_marco,Ranking Error,1
how many min per lbs to cook eye round roast in oven,ms_marco,Ranking Error,1
what flooring to use on uneven floor,ms_marco,Semantic Miss,0
average mileage per year for a diesel car,ms_marco,Ranking Error,1
cost for drywalling per square foot,ms_marco,Semantic Miss,0
what color is azurite,ms_marco,Semantic Miss,0
the posterior compartment of the eye is filled with,ms_marco,Ranking Error,1
which vitamins are stored by the body,ms_marco,Ranking Error,1
what kind of skin does a turtle have,ms_marco,Ranking Error,1
how long do i have to pay my credit card,ms_marco,Semantic Miss,0
how much does best buy pay cashiers,ms_marco,Lexical Miss,0
is charles lubbe banting a qualified doctor,ms_marco,Ranking Error,1
what does aqueous mean,ms_marco,Lexical Miss,0
purpose of encumbrance accounting,ms_marco,Ranking Error,1
is glucose a monosaccharide,ms_marco,Lexical Miss,0
how long does a sunburn take to heal,ms_marco,Semantic Miss,0
salary nhl referee,ms_marco,Ranking Error,1
how did nafta affect united states,ms_marco,Lexical Miss,0
what were the odds of european explorers making across the ocean,ms_marco,Ranking Error,1
how much do radio host make,ms_marco,Semantic Miss,0
what temperature does rainbow lake trout like,ms_marco,Lexical Miss,0
what does embarrassed,ms_marco,Ranking Error,1
what carbon used for,ms_marco,Ranking Error,1
when should cabbage seeds be planted,ms_marco,Ranking Error,1
what is tetramethylammonium chloride used for,ms_marco,Ranking Error,1
what does mutated will mean,ms_marco,Ranking Error,1
is factory labor per unit fixed or variable,ms_marco,Ranking Error,1
what is sedan car means,ms_marco,Ranking Error,1
how did the missouri compromise affect massachusetts,ms_marco,Ranking Error,1
what is mers servicer id,ms_marco,Lexical Miss,0
how late can you drive with a provisional license in maryland,ms_marco,Ranking Error,1
average human body temperature,ms_marco,Ranking Error,1
what does hiv rna mean,ms_marco,Ranking Error,1
how much does a dental crown cost,ms_marco,Ranking Error,1
average cost to drain pool,ms_marco,Ranking Error,1
how can you avoid hepatitis,ms_marco,Lexical Miss,0
how do you say bounded,ms_marco,Ranking Error,1
is carbon found in protein,ms_marco,Lexical Miss,0
causes of very yellow urine,ms_marco,Ranking Error,1
dyspraxia what is it symptoms,ms_marco,Lexical Miss,0
why can't felons vote,ms_marco,Ranking Error,1
benefits of feeding frozen mice to snakes,ms_marco,Ranking Error,1
what are shield volcanoes,ms_marco,Ranking Error,1
first black woman to earn phd in astrophysics front yale,ms_marco,Ranking Error,1
can you use trees as fence posts,ms_marco,Lexical Miss,0
what is average closing costs for a seller of a home,ms_marco,Ranking Error,1
genetic information transmitted laterally between bacteria,ms_marco,Ranking Error,1
what is the cost to maintain a pool,ms_marco,Ranking Error,1
what is a parasitic infection,ms_marco,Ranking Error,1
genetic polymorphism example,ms_marco,Ranking Error,1
does heartwood contain extractives,ms_marco,Ranking Error,1
host of the first season of american idol,ms_marco,Ranking Error,1
how many credits for a degree,ms_marco,Semantic Miss,0
what is livedrive,ms_marco,Semantic Miss,0
what foods provide lipids,ms_marco,Ranking Error,1
how long is marijuana in your system,ms_marco,Ranking Error,1
does lyocell wrinkle,ms_marco,Ranking Error,1
grass temperature germination,ms_marco,Semantic Miss,0
what is hypospadia,ms_marco,Ranking Error,1
dart charge penalty how to pay,ms_marco,Ranking Error,1
what does wryd mean,ms_marco,Lexical Miss,0
the average income of a college student,ms_marco,Semantic Miss,0
where is thredbo,ms_marco,Ranking Error,1
what does it mean when a dog is passing blood,ms_marco,Ranking Error,1
name lily definition,ms_marco,Ranking Error,1
what is rodelle vanilla,ms_marco,Ranking Error,1
how long does it take for thyroid medication to work,ms_marco,Ranking Error,1
what is produced from limestone,ms_marco,Semantic Miss,0
what is assimilation psychology,ms_marco,Ranking Error,1
is dimethicone organic,ms_marco,Ranking Error,1
what is an option contract law,ms_marco,Ranking Error,1
what is echelon,ms_marco,Lexical Miss,0
when was houston founded,ms_marco,Ranking Error,1
largest plant family on earth,ms_marco,Ranking Error,1
what kind of software is SAS,ms_marco,Semantic Miss,0
how much money does ryan seacrest make for american idol,ms_marco,Ranking Error,1
what masters degree does a marine biologist need,ms_marco,Ranking Error,1
how is the great barrier reef managed,ms_marco,Ranking Error,1
what is a trading symbol,ms_marco,Ranking Error,1
benign tumor of mesenchymal origin,ms_marco,Semantic Miss,0
what is arctic cod adaptations,ms_marco,Semantic Miss,0
what organism is Saimiri boliviensis boliviensis,ms_marco,Lexical Miss,0
what do the maasai do,ms_marco,Semantic Miss,0
how many days do you have to take tessalon perles,ms_marco,Ranking Error,1
what does a tb test do,ms_marco,Ranking Error,1
what are plantar warts,ms_marco,Ranking Error,1
what is turkish mosaic lamps,ms_marco,Semantic Miss,0
does late payments affect your credit score,ms_marco,Lexical Miss,0
what is propofol sedation,ms_marco,Ranking Error,1
what breccia is used for,ms_marco,Ranking Error,1
repertoire definition,ms_marco,Ranking Error,1
how to view email in browser outlook,ms_marco,Semantic Miss,0
how much does it cost to try and convict for terrorism,ms_marco,Ranking Error,1
what is motor excitability,ms_marco,Semantic Miss,0
what is meningioma,ms_marco,Semantic Miss,0
can child transfer tuition to parent,ms_marco,Ranking Error,1
what is downlite,ms_marco,Ranking Error,1
devilish definition,ms_marco,Ranking Error,1
gateway toll cost,ms_marco,Ranking Error,1
farm bureau claims telephone#,ms_marco,Ranking Error,1
what are synthetic cannabinoids,ms_marco,Ranking Error,1
what is the treatment of pleurisy,ms_marco,Ranking Error,1
why are phospholipids important in cell membranes,ms_marco,Lexical Miss,0
Evaporation of water from plant leaves is called ________.,ms_marco,Lexical Miss,0
language of bolivia,ms_marco,Ranking Error,1
what caused the great chinese famine,ms_marco,Ranking Error,1
what does the word mollusks,ms_marco,Ranking Error,1
how much do zydol cost,ms_marco,Ranking Error,1
who is the leader in shinee,ms_marco,Ranking Error,1
what type of government was germany in ww1,ms_marco,Ranking Error,1
how to start a paw paw tree from seed,ms_marco,Ranking Error,1
average salary for a pediatrician in florida,ms_marco,Lexical Miss,0
reserved powers definition,ms_marco,Ranking Error,1
is gelatin made with pork,ms_marco,Ranking Error,1
should the teenage driving age be raised,ms_marco,Ranking Error,1
how can you become a faster reader,ms_marco,Semantic Miss,0
what is the origin of the name quirino,ms_marco,Ranking Error,1
is tobacco considered a controlled substance,ms_marco,Ranking Error,1
what test is done for thyroid,ms_marco,Ranking Error,1
what is codeine,ms_marco,Lexical Miss,0
who made the enigma machine,ms_marco,Semantic Miss,0
what region of the world is france in,ms_marco,Semantic Miss,0
what causes toxic megacolon,ms_marco,Ranking Error,1
what is parasitic nutrition,ms_marco,Ranking Error,1
how long does it take to become a therapist,ms_marco,Ranking Error,1
how many senators are republican,ms_marco,Ranking Error,1
what is the average price for a couch,ms_marco,Ranking Error,1
What nationality is the name Lamendola,ms_marco,Semantic Miss,0
telecheck customer service phone number,ms_marco,Ranking Error,1
what is buccal midazolam,ms_marco,Ranking Error,1
average mileage driven per year small business,ms_marco,Lexical Miss,0
how to take apart pallets,ms_marco,Lexical Miss,0
why does it pain left side of abdomen and back,ms_marco,Ranking Error,1
how much does an associates degree in dental hygiene cost,ms_marco,Ranking Error,1
what continent is saudi arabia,ms_marco,Ranking Error,1
how long is oncologist training,ms_marco,Ranking Error,1
is contractor cost wages,ms_marco,Ranking Error,1
how far is hawker from leigh creek,ms_marco,Semantic Miss,0
is norway in europe,ms_marco,Ranking Error,1
what is a characteristic of influenza?,ms_marco,Ranking Error,1
what does the premotor area control,ms_marco,Ranking Error,1
can you have a underscore in an email domain address name,ms_marco,Ranking Error,1
swimming pool cost to build cost to fill in ground,ms_marco,Lexical Miss,0
how long does peppermayo take to arrive,ms_marco,Semantic Miss,0
what temperature is the danger zone for food,ms_marco,Ranking Error,1
typical infiltration rates for houses,ms_marco,Semantic Miss,0
what makes antibodies,ms_marco,Semantic Miss,0
how long do i cook brown rice in the microwave,ms_marco,Lexical Miss,0
what is a displayport connection,ms_marco,Ranking Error,1
addiction a disease or moral deficiency,ms_marco,Semantic Miss,0
jaundice definition hepatitis,ms_marco,Ranking Error,1
dog swollen salivary gland,ms_marco,Semantic Miss,0
what is decompensating esophoria,ms_marco,Ranking Error,1
what problems did the civil rights movement address,ms_marco,Ranking Error,1
what does bianca sauce contain,ms_marco,Semantic Miss,0
what is a deemed contract,ms_marco,Semantic Miss,0
how much does altitude pay,ms_marco,Semantic Miss,0
what is hemoglobin,ms_marco,Semantic Miss,0
formula to find quarter from date,ms_marco,Ranking Error,1
what is the average cost for a martial arts studio lease,ms_marco,Ranking Error,1
define significant,ms_marco,Ranking Error,1
how to start a doggie daycare business from home,ms_marco,Semantic Miss,0
what is a gorge,ms_marco,Ranking Error,1
who was aunt esther on fred sanford,ms_marco,Semantic Miss,0
is whole grain oatmeal wheat?,ms_marco,Ranking Error,1
what is the best liquid feed for shrubs,ms_marco,Ranking Error,1
what is chayote good for,ms_marco,Ranking Error,1
what kind of cactus do i have,ms_marco,Semantic Miss,0
average lifespan for collie,ms_marco,Semantic Miss,0
what tone is poetry,ms_marco,Semantic Miss,0
what does ultrasound tech do,ms_marco,Semantic Miss,0
canada do you have to file a tax return,ms_marco,Ranking Error,1
how long does it take for a program to appear on 4od,ms_marco,Ranking Error,1
twitter do tagged people see protected tweets?,ms_marco,Lexical Miss,0
how to change iphone display colors,ms_marco,Ranking Error,1
meaning of ronan,ms_marco,Ranking Error,1
what does acronyms mean,ms_marco,Ranking Error,1
how much does average engagement ring cost,ms_marco,Ranking Error,1
types of hepatitis viruses,ms_marco,Ranking Error,1
what is the normal range for haemoglobin levels,ms_marco,Ranking Error,1
what is dracaena plant,ms_marco,Semantic Miss,0
how are human mitochondria inherited,ms_marco,Ranking Error,1
what apps can i chromecast,ms_marco,Semantic Miss,0
which is better tuna or salmon,ms_marco,Lexical Miss,0
converting part of your non deductible contribution ira to a roth,ms_marco,Semantic Miss,0
will be amended to read shortages in area,ms_marco,Ranking Error,1
how to measure for cement slab,ms_marco,Ranking Error,1
how much did my car registration cost in MN,ms_marco,Ranking Error,1
what is a carbonyl group,ms_marco,Ranking Error,1
what is migraine pain,ms_marco,Ranking Error,1
inflamed muscles symptoms,ms_marco,Ranking Error,1
what is mars orbital period,ms_marco,Ranking Error,1
what is horseland,ms_marco,Ranking Error,1
define human geography,ms_marco,Ranking Error,1
meaning of sparing,ms_marco,Ranking Error,1
when was the walt disney company founded,ms_marco,Ranking Error,1
what kind of landform is toronto,ms_marco,Semantic Miss,0
are drawings taxed?,ms_marco,Ranking Error,1
which amendment gave congress the power to levy taxes on personal income,ms_marco,Ranking Error,1
what does homonyms mean,ms_marco,Lexical Miss,0
what does iodoform test indicate,ms_marco,Ranking Error,1
what is platform analytics,ms_marco,Ranking Error,1
why did charles bukowski write dirty realism',ms_marco,Ranking Error,1
what is mogas,ms_marco,Lexical Miss,0
what is mean of levorg',ms_marco,Ranking Error,1
"i am licensed to carry in florida, can i carry in massachusetts",ms_marco,Lexical Miss,0
mnsure cost,ms_marco,Ranking Error,1
what are antioxidants in food,ms_marco,Lexical Miss,0
what is sirtaki,ms_marco,Ranking Error,1
how much to get a dent pulled out,ms_marco,Lexical Miss,0
what are schizophrenic hallucinations,ms_marco,Ranking Error,1
what is hydrostop BR used for,ms_marco,Semantic Miss,0
what b vitamins for vegetarians,ms_marco,Lexical Miss,0
where can koalas be found,ms_marco,Ranking Error,1
definition of inseparable,ms_marco,Ranking Error,1
what mechanism moves food through the gastrointestinal tract,ms_marco,Ranking Error,1
cost allocation for dialysis treatment,ms_marco,Ranking Error,1
what is gluten for baking,ms_marco,Lexical Miss,0
what does pantoprazole sodium do,ms_marco,Lexical Miss,0
average cost for paver patio,ms_marco,Lexical Miss,0
meanings of the name lauren,ms_marco,Ranking Error,1
is pain normal a month after kyphoplasty,ms_marco,Ranking Error,1
how much can music teachers make,ms_marco,Ranking Error,1
what is the name of a four sided shape,ms_marco,Lexical Miss,0
how long does it take to cook frozen ribs in the oven,ms_marco,Ranking Error,1
average fp&a manager salary,ms_marco,Ranking Error,1
is myalgia contagious,ms_marco,Ranking Error,1
optimum temperature for offices,ms_marco,Ranking Error,1
what happens when I stop taking provera pill,ms_marco,Ranking Error,1
how many marijuana plants can you legally grow in riverside county california,ms_marco,Ranking Error,1
"Thesis, antithesis, synthesis is also known as",ms_marco,Ranking Error,1
is tramadol a narcotic?,ms_marco,Ranking Error,1
the ___were victory at the first battle of bull run,ms_marco,Semantic Miss,0
what is rotation,ms_marco,Semantic Miss,0
what is the name of the currency used in france,ms_marco,Lexical Miss,0
should people with mental illnesses be in a relationship,ms_marco,Ranking Error,1
meaning of cohorts,ms_marco,Ranking Error,1
average cost for dental veneers,ms_marco,Ranking Error,1
what is the meaning of spaghetti,ms_marco,Semantic Miss,0
how many calories does the average person eats in carbs a day,ms_marco,Ranking Error,1
how to adjust row height in excel at once,ms_marco,Ranking Error,1
what is korean ethnicity,ms_marco,Ranking Error,1
what is the difference between scripting language and programming language,ms_marco,Ranking Error,1
what is austenitic and martensitic,ms_marco,Semantic Miss,0
what is thick waxy coating means in microbiology,ms_marco,Ranking Error,1
what are the four types of fossils,ms_marco,Semantic Miss,0
how tall do peppers grow,ms_marco,Ranking Error,1
how to search database in asp.net,ms_marco,Semantic Miss,0
average cost for lawn installation on new build,ms_marco,Ranking Error,1
when the triceps brachii muscle contracts what movements does it produce,ms_marco,Ranking Error,1
what is a base salary,ms_marco,Semantic Miss,0
average temperature dhaka,ms_marco,Ranking Error,1
what situation caused the magna carta to be created,ms_marco,Ranking Error,1
what diseases do mosquito carry,ms_marco,Ranking Error,1
what is an energy pyramid in science,ms_marco,Ranking Error,1
what are the letters in algebra called,ms_marco,Ranking Error,1
bitumen temperature range,ms_marco,Ranking Error,1
how much does a land survey cost,ms_marco,Ranking Error,1
what is promethazine hydrochloride and codeine phosphate syrup,ms_marco,Ranking Error,1
what of the population is la pine oregon,ms_marco,Ranking Error,1
broncos super bowl wins,ms_marco,Semantic Miss,0
do nerves contain collagen,ms_marco,Ranking Error,1
what are amino acids used for,ms_marco,Ranking Error,1
when was roberto clemente born and died,ms_marco,Semantic Miss,0
what is the food like in greece,ms_marco,Lexical Miss,0
plasmids definition biology,ms_marco,Semantic Miss,0
what is a adenomatous polyp in colon,ms_marco,Ranking Error,1
what neurotransmitters does phentermine affect,ms_marco,Semantic Miss,0
do i need to link my bank account to paypal to receive money,ms_marco,Ranking Error,1
what was the reformist patriot movement,ms_marco,Ranking Error,1
which bonds are created during the formation of the primary structure of a protein?,ms_marco,Ranking Error,1
neural layer of retina definition,ms_marco,Ranking Error,1
where is baden germany,ms_marco,Ranking Error,1
how much does the average tank get you in a car,ms_marco,Ranking Error,1
where was josephine bonaparte born,ms_marco,Ranking Error,1
where does graphite come from,ms_marco,Semantic Miss,0
where is wednesfield,ms_marco,Ranking Error,1
how fast do elephants run,ms_marco,Ranking Error,1
is vetch edible,ms_marco,Ranking Error,1
what does the epidermis do in a flower plant,ms_marco,Ranking Error,1
what bear means in chinese culture,ms_marco,Ranking Error,1
how much does an average kitchen cabinet refacing cost,ms_marco,Semantic Miss,0
average cost to replace shocks and struts,ms_marco,Ranking Error,1
how to cook ribeye steak on the grill,ms_marco,Ranking Error,1
what is geographic tongue,ms_marco,Ranking Error,1
what are fdic insurance limits,ms_marco,Ranking Error,1
best vitamins for stomach health,ms_marco,Ranking Error,1
what is venus known for,ms_marco,Ranking Error,1
which choice is an example of ethnicity,ms_marco,Ranking Error,1
muscle contraction meaning,ms_marco,Ranking Error,1
who was trek founded by,ms_marco,Ranking Error,1
how you can become a CPA,ms_marco,Ranking Error,1
does adderall improve cognition,ms_marco,Semantic Miss,0
microchips for dogs fees,ms_marco,Ranking Error,1
what is inside a corn,ms_marco,Lexical Miss,0
what direction does the dc mall run,ms_marco,Ranking Error,1
is celtic different from irish or scottish?,ms_marco,Semantic Miss,0
what team does adrian peterson play for,ms_marco,Ranking Error,1
how old is mattie jackson,ms_marco,Ranking Error,1
where is tanjung pelepas port,ms_marco,Ranking Error,1
is naproxen good for toothache,ms_marco,Ranking Error,1
how long do i bake tilapia,ms_marco,Ranking Error,1
what helps hangovers,ms_marco,Ranking Error,1
how much do surgical nurses make an hour,ms_marco,Ranking Error,1
how to renew texas cna license,ms_marco,Ranking Error,1
what career path does a medical assistant have,ms_marco,Ranking Error,1
types of onions names,ms_marco,Ranking Error,1
what is a status symbol in sociology,ms_marco,Ranking Error,1
the salary of a radiologist,ms_marco,Ranking Error,1
what is conflict in quality management,ms_marco,Ranking Error,1
bona fide occupational qualification meaning,ms_marco,Semantic Miss,0
what is sulfites in food,ms_marco,Ranking Error,1
what type of cancer causes thrush in adults,ms_marco,Semantic Miss,0
what are cfl bulbs made of,ms_marco,Ranking Error,1
how long do you boil crab for,ms_marco,Lexical Miss,0
what is dipladenia plant,ms_marco,Ranking Error,1
define hepatitis b,ms_marco,Semantic Miss,0
what are inhalants,ms_marco,Semantic Miss,0
where was the Pantheon built,ms_marco,Ranking Error,1
what is a Caucasus,ms_marco,Ranking Error,1
what happens when add turps to oil paint,ms_marco,Ranking Error,1
what is animal biotechnology,ms_marco,Ranking Error,1
what is a townland,ms_marco,Ranking Error,1
afferent neuron definition,ms_marco,Semantic Miss,0
what determines social security disability,ms_marco,Ranking Error,1
what is mojo mean,ms_marco,Ranking Error,1
Absurdity Synonyms,ms_marco,Ranking Error,1
order application for mississippi birth certificate,ms_marco,Ranking Error,1
how much does a plumber charge to replace faucet,ms_marco,Semantic Miss,0
what is an executive coach,ms_marco,Ranking Error,1
what is granisetron hcl used for,ms_marco,Ranking Error,1
how to cut watermelon for party,ms_marco,Ranking Error,1
rental car taxes and fees in hawaii,ms_marco,Lexical Miss,0
where is castlebar,ms_marco,Ranking Error,1
is chase website down today,ms_marco,Ranking Error,1
cost of hardwood floors per square foot installed,ms_marco,Ranking Error,1
what is a normal ejection fraction range,ms_marco,Ranking Error,1
what does widely patent mean,ms_marco,Lexical Miss,0
what phylum and class is a sea pork,ms_marco,Ranking Error,1
what is a rogowski coil,ms_marco,Ranking Error,1
longest word definition english language,ms_marco,Ranking Error,1
what is acetal plastic,ms_marco,Ranking Error,1
foreign currency transaction fees on credit cards,ms_marco,Ranking Error,1
cells where genetic material that is not contained in a nucleus,ms_marco,Ranking Error,1
is there a age requirement to become ny corrections,ms_marco,Ranking Error,1
what is variable expenses,ms_marco,Ranking Error,1
when was slavery first started,ms_marco,Ranking Error,1
medical definition lateral,ms_marco,Ranking Error,1
how many minimum wages for medical lab technician for one hour in canada,ms_marco,Ranking Error,1
what is a CR contract,ms_marco,Ranking Error,1
how to price a tiling job,ms_marco,Ranking Error,1
what does plateau mean,ms_marco,Ranking Error,1
how to clean stainless steel sink hard water stains,ms_marco,Ranking Error,1
song of joy meaning of name,ms_marco,Ranking Error,1
which branch of a spinal nerve is the widest in diameter,ms_marco,Ranking Error,1
how much time is needed to digest food for hours take,ms_marco,Ranking Error,1
why am I getting popup are you a human,ms_marco,Ranking Error,1
how to set my default email to gmail,ms_marco,Ranking Error,1
australian superannuation salary sacrifice limits,ms_marco,Ranking Error,1
what is jra,ms_marco,Ranking Error,1
asa hutchinson was elected governor in,ms_marco,Lexical Miss,0
what are carbohydrate,ms_marco,Ranking Error,1
DNA is synthesized through a process known as _____.,ms_marco,Ranking Error,1
can i get rid of spider veins,ms_marco,Ranking Error,1
how big should should my ceiling fan be,ms_marco,Semantic Miss,0
what class or phylum are earthworms,ms_marco,Ranking Error,1
how much does a curriculum director make,ms_marco,Ranking Error,1
salary it manager desktop support,ms_marco,Semantic Miss,0
i never was a killing type lyrics,ms_marco,Ranking Error,1
is lyrica a narcotic,ms_marco,Ranking Error,1
nose surgery average cost canada,ms_marco,Ranking Error,1
how much does it cost to replace a shingle roof,ms_marco,Ranking Error,1
what is iambic pentameter,ms_marco,Ranking Error,1
is shawarma lebanese food,ms_marco,Ranking Error,1
where is heidelberg situated,ms_marco,Lexical Miss,0
cushing disease is caused by,ms_marco,Ranking Error,1
what is a locus biology,ms_marco,Semantic Miss,0
what is mountain,ms_marco,Ranking Error,1
what does agalychnis mean,ms_marco,Semantic Miss,0
what is a salty tasting food,ms_marco,Ranking Error,1
what region is doha qatar,ms_marco,Ranking Error,1
qualifications to become a diagnostic medical sonographer,ms_marco,Ranking Error,1
what should freezer temperature be set at,ms_marco,Ranking Error,1
grilling thick pork chops temperature,ms_marco,Ranking Error,1
what is the definition of dharma,ms_marco,Ranking Error,1
what does module means,ms_marco,Ranking Error,1
what colors do strawberries come in,ms_marco,Lexical Miss,0
do you need to use toner after bleaching hair,ms_marco,Ranking Error,1
what type of company is tidal,ms_marco,Lexical Miss,0
what is pericycle in plants,ms_marco,Ranking Error,1
what chemical reactions do hydrazine block,ms_marco,Ranking Error,1
what is floriculture,ms_marco,Ranking Error,1
what is propylene carbonate,ms_marco,Semantic Miss,0
what is genome made of,ms_marco,Ranking Error,1
what is personality disorder traits,ms_marco,Ranking Error,1
is anti nausea medication safe in pregnancy,ms_marco,Ranking Error,1
DNA that is derived from the DNA of two or more different species is called,ms_marco,Ranking Error,1
what is multiplexed,ms_marco,Lexical Miss,0
how long to fully charge sansa clip,ms_marco,Semantic Miss,0
what are the chances of rheumatoid arthritis if anti CCP is positive,ms_marco,Ranking Error,1
how much can you put in an ira,ms_marco,Ranking Error,1
types of technologies used in business,ms_marco,Ranking Error,1
cost to remove skin tags,ms_marco,Ranking Error,1
what is a apprenticeship,ms_marco,Ranking Error,1
what is the difference between business and first class on american airlines,ms_marco,Semantic Miss,0
what was the giants score yesterday,ms_marco,Ranking Error,1
how many immigrants are allowed in the us each year,ms_marco,Semantic Miss,0
how to cook pork loin rib rack roast,ms_marco,Ranking Error,1
why did the berlin wall finally came down,ms_marco,Ranking Error,1
what is marl material,ms_marco,Semantic Miss,0
punta cana weather averages,ms_marco,Ranking Error,1
what course do you do to become a speech therapist,ms_marco,Ranking Error,1
new york mammal is called,ms_marco,Lexical Miss,0
how to cook prime rib in the convection oven,ms_marco,Ranking Error,1
qualifying dates for maternity pay,ms_marco,Ranking Error,1
eiza name meaning,ms_marco,Ranking Error,1
why do my joints hurt when i run,ms_marco,Ranking Error,1
what does moreton mean,ms_marco,Ranking Error,1
what is towie,ms_marco,Ranking Error,1
what does Himitsu mean,ms_marco,Ranking Error,1
australian carpenter salary range,ms_marco,Semantic Miss,0
dermis definition,ms_marco,Lexical Miss,0
how much does a new garage door cost installed,ms_marco,Ranking Error,1
different names for sugars,ms_marco,Ranking Error,1
what diabetes use for treatment options,ms_marco,Ranking Error,1
what is the parathyroid gland,ms_marco,Lexical Miss,0
what types of foods provide glucose,ms_marco,Ranking Error,1
what is nungu in english,ms_marco,Ranking Error,1
what is iberian peninsula,ms_marco,Ranking Error,1
what are kidney stone made of,ms_marco,Lexical Miss,0
majors needed to become a social worker,ms_marco,Ranking Error,1
what does dysentery mean,ms_marco,Ranking Error,1
what is the going salary for market risk analyst,ms_marco,Ranking Error,1
what biome does an acacia come from,ms_marco,Ranking Error,1
dna definition bitesize,ms_marco,Semantic Miss,0
what type of glass are commercial windows made of,ms_marco,Ranking Error,1
hormones are chemicals that are secreted and go directly into,ms_marco,Ranking Error,1
why do eye muscles twitch,ms_marco,Ranking Error,1
what are biologics drugs,ms_marco,Ranking Error,1
meaning of armlet,ms_marco,Semantic Miss,0
what salary can you earn as a counsellor,ms_marco,Ranking Error,1
how much schooling to be an orthopedic surgeon,ms_marco,Semantic Miss,0
define flagellum botany,ms_marco,Ranking Error,1
how long for qvar to work,ms_marco,Ranking Error,1
are garden spiders poisonous,ms_marco,Ranking Error,1
what is pressure necrosis,ms_marco,Ranking Error,1
average health insurance rates,ms_marco,Ranking Error,1
The republic was also known as a socialist government.,ms_marco,Semantic Miss,0
how much does it cost to run an electric pool heater,ms_marco,Semantic Miss,0
typical sponsorship fee for events,ms_marco,Ranking Error,1
connecticut name origin,ms_marco,Ranking Error,1
what is a seed layer called,ms_marco,Ranking Error,1
biological definition TRAITS,ms_marco,Ranking Error,1
price per square foot for laminate flooring installed,ms_marco,Ranking Error,1
meaning of name dakshika,ms_marco,Semantic Miss,0
how much protein in a steak,ms_marco,Ranking Error,1
how to serve pork cushion meat in the oven,ms_marco,Ranking Error,1
where does the polka originate,ms_marco,Ranking Error,1
what age children do pediatricians treat,ms_marco,Ranking Error,1
are possums nocturnal,ms_marco,Semantic Miss,0
what hormone does the pancreas produce,ms_marco,Ranking Error,1
the brain is made up of about nerve cells,ms_marco,Ranking Error,1
why do muslim men have beards,ms_marco,Ranking Error,1
gluconeogenesis meaning,ms_marco,Ranking Error,1
antigone was the third play written by,ms_marco,Ranking Error,1
salmonella causes what disease,ms_marco,Ranking Error,1
what does pyridine dissociate into,ms_marco,Ranking Error,1
mechanism of of o-phenylenediamine,ms_marco,Ranking Error,1
fairfax county average salary,ms_marco,Ranking Error,1
celery calories,ms_marco,Ranking Error,1
where did the term ghetto come from,ms_marco,Ranking Error,1
what are fingernails made of,ms_marco,Ranking Error,1
caesura literary definition,ms_marco,Ranking Error,1
how long does it take for a loaf of bread to thaw,ms_marco,Ranking Error,1
what organ does a cardiologist specialize,ms_marco,Ranking Error,1
how much can i expect to pay for carpet?,ms_marco,Ranking Error,1
what do mri detect,ms_marco,Ranking Error,1
what type of enzyme is aldolase,ms_marco,Ranking Error,1
definition cryotherapie,ms_marco,Ranking Error,1
different types of hemoglobin,ms_marco,Ranking Error,1
what does a adjective mean,ms_marco,Ranking Error,1
radula definition biology,ms_marco,Ranking Error,1
cost of life in NYC,ms_marco,Lexical Miss,0
what might have happened if the treaty of paris was signed,ms_marco,Lexical Miss,0
hyaline cartilage consists of specialized cells called,ms_marco,Semantic Miss,0
what is a takht sikhism,ms_marco,Ranking Error,1
describe a reflex arc that consists of two neurons,ms_marco,Semantic Miss,0
what is a loop current,ms_marco,Ranking Error,1
how to mute on conference call,ms_marco,Ranking Error,1
funded mandate definition,ms_marco,Ranking Error,1
how to find someone ip on skype,ms_marco,Lexical Miss,0
what are the three types of pollution,ms_marco,Ranking Error,1
what causes pimples,ms_marco,Semantic Miss,0
what kind of metal is iron maiden,ms_marco,Lexical Miss,0
what is pulsus paradoxus,ms_marco,Ranking Error,1
describe parrot,ms_marco,Ranking Error,1
how much more do ccrn nurses get paid,ms_marco,Lexical Miss,0
how long does it take for an egg to be fertilized,ms_marco,Ranking Error,1
what kind of economy does china have,ms_marco,Semantic Miss,0
where does the diaphragm attach to the medial lumber segment,ms_marco,Semantic Miss,0
what tectonic plate is mount st helens on,ms_marco,Ranking Error,1
what is euploidy and aneuploidy,ms_marco,Ranking Error,1
inflation rates in iran,ms_marco,Ranking Error,1
the catbird seat plot summary,ms_marco,Ranking Error,1
how long does geese eggs take to hatch,ms_marco,Ranking Error,1
where was zama located,ms_marco,Ranking Error,1
nike create your own,ms_marco,Lexical Miss,0
price for speeding ticket,ms_marco,Lexical Miss,0
is penicillin a bacteriostatic,ms_marco,Ranking Error,1
what is one ecosystem found within the taiga biome,ms_marco,Ranking Error,1
how much pay do one get during residency in USA,ms_marco,Ranking Error,1
how to tell age of tire,ms_marco,Semantic Miss,0
does social media have an affect on teenagers,ms_marco,Ranking Error,1
what temperature does a house fire reach,ms_marco,Semantic Miss,0
how much urine in a day is normal,ms_marco,Ranking Error,1
how long does the average american drive to work,ms_marco,Lexical Miss,0
what are the uses for liquefied natural gas,ms_marco,Ranking Error,1
what type of muscle is responsible for contractions of the digestive tract and arteries,ms_marco,Ranking Error,1
what is zinc primer,ms_marco,Lexical Miss,0
broncos.schedule,ms_marco,Ranking Error,1
what lab shows active hepatitis a,ms_marco,Ranking Error,1
where did the phoenicians live,ms_marco,Lexical Miss,0
average umbrella company fee,ms_marco,Ranking Error,1
how long will a dui show up on my driving record,ms_marco,Ranking Error,1
what makes a molecule,ms_marco,Ranking Error,1
average electricity bill per month,ms_marco,Ranking Error,1
definition of querulous?,ms_marco,Ranking Error,1
how much does it cost to build a water park,ms_marco,Ranking Error,1
what does secretions mean,ms_marco,Ranking Error,1
what are the dosage forms tizanidine,ms_marco,Ranking Error,1
the meaning of bullying at schools,ms_marco,Semantic Miss,0
what are the genotypes of brassica rapa,ms_marco,Ranking Error,1
how long does it take for hair to grow back,ms_marco,Ranking Error,1
what is ractopamine,ms_marco,Ranking Error,1
how does temperature vary with altitude in earth's atmosphere,ms_marco,Ranking Error,1
how to get to monza circuit,ms_marco,Ranking Error,1
who did belgium give power over in,ms_marco,Lexical Miss,0
average salary increase for bachelor's degree,ms_marco,Semantic Miss,0
what is a slapstick,ms_marco,Ranking Error,1
how long does a mango tree live,ms_marco,Semantic Miss,0
how much do nursing assistants in a nursing home make,ms_marco,Ranking Error,1
who is the founder of microsoft,ms_marco,Ranking Error,1
what biome is the hoh rainforest,ms_marco,Ranking Error,1
name of actress who played wonder woman on tv,ms_marco,Ranking Error,1
what is tibial disease,ms_marco,Ranking Error,1
when was the first compass invented,ms_marco,Ranking Error,1
who is helen schucman,ms_marco,Ranking Error,1
what kind of food is good for depression,ms_marco,Ranking Error,1
what is ventricular ectopy,ms_marco,Ranking Error,1
why is asphalt called asphalt,ms_marco,Lexical Miss,0
name the intervals you would use to create a histogram of the data given,ms_marco,Ranking Error,1
what does ankh symbol mean,ms_marco,Semantic Miss,0
what is malaria caused by,ms_marco,Semantic Miss,0
incubation time for cold,ms_marco,Ranking Error,1
what is elidel used for,ms_marco,Ranking Error,1
what is a braciole,ms_marco,Ranking Error,1
what is pomodoro,ms_marco,Semantic Miss,0
how to delete synced pictures from ipad,ms_marco,Ranking Error,1
what foods do weevils get into,ms_marco,Ranking Error,1
what is computed tomography imaging,ms_marco,Ranking Error,1
what type of government did the phoenicians have,ms_marco,Ranking Error,1
what is peptic ulcer disease,ms_marco,Ranking Error,1
what does bella mia mean,ms_marco,Ranking Error,1
what does jelani mean in swahili,ms_marco,Ranking Error,1
cost of desalination,ms_marco,Ranking Error,1
what foods are cruciferous foods,ms_marco,Ranking Error,1
is safflower oil safe,ms_marco,Semantic Miss,0
how much money do radiology techs make,ms_marco,Ranking Error,1
does medical insurance cover freezing eggs,ms_marco,Semantic Miss,0
how to tell if a blue gourami is pregnant,ms_marco,Ranking Error,1
what is a neutralization reaction,ms_marco,Ranking Error,1
what causes infection around the heart,ms_marco,Ranking Error,1
who wrote the world is flat,ms_marco,Ranking Error,1
what does wallahi azeem mean,ms_marco,Ranking Error,1
estimated cost siding a house,ms_marco,Lexical Miss,0
what show is on at the bellagio las vegas,ms_marco,Ranking Error,1
what is overpayment inequity,ms_marco,Ranking Error,1
are operon genes cis acting,ms_marco,Semantic Miss,0
what is a flagstaff,ms_marco,Ranking Error,1
what type of hallucinations are the most common in schizophrenia quizlet,ms_marco,Ranking Error,1
why is kodiak island historical,ms_marco,Ranking Error,1
john travolta first film,ms_marco,Ranking Error,1
doctor average salary,ms_marco,Ranking Error,1
what is hanger steak,ms_marco,Ranking Error,1
average home construction cost,ms_marco,Ranking Error,1
what is the meaning of inflorescence,ms_marco,Ranking Error,1
cost of a cairn terrier puppy,ms_marco,Ranking Error,1
what is an snar reaction,ms_marco,Ranking Error,1
what is nre account,ms_marco,Ranking Error,1
what does a moist productive cough indicate,ms_marco,Ranking Error,1
who invented cotton candy,ms_marco,Ranking Error,1
how does the chinese view mental issues,ms_marco,Lexical Miss,0
what is the link between alveoli and capillaries,ms_marco,Semantic Miss,0
what is msm powder,ms_marco,Ranking Error,1
what is the decompression of a sciatic nerve,ms_marco,Ranking Error,1
what government agency manages medicare,ms_marco,Ranking Error,1
how to determine hoa fees,ms_marco,Ranking Error,1
what is gaussian curve,ms_marco,Lexical Miss,0
what does S&M mean,ms_marco,Semantic Miss,0
how to start gypsophila elegans seeds,ms_marco,Ranking Error,1
types of lymphatic tissue,ms_marco,Ranking Error,1
how long to cook a mini apple pie,ms_marco,Ranking Error,1
"how do skeletal muscles allow for ,movement",ms_marco,Lexical Miss,0
what are photography gels,ms_marco,Ranking Error,1
how much does nuclear energy cost?,ms_marco,Ranking Error,1
characteristics of protists,ms_marco,Ranking Error,1
what are proteins formed by?,ms_marco,Ranking Error,1
what satellite does freeview use,ms_marco,Semantic Miss,0
how long can cooked chicken be in the fridge,ms_marco,Ranking Error,1
what is the BPM level for adults,ms_marco,Ranking Error,1
how to start okra indoors,ms_marco,Ranking Error,1
what is felony misdemeanor,ms_marco,Ranking Error,1
what age do a babies need interaction with other babies,ms_marco,Ranking Error,1
what is the united nations organisation,ms_marco,Ranking Error,1
definition of IBR disease,ms_marco,Ranking Error,1
what is dapper,ms_marco,Ranking Error,1
where is the blarney stone located,ms_marco,Ranking Error,1
what creates carbon monoxide in a home,ms_marco,Ranking Error,1
what kind of shelter do cheetahs live,ms_marco,Ranking Error,1
cost per color page inkjet vs laser,ms_marco,Ranking Error,1
average coolant temperature,ms_marco,Ranking Error,1
average temperature in summer for the temperate deciduous forest biome,ms_marco,Lexical Miss,0
what distinguishes amino acids,ms_marco,Ranking Error,1
what is schnapps,ms_marco,Ranking Error,1
cost of split system heating,ms_marco,Ranking Error,1
what is a agglutination mean,ms_marco,Ranking Error,1
what is bartonella,ms_marco,Ranking Error,1
what program can i use to edit sent email document,ms_marco,Ranking Error,1
what is a colloblast,ms_marco,Ranking Error,1
what does noblesse oblige mean,ms_marco,Semantic Miss,0
definition of burpee,ms_marco,Ranking Error,1
cost to attend pvcc,ms_marco,Ranking Error,1
convert degrees to celsius calculator,ms_marco,Semantic Miss,0
what are the salivary glands,ms_marco,Ranking Error,1
how long is an imei number,ms_marco,Ranking Error,1
what region is the creuse in,ms_marco,Ranking Error,1
what is genre examples,ms_marco,Lexical Miss,0
what is a bulging artery,ms_marco,Ranking Error,1
average salary for bank president,ms_marco,Ranking Error,1
how much does it cost per square foot to install hardwood floors,ms_marco,Ranking Error,1
what does te puni kokiri do,ms_marco,Lexical Miss,0
what nationality is jennifer lopez,ms_marco,Ranking Error,1
when was the first diesel train invented,ms_marco,Ranking Error,1
what is apache spark,ms_marco,Ranking Error,1
what is the exact location of cliff rocamadour,ms_marco,Ranking Error,1
how much does it cost to have a cat put down,ms_marco,Ranking Error,1
average starting salary registered nurse arizona,ms_marco,Ranking Error,1
is graphite conductive,ms_marco,Ranking Error,1
what is a bcfb,ms_marco,Ranking Error,1
cost for a commercial building fence,ms_marco,Semantic Miss,0
what is the recommended intake of sugar per day for a diab,ms_marco,Ranking Error,1
average salary non invasive cardiologist,ms_marco,Ranking Error,1
what is plexus for,ms_marco,Semantic Miss,0
when do willow trees bloom,ms_marco,Ranking Error,1
what is a gamp,ms_marco,Ranking Error,1
average cost of energy by state,ms_marco,Ranking Error,1
private college cost,ms_marco,Ranking Error,1
which problem caused the most debated during the constitutional convention,ms_marco,Semantic Miss,0
what is the visible spectrum,ms_marco,Ranking Error,1
what county is naples,ms_marco,Ranking Error,1
is it possible to exchange out of state driver license for nj driver license,ms_marco,Ranking Error,1
when was the classical period of greek coins,ms_marco,Ranking Error,1
how do kidney beans grow,ms_marco,Lexical Miss,0
what phylum are there,ms_marco,Lexical Miss,0
symptoms of venereal disease,ms_marco,Ranking Error,1
what part of the body does the coronary artery supply,ms_marco,Ranking Error,1
waste brine definition,ms_marco,Ranking Error,1
how long to cook fresh fish in oven,ms_marco,Semantic Miss,0
failure to configure windows update reverting,ms_marco,Semantic Miss,0
what is a mcp disease,ms_marco,Ranking Error,1
The name of the scientist who coined the term cell for smallest living term,ms_marco,Ranking Error,1
lng carrier operating cost,ms_marco,Ranking Error,1
how far is ft lauderdale airport to miami,ms_marco,Semantic Miss,0
how much is a root canal with delta dental insurance,ms_marco,Ranking Error,1
what is a dexa scan used for,ms_marco,Ranking Error,1
average house build cost,ms_marco,Ranking Error,1
how much do forensic scientists earn in australia,ms_marco,Ranking Error,1
what is electron bifurcation,ms_marco,Ranking Error,1
what is the femoral sheath,ms_marco,Ranking Error,1
why is a rich blood supply important for muscle contraction,ms_marco,Ranking Error,1
what does occipital defect mean,ms_marco,Ranking Error,1
what is a mammal definition,ms_marco,Semantic Miss,0
how long does it take for bermuda seed to grow,ms_marco,Ranking Error,1
standard deduction if someone can claim you as a dependent,ms_marco,Lexical Miss,0
how much money before probate is required,ms_marco,Ranking Error,1
deplete synonym,ms_marco,Ranking Error,1
will smith actor height,ms_marco,Ranking Error,1
how long to cook sweet potatoes in the oven,ms_marco,Semantic Miss,0
what is a pupillary reflex important,ms_marco,Ranking Error,1
italian where is,ms_marco,Ranking Error,1
where do you go to apply for a mortgage,ms_marco,Semantic Miss,0
how much exercise or physical activity should people do daily,ms_marco,Ranking Error,1
what is the role of bacterial cell in nature,ms_marco,Semantic Miss,0
what is hybrid services,ms_marco,Ranking Error,1
what acts did the environmental movement get passed?,ms_marco,Ranking Error,1
what is the span of the golden gate bridge,ms_marco,Ranking Error,1
the name of the plant hormone that stimulates meristem cells to divide,ms_marco,Lexical Miss,0
what is an alias name vs preferred name,ms_marco,Ranking Error,1
what is a hominy grit,ms_marco,Lexical Miss,0
tsh blood test normal range,ms_marco,Ranking Error,1
how much does it cost to encapsulate placenta,ms_marco,Ranking Error,1
how do I remove microsoft office trial,ms_marco,Semantic Miss,0
is edta safe for everyone,ms_marco,Ranking Error,1
NHS what is an mrcp scan,ms_marco,Semantic Miss,0
characteristics of spina bifida,ms_marco,Ranking Error,1
best way to debug shell script,ms_marco,Semantic Miss,0
how long does it take to take up a habit,ms_marco,Lexical Miss,0
col cost of living index,ms_marco,Ranking Error,1
what is the meaning of morocco's flag,ms_marco,Lexical Miss,0
what is polymer cellulose acetate,ms_marco,Semantic Miss,0
Vaccinations for horse cost,ms_marco,Ranking Error,1
where is amherstburg located,ms_marco,Ranking Error,1
is larnaca in ayia napa,ms_marco,Semantic Miss,0
diseases caused by fungi,ms_marco,Semantic Miss,0
eye problems caused by graves disease,ms_marco,Ranking Error,1
what does waist circumference measure,ms_marco,Ranking Error,1
what are the differences between chromosome chromatid and chromatin,ms_marco,Ranking Error,1
is there going to be another airbender movie,ms_marco,Ranking Error,1
how tall does a child need to be for a booster seat,ms_marco,Ranking Error,1
what does a company treasurer do,ms_marco,Ranking Error,1
what is the crocodile hunters daughters name,ms_marco,Ranking Error,1
what is a turducken,ms_marco,Ranking Error,1
what are the hip abductor muscles,ms_marco,Ranking Error,1
what is a company executive officer,ms_marco,Semantic Miss,0
how much does it cost to have a bathroom fitted,ms_marco,Ranking Error,1
what structure is responsible for moving the chromosomes during mitosis,ms_marco,Ranking Error,1
how long does it take broken glass to decompose,ms_marco,Lexical Miss,0
the name anzac when was it formed,ms_marco,Ranking Error,1
the benefits of msm powder,ms_marco,Ranking Error,1
what is markup language,ms_marco,Ranking Error,1
concrete can hold moisture for how long?,ms_marco,Lexical Miss,0
jenny craig cost per week,ms_marco,Ranking Error,1
how much does average canadian make,ms_marco,Ranking Error,1
how much per square meter to floor tile,ms_marco,Ranking Error,1
teen pregnancy rates by zip code,ms_marco,Ranking Error,1
how long do you bake chicken legs and thighs in the oven,ms_marco,Ranking Error,1
what is the meaning of anonymity,ms_marco,Ranking Error,1
can i rinse out my dishwasher,ms_marco,Semantic Miss,0
temperature to incubate turkey eggs,ms_marco,Semantic Miss,0
what does rust consist of,ms_marco,Ranking Error,1
what do langerhans cells do,ms_marco,Ranking Error,1
Another name for the primary visual cortex is,ms_marco,Ranking Error,1
trew family name meaning,ms_marco,Ranking Error,1
can you paint over old wallpaper border,ms_marco,Ranking Error,1
what does ADH do,ms_marco,Semantic Miss,0
what is robin's name,ms_marco,Ranking Error,1
what does ana blood test for,ms_marco,Ranking Error,1
who wrote and first recorded wallflower,ms_marco,Ranking Error,1
what are the characteristics of a panda bear,ms_marco,Ranking Error,1
what is matzo made of,ms_marco,Ranking Error,1
average latest salary of a anesthesiologist,ms_marco,Semantic Miss,0
manufacture uses of silicon dioxide,ms_marco,Lexical Miss,0
what pharmaceutical company makes escitalopram,ms_marco,Ranking Error,1
replacing permanent resident card canada,ms_marco,Ranking Error,1
how long is the human body designed to live,ms_marco,Ranking Error,1
how much is a house inspection cost,ms_marco,Ranking Error,1
what was the goal of the prohibition movement,ms_marco,Lexical Miss,0
what is a blood plum,ms_marco,Ranking Error,1
how many calories should a person consume in a day,ms_marco,Semantic Miss,0
salary of a counselor in florida,ms_marco,Lexical Miss,0
does tumbling work harden stainless steel,ms_marco,Ranking Error,1
how to healthy season baked salmon,ms_marco,Ranking Error,1
what is a hypo,ms_marco,Ranking Error,1
what is welding,ms_marco,Ranking Error,1
how thick should a driveway cap be,ms_marco,Semantic Miss,0
what does purdah mean,ms_marco,Semantic Miss,0
subculture meaning,ms_marco,Ranking Error,1
what was the sherman antitrust act yahoo,ms_marco,Semantic Miss,0
where did Arabic come from,ms_marco,Ranking Error,1
what is a pull groin,ms_marco,Ranking Error,1
definition rorschach,ms_marco,Semantic Miss,0
cost of renewing a passport,ms_marco,Ranking Error,1
where was the narmer palette excavated,ms_marco,Ranking Error,1
how to improve your resting heart rate,ms_marco,Ranking Error,1
where is dolomite found,ms_marco,Ranking Error,1
what is microscopic colitis disease,ms_marco,Ranking Error,1
where is habersham sc at,ms_marco,Ranking Error,1
what are glycolipids,ms_marco,Ranking Error,1
what is a shanty town,ms_marco,Ranking Error,1
what is the range for a fever,ms_marco,Ranking Error,1
game inventor salary,ms_marco,Ranking Error,1
what is gradualism,ms_marco,Ranking Error,1
what does a creel of eels mean,ms_marco,Semantic Miss,0
what is a reaction turbine,ms_marco,Ranking Error,1
what muscle does farmers walk work,ms_marco,Ranking Error,1
is chuck e cheese still popular,ms_marco,Ranking Error,1
what is appendicular skeleton,ms_marco,Ranking Error,1
jackie chan net worth,ms_marco,Ranking Error,1
what type of government does slovakia have,ms_marco,Ranking Error,1
where did apples originate,ms_marco,Lexical Miss,0
how long is driving test,ms_marco,Ranking Error,1
large platelets causes,ms_marco,Ranking Error,1
weigh and pay,ms_marco,Ranking Error,1
where is popocatepetl located,ms_marco,Ranking Error,1
oona name meaning,ms_marco,Ranking Error,1
what does muscular fitness means,ms_marco,Ranking Error,1
how long are avocados good for,ms_marco,Ranking Error,1
what is a furuncle boil,ms_marco,Ranking Error,1
what is the elisa test,ms_marco,Ranking Error,1
how much does a garage concrete slab cost,ms_marco,Ranking Error,1
when did falun gong start,ms_marco,Lexical Miss,0
what year did miscegenation become unconstitutional,ms_marco,Semantic Miss,0
what does radioiodine do,ms_marco,Semantic Miss,0
what super score do you need vanderbilt,ms_marco,Semantic Miss,0
side effects that are caused by GMOs,ms_marco,Lexical Miss,0
what does intensity of light mean,ms_marco,Ranking Error,1
does peanuts cause arthritis,ms_marco,Ranking Error,1
what is zicom,ms_marco,Ranking Error,1
what types of food in africa,ms_marco,Ranking Error,1
what role does the spleen have in our bodies,ms_marco,Ranking Error,1
what is a contingent liabilities,ms_marco,Ranking Error,1
what role does lactase play in milk,ms_marco,Ranking Error,1
what album is mine on,ms_marco,Ranking Error,1
how much does a log cabin home cost to build,ms_marco,Ranking Error,1
what currency is used in vietnam?,ms_marco,Semantic Miss,0
what is cbd good for,ms_marco,Lexical Miss,0
is a castor beans venomous,ms_marco,Ranking Error,1
who invented the very first washing machine ever,ms_marco,Ranking Error,1
what county is walnut il in,ms_marco,Ranking Error,1
cost to change easyjet flights,ms_marco,Ranking Error,1
average wage of steelworkers,ms_marco,Ranking Error,1
how to cook pork sausages,ms_marco,Semantic Miss,0
what is american shortening,ms_marco,Semantic Miss,0
what is solder made of,ms_marco,Ranking Error,1
what is a brigadeiro,ms_marco,Ranking Error,1
price test weighted average calculation,ms_marco,Ranking Error,1
who was willie beir,ms_marco,Ranking Error,1
when you unfollow someone on facebook do they see your posts,ms_marco,Ranking Error,1
is genting highlands theme park open,ms_marco,Semantic Miss,0
what is the meaning of wright,ms_marco,Ranking Error,1
cost to do your closets,ms_marco,Ranking Error,1
does retro fitness charge a yearly fee,ms_marco,Lexical Miss,0
average square foot cost of modular home,ms_marco,Ranking Error,1
who sings the song wild horses,ms_marco,Semantic Miss,0
what is average wage at ups store,ms_marco,Ranking Error,1
how long does it take to burn alive,ms_marco,Semantic Miss,0
the structure where urine is formed is the,ms_marco,Ranking Error,1
much do you get paid jury duty nsw,ms_marco,Lexical Miss,0
what does MENSA mean,ms_marco,Ranking Error,1
how to pronounce Shonagh,ms_marco,Ranking Error,1
what is notation in math,ms_marco,Ranking Error,1
when do you have to start withdrawing from your ira,ms_marco,Ranking Error,1
what are phoenicians in ancient history,ms_marco,Ranking Error,1
typical underwriting fee,ms_marco,Ranking Error,1
what does magnetism affect,ms_marco,Ranking Error,1
what is the omentum,ms_marco,Ranking Error,1
List The Roles of Calcium,ms_marco,Ranking Error,1
what does leap manifesto mean?,ms_marco,Ranking Error,1
name a food associated with mexico,ms_marco,Ranking Error,1
are there deer in china,ms_marco,Semantic Miss,0
what eukaryotic cell structure contains DNA,ms_marco,Semantic Miss,0
large for gestational age signs and symptoms,ms_marco,Ranking Error,1
which snake is bigger anaconda or python,ms_marco,Ranking Error,1
what does lymph composed of,ms_marco,Ranking Error,1
when did stand up comedy start,ms_marco,Ranking Error,1
is europe a continent,ms_marco,Semantic Miss,0
similarities between canada and switzerland,ms_marco,Ranking Error,1
what type of hops do theakstons use,ms_marco,Ranking Error,1
how do you make graphs in excel,ms_marco,Ranking Error,1
how to share wireless with virtual pc,ms_marco,Semantic Miss,0
how long can you make payments to the irs,ms_marco,Ranking Error,1
how much does it cost to get retainers replace at western dental,ms_marco,Ranking Error,1
how to predict lottery numbers mathematically,ms_marco,Ranking Error,1
temp to bake boneless skinless chicken thighs,ms_marco,Ranking Error,1
where is the endometrial cavity located,ms_marco,Ranking Error,1
what is metapopulation,ms_marco,Ranking Error,1
what is the average distance a baseball can be thrown,ms_marco,Ranking Error,1
where is majorca,ms_marco,Ranking Error,1
when did the anthropocene begin,ms_marco,Ranking Error,1
molecular weight of propane,ms_marco,Ranking Error,1
can you freeze sauces,ms_marco,Ranking Error,1
definition of cystic fibrosis,ms_marco,Ranking Error,1
when was the first cell phone invented,ms_marco,Semantic Miss,0
what is inside a cyst,ms_marco,Ranking Error,1
what kind of shoes do flamenco dancers wear,ms_marco,Ranking Error,1
checking oven temperature accuracy,ms_marco,Ranking Error,1
is loss of hearing associated with old age,ms_marco,Semantic Miss,0
why do they stain pistachios red?,ms_marco,Lexical Miss,0
how to get a degree without math,ms_marco,Ranking Error,1
what is enu,ms_marco,Ranking Error,1
what are the foods rich in vitamin c,ms_marco,Ranking Error,1
barite is in what mineral group,ms_marco,Ranking Error,1
what is a delta smelt,ms_marco,Ranking Error,1
definition of phallic,ms_marco,Ranking Error,1
which part of the neuron acts as a receiver for nerve impulses axon nucleus dendrites,ms_marco,Ranking Error,1
can a man live on avocado,ms_marco,Ranking Error,1
how long does it take silicone sealant to dry,ms_marco,Ranking Error,1
is protaras in larnaca,ms_marco,Ranking Error,1
kutztown tuition cost,ms_marco,Ranking Error,1
what is a marketing authorisation,ms_marco,Lexical Miss,0
simplicity is an example of a jargon,ms_marco,Ranking Error,1
when can i separate my hostas,ms_marco,Ranking Error,1
can you deduct mileage on a rental car,ms_marco,Lexical Miss,0
how long does a steam burn take to heal,ms_marco,Ranking Error,1
what are malware signatures,ms_marco,Lexical Miss,0
what is gametic isolation,ms_marco,Ranking Error,1
degrees of range of neck motion,ms_marco,Ranking Error,1
neuron extending fiber that conducts impulses away from the cell body,ms_marco,Ranking Error,1
what is a two digit numbers,ms_marco,Ranking Error,1
price to resurface rotors,ms_marco,Ranking Error,1
what are nerve reflexes,ms_marco,Semantic Miss,0
where is the origin of river sindhu,ms_marco,Ranking Error,1
what process breaks down food molecules in a plants mitochondria,ms_marco,Ranking Error,1
what is productivity percentage for speech language pathologist,ms_marco,Semantic Miss,0
where does the name lantana come from,ms_marco,Semantic Miss,0
construction cost condo,ms_marco,Ranking Error,1
what is occupational therapist,ms_marco,Ranking Error,1
what is a geographic description,ms_marco,Ranking Error,1
how much formula is a newborn supposed to drink,ms_marco,Ranking Error,1
definition of osseous,ms_marco,Ranking Error,1
how does the first amendment protect citizens from the government,ms_marco,Ranking Error,1
what is a boba made of,ms_marco,Ranking Error,1
what is the condition called in which the cells persist in stratum corneum layer of skin,ms_marco,Semantic Miss,0
calcitonin secreted by what cells,ms_marco,Ranking Error,1
how many hours does a radiologist work,ms_marco,Semantic Miss,0
what is intergovernmental relations,ms_marco,Ranking Error,1
what kind of diversity is in grassland,ms_marco,Ranking Error,1
lowes flooring installation cost,ms_marco,Ranking Error,1
sr benefits analyst salary,ms_marco,Ranking Error,1
resting heart rate age range,ms_marco,Ranking Error,1
what are allspice berries,ms_marco,Ranking Error,1
how much does dog hip dysplasia surgery cost,ms_marco,Ranking Error,1
what canadian province is located between saskatchewan and ontario,ms_marco,Ranking Error,1
what kind of wax is on a baby belle cheese,ms_marco,Ranking Error,1
what did magna carta guarantee,ms_marco,Lexical Miss,0
what is the meaning of gould?,ms_marco,Ranking Error,1
what does a positive paternity test mean,ms_marco,Ranking Error,1
is sesame a legume,ms_marco,Ranking Error,1
what are slum dwellers,ms_marco,Semantic Miss,0
how to find upper and lower limits of standard deviations from the mean,ms_marco,Ranking Error,1
if i purchase a holiday using a credit card what am I covered for,ms_marco,Ranking Error,1
meaning of representation cost in salary budget,ms_marco,Ranking Error,1
average salary for primary school teacher,ms_marco,Lexical Miss,0
salary for qa manager,ms_marco,Ranking Error,1
how much does it cost to register a car in ct,ms_marco,Ranking Error,1
does tesla negotiate price,ms_marco,Ranking Error,1
what makes up the asthenosphere,ms_marco,Semantic Miss,0
what does hydrogen mean,ms_marco,Semantic Miss,0
What is the difference between heat capacity and specific heat?,ms_marco,Ranking Error,1
average weight of a romaine heart,ms_marco,Ranking Error,1
what is average cost for replacement windows,ms_marco,Lexical Miss,0
what weighs a tonne,ms_marco,Ranking Error,1
how long does it take for giant land snail eggs to hatch,ms_marco,Ranking Error,1
typical height and weight for twins,ms_marco,Ranking Error,1
policy analyst define,ms_marco,Semantic Miss,0
is enterococcus part of strep,ms_marco,Semantic Miss,0
at what age do males hit puberty,ms_marco,Ranking Error,1
what is tribulus,ms_marco,Ranking Error,1
normal range of oxygen saturation for adults,ms_marco,Ranking Error,1
what is slander law,ms_marco,Lexical Miss,0
how does batchgeo work,ms_marco,Semantic Miss,0
how to insert excel file to omron plc,ms_marco,Ranking Error,1
rna polymerase uses what as a template to synthesize what,ms_marco,Semantic Miss,0
why would you reject the null hypothesis,ms_marco,Ranking Error,1
is spotting a sign of pregnancy,ms_marco,Lexical Miss,0
what is squamous cell carcinoma,ms_marco,Ranking Error,1
what is sorrel used for,ms_marco,Ranking Error,1
what is erythema and what causes it,ms_marco,Lexical Miss,0
how much should i pay for a will,ms_marco,Lexical Miss,0
how long do i need to keep tax records individual,ms_marco,Ranking Error,1
what is trident,ms_marco,Ranking Error,1
what is jacketing,ms_marco,Semantic Miss,0
how many carbs in plain baked potato,ms_marco,Ranking Error,1
what biological factors determine an individual's telomere length,ms_marco,Ranking Error,1
what is a chemical reaction definition,ms_marco,Semantic Miss,0
what is a grackle,ms_marco,Lexical Miss,0
Genetic markers show the presence of a predisposition to a disease or condition by,ms_marco,Ranking Error,1
how to find when a website page was published,ms_marco,Ranking Error,1
what is meant by the term normal to the surface,ms_marco,Ranking Error,1
actor that played joker in the dark knight,ms_marco,Ranking Error,1
what is normal range for creatine,ms_marco,Semantic Miss,0
what does it mean when you dream about a spider crawling up your nostril,ms_marco,Ranking Error,1
what is tapd,ms_marco,Ranking Error,1
how much do coffered ceilings cost,ms_marco,Ranking Error,1
what is polarity,ms_marco,Ranking Error,1
average cost of a dental bridge,ms_marco,Ranking Error,1
the part in the lungs where oxygen enters the bloodstream are,ms_marco,Ranking Error,1
what is beriberi disease,ms_marco,Semantic Miss,0
what is horse chestnut,ms_marco,Semantic Miss,0
can a person with felony be a bartender in nj,ms_marco,Ranking Error,1
darian name meaning,ms_marco,Ranking Error,1
erudite divergent definition,ms_marco,Ranking Error,1
what is the punisher skull mean,ms_marco,Ranking Error,1
average cost for single storey extension,ms_marco,Ranking Error,1
what is mgp,ms_marco,Ranking Error,1
what kind of food do dogs eat,ms_marco,Ranking Error,1
why are some minerals more rare than others,ms_marco,Ranking Error,1
how much does it cost to expunge criminal record,ms_marco,Ranking Error,1
chemicals produced in plants that are characterized by their ability to induce cell elongation and cell division in stems,ms_marco,Semantic Miss,0
normal range heart rate,ms_marco,Ranking Error,1
how fast do gps satellites travel,ms_marco,Semantic Miss,0
what are ore concentrates examples,ms_marco,Ranking Error,1
what is a fabric that are dull,ms_marco,Ranking Error,1
what is a premium?,ms_marco,Ranking Error,1
meaning of name kartikeya,ms_marco,Ranking Error,1
what is a lei,ms_marco,Ranking Error,1
what is the average salary of a disney animator,ms_marco,Ranking Error,1
menorca average temperature october,ms_marco,Ranking Error,1
salary guide china university professor,ms_marco,Lexical Miss,0
what is a depository receipt,ms_marco,Ranking Error,1
what types of spores are produced by fungi,ms_marco,Ranking Error,1
who is the quarterback coach at michigan state college?,ms_marco,Ranking Error,1
average temperature juneau alaska june,ms_marco,Ranking Error,1
what are three types of structures that help protists move,ms_marco,Ranking Error,1
what does hypotension mean,ms_marco,Lexical Miss,0
how long to hatch chicken eggs,ms_marco,Ranking Error,1
assistant professor salary in turkey,ms_marco,Ranking Error,1
what is the longest english word,ms_marco,Ranking Error,1
why is traditional ira withdrawal taxable,ms_marco,Ranking Error,1
cost for relining dentures,ms_marco,Ranking Error,1
does the luteal phase ever change,ms_marco,Semantic Miss,0
what income can contribute to an ira,ms_marco,Ranking Error,1
shingles roofing cost,ms_marco,Ranking Error,1
different types of salivary glands,ms_marco,Ranking Error,1
what does tadasana mean,ms_marco,Ranking Error,1
how much does a social worker make in florida,ms_marco,Lexical Miss,0
what is the function of the nerve supply,ms_marco,Ranking Error,1
ovulation usually occurs on day _____ of a woman's cycle,ms_marco,Ranking Error,1
why is crude oil separated into,ms_marco,Ranking Error,1
what is alkaline phosphatase test,ms_marco,Ranking Error,1
what are geodes,ms_marco,Semantic Miss,0
who or what influenced shel silverstein,ms_marco,Ranking Error,1
global warming average temperature increase,ms_marco,Ranking Error,1
what county is destin florida located in,ms_marco,Ranking Error,1
las olas florida zip code,ms_marco,Ranking Error,1
who is owen roncon,ms_marco,Lexical Miss,0
what does a feather tattoo mean,ms_marco,Semantic Miss,0
what is barley malt,ms_marco,Ranking Error,1
how to become a cna in alabama,ms_marco,Ranking Error,1
what does phosphorus do plants,ms_marco,Ranking Error,1
cost of screening for ovarian cancer,ms_marco,Ranking Error,1
what type of volcano is fuego guatemala,ms_marco,Semantic Miss,0
which branch of government is responsible for interpreting laws,ms_marco,Semantic Miss,0
what is curry powder,ms_marco,Ranking Error,1
what did lauren st john do in her early life,ms_marco,Ranking Error,1
identity definition webster,ms_marco,Ranking Error,1
how many substitutes in a football team,ms_marco,Ranking Error,1
what is sterling silver,ms_marco,Ranking Error,1
food that contains toxins,ms_marco,Ranking Error,1
normal range for full blood count,ms_marco,Semantic Miss,0
corporate power definition,ms_marco,Ranking Error,1
how much to charge for dog sitting overnight,ms_marco,Semantic Miss,0
what kind of transfer degree do you need to become a civil engineer,ms_marco,Semantic Miss,0
how does the body detect outside temperature,ms_marco,Ranking Error,1
when will ryan mcdonagh return,ms_marco,Ranking Error,1
what does incited mean,ms_marco,Ranking Error,1
ending sentence with preposition example,ms_marco,Ranking Error,1
what happens to dopamine when taking antipsychotics drugs,ms_marco,Semantic Miss,0
meaning of name teia,ms_marco,Ranking Error,1
what is fire blight,ms_marco,Ranking Error,1
what type of membrane secretes mucus,ms_marco,Ranking Error,1
what is bioslim garcinia,ms_marco,Ranking Error,1
how early can you start to have maternity benefit,ms_marco,Ranking Error,1
do annelids have body segmentation,ms_marco,Lexical Miss,0
transfer case fluid change cost,ms_marco,Ranking Error,1
are arum lilies marginal,ms_marco,Ranking Error,1
where does the bilby live,ms_marco,Ranking Error,1
tips for living with knee pain,ms_marco,Ranking Error,1
rf cavity system,ms_marco,Semantic Miss,0
total carbs per day,ms_marco,Semantic Miss,0
how long can you store hard boiled eggs in fridge,ms_marco,Ranking Error,1
"if you have a rain barrel, don't you need a pump inside it?",ms_marco,Lexical Miss,0
what is tie dye made of,ms_marco,Ranking Error,1
how much cost to lay laminate flooring,ms_marco,Ranking Error,1
cost to change a delta flight,ms_marco,Ranking Error,1
what does an API do,ms_marco,Ranking Error,1
price per square foot for log homes,ms_marco,Ranking Error,1
what structure separates the frontal and parietal lobes,ms_marco,Ranking Error,1
what should a normal heart rate be,ms_marco,Ranking Error,1
average weight of a female cow,ms_marco,Ranking Error,1
how long is ferry from calais to dover,ms_marco,Ranking Error,1
cost of a baby per month on average,ms_marco,Ranking Error,1
how long do you boil shrimp?,ms_marco,Ranking Error,1
how much does it cost to live in a nursing home,ms_marco,Ranking Error,1
how long to steam asparagus in microwave,ms_marco,Ranking Error,1
what is papaver somniferum,ms_marco,Ranking Error,1
what are the tiny blood vessels that surround alveoli,ms_marco,Ranking Error,1
meaning of constitution,ms_marco,Ranking Error,1
cost for issuetrak,ms_marco,Ranking Error,1
how much money does medical doctor make in canada,ms_marco,Semantic Miss,0
how did the missouri compromise split the nation,ms_marco,Lexical Miss,0
estimate cost to build new home,ms_marco,Ranking Error,1
define qualified domestic relations order,ms_marco,Ranking Error,1
cost to waterproof shower,ms_marco,Ranking Error,1
what is a falafel,ms_marco,Ranking Error,1
when was eurocell founded,ms_marco,Ranking Error,1
what are bacterial virulence factors,ms_marco,Ranking Error,1
what is hyssop good for,ms_marco,Ranking Error,1
how long should i take acidophilus,ms_marco,Ranking Error,1
avg lifespan for rabbits,ms_marco,Semantic Miss,0
what is the sodium limit per day,ms_marco,Ranking Error,1
how to prevent cancer in boxers,ms_marco,Ranking Error,1
is pleurisy contagious,ms_marco,Ranking Error,1
what is a rife machine used for,ms_marco,Ranking Error,1
grassland ecosystem where in the world is it,ms_marco,Ranking Error,1
what are the unique characteristics of kingdom fungi,ms_marco,Ranking Error,1
what are young rabbits called,ms_marco,Ranking Error,1
what is mud horse,ms_marco,Ranking Error,1
what foods contain tryptophan,ms_marco,Semantic Miss,0
randa name meaning,ms_marco,Ranking Error,1
average cost to remodel small bathroom,ms_marco,Ranking Error,1
what kind of jobs did the anglo saxons have,ms_marco,Ranking Error,1
average cost of a puppy at a petland,ms_marco,Ranking Error,1
what structure is modified in crayfish,ms_marco,Ranking Error,1
when did orphan the screenplay come out,ms_marco,Ranking Error,1
how to protect furniture when moving house,ms_marco,Ranking Error,1
vw cambelt replacement cost,ms_marco,Ranking Error,1
is a peach tree an angiosperm,ms_marco,Ranking Error,1
max age pension couple per annum,ms_marco,Ranking Error,1
what did the southern colonies use slaves for,ms_marco,Ranking Error,1
is vanuatu in fiji,ms_marco,Ranking Error,1
how do you find the amount of cost of goods sold with the gross profit and net sale,ms_marco,Semantic Miss,0
what does geometric mean minimize,ms_marco,Ranking Error,1
average temp of a taiga,ms_marco,Ranking Error,1
what is artesian well,ms_marco,Lexical Miss,0
average cost to change water heater,ms_marco,Lexical Miss,0
foods that cause rheumatoid arthritis flare ups,ms_marco,Lexical Miss,0
how much does it cost to replace struts and shocks,ms_marco,Ranking Error,1
how long to cook pork rib tips in oven,ms_marco,Semantic Miss,0
do i need an esta to drive from canada to usa,ms_marco,Ranking Error,1
average cost to install carpet,ms_marco,Ranking Error,1
how much are zhu zhu pets,ms_marco,Ranking Error,1
what are amalgam filling made of,ms_marco,Semantic Miss,0
is poke salad poisonous,ms_marco,Ranking Error,1
does wipe data factory reset delete pictures,ms_marco,Lexical Miss,0
what does the hebrew word bakar mean,ms_marco,Ranking Error,1
average salary of a mortgage collector in california,ms_marco,Ranking Error,1
average wage for a professor at SFU,ms_marco,Ranking Error,1
does windows phones have apps,ms_marco,Semantic Miss,0
how to prepare to get an ultrasound,ms_marco,Lexical Miss,0
what is a borough,ms_marco,Ranking Error,1
primary secondary and tertiary sectors definition,ms_marco,Semantic Miss,0
what is the genus and species of ant,ms_marco,Ranking Error,1
what is the longest professional baseball game ever played,ms_marco,Ranking Error,1
cataract surgery price,ms_marco,Ranking Error,1
how long does a pool have to be to have a diving board,ms_marco,Semantic Miss,0
how long does crab meat last in the fridge,ms_marco,Ranking Error,1
what to do in chamonix in summer,ms_marco,Ranking Error,1
what does the trinity symbol mean,ms_marco,Ranking Error,1
what are birds closest relatives,ms_marco,Ranking Error,1
average temps in kentucky,ms_marco,Ranking Error,1
what is in root beer,ms_marco,Ranking Error,1
how can the speed of light be used to measure distance,ms_marco,Ranking Error,1
what is the element chromium,ms_marco,Ranking Error,1
what is communism quizlet,ms_marco,Semantic Miss,0
airport near providence ri,ms_marco,Ranking Error,1
what are zooxanthellae,ms_marco,Ranking Error,1
can i take antihistamines with doxycycline,ms_marco,Ranking Error,1
what is the characteristic of ionising radiations,ms_marco,Ranking Error,1
what ligaments and cartilage are in middle of chest,ms_marco,Ranking Error,1
age requirements for car rental,ms_marco,Semantic Miss,0
define angina pain,ms_marco,Semantic Miss,0
how to cook yellowfin tuna steaks,ms_marco,Ranking Error,1
how many calories do you burn in an insanity workout,ms_marco,Ranking Error,1
average cost of san diego state university,ms_marco,Ranking Error,1
how to take care aloe vera plant at home,ms_marco,Ranking Error,1
can you taxidermy your dog,ms_marco,Ranking Error,1
what property do solids and liquids share,ms_marco,Ranking Error,1
how do you include your salary requirements in a cover letter,ms_marco,Semantic Miss,0
what is highest average salary calculation,ms_marco,Semantic Miss,0
how many calories in a tablespoon of sugar,ms_marco,Semantic Miss,0
are yeezys ever going to be widely available,ms_marco,Ranking Error,1
how to make poach egg,ms_marco,Lexical Miss,0
how do you describe a proficient charge nurse,ms_marco,Semantic Miss,0
what is a dogo dog breed,ms_marco,Ranking Error,1
wikipedia is a crowdsourcing,ms_marco,Semantic Miss,0
how much does it cost to make an application for iphone,ms_marco,Ranking Error,1
what is theramine,ms_marco,Ranking Error,1
what is the cost per kwh of nuclear electricity,ms_marco,Ranking Error,1
average hours to learn how to drive,ms_marco,Ranking Error,1
salary of resident doctors in california area,ms_marco,Ranking Error,1
what is a pinecone,ms_marco,Ranking Error,1
how long does fresh steak keep in fridge,ms_marco,Ranking Error,1
psyllium husk fiber,ms_marco,Ranking Error,1
how much does an mri cost in dallas,ms_marco,Ranking Error,1
how long does it take become a pharmacist,ms_marco,Ranking Error,1
how to get index value of list in collection by passing a value in java,ms_marco,Semantic Miss,0
does anxiety have anything to do with adhd,ms_marco,Ranking Error,1
what is a virginia dmv control number,ms_marco,Semantic Miss,0
what disease does entamoeba histolytica cause,ms_marco,Ranking Error,1
causes of dysuria,ms_marco,Ranking Error,1
average cost of nylon wall to wall carpeting installed,ms_marco,Ranking Error,1
inside sales representative vs outside sales representative,ms_marco,Ranking Error,1
what is the meaning of the name samaria,ms_marco,Ranking Error,1
when did france surrender to germany,ms_marco,Lexical Miss,0
salary of construction workers in lima peru,ms_marco,Ranking Error,1
how did spiderman get his superpowers,ms_marco,Lexical Miss,0
who created the tesla car,ms_marco,Ranking Error,1
ufc membership cost,ms_marco,Ranking Error,1
cost of prolotherapy injections,ms_marco,Ranking Error,1
what is an os bond store,ms_marco,Ranking Error,1
ounces to quart,ms_marco,Ranking Error,1
definition of name raisa,ms_marco,Ranking Error,1
participation rate definition,ms_marco,Ranking Error,1
what does scalability mean in programming,ms_marco,Ranking Error,1
what is atrial myocardial function,ms_marco,Ranking Error,1
what do swollen glands indicate,ms_marco,Ranking Error,1
why was the napoleonic code significant,ms_marco,Lexical Miss,0
does alcohol affect the eyes,ms_marco,Ranking Error,1
what is speed of an object,ms_marco,Ranking Error,1
why was shays rebellion necessary,ms_marco,Ranking Error,1
what was the first fraternity ever,ms_marco,Ranking Error,1
how many yards do i need for a baby blanket,ms_marco,Semantic Miss,0
how far is santa marta colombia a bogota colombia,ms_marco,Ranking Error,1
salary by job australia,ms_marco,Semantic Miss,0
what is a disadvantage of leasing,ms_marco,Ranking Error,1
what is the salary and job outlook of a pharmacy technician,ms_marco,Semantic Miss,0
cost to drywall a room,ms_marco,Semantic Miss,0
who invented the motorcycle,ms_marco,Ranking Error,1
average salary radiologist tennessee,ms_marco,Semantic Miss,0
what are the different types of phenotypes,ms_marco,Ranking Error,1
costco laminate flooring installation cost,ms_marco,Semantic Miss,0
what illnesses are caused by salmonella,ms_marco,Semantic Miss,0
what is hemodynamics,ms_marco,Lexical Miss,0
How long do white tigers live,ms_marco,Ranking Error,1
medication percodan what condition,ms_marco,Ranking Error,1
what is bocce,ms_marco,Ranking Error,1
is wirra wirra aboriginal,ms_marco,Ranking Error,1
what does occult blood in urine mean,ms_marco,Ranking Error,1
what airport is closest to niagara falls,ms_marco,Ranking Error,1
how much to replace ipad screen,ms_marco,Ranking Error,1
where does Exocrine glands secrete their fluids,ms_marco,Lexical Miss,0
what is the biggest breed of horse,ms_marco,Semantic Miss,0
what airport is closest to the grand canyon,ms_marco,Ranking Error,1
how long does it take to recover from viral meningitis,ms_marco,Lexical Miss,0
what language do they speak in finland,ms_marco,Semantic Miss,0
what do the aegean civilizations include,ms_marco,Semantic Miss,0
what type of horse does ferrari use,ms_marco,Ranking Error,1
how did leonidas young die,ms_marco,Lexical Miss,0
frequency modulation maximum deviation,ms_marco,Ranking Error,1
cost for fiberglass inground pool,ms_marco,Ranking Error,1
cost to raise chickens,ms_marco,Ranking Error,1
what are the best scales for body weight,ms_marco,Ranking Error,1
what is GIK in logistics language,ms_marco,Ranking Error,1
should you fertilize before rain,ms_marco,Lexical Miss,0
what is longest word in english,ms_marco,Ranking Error,1
what is mf ceiling,ms_marco,Ranking Error,1
what is cramp,ms_marco,Ranking Error,1
what is a B69,ms_marco,Ranking Error,1
What do you have to do for a horse daily,ms_marco,Ranking Error,1
what are stick fleas,ms_marco,Ranking Error,1
what is phosphokinase creatine,ms_marco,Ranking Error,1
what is crest disease,ms_marco,Ranking Error,1
what is a goddess,ms_marco,Ranking Error,1
average cost to remove and replace concrete driveway,ms_marco,Semantic Miss,0
meaning of the name zoey,ms_marco,Ranking Error,1
where are dromedary camels found,ms_marco,Ranking Error,1
what is the human growth hormone used for,ms_marco,Semantic Miss,0
how much tylenol should i take,ms_marco,Ranking Error,1
how to figure out percentage by weight weight,ms_marco,Lexical Miss,0
what is sourdough starter,ms_marco,Ranking Error,1
how many hours a week does a pediatric surgeon work,ms_marco,Lexical Miss,0
cost attend yale,ms_marco,Semantic Miss,0
what is pmi mip funding fee,ms_marco,Semantic Miss,0
what is cns toxicity,ms_marco,Ranking Error,1
where is the three gorges dam located,ms_marco,Ranking Error,1
espionage act definition us history,ms_marco,Semantic Miss,0
what is electric charge physics,ms_marco,Ranking Error,1
what is athena the goddess of in greek mythology,ms_marco,Semantic Miss,0
what is gametogenesis,ms_marco,Ranking Error,1
how long to cook picnic ham in slow cooker,ms_marco,Ranking Error,1
why does my iphone keep going black,ms_marco,Ranking Error,1
volcanic and seismic processes definition,ms_marco,Ranking Error,1
how thick does concrete have to be for a driveway,ms_marco,Semantic Miss,0
what is the longest time it would take to become a physical therapist,ms_marco,Lexical Miss,0
how much does it cost to clean an oven,ms_marco,Ranking Error,1
what was tom roberts known for,ms_marco,Ranking Error,1
what does atenolol do,ms_marco,Ranking Error,1
how much to have a concrete sidewalk done,ms_marco,Ranking Error,1
is cumene a monomer,ms_marco,Semantic Miss,0
how to add symbol to font,ms_marco,Semantic Miss,0
how to incubate guinea fowl eggs,ms_marco,Semantic Miss,0
how many hours does a tick have to be attached for lyme disease,ms_marco,Ranking Error,1
Boundary definition,ms_marco,Ranking Error,1
how to restore data from another database in mysql,ms_marco,Ranking Error,1
alcohol as a depressant,ms_marco,Ranking Error,1
How long is cooked chicken good in a refrigerator,ms_marco,Ranking Error,1
average hourly wage for secretary,ms_marco,Ranking Error,1
why did the first battle of bull run happen,ms_marco,Ranking Error,1
why are alloys classified as mixtures,ms_marco,Ranking Error,1
what is omnicef for?,ms_marco,Ranking Error,1
delta airlines cancellation fee,ms_marco,Ranking Error,1
much tax will i pay,ms_marco,Ranking Error,1
what is an inherited disorder,ms_marco,Semantic Miss,0
hyaline cartilage definition,ms_marco,Ranking Error,1
absolute return definition,ms_marco,Ranking Error,1
australian geographic location,ms_marco,Semantic Miss,0
biological species consists of groups of,ms_marco,Ranking Error,1
what specific tasks do paramedics do,ms_marco,Ranking Error,1
how long does it take irs refund to be sent after return is approved,ms_marco,Semantic Miss,0
how to rename devices in google,ms_marco,Ranking Error,1
how to attach vpc aws,ms_marco,Ranking Error,1
the constitutional convention definition,ms_marco,Ranking Error,1
what was the first battle that the union won,ms_marco,Ranking Error,1
what are ice plants,ms_marco,Ranking Error,1
how many astronomical units away is alpha centauri,ms_marco,Ranking Error,1
what is founder's syndrome,ms_marco,Ranking Error,1
where is the island of patmos,ms_marco,Ranking Error,1
is lyme disease the cause of lupus,ms_marco,Ranking Error,1
how accurate is urine test for chlamydia,ms_marco,Ranking Error,1
how long should the pool circulation run,ms_marco,Ranking Error,1
driver side window motor replacement cost,ms_marco,Lexical Miss,0
town where ruins of machu picchu are located on which continent,ms_marco,Semantic Miss,0
what is porphyrin bilirubin,ms_marco,Ranking Error,1
how to pack a kitchen for a move,ms_marco,Ranking Error,1
types of toxins produced by snakes,ms_marco,Ranking Error,1
how much does it cost for a hog roast,ms_marco,Ranking Error,1
calories in a jumbo egg,ms_marco,Ranking Error,1
what continent is israel in,ms_marco,Semantic Miss,0
turkey bird is used many dishes,ms_marco,Ranking Error,1
how much does it cost to be cremated,ms_marco,Ranking Error,1
where is sargasso sea located,ms_marco,Ranking Error,1
how to cook swordfish in a pan,ms_marco,Ranking Error,1
what tissue is the heart made out of,ms_marco,Ranking Error,1
how long of not getting pregnant should you go to the doctor,ms_marco,Ranking Error,1
highest radiologist salary,ms_marco,Ranking Error,1
is limestone porous,ms_marco,Ranking Error,1
where cancun is located,ms_marco,Semantic Miss,0
are lymph nodes always involved in tumor spread,ms_marco,Semantic Miss,0
who was walt disney,ms_marco,Ranking Error,1
what is antidiuretic hormone and its function,ms_marco,Ranking Error,1
what age does baskin robbins hire,ms_marco,Ranking Error,1
how long does it take to implant a tooth,ms_marco,Ranking Error,1
what region is indiana in,ms_marco,Ranking Error,1
what is usenix,ms_marco,Ranking Error,1
what is the max deduction for charitable donations,ms_marco,Ranking Error,1
lancelot definition,ms_marco,Lexical Miss,0
what is a caucus,ms_marco,Ranking Error,1
how much does a director get paid,ms_marco,Lexical Miss,0
how long does it take to become an acupuncturist,ms_marco,Ranking Error,1
tiny house can i convert a modular home,ms_marco,Ranking Error,1
how to conclude a long essay,ms_marco,Ranking Error,1
what are phenotypes,ms_marco,Semantic Miss,0
what is an inflamed esophagus,ms_marco,Ranking Error,1
where does clownfish live,ms_marco,Ranking Error,1
chemical name sodium chloride,ms_marco,Ranking Error,1
what is the role of sodium in muscle contraction anatomy and physiology,ms_marco,Semantic Miss,0
what type of music did beethoven perform,ms_marco,Lexical Miss,0
average cost of CoolSculpting,ms_marco,Ranking Error,1
types of membranes found in a chloroplasts are called,ms_marco,Ranking Error,1
synonym for fee,ms_marco,Ranking Error,1
what causes the chemical reaction of carbonated water,ms_marco,Ranking Error,1
advantages caused by the trans- saharan trade routes,ms_marco,Ranking Error,1
how long to cook a smithfield marinated pork tenderloin,ms_marco,Ranking Error,1
how dna defines a person,ms_marco,Ranking Error,1
what is the cause of thalassemia,ms_marco,Semantic Miss,0
what % muscle is in your arm,ms_marco,Semantic Miss,0
does it hurt a baby to be born,ms_marco,Lexical Miss,0
do black holes grow,ms_marco,Ranking Error,1
what is ester gum,ms_marco,Lexical Miss,0
how long to grill thin steak,ms_marco,Semantic Miss,0
when do you send out rehearsal dinner invitations,ms_marco,Ranking Error,1
what city is closest to carlsbad caverns,ms_marco,Ranking Error,1
what type of muscle is considered to make up muscle fibers,ms_marco,Ranking Error,1
corrections bc salary,ms_marco,Ranking Error,1
typical weather of queenstown new zealand,ms_marco,Ranking Error,1
worst foods for rheumatoid arthritis,ms_marco,Ranking Error,1
what is brand archetype or essence,ms_marco,Ranking Error,1
how much does a middle class person make,ms_marco,Ranking Error,1
how long does a cat pregnancy last,ms_marco,Ranking Error,1
Which of the following is a product that is considered a commodity,ms_marco,Ranking Error,1
is a mri a test or imaging,ms_marco,Ranking Error,1
what is a hypothyroidism test done for,ms_marco,Ranking Error,1
what type grease is required for a centrifuge bearing,ms_marco,Ranking Error,1
how long to fast for blood work,ms_marco,Ranking Error,1
how long does it take to fry a pork chop,ms_marco,Ranking Error,1
how much does it cost to move a piano,ms_marco,Ranking Error,1
delusions definition schizophrenia,ms_marco,Semantic Miss,0
does medicare pay hearing aids,ms_marco,Lexical Miss,0
how much does a navy lieutenant make,ms_marco,Semantic Miss,0
what is saltpeter,ms_marco,Semantic Miss,0
what is cilantro good for,ms_marco,Ranking Error,1
cost to put a child up for adoption,ms_marco,Ranking Error,1
router for wireless internet connection walmart,ms_marco,Semantic Miss,0
how long does it take a cat to go into heat after giving birth,ms_marco,Ranking Error,1
how much does air bag deploy devalue a car,ms_marco,Ranking Error,1
meaning of the name mahasaya,ms_marco,Ranking Error,1
how much did lemmy drink,ms_marco,Ranking Error,1
what was the lend-lease act,ms_marco,Ranking Error,1
hourly salary at homegoods,ms_marco,Ranking Error,1
what does contemporaneous mean,ms_marco,Ranking Error,1
how much do electricians charge,ms_marco,Ranking Error,1
passing of stool with gas and pain many times a day,ms_marco,Semantic Miss,0
how long do you need to marinate ceviche,ms_marco,Ranking Error,1
how much of personality is genetic,ms_marco,Ranking Error,1
what is the primary somatosensory cortex responsible for,ms_marco,Semantic Miss,0
part of dna that carry hereditary information,ms_marco,Ranking Error,1
what are long whip like structures that are used for motion,ms_marco,Ranking Error,1
how to tell if phone is unlocked,ms_marco,Ranking Error,1
what is gme in dogs,ms_marco,Ranking Error,1
definition of presidential theory,ms_marco,Ranking Error,1
what temperature to cook roast lamb,ms_marco,Semantic Miss,0
boy name that means mountain,ms_marco,Ranking Error,1
can you have endometriosis and pcos,ms_marco,Ranking Error,1
- what type cartilage makes up the thyroid cartilage and cartilage rings of the trachea,ms_marco,Ranking Error,1
what type of quartz is there,ms_marco,Semantic Miss,0
what does a firewall do,ms_marco,Ranking Error,1
what are process of service desk,ms_marco,Ranking Error,1
meaning of gloom,ms_marco,Ranking Error,1
how much does gutter guard cost,ms_marco,Ranking Error,1
austin peay tuition cost,ms_marco,Ranking Error,1
HR officer average salary,ms_marco,Semantic Miss,0
xml interface definition,ms_marco,Lexical Miss,0
when was white pine village ludington established,ms_marco,Ranking Error,1
does ringworm itch,ms_marco,Ranking Error,1
what is goat,ms_marco,Ranking Error,1
cost to install chandelier,ms_marco,Ranking Error,1
how long is a parvo vaccine good for,ms_marco,Ranking Error,1
how long is a pediatrics residency,ms_marco,Lexical Miss,0
is the water meter next to the shut off valve,ms_marco,Ranking Error,1
who wrote the ukrainian anthem,ms_marco,Ranking Error,1
why does it say that JFK started affirmative action,ms_marco,Semantic Miss,0
disease caused by bacteria pathogen,ms_marco,Ranking Error,1
what is tectyl coating,ms_marco,Lexical Miss,0
what do dynamic routing protocols do,ms_marco,Ranking Error,1
what is maximum security prison,ms_marco,Semantic Miss,0
average temperature in virginia in winter,ms_marco,Ranking Error,1
how long does it take to walk a mile on average,ms_marco,Ranking Error,1
what was the battle of the lone pine,ms_marco,Semantic Miss,0
what are bunnies,ms_marco,Ranking Error,1
who was budding inventor,ms_marco,Ranking Error,1
irrigation cost estimate,ms_marco,Ranking Error,1
what is chayote squash,ms_marco,Ranking Error,1
what is polyurethane used for,ms_marco,Ranking Error,1
how much does an accountant cost for a small business,ms_marco,Lexical Miss,0
how many bugatti veyrons have been made,ms_marco,Ranking Error,1
who do you make check payable for nj state tax,ms_marco,Ranking Error,1
producer organism definition simple,ms_marco,Ranking Error,1
which of the following is typically true of soundtrack albums,ms_marco,Ranking Error,1
exegesis vs eisegesis,ms_marco,Ranking Error,1
mila j sister,ms_marco,Ranking Error,1
how to close a recessionary gap by fiscal policy,ms_marco,Lexical Miss,0
density of water,ms_marco,Ranking Error,1
do you need to fast for a lipid profile test,ms_marco,Ranking Error,1
what branch does spanish come from,ms_marco,Ranking Error,1
how long does quarantine last for chicken pox,ms_marco,Ranking Error,1
how long to cook ham per pound,ms_marco,Ranking Error,1
what is wbc esterase,ms_marco,Ranking Error,1
are trade winds deflected by earth rotation,ms_marco,Lexical Miss,0
non deductible ira to roth ira,ms_marco,Ranking Error,1
who was henri castro,ms_marco,Ranking Error,1
what did the hopi people live in,ms_marco,Ranking Error,1
when is barley harvested in israel,ms_marco,Semantic Miss,0
what year did color television come out,ms_marco,Lexical Miss,0
what is ganoderma lucidum,ms_marco,Ranking Error,1
average cost of merry maids,ms_marco,Lexical Miss,0
what makes it rococo style,ms_marco,Ranking Error,1
genus name for algae,ms_marco,Ranking Error,1
un applying ipsas: the cost and benefits,ms_marco,Ranking Error,1
how much do baby raccoons weigh,ms_marco,Ranking Error,1
what does blue colour signify,ms_marco,Ranking Error,1
what diseases can skin rashes,ms_marco,Lexical Miss,0
labor cost to install ceramic tile shower,ms_marco,Semantic Miss,0
what is the meaning of claymore,ms_marco,Ranking Error,1
what is polyfoam,ms_marco,Ranking Error,1
what is polycythemia,ms_marco,Ranking Error,1
measuring water heater height,ms_marco,Ranking Error,1
how to calculate spine of book,ms_marco,Semantic Miss,0
are rehearsal dinner invitations necessary,ms_marco,Ranking Error,1
"Through digestion, polysaccharides are broken down into",ms_marco,Lexical Miss,0
what type of epithelium lines the esophagus,ms_marco,Ranking Error,1
long long before a mot is due can it be done,ms_marco,Ranking Error,1
definition of seiche,ms_marco,Ranking Error,1
what liability does a ltd have,ms_marco,Semantic Miss,0
what is japanese zakka,ms_marco,Ranking Error,1
tuition cost at university of iowa,ms_marco,Ranking Error,1
what is Longitudinal furrows,ms_marco,Ranking Error,1
what medications are opiates,ms_marco,Ranking Error,1
what is Interspecific interaction,ms_marco,Ranking Error,1
how do you hard cook an egg,ms_marco,Lexical Miss,0
what type of government did the bolsheviks established,ms_marco,Ranking Error,1
what is identity management system,ms_marco,Ranking Error,1
how much does it cost to rent a dance hall,ms_marco,Ranking Error,1
how long do cupcakes stay fresh,ms_marco,Ranking Error,1
what is mass and heat balance,ms_marco,Ranking Error,1
is mount baker active,ms_marco,Ranking Error,1
how much income can you make and still contribute to an ira,ms_marco,Ranking Error,1
if someone is HIv positive does that mean they will die with aids,ms_marco,Ranking Error,1
government assistance programs usda how do the program work for buying a home,ms_marco,Ranking Error,1
linguistic authenticity definition,ms_marco,Ranking Error,1
derived trait definition,ms_marco,Ranking Error,1
is detachment a symptom of anxiety,ms_marco,Ranking Error,1
how much does it cost to have a small tree removed,ms_marco,Semantic Miss,0
what happens when a school goes into special measures,ms_marco,Ranking Error,1
average amount spent on textbooks per semester,ms_marco,Ranking Error,1
what is the average cost of cataract surgery in illinois,ms_marco,Ranking Error,1
average carbs per day female,ms_marco,Semantic Miss,0
what is gullah culture,ms_marco,Ranking Error,1
what are strawberries,ms_marco,Ranking Error,1
what the minimum educational requirements for dental hygienist,ms_marco,Ranking Error,1
maximum span for lintel,ms_marco,Ranking Error,1
what are the native bird species of Guam?,ms_marco,Semantic Miss,0
how long is a dbs valid for,ms_marco,Ranking Error,1
what is the normal range of hemoglobin,ms_marco,Ranking Error,1
economic entity principle definition,ms_marco,Ranking Error,1
what are nephrons,ms_marco,Ranking Error,1
how much is an mep paid,ms_marco,Lexical Miss,0
is curacao part of the netherlands,ms_marco,Ranking Error,1
meaning of name shaan,ms_marco,Ranking Error,1
where is gallaudet university located,ms_marco,Ranking Error,1
what does the average fade cost,ms_marco,Semantic Miss,0
how long does it take to grill chicken,ms_marco,Ranking Error,1
how many ounces of water should i drink a day to lose weight,ms_marco,Ranking Error,1
which nutrients egg is a good source of,ms_marco,Ranking Error,1
what are traditional puerto rican dresses called,ms_marco,Semantic Miss,0
are akitas good family dogs,ms_marco,Ranking Error,1
what is a rattling cough,ms_marco,Ranking Error,1
what is thd,ms_marco,Ranking Error,1
definition of life sciences,ms_marco,Ranking Error,1
what are gelatin made of,ms_marco,Ranking Error,1
difference between rheumatoid arthritis and lupus,ms_marco,Lexical Miss,0
what is medical center,ms_marco,Ranking Error,1
what makes it a persian rug,ms_marco,Semantic Miss,0
where is dilley texas,ms_marco,Ranking Error,1
cost of milk production in india,ms_marco,Ranking Error,1
how to help riften skyrim,ms_marco,Ranking Error,1
price to resurface garage floor,ms_marco,Semantic Miss,0
what does sherm mean,ms_marco,Ranking Error,1
escitalopram dosage for depression,ms_marco,Semantic Miss,0
what is falooda noodles in english,ms_marco,Ranking Error,1
how much do sales professional at geico make,ms_marco,Ranking Error,1
cost to pour concrete sidewalk,ms_marco,Ranking Error,1
what does drostdy mean,ms_marco,Ranking Error,1
how many square miles is in perú,ms_marco,Ranking Error,1
what is dexterity,ms_marco,Ranking Error,1
what is the cerrados plain,ms_marco,Ranking Error,1
is ethylene,ms_marco,Ranking Error,1
define udo,ms_marco,Ranking Error,1
regulatory guidance definition,ms_marco,Lexical Miss,0
cost to replace heat pump and furnace,ms_marco,Ranking Error,1
who is the actress who plays kate roberts in days of our lives,ms_marco,Ranking Error,1
what is the currency for cyprus,ms_marco,Ranking Error,1
understanding albumin creatinine ratio,ms_marco,Ranking Error,1
what the average cost of getting a cement foundation,ms_marco,Semantic Miss,0
what is considered southern spain,ms_marco,Lexical Miss,0
what age is recommended for a baby to fly,ms_marco,Semantic Miss,0
what is dietary fiber,ms_marco,Semantic Miss,0
how is sandstone formed?,ms_marco,Ranking Error,1
withdrawal from caffeine how long does it take,ms_marco,Ranking Error,1
"r""\>\=",code_search_net,Ranking Error,1
"r""\=",code_search_net,Lexical Miss,0
Plot annotations,code_search_net,Ranking Error,1
Random paragraphs.,code_search_net,Ranking Error,1
(internal),code_search_net,Ranking Error,1
"r""/",code_search_net,Ranking Error,1
"r""\+",code_search_net,Ranking Error,1
Set the hook.,code_search_net,Ranking Error,1
ERROR state.,code_search_net,Lexical Miss,0
format options using the INI format,code_search_net,Ranking Error,1
:return boolean,code_search_net,Ranking Error,1
Init client,code_search_net,Ranking Error,1
"r""\]",code_search_net,Lexical Miss,0
See tfkl.Layer.build.,code_search_net,Ranking Error,1
init statistics,code_search_net,Semantic Miss,0
Close the stream.,code_search_net,Ranking Error,1
Parse the data.,code_search_net,Lexical Miss,0
Implementation of Dataset.to_arrow_table,code_search_net,Ranking Error,1
Inverse of dict_to_list,code_search_net,Ranking Error,1
Yield filenames.,code_search_net,Ranking Error,1
Run analysis.,code_search_net,Lexical Miss,0
"handle a real task result, either success or failure",code_search_net,Ranking Error,1
Increment a counter.,code_search_net,Ranking Error,1
"return True if okay, raise Exception if not",code_search_net,Ranking Error,1
Login a user.,code_search_net,Ranking Error,1
Main method,code_search_net,Lexical Miss,0
编译全新依赖文件,code_search_net,Lexical Miss,0
Get file information,code_search_net,Ranking Error,1
"r',",code_search_net,Ranking Error,1
如果存在migration且指定为primary_node则执行migrate操作,code_search_net,Ranking Error,1
Mute the volume.,code_search_net,Ranking Error,1
r'\),code_search_net,Ranking Error,1
Calculate/estimate the mode.,code_search_net,Ranking Error,1
启动队列服务[开发中],code_search_net,Ranking Error,1
r'\n+,code_search_net,Ranking Error,1
REBINDING state.,code_search_net,Ranking Error,1
Handle phenotypes.,code_search_net,Ranking Error,1
.,code_search_net,Ranking Error,1
Interrupt a kernel.,code_search_net,Ranking Error,1
Disable abbreviations.,code_search_net,Ranking Error,1
Add registers.,code_search_net,Lexical Miss,0
run pylint,code_search_net,Ranking Error,1
Return Q_beta,code_search_net,Ranking Error,1
GSEA main procedure,code_search_net,Ranking Error,1
尝试对数据库做初始化操作,code_search_net,Ranking Error,1
Init client,code_search_net,Ranking Error,1
docstring for cli,code_search_net,Ranking Error,1
Stop the profiler.,code_search_net,Ranking Error,1
helper for register_message(),code_search_net,Ranking Error,1
Update synopsis.,code_search_net,Ranking Error,1
r'[A-Za-z_][A-Za-z0-9_]*,code_search_net,Lexical Miss,0
#TODO,code_search_net,Ranking Error,1
RENEWING state.,code_search_net,Ranking Error,1
Render the sourcecode.,code_search_net,Lexical Miss,0
See tfkl.Layer.call.,code_search_net,Ranking Error,1
尝试使用内置方式构建账户,code_search_net,Ranking Error,1
Init client,code_search_net,Ranking Error,1
send the registration_request,code_search_net,Ranking Error,1
"r""\?",code_search_net,Semantic Miss,0
Signup,code_search_net,Ranking Error,1
Handles unlocking,code_search_net,Ranking Error,1
Start the timer.,code_search_net,Ranking Error,1
Close the connection,code_search_net,Ranking Error,1
Displays a progressbar,code_search_net,Ranking Error,1
self.parsed_data->self.config,code_search_net,Ranking Error,1
r'[0-9]+,code_search_net,Ranking Error,1
"r"":",code_search_net,Ranking Error,1
Run clean.,code_search_net,Ranking Error,1
END state.,code_search_net,Lexical Miss,0
TODO,code_search_net,Ranking Error,1
Creates the email,code_search_net,Ranking Error,1
装载任务，解决celery无法自动装载的问题,code_search_net,Lexical Miss,0
Run build.,code_search_net,Ranking Error,1
Profiler handler.,code_search_net,Ranking Error,1
"Asserts that the page doesn't have the given path.

        Args:
            path (str | RegexObject): The string or regex that the current ""path"" should match.
            **kwargs: Arbitrary keyword arguments for :class:`CurrentPathQuery`.

        Returns:
            True

        Raises:
            ExpectationNotMet: If the assertion hasn't succeeded during the wait time.",code_search_net,Ranking Error,1
"r""\[",code_search_net,Ranking Error,1
Load communities.,code_search_net,Ranking Error,1
"r""'[^'].+",code_search_net,Lexical Miss,0
Verify a register.,code_search_net,Ranking Error,1
Run analysis.,code_search_net,Ranking Error,1
Create a pool.,code_search_net,Ranking Error,1
Reload children.,code_search_net,Ranking Error,1
Adds all parameters to `traj`,code_search_net,Ranking Error,1
Create a tree.Seq,code_search_net,Ranking Error,1
.,code_search_net,Semantic Miss,0
Set dictionary,code_search_net,Ranking Error,1
Validate request id.,code_search_net,Ranking Error,1
r'-,code_search_net,Lexical Miss,0
"r""\>",code_search_net,Ranking Error,1
Shutdown agents,code_search_net,Ranking Error,1
"r'""[^""\n]*""",code_search_net,Lexical Miss,0
Init client,code_search_net,Ranking Error,1
r'(\d+)(\.\d+),code_search_net,Ranking Error,1
Generate changelog.,code_search_net,Ranking Error,1
Peform build.,code_search_net,Ranking Error,1
Program counter.,code_search_net,Ranking Error,1
Returns variance,code_search_net,Ranking Error,1
.,code_search_net,Semantic Miss,0
Add tasks,code_search_net,Ranking Error,1
video page,code_search_net,Ranking Error,1
Report a histogram.,code_search_net,Ranking Error,1
wrapper,code_search_net,Semantic Miss,0
Schedule a retry,code_search_net,Ranking Error,1
Register hooks.,code_search_net,Lexical Miss,0
Request a new order,code_search_net,Ranking Error,1
Disassemble a code object.,code_search_net,Ranking Error,1
.,code_search_net,Semantic Miss,0
Get users.,code_search_net,Ranking Error,1
"r""\'[^\']*\",code_search_net,Lexical Miss,0
Import ``run_sql``.,code_search_net,Ranking Error,1
Run client.,code_search_net,Ranking Error,1
Tempo coordinates,code_search_net,Ranking Error,1
Wrapper for subprocess.check_output.,code_search_net,Ranking Error,1
http://stackoverflow.com/questions/7900944/read-write-classes-to-files-in-an-efficent-way,code_search_net,Ranking Error,1
Majority gate.,code_search_net,Lexical Miss,0
Create a tree.Alt,code_search_net,Ranking Error,1
Load users.,code_search_net,Ranking Error,1
Arggh matey,code_search_net,Ranking Error,1
Handle events.,code_search_net,Ranking Error,1
Start listening.,code_search_net,Ranking Error,1
Stores a `store_dict`,code_search_net,Ranking Error,1
Parses arguments.,code_search_net,Ranking Error,1
r'\s+,code_search_net,Ranking Error,1
Render the widget.,code_search_net,Ranking Error,1
course page,code_search_net,Semantic Miss,0
Generate model.,code_search_net,Ranking Error,1
New project.,code_search_net,Ranking Error,1
"Evolve a quantum state by the operator.

        Args:
            state (QuantumState): The input statevector or density matrix.
            qargs (list): a list of QuantumState subsystem positions to apply
                           the operator on.

        Returns:
            QuantumState: the output quantum state.

        Raises:
            QiskitError: if the operator dimension does not match the
            specified QuantumState subsystem dimensions.",code_search_net,Ranking Error,1
Loads into dictionary,code_search_net,Ranking Error,1
Render the widget.,code_search_net,Lexical Miss,0
"r""%",code_search_net,Ranking Error,1
wrapper,code_search_net,Ranking Error,1
#TODO,code_search_net,Ranking Error,1
"In naming ternary compounds, which type of particle is stated first?",sciq,Ranking Error,1
Which bone is derived from the fusion of four very small coccygeal vertebrae?,sciq,Ranking Error,1
A man made lake is known as what?,sciq,Ranking Error,1
Which mineral do native americans use to decorate items?,sciq,Ranking Error,1
A diploid cell contains two sets of what?,sciq,Lexical Miss,0
What type of mammals are humans?,sciq,Ranking Error,1
What do angiosperms produce?,sciq,Ranking Error,1
What are the three classifications of elements?,sciq,Ranking Error,1
"Like other bryophytes, moss plants spend most of their life cycle as what?",sciq,Ranking Error,1
What scale measures acidity?,sciq,Lexical Miss,0
Leaves respond to these environmental stimuli by producing less what?,sciq,Semantic Miss,0
"What is the name of the mineral that contains calcium, carbon and oxygen?",sciq,Ranking Error,1
"What is the term for the energy of motion, which is exhibited by the speed of an object?",sciq,Ranking Error,1
What is the process by which a liquid changes to a solid?,sciq,Ranking Error,1
What element is typically used to shield things from gamma rays?,sciq,Ranking Error,1
What changes from heat or pressure during metamorphism?,sciq,Ranking Error,1
What type of movement is caused by erosion from direct gravity?,sciq,Semantic Miss,0
How many pi bonds are found in a triple bond?,sciq,Lexical Miss,0
When an atom gains or loses an electron it becames an?,sciq,Ranking Error,1
Which organisms capture light energy and convert it to chemical energy inside their cell?,sciq,Ranking Error,1
What are the largest phylum of the animal kingdom?,sciq,Semantic Miss,0
Water seeping into the ground is known as?,sciq,Ranking Error,1
Which organ secretes estrogen?,sciq,Ranking Error,1
What is the tectonic zone called where two plates come together?,sciq,Lexical Miss,0
"Water infiltrates the ground because soil and rock may have air spaces between the grains. these pores, or tiny holes, result in the rock's what?",sciq,Lexical Miss,0
What do all respiratory diseases affect?,sciq,Semantic Miss,0
In which type of reaction are compounds formed?,sciq,Lexical Miss,0
Where do lightnings build up?,sciq,Ranking Error,1
What type of physics explains the behavior of visible light and electromagnetic waves?,sciq,Ranking Error,1
All chemical changes involve a transfer of what?,sciq,Semantic Miss,0
Why does water infiltrate the ground?,sciq,Ranking Error,1
What are the three most common elements in the air we breathe?,sciq,Ranking Error,1
What are the two components of a mixture called?,sciq,Ranking Error,1
"Deficiency of what is symptomized by nausea, fatigue and dizziness, and can be triggered by excessive sweating?",sciq,Lexical Miss,0
What type of invertebrates where the earliest animals?,sciq,Ranking Error,1
Alkynes are what type of compound?,sciq,Ranking Error,1
In what way do bacteria reproduce?,sciq,Ranking Error,1
What element makes up the majority of coal?,sciq,Ranking Error,1
Spinal cord injuries are notoriously difficult to treat because spinal nerves do not do what?,sciq,Semantic Miss,0
What will spores that eventually germinate develop into?,sciq,Ranking Error,1
What do you call the zone in a body of water where there is too little sunlight for photosynthesis?,sciq,Lexical Miss,0
What type of fertilization do most reptiles use to reproduce?,sciq,Semantic Miss,0
Which blood vessels is oxygen transferred through?,sciq,Lexical Miss,0
What is another word for saturated hydrocarbons?,sciq,Ranking Error,1
Diarrhea due to food poisoning is an example of a problem involving what organ system?,sciq,Ranking Error,1
What is rusting an example of?,sciq,Lexical Miss,0
What is the supply of water to land or crops to help growth called?,sciq,Lexical Miss,0
What is the third male reprodutive structure after the penis and testes?,sciq,Ranking Error,1
What is the process of creating complementary strands of mrna called?,sciq,Ranking Error,1
What are the two basic types of competition called?,sciq,Ranking Error,1
What is the force pushing a rocket called?,sciq,Semantic Miss,0
What does the base of a nucleotide within dna consist of?,sciq,Ranking Error,1
What type of reproduction do fungi engage in?,sciq,Ranking Error,1
The amount of energy needed to raise the temperature of one gram of liquid water by 1°c is also known as?,sciq,Lexical Miss,0
The eardrum is part of what part of the ear?,sciq,Ranking Error,1
What is another name for mother of pearl?,sciq,Ranking Error,1
What type of energy travels through matter in wave form?,sciq,Ranking Error,1
What elements do mafic minerals typically include?,sciq,Ranking Error,1
What does the kyoto protocol focus on controlling?,sciq,Ranking Error,1
Giardia is an example of a protozoa that uses flagella for what purpose?,sciq,Ranking Error,1
"Mushrooms are an example of what type of organism, which includes beneficial and toxic specimens?",sciq,Ranking Error,1
"Kangaroos, koala and opossums are part of what group?",sciq,Ranking Error,1
"The mars rover collected round clumps of crystals that, on earth, usually form in what?",sciq,Semantic Miss,0
How do most reptiles produce?,sciq,Ranking Error,1
Vertebrates differ from invertebrates because they lack this?,sciq,Ranking Error,1
What do herbivores eat?,sciq,Ranking Error,1
What kind of resource is soil?,sciq,Ranking Error,1
Cells that are divided by oncogenes contain damaged what?,sciq,Ranking Error,1
Clouds are formed from what?,sciq,Ranking Error,1
What do you require to test a hypothesis?,sciq,Ranking Error,1
Lampreys use their sucker to feed on what part of other fish species?,sciq,Ranking Error,1
The rising and sinking of these can cause precipitation?,sciq,Lexical Miss,0
What organ breaks down excess amino acids and toxins in the blood?,sciq,Lexical Miss,0
What can be calculated by solving the average speed formula?,sciq,Ranking Error,1
What do tadpoles change into?,sciq,Lexical Miss,0
What kind of motion characterizes waves?,sciq,Lexical Miss,0
How does bacteria reproduce?,sciq,Ranking Error,1
What type of chemicals do ants communicate with?,sciq,Semantic Miss,0
"Salt in seawater causes it to have greater what, which is also affected by temperature and pressure?",sciq,Ranking Error,1
Which gas is released by the group of archaea known as methanogens?,sciq,Ranking Error,1
What natural destructive element cuts away at rock forming river valleys?,sciq,Semantic Miss,0
What type of force allows non-polar molecules to interact?,sciq,Ranking Error,1
What type of electrons are attracted to the positive nucleus?,sciq,Semantic Miss,0
What direction are sediments deposited?,sciq,Ranking Error,1
What is the name for substances with a ph above 7?,sciq,Ranking Error,1
"In dioecious animals, females generally produce what contribution to reproduction?",sciq,Ranking Error,1
"When something is described as ""hydrophilic"", you can determine something about how it interacts with what?",sciq,Ranking Error,1
Ions can be formed when atoms lose what other particles?,sciq,Ranking Error,1
What orbits an atoms' nucleus?,sciq,Ranking Error,1
In what type of climate might one find deciduous trees?,sciq,Lexical Miss,0
The muscles of the anterior neck assist in deglutition also known as what?,sciq,Ranking Error,1
Where does most water evaporate from?,sciq,Ranking Error,1
What is the largest level of organization?,sciq,Ranking Error,1
What is the limiting factor for bacteria in a dish?,sciq,Ranking Error,1
What are 3 types of light?,sciq,Ranking Error,1
What does burning wood release into the atmosphere?,sciq,Ranking Error,1
Amoebas and paramecia are examples of what?,sciq,Ranking Error,1
What is another term for nearsightedness?,sciq,Ranking Error,1
What type of bacteria stains red?,sciq,Ranking Error,1
In what form is most of the earth's freshwater?,sciq,Ranking Error,1
"Distinct from a suspension, a solution is considered what type of mixture?",sciq,Ranking Error,1
What is caused by atoms or ions when they share or transfer valance electrons?,sciq,Lexical Miss,0
Bog destruction in scotland is an example of the widespread loss of what kind of habitat?,sciq,Ranking Error,1
Electromagnetic waves are comprised of what two types of energy?,sciq,Ranking Error,1
What kind of fertilization do birds have?,sciq,Lexical Miss,0
Where does the development of a fetus take place?,sciq,Semantic Miss,0
How many chambers are in a reptiles heart?,sciq,Ranking Error,1
What is the name of pluto's moon?,sciq,Ranking Error,1
What is the strength of an earthquake called?,sciq,Ranking Error,1
What are the two most common causes of diseases?,sciq,Ranking Error,1
What type of charge do electrons have?,sciq,Ranking Error,1
How many centimeters are in a meter?,sciq,Ranking Error,1
What do extensive properties depend on the amount of?,sciq,Semantic Miss,0
What are two ways cnidarians are able to reproduce?,sciq,Lexical Miss,0
Why do hummingbirds have long narrow bills?,sciq,Semantic Miss,0
What kind of phenotype results in a case of incomplete dominance?,sciq,Semantic Miss,0
What is the primary gas produced from burning of wood?,sciq,Ranking Error,1
What always continues in a red supergiant?,sciq,Ranking Error,1
At what point is water on the ph scale?,sciq,Lexical Miss,0
What important and unusual physical property (for birds) do ostriches and penguins share?,sciq,Ranking Error,1
What is the total number of codons?,sciq,Ranking Error,1
What happens when chemical bonds in a burning log break?,sciq,Ranking Error,1
What protects reptiles from injury and loss of water?,sciq,Ranking Error,1
What is the general shape of centrioles?,sciq,Lexical Miss,0
What do you need to do to water to make it steam?,sciq,Ranking Error,1
The airway and the lungs are part of what organ system?,sciq,Ranking Error,1
In which way do sunspots occur?,sciq,Ranking Error,1
What do omnivores eat?,sciq,Ranking Error,1
What type of creature is a scallop?,sciq,Semantic Miss,0
Transport of nutrients and regulation of body temperature through fluid flow are characteristics of which bodily system?,sciq,Lexical Miss,0
"The existence of (virtual) photons is possible only by virtue of the heisenberg uncertainty principle and can travel an unlimited distance, so the range ofthe electromagnetic for is what?",sciq,Ranking Error,1
An experiment generates what to support a hypothesis?,sciq,Ranking Error,1
What is the process of oxidized iron that has been exposed to air and water?,sciq,Ranking Error,1
What fluid is most prevalent in your body?,sciq,Ranking Error,1
A bicycle is an example of a compound machine made of many what?,sciq,Lexical Miss,0
Attraction of a material by a magnet is an example of what type of property?,sciq,Ranking Error,1
Chewing insects such as dragonflies and grasshoppers have how many sets of jaws?,sciq,Ranking Error,1
Frequency and intensity are two measurable properties of what?,sciq,Ranking Error,1
What exactly happens during rna translation?,sciq,Ranking Error,1
Continental climates are generally found in what areas of landmasses?,sciq,Ranking Error,1
What organ system is different in men and women?,sciq,Ranking Error,1
What is the main function of the cardiovascular system?,sciq,Ranking Error,1
What part of the plant holds the plant upright?,sciq,Lexical Miss,0
Who first proposed that earth is a magnet?,sciq,Ranking Error,1
What are the two main components in a battery?,sciq,Lexical Miss,0
What is the measure of electric current?,sciq,Ranking Error,1
What is a defining feature of deformed sedimentary rocks?,sciq,Ranking Error,1
What is the most common cause of lung cancer?,sciq,Ranking Error,1
What type of organism has spores that are spread by water and wind?,sciq,Ranking Error,1
What do you call the lightless part of the ocean?,sciq,Lexical Miss,0
What kind of charge do electrons have?,sciq,Lexical Miss,0
Where do you find the greatest biodiversity?,sciq,Ranking Error,1
The motion of stars in galaxies imply that there is about 10 times as much what as in the luminous objects we can see?,sciq,Ranking Error,1
What is the sun classified as on the main sequence?,sciq,Lexical Miss,0
Dna segments cross over to form what kind of chromosome?,sciq,Ranking Error,1
What type of hydrocarbon is coal?,sciq,Ranking Error,1
"In human beings, when a female becomes pregnant, what is fertilized and then embedded in the uterus?",sciq,Ranking Error,1
What kind of weathering is abrasion?,sciq,Ranking Error,1
What are the primary causes of bone fractures?,sciq,Semantic Miss,0
How many valence electrons does nitrogen have?,sciq,Ranking Error,1
Neutrophils and lymphocytes are examples of what type of cell?,sciq,Ranking Error,1
What is the method of reproduction for echinoderms?,sciq,Ranking Error,1
How do bacteria reproduce?,sciq,Ranking Error,1
How do you decrease errors in an experiment?,sciq,Ranking Error,1
What type of input is not required during passive transport?,sciq,Ranking Error,1
What is the largest taxonomic rank?,sciq,Ranking Error,1
What makes up most of the inside of a plant?,sciq,Lexical Miss,0
What is the only planet that is known to support life?,sciq,Ranking Error,1
What is another term for nearsightedness?,sciq,Ranking Error,1
"Who wrote the book, on the origin of species?",sciq,Ranking Error,1
What is it called when something is unable to move from place to place?,sciq,Ranking Error,1
What happens to old oceanic crust at convergent boundaries?,sciq,Semantic Miss,0
"Electromagnetic specturm is the full spectrum of raidant energy, which is energy emitted and transmitted as what?",sciq,Lexical Miss,0
"""direct"" and ""alternating"" are two kinds of what, which is associated with electricity?",sciq,Ranking Error,1
"Fractures, rickets, and osteoarthritis all affect what part(s) of the body?",sciq,Ranking Error,1
"Electrons in the ""outer shell"" are also known as what kind of electrons?",sciq,Lexical Miss,0
A molecule has two structures that can be generated. what is this called?,sciq,Ranking Error,1
Which type of diseases do antibiotics treat?,sciq,Ranking Error,1
Ectotherms undergo a variety of changes at the cellular level to acclimatize to shifts in what?,sciq,Ranking Error,1
Refraction happens when light bends from doing what in a new medium?,sciq,Semantic Miss,0
What is another term for life science?,sciq,Ranking Error,1
Which measure indicates the number of electrons in a given sublevel?,sciq,Ranking Error,1
Amino acids are made by which kind of plastid?,sciq,Ranking Error,1
What is prosopagnosia?,sciq,Ranking Error,1
What is the term for the measure of a fluid's thickness?,sciq,Ranking Error,1
What are lipids' function in relation to nerves?,sciq,Ranking Error,1
What is the touch response in plants called?,sciq,Lexical Miss,0
The fight or flight response involves what system?,sciq,Ranking Error,1
How do plants obtain their energy?,sciq,Ranking Error,1
What are molecules that the immune system recognize as foreign to the body?,sciq,Semantic Miss,0
Does pressure increase or decrease when gas particles heat up?,sciq,Semantic Miss,0
"The cecum is the first part of what structure, where wastes in a liquid state enter from the small intestine?",sciq,Lexical Miss,0
Photosynthesis is initiated by what hitting plants?,sciq,Ranking Error,1
What are proteins made up of?,sciq,Ranking Error,1
"Australia is home to many endemic species. the (a) wallaby (wallabia bicolor), a medium-sized member of the kangaroo family, is a pouched mammal, or this?",sciq,Semantic Miss,0
Caffeine is an example of what type of drug?,sciq,Semantic Miss,0
What are the two types of fats?,sciq,Ranking Error,1
What kind of planet do we consider ceres to be?,sciq,Ranking Error,1
What is another word for seed plants?,sciq,Ranking Error,1
When does a baby double in length and triple in weight?,sciq,Semantic Miss,0
Where can you find humid subtropical climates?,sciq,Ranking Error,1
What body part does encephalitis attack?,sciq,Ranking Error,1
What is beyond the atmosphere?,sciq,Ranking Error,1
What force pulls bodies with mass together?,sciq,Ranking Error,1
What is the term for a substance that increases the rate of a chemical reaction but is not changed or used up in the reaction?,sciq,Ranking Error,1
What shape is the gametophyte in ferns?,sciq,Ranking Error,1
In what year did Massachusetts first require children to be educated in schools?,squad,Ranking Error,1
Where do juvenile platyctenids live?,squad,Lexical Miss,0
What kinds of growth did Kublai encourage?,squad,Ranking Error,1
What could someone be investigated for?,squad,Ranking Error,1
What was the last name of the designers of Newcastle's library?,squad,Ranking Error,1
What does Kitab Rudjdjar mean in English?,squad,Ranking Error,1
Before dinner what were Tesla's working hours?,squad,Ranking Error,1
What is the estimate for the amount of tree species in the amazon tropical rain forest?,squad,Ranking Error,1
What is 'grey literature'?,squad,Ranking Error,1
What was the main reason for the show's suspension in 1989?,squad,Ranking Error,1
How many volumes are contained in the library?,squad,Ranking Error,1
What does co-teaching get the students to focus on?,squad,Ranking Error,1
Who did Britain exploit in India?,squad,Ranking Error,1
Where can the Treatise be found?,squad,Ranking Error,1
What did this help accomplish?,squad,Ranking Error,1
What year did the the case go before the supreme court?,squad,Ranking Error,1
What health issue did Tesla suffer?,squad,Ranking Error,1
What is another term for Tesla's visualization ability?,squad,Ranking Error,1
What happened to his lab?,squad,Ranking Error,1
At the time of Martin Luther what was in demand?,squad,Ranking Error,1
Who appoints elders?,squad,Ranking Error,1
How many intercpetions did Newton have in Super Bowl 50?,squad,Ranking Error,1
When did Barton and Whitfield demand climate research records?,squad,Ranking Error,1
Which country is not badly hit by the embargo?,squad,Ranking Error,1
Where can you find more information on a country's practices?,squad,Ranking Error,1
Why did CBS turn down the pitch for The Untouchables?,squad,Ranking Error,1
Where did Tesla look for investors prior to WWI?,squad,Ranking Error,1
To what century did the idea of ether belong?,squad,Ranking Error,1
When did the theater in Newcastle originally open?,squad,Ranking Error,1
What does  mnemiopsis eat?,squad,Ranking Error,1
Who presided over the assembly?,squad,Ranking Error,1
What did Tesla work as after dropping out? ,squad,Ranking Error,1
Funding limitations allowed CSNET to be what ,squad,Ranking Error,1
What is a main duty of the GPhC?,squad,Ranking Error,1
When did Tamara marry a lawyer?,squad,Ranking Error,1
When did Tesla come to the US?,squad,Ranking Error,1
What is the full name of the ASER?,squad,Ranking Error,1
What is used to decide a teacher's salary?,squad,Lexical Miss,0
Who owns the rail lines in Victoria?,squad,Ranking Error,1
What were high court proceedings being held about?,squad,Ranking Error,1
Where is the Apostles located?,squad,Ranking Error,1
When did Kenya gain independance?,squad,Lexical Miss,0
What did Luther consider faith to be?,squad,Ranking Error,1
"Would opportunities be the same in each subject, or would they vary?",squad,Ranking Error,1
Humor is a part of the classroom for what type of teacher?,squad,Semantic Miss,0
What year saw the merger of two museums in Newcastle?,squad,Ranking Error,1
Who was Ogedei's wife?,squad,Ranking Error,1
"What, on the part of a teacher, can result in a decrease in student performance",squad,Ranking Error,1
What is the most common Xanthophyll?,squad,Ranking Error,1
What is the problem with cysteine?,squad,Ranking Error,1
How can you protest against big companies in a non violent way?,squad,Ranking Error,1
Of what mathematical nature is the Basel problem?,squad,Ranking Error,1
In which year did the newspaper define southern California?,squad,Ranking Error,1
Jesmond and Heaton are areas filled predominantly with what?,squad,Ranking Error,1
What is the unproven assumption generally ascribed to the value of complexity classes?,squad,Ranking Error,1
Which direction did Romans use to drift through the Rhine?,squad,Lexical Miss,0
What is a hermaphrodite?,squad,Ranking Error,1
Who discovered the Yellow Fever virus?,squad,Ranking Error,1
What did Davies call his system ,squad,Ranking Error,1
What is a derogatory term for the Christian academies that arose in the wake of school desegregation?,squad,Ranking Error,1
Who was appointed as second in command to Lor Loudoun in 1756?,squad,Ranking Error,1
At what speed did the turbine operate?,squad,Ranking Error,1
When did BSkyB first announce their target goal?,squad,Ranking Error,1
What else did the new consitution change?,squad,Ranking Error,1
"If there is a conflict between EU law and national law, which law take precedence?",squad,Ranking Error,1
What was Shrewsbury's conclusion?,squad,Ranking Error,1
What is Tesla's home country?,squad,Lexical Miss,0
Who ruled Cyprus in 1191?,squad,Ranking Error,1
Who was the Most Valuable Player of Super Bowl 50?,squad,Ranking Error,1
What provided an incentive to western empires to colonize Africa?,squad,Ranking Error,1
What mechanism can be used to make oxygen?,squad,Ranking Error,1
When did he first get out of bed following the accident?,squad,Ranking Error,1
Which team held the scoring lead throughout the entire game?,squad,Ranking Error,1
What is the smallest geographical region discussed?,squad,Ranking Error,1
In what year did the film also mention the number of regenerations?,squad,Ranking Error,1
How high is Victoria's Mount Bogong?,squad,Ranking Error,1
The Skylab had what type of equipment onboard that was supposed to be used in a different mission?,squad,Ranking Error,1
During what decade did the campus start to look more modern?,squad,Ranking Error,1
What was the final score of the game between the Panthers and the Seahawks?,squad,Ranking Error,1
Who is the President of Egypt?,squad,Ranking Error,1
"What were the ""great Forces"" mentioned in the article's title?",squad,Ranking Error,1
When did Warsaw start to rebuild?,squad,Ranking Error,1
What does 'plastid' mean?,squad,Lexical Miss,0
When did Menich serve as President?,squad,Ranking Error,1
What happened to the SM upon reentry to the atmosphere?,squad,Ranking Error,1
What is an apicoplast?,squad,Ranking Error,1
What sometimes follows moving chloroplasts?,squad,Ranking Error,1
Which boulevard can you find many majestic homes in the area?,squad,Ranking Error,1
What US war has a large amount of Civil Disobedients?,squad,Ranking Error,1
What did Luther begin to experience in 1536?,squad,Ranking Error,1
What did European empires rely on to supply them with resources?,squad,Ranking Error,1
What type of text is the Quran?,squad,Lexical Miss,0
Who wrote the eulogy?,squad,Ranking Error,1
What is another name for the Tabula Rogeriana?,squad,Ranking Error,1
Who was responsible for the decorations of the Grill Room?,squad,Ranking Error,1
What is the capitol of Kenya?,squad,Lexical Miss,0
How many of Jacksonville's city residents are younger than 18?,squad,Lexical Miss,0
The long tentacles on the pleurbrachia are protected by what?,squad,Ranking Error,1
"In the article's title, what did the machine hope to end?",squad,Lexical Miss,0
When was the charter for this church signed?,squad,Ranking Error,1
What was the name of Watt's partner?,squad,Semantic Miss,0
How much did enrollment increase?,squad,Lexical Miss,0
When was the UMC formed?,squad,Ranking Error,1
What is the Mongolian name for the original place of the Genghis Khan mausoleum?,squad,Ranking Error,1
Where did he live while he was looking good?,squad,Ranking Error,1
Who won Super Bowl 50?,squad,Ranking Error,1
What was the name of the legislation passed in 1850?,squad,Ranking Error,1
Colonies were a sign of what amongst European countries?,squad,Ranking Error,1
What is the name of one type of computing method that is used to find prime numbers?,squad,Ranking Error,1
Which hotel did the Broncos use for Super Bowl 50?,squad,Ranking Error,1
What river runs alongside Jacksonville?,squad,Ranking Error,1
What other aspect of Luther's life was affected by his health?,squad,Lexical Miss,0
What is CSNET,squad,Ranking Error,1
To which technology type that Tesla worked on did the caption refer to?,squad,Ranking Error,1
What did giving money to the church absolve the giver from?,squad,Lexical Miss,0
What attracts the tourists to Kenya?,squad,Ranking Error,1
Western Imperialism divided the globe according to which theory?,squad,Ranking Error,1
What is the name of the stadium where Super Bowl 50 was played?,squad,Lexical Miss,0
Who would have been the lowest-ranked class?,squad,Ranking Error,1
What year did Thompsons indicate Mt Kenya?,squad,Lexical Miss,0
What types of teachers are retiring the most?,squad,Ranking Error,1
Which NASA location came around last to the idea of the LOR?,squad,Ranking Error,1
What were X-rays known as at the time?,squad,Ranking Error,1
Where did the Broncos practice at for Super Bowl 50?,squad,Ranking Error,1
How did Natives in Logstown take Celeron's information?,squad,Lexical Miss,0
What does ctenophore mean in Greek?,squad,Ranking Error,1
What clothing company was a Super Bowl sponsor?,squad,Ranking Error,1
What did the acronym AAP stand for?,squad,Lexical Miss,0
When did Torchwood premier?,squad,Ranking Error,1
How much did it cost to build Levi's Stadium?,squad,Ranking Error,1
What type of flower is sought on Midsummer's Eve?,squad,Ranking Error,1
What was notable about the butterflies?,squad,Lexical Miss,0
When did the age of imperialism end?,squad,Ranking Error,1
What is the major tributary for the Rhine? ,squad,Ranking Error,1
"Because of the gold theme, what was Super Bowl 50 known as?",squad,Ranking Error,1
What set is a seat added to after being allocated?,squad,Ranking Error,1
What is Plasmodium?,squad,Ranking Error,1
Purpose of Telnet ,squad,Ranking Error,1
What should be avoided when talking to authorities?,squad,Ranking Error,1
Where did the Exposition take place?,squad,Ranking Error,1
Who is the parent company of NDS?,squad,Ranking Error,1
"How much does a Probationer earn, initially?",squad,Lexical Miss,0
What radio network carried the Super Bowl?,squad,Ranking Error,1
What replaced the Sky+Box?,squad,Ranking Error,1
What organization arranged to founding of school?,squad,Ranking Error,1
What proclamation officially ended limited Huguenot autonomy?,squad,Semantic Miss,0
Which Florida venue was one of three considered for Super Bowl 50?,squad,Ranking Error,1
William would eventually gain what throne?,squad,Ranking Error,1
Who assembles the authors' contributions?,squad,Ranking Error,1
Where did Yesun Temur die?,squad,Ranking Error,1
What can be the result of a change in an organization?,squad,Ranking Error,1
When did the lightening event happen?,squad,Lexical Miss,0
What landmark was Tesla asked about in regards to electricity in 1893?,squad,Ranking Error,1
Such protests are usually considered to be what type?,squad,Ranking Error,1
What type of materials inside the cabin were removed to help prevent more fire hazards in the future?,squad,Ranking Error,1
How cold does this region of Victoria get in the winner?,squad,Ranking Error,1
How near to his death was the work published?,squad,Ranking Error,1
What is the level of inequality in underdeveloped countries?,squad,Ranking Error,1
What did Luther not mean for the new mass to replace?,squad,Ranking Error,1
What was enhanced in 2014?,squad,Ranking Error,1
What remote control vehicle did he make?,squad,Ranking Error,1
What was the name of the imperialistic policy in China?,squad,Ranking Error,1
How many children did Luther and his wife have?,squad,Ranking Error,1
How many full time teachers does Victoria have?,squad,Ranking Error,1
What position did Fred Silverman leave ABC to take in 1978?,squad,Ranking Error,1
What is the last name of the player who bumped the ball away from Manning in the fourth quarter of Super Bowl 50?,squad,Ranking Error,1
What is Jacksonville's hottest month on average?,squad,Ranking Error,1
When did the accident occur?,squad,Ranking Error,1
What color was used to create the 50-yard line in Levi's Stadium for the season leading up to the Super Bowl 50 game?,squad,Ranking Error,1
When did O2 begin to acculturate in the atmosphere?,squad,Ranking Error,1
What two women were defying the pharaoh in the story from the book of Exodus? ,squad,Ranking Error,1
What type of motivators are achievement and self determination considered?,squad,Ranking Error,1
When did Mark Woods leave ABC?,squad,Ranking Error,1
What does the beroida have instead of feeding appendages?,squad,Ranking Error,1
When did a plague-ridden ship land in Norway?,squad,Ranking Error,1
Who conducted this survey?,squad,Ranking Error,1
What seldom mutates?,squad,Ranking Error,1
What causes strain in structures?,squad,Ranking Error,1
How many interceptions did manning have in 2015?,squad,Ranking Error,1
What goal do many of these protests have?,squad,Ranking Error,1
Name a text that might be used by a religious teacher to teach.,squad,Ranking Error,1
What kind of organism is Cyanophora?,squad,Ranking Error,1
What is the name of the water body that is found to the east?,squad,Ranking Error,1
How old was Manning when he played Super Bowl 50?,squad,Ranking Error,1
When did Lev's Stadium open?,squad,Lexical Miss,0
How did Tesla know he was being struck by the particle?,squad,Ranking Error,1
What impact does higher worker productivity and leveled pay have on higher earners?,squad,Ranking Error,1
When did Tesla graduate?,squad,Ranking Error,1
What did lane and vail finance?,squad,Ranking Error,1
Where was Genghis Khan likely born?,squad,Ranking Error,1
What was extent of Celeron's expedition?,squad,Ranking Error,1
Who contends that Luther did not intend to oppose the church?,squad,Ranking Error,1
What entity owns V/Line?,squad,Ranking Error,1
To where were the belongings taken?,squad,Ranking Error,1
Which type of livestock was the argricultural region known for?,squad,Semantic Miss,0
What is the English translation of tawhid?,squad,Lexical Miss,0
"In modern times, what is said about civil disobedience?",squad,Ranking Error,1
What was the theme of Super Bowl 50?,squad,Ranking Error,1
Who conceptualized the piston?,squad,Ranking Error,1
Where is the Rhine? ,squad,Ranking Error,1
What was a non-religious reason for the massacre?,squad,Ranking Error,1
What is th elast name of the player who was the Super Bowl 50 winner's leading rusher?,squad,Ranking Error,1
What is the name of the region that is not defined by the eight or 10 county definitions?,squad,Lexical Miss,0
What branch is independant of the other branches?,squad,Ranking Error,1
What was Tesla's father afraid would happen to him in school?,squad,Ranking Error,1
"What might also be required of a teacher to pass, in addition to certification?",squad,Ranking Error,1
Who is to blame for acting unjustly?,squad,Ranking Error,1
"Besides Africa, where did Germany have imperial interests?",squad,Ranking Error,1
What are the molecular inputs for photosynthesis?,squad,Ranking Error,1
When was he elected by Nixon?,squad,Ranking Error,1
What textile industry did the Huguenots contribute to in Ireland?,squad,Ranking Error,1
Who decides the fate of protesters most of the time?,squad,Ranking Error,1
What was Old Briton's response to Celeron?,squad,Ranking Error,1
Why were vocational subjects most important?,squad,Ranking Error,1
In what year did the university first see a drop in applications?,squad,Ranking Error,1
In what year did the affiliate program end?,squad,Ranking Error,1
What does the acronym CSM stand for?,squad,Ranking Error,1
How did the drive end for the Panthers?,squad,Ranking Error,1
What school did he enroll in during 1875?,squad,Ranking Error,1
Who was Genghis's 3rd son?,squad,Ranking Error,1
"What is polish for ""mermaid""?",squad,Ranking Error,1
How do cestids swim?,squad,Ranking Error,1
How much can Ctenophores eat in one day?,squad,Ranking Error,1
How many societal class divisions were in the plan Kublai rejected?,squad,Ranking Error,1
Who did Emma Marry?,squad,Lexical Miss,0
"How long until the Provisional Registration is upgraded, if requirements are met?",squad,Ranking Error,1
What two other rulers had their graves hidden under a river?,squad,Lexical Miss,0
What was wrong with the pigeon?,squad,Lexical Miss,0
What two country's referendums curtailed a constitution for Europe?,squad,Ranking Error,1
Who stripped the ball from Cam Newton while sacking him on this drive?,squad,Ranking Error,1
How much time did he claim had to pass before he gave the ray to the world?,squad,Ranking Error,1
When did Temur rule?,squad,Ranking Error,1
Who was Tesla's nephew?,squad,Ranking Error,1
When was amnesty granted to those responsible for the massacre?,squad,Ranking Error,1
What religion is the western region mostly?,squad,Ranking Error,1
What is the translation of Siebengebirge?,squad,Ranking Error,1
Who was the hostage?,squad,Ranking Error,1
when did tesla begin researching x-ray imaging?,squad,Ranking Error,1
Who is the president of TUMAS?,squad,Ranking Error,1
When was the Latin version of the word Norman first recorded?,squad,Ranking Error,1
What are two of its subsystems?,squad,Ranking Error,1
From what does photosynthesis get oxygen?,squad,Lexical Miss,0
What was Brown's job?,squad,Lexical Miss,0
The papers of which famous English writer of children's books such as The Tale of Peter Rabbit are collected in the museum?,squad,Ranking Error,1
"Because of the danger inherent in concentrated oxygen, what is a concern about keeping it?",squad,Ranking Error,1
What was the nationality of Jerónimo de Ayanz y Beaumont?,squad,Ranking Error,1
What was the boat called?,squad,Ranking Error,1
What was the name of Börte's second male child?,squad,Ranking Error,1
"Since this was the 50th one, what was the theme color for the Super Bowl?",squad,Ranking Error,1
Who if the commissioner of the NFL?,squad,Semantic Miss,0
How long did the 5th president's tenure last?,squad,Ranking Error,1
What does chloroplastidan mean?,squad,Ranking Error,1
Which two compounds did Al-Muwaffaq differentiate between?,squad,Ranking Error,1
"What year did ABC's ""TGIF"" end?",squad,Ranking Error,1
What is sometimes but not always counted regarding Durinskia's chloroplast membranes?,squad,Ranking Error,1
What pushes businesses to increase pressures on workers?,squad,Ranking Error,1
What expression is generally used to convey upper or lower bounds?,squad,Ranking Error,1
What are two official bodies of the UMC governing coalition?,squad,Ranking Error,1
Which parts of the Earth are included in the lithosphere? ,squad,Ranking Error,1
What does the CPI scale measure?,squad,Lexical Miss,0
Who was the 4th to rule the Yuan dynasty?,squad,Ranking Error,1
When did Kublai attack Xiangyang?,squad,Ranking Error,1
What do Beriods use as teeth?,squad,Ranking Error,1
Who did internet2 partner with,squad,Lexical Miss,0
What profession are Cany Ash and Robert Sakula?,squad,Ranking Error,1
Decision tree is an example of what type of measure?,squad,Ranking Error,1
What years did Doctor Who win five consecutive awards?,squad,Ranking Error,1
What is one problem with internet pharmacies?,squad,Ranking Error,1
What country is this statistic for?,squad,Ranking Error,1
"What shape of space did Tesla consider a ""false conception""?",squad,Ranking Error,1
When did Zhenjin die?,squad,Lexical Miss,0
How much money was spent on other festivities in the Bay area to help celebrate the coming Super Bowl 50?,squad,Ranking Error,1
What does ctenophora mean in Greek?,squad,Ranking Error,1
When did the undergraduate program become coeducational?,squad,Ranking Error,1
How long ago did primates inhabit Kenya?,squad,Ranking Error,1
What was the name of Westinghouse's company?,squad,Ranking Error,1
What was the cost of the other Super Bowl events in the San Francisco area?,squad,Ranking Error,1
Who voted against Jacksonville's annexation?,squad,Ranking Error,1
Who did Martin Luther say was the lone granter of forgiveness?,squad,Lexical Miss,0
What is the largest type of misconduct being reviewed by the media?,squad,Ranking Error,1
What else was publically questioned?,squad,Ranking Error,1
Who actually won the prize?,squad,Ranking Error,1
What part of France were the Normans located?,squad,Ranking Error,1
What did the new mass allow as regards ceremony?,squad,Ranking Error,1
"Aside from oxides, what other compounds comprise a large portion of the Earth's crust?",squad,Ranking Error,1
Where do ctenophora live?,squad,Ranking Error,1
Which church's saint is nicknamed The Martyr?,squad,Ranking Error,1
What is an anda?,squad,Ranking Error,1
what did he patent in 1891? ,squad,Ranking Error,1
How many picks did Cam Newton throw?,squad,Ranking Error,1
How was it determined how many from each camp would be appointed?,squad,Ranking Error,1
What did Luther call these donations?,squad,Lexical Miss,0
What were some of Tesla's experiments?,squad,Lexical Miss,0
How did Celeron handle business on trip?,squad,Lexical Miss,0
What group was responsible for causing more violence in Wittenberg?,squad,Ranking Error,1
What did Gasquet's book blame the plague on?,squad,Ranking Error,1
Where was Luther buried?,squad,Ranking Error,1
What city has the biggest port in Germany?,squad,Ranking Error,1
"Where did Luther say that the soul doesn't sleep, but rather has visions?",squad,Ranking Error,1
Up to what age do students in the United Kingdom attend preparatory schools?,squad,Ranking Error,1
What metal was used in Inalchuq's execution?,squad,Ranking Error,1
Which one of Fresno's hotels burned down?,squad,Lexical Miss,0
How did Celeron feel about Native relations?,squad,Ranking Error,1
What is very important for the growth of the economy?,squad,Ranking Error,1
"In 2007, what was the high end of the salary range?",squad,Ranking Error,1
Who was Emma's brother?,squad,Ranking Error,1
Who did the Super Bowl 50 National Anthem?,squad,Lexical Miss,0
What does AC stand for?,squad,Ranking Error,1
What was the goal of the system ,squad,Ranking Error,1
What is another word for cryptophytes?,squad,Ranking Error,1
How many seasons did NYPD Blue last?,squad,Ranking Error,1
When did Landau propose his four conjectural problems?,squad,Ranking Error,1
What Denver player had 109 tackels for the 2015 season?,squad,Ranking Error,1
What do nuclear power plants heat to create electricity?,squad,Ranking Error,1
What did Polo call the Yuan capital?,squad,Ranking Error,1
What were Isaac's chains made out of?,squad,Ranking Error,1
What Florida stadium was considered for Super Bowl 50?,squad,Lexical Miss,0
How much money is being spent on other Super Bowl-related events?,squad,Ranking Error,1
When did Tesla become friends with Viereck?,squad,Ranking Error,1
Political advantage is an attribute of which state policies?,squad,Ranking Error,1
What did the Industrial Revolution cause to happen to Newcastle?,squad,Ranking Error,1
How many farms are there in Victoria?,squad,Ranking Error,1
"Who is the designer of the ""50?""",squad,Ranking Error,1
What was the significance of British win?,squad,Ranking Error,1
What sort of continental sculptors are represented in the British Galleries of the V&A?,squad,Ranking Error,1
What is the name of San Francisco's stadium when looked at as a possibility for Super Bowl 50?,squad,Ranking Error,1
When was his lab destroyed?,squad,Ranking Error,1
What was Maxwell's job?,squad,Semantic Miss,0
Why is the statement doubtful in the eyes of scholars?,squad,Ranking Error,1
What does the UN want to stabilize?,squad,Ranking Error,1
What types of European groups were able to avoid the plague?,squad,Ranking Error,1
What one point was not agreed on that was dear to Luther?,squad,Ranking Error,1
There are two of what type of institution in Newcastle?,squad,Lexical Miss,0
How do I implement CI/CD pipeline configuration for the backend?,CogniSync_v1.0,Ranking Error,1
How do I implement GraphQL query optimization for the backend?,CogniSync_v1.0,Ranking Error,1
How do I implement schema migrations in PostgreSQL for the backend?,CogniSync_v1.0,Ranking Error,1
How do I implement GraphQL query optimization for the backend?,CogniSync_v1.0,Ranking Error,1
How do I implement OAuth2 token refresh for the backend?,CogniSync_v1.0,Ranking Error,1
How do I implement Redis caching strategies for the backend?,CogniSync_v1.0,Ranking Error,1
How do I implement GraphQL query optimization for the backend?,CogniSync_v1.0,Ranking Error,1
How do I implement OAuth2 token refresh for the backend?,CogniSync_v1.0,Ranking Error,1
How do I implement schema migrations in PostgreSQL for the backend?,CogniSync_v1.0,Ranking Error,1
How do I implement Docker container orchestration for the backend?,CogniSync_v1.0,Ranking Error,1
How do I implement CI/CD pipeline configuration for the backend?,CogniSync_v1.0,Ranking Error,1
How do I implement Docker container orchestration for the backend?,CogniSync_v1.0,Ranking Error,1
How do I implement Docker container orchestration for the backend?,CogniSync_v1.0,Ranking Error,1
How do I implement Docker container orchestration for the backend?,CogniSync_v1.0,Ranking Error,1
How do I implement schema migrations in PostgreSQL for the backend?,CogniSync_v1.0,Ranking Error,1
How do I implement JWT authentication flow for the backend?,CogniSync_v1.0,Ranking Error,1
How do I implement CI/CD pipeline configuration for the backend?,CogniSync_v1.0,Ranking Error,1
How do I implement Docker container orchestration for the backend?,CogniSync_v1.0,Ranking Error,1
How do I implement Kubernetes pod autoscaling for the backend?,CogniSync_v1.0,Ranking Error,1
How do I implement JWT authentication flow for the backend?,CogniSync_v1.0,Ranking Error,1
How do I implement Redis caching strategies for the backend?,CogniSync_v1.0,Ranking Error,1
How do I implement schema migrations in PostgreSQL for the backend?,CogniSync_v1.0,Ranking Error,1
How do I implement GraphQL query optimization for the backend?,CogniSync_v1.0,Ranking Error,1
How do I implement schema migrations in PostgreSQL for the backend?,CogniSync_v1.0,Ranking Error,1
How do I implement JWT authentication flow for the backend?,CogniSync_v1.0,Ranking Error,1
How do I implement Kubernetes pod autoscaling for the backend?,CogniSync_v1.0,Ranking Error,1
How do I implement Docker container orchestration for the backend?,CogniSync_v1.0,Ranking Error,1
How do I implement GraphQL query optimization for the backend?,CogniSync_v1.0,Ranking Error,1
How do I implement Docker container orchestration for the backend?,CogniSync_v1.0,Ranking Error,1
How do I implement CI/CD pipeline configuration for the backend?,CogniSync_v1.0,Ranking Error,1
How do I implement OAuth2 token refresh for the backend?,CogniSync_v1.0,Ranking Error,1
How do I implement Kubernetes pod autoscaling for the backend?,CogniSync_v1.0,Ranking Error,1
How do I implement schema migrations in PostgreSQL for the backend?,CogniSync_v1.0,Ranking Error,1
How do I implement Docker container orchestration for the backend?,CogniSync_v1.0,Ranking Error,1
How do I implement Kubernetes pod autoscaling for the backend?,CogniSync_v1.0,Ranking Error,1
How do I implement schema migrations in PostgreSQL for the backend?,CogniSync_v1.0,Ranking Error,1
How do I implement Kubernetes pod autoscaling for the backend?,CogniSync_v1.0,Ranking Error,1
How do I implement JWT authentication flow for the backend?,CogniSync_v1.0,Ranking Error,1
How do I implement GraphQL query optimization for the backend?,CogniSync_v1.0,Ranking Error,1
How do I implement schema migrations in PostgreSQL for the backend?,CogniSync_v1.0,Ranking Error,1
How do I implement Kubernetes pod autoscaling for the backend?,CogniSync_v1.0,Ranking Error,1
How do I implement Kubernetes pod autoscaling for the backend?,CogniSync_v1.0,Ranking Error,1
How do I implement Docker container orchestration for the backend?,CogniSync_v1.0,Ranking Error,1
How do I implement JWT authentication flow for the backend?,CogniSync_v1.0,Ranking Error,1
How do I implement CI/CD pipeline configuration for the backend?,CogniSync_v1.0,Ranking Error,1
How do I implement Kubernetes pod autoscaling for the backend?,CogniSync_v1.0,Ranking Error,1
How do I implement GraphQL query optimization for the backend?,CogniSync_v1.0,Ranking Error,1
How do I implement OAuth2 token refresh for the backend?,CogniSync_v1.0,Ranking Error,1
How do I implement Kubernetes pod autoscaling for the backend?,CogniSync_v1.0,Ranking Error,1
How do I implement Kubernetes pod autoscaling for the backend?,CogniSync_v1.0,Ranking Error,1
How do I implement GraphQL query optimization for the backend?,CogniSync_v1.0,Ranking Error,1
How do I implement OAuth2 token refresh for the backend?,CogniSync_v1.0,Ranking Error,1
How do I implement OAuth2 token refresh for the backend?,CogniSync_v1.0,Ranking Error,1
How do I implement Docker container orchestration for the backend?,CogniSync_v1.0,Ranking Error,1
How do I implement Docker container orchestration for the backend?,CogniSync_v1.0,Ranking Error,1
How do I implement Kubernetes pod autoscaling for the backend?,CogniSync_v1.0,Ranking Error,1
How do I implement OAuth2 token refresh for the backend?,CogniSync_v1.0,Ranking Error,1
How do I implement OAuth2 token refresh for the backend?,CogniSync_v1.0,Ranking Error,1
How do I implement JWT authentication flow for the backend?,CogniSync_v1.0,Ranking Error,1
How do I implement schema migrations in PostgreSQL for the backend?,CogniSync_v1.0,Ranking Error,1
How do I implement Redis caching strategies for the backend?,CogniSync_v1.0,Ranking Error,1
How do I implement Docker container orchestration for the backend?,CogniSync_v1.0,Ranking Error,1
How do I implement schema migrations in PostgreSQL for the backend?,CogniSync_v1.0,Ranking Error,1
How do I implement GraphQL query optimization for the backend?,CogniSync_v1.0,Ranking Error,1
How do I implement GraphQL query optimization for the backend?,CogniSync_v1.0,Ranking Error,1
How do I implement Kubernetes pod autoscaling for the backend?,CogniSync_v1.0,Ranking Error,1
How do I implement OAuth2 token refresh for the backend?,CogniSync_v1.0,Ranking Error,1
How do I implement GraphQL query optimization for the backend?,CogniSync_v1.0,Ranking Error,1
How do I implement CI/CD pipeline configuration for the backend?,CogniSync_v1.0,Ranking Error,1
How do I implement Kubernetes pod autoscaling for the backend?,CogniSync_v1.0,Ranking Error,1
How do I implement OAuth2 token refresh for the backend?,CogniSync_v1.0,Ranking Error,1
How do I implement GraphQL query optimization for the backend?,CogniSync_v1.0,Ranking Error,1
How do I implement OAuth2 token refresh for the backend?,CogniSync_v1.0,Ranking Error,1
How do I implement schema migrations in PostgreSQL for the backend?,CogniSync_v1.0,Ranking Error,1
How do I implement Redis caching strategies for the backend?,CogniSync_v1.0,Ranking Error,1
How do I implement OAuth2 token refresh for the backend?,CogniSync_v1.0,Ranking Error,1
How do I implement GraphQL query optimization for the backend?,CogniSync_v1.0,Ranking Error,1
How do I implement Redis caching strategies for the backend?,CogniSync_v1.0,Ranking Error,1
How do I implement Kubernetes pod autoscaling for the backend?,CogniSync_v1.0,Ranking Error,1
How do I implement Kubernetes pod autoscaling for the backend?,CogniSync_v1.0,Ranking Error,1
How do I implement Docker container orchestration for the backend?,CogniSync_v1.0,Ranking Error,1
How do I implement CI/CD pipeline configuration for the backend?,CogniSync_v1.0,Ranking Error,1
How do I implement schema migrations in PostgreSQL for the backend?,CogniSync_v1.0,Ranking Error,1
How do I implement OAuth2 token refresh for the backend?,CogniSync_v1.0,Ranking Error,1
How do I implement GraphQL query optimization for the backend?,CogniSync_v1.0,Ranking Error,1
How do I implement Docker container orchestration for the backend?,CogniSync_v1.0,Ranking Error,1
How do I implement Redis caching strategies for the backend?,CogniSync_v1.0,Ranking Error,1
How do I implement schema migrations in PostgreSQL for the backend?,CogniSync_v1.0,Ranking Error,1
How do I implement Redis caching strategies for the backend?,CogniSync_v1.0,Ranking Error,1
How do I implement Kubernetes pod autoscaling for the backend?,CogniSync_v1.0,Ranking Error,1
How do I implement JWT authentication flow for the backend?,CogniSync_v1.0,Ranking Error,1
How do I implement GraphQL query optimization for the backend?,CogniSync_v1.0,Ranking Error,1
How do I implement Docker container orchestration for the backend?,CogniSync_v1.0,Ranking Error,1
How do I implement Docker container orchestration for the backend?,CogniSync_v1.0,Ranking Error,1
How do I implement Kubernetes pod autoscaling for the backend?,CogniSync_v1.0,Ranking Error,1
How do I implement Kubernetes pod autoscaling for the backend?,CogniSync_v1.0,Ranking Error,1
How do I implement schema migrations in PostgreSQL for the backend?,CogniSync_v1.0,Ranking Error,1
How do I implement OAuth2 token refresh for the backend?,CogniSync_v1.0,Ranking Error,1
How do I implement GraphQL query optimization for the backend?,CogniSync_v1.0,Ranking Error,1
How do I implement schema migrations in PostgreSQL for the backend?,CogniSync_v1.0,Ranking Error,1
How do I implement schema migrations in PostgreSQL for the backend?,CogniSync_v1.0,Ranking Error,1
How do I implement JWT authentication flow for the backend?,CogniSync_v1.0,Ranking Error,1
How do I implement Redis caching strategies for the backend?,CogniSync_v1.0,Ranking Error,1
How do I implement schema migrations in PostgreSQL for the backend?,CogniSync_v1.0,Ranking Error,1
How do I implement Docker container orchestration for the backend?,CogniSync_v1.0,Ranking Error,1
How do I implement JWT authentication flow for the backend?,CogniSync_v1.0,Ranking Error,1
How do I implement Docker container orchestration for the backend?,CogniSync_v1.0,Ranking Error,1
How do I implement Docker container orchestration for the backend?,CogniSync_v1.0,Ranking Error,1
How do I implement JWT authentication flow for the backend?,CogniSync_v1.0,Ranking Error,1
How do I implement CI/CD pipeline configuration for the backend?,CogniSync_v1.0,Ranking Error,1
How do I implement Redis caching strategies for the backend?,CogniSync_v1.0,Ranking Error,1
How do I implement Docker container orchestration for the backend?,CogniSync_v1.0,Ranking Error,1
How do I implement CI/CD pipeline configuration for the backend?,CogniSync_v1.0,Ranking Error,1
How do I implement schema migrations in PostgreSQL for the backend?,CogniSync_v1.0,Ranking Error,1
How do I implement OAuth2 token refresh for the backend?,CogniSync_v1.0,Ranking Error,1
How do I implement JWT authentication flow for the backend?,CogniSync_v1.0,Ranking Error,1
How do I implement schema migrations in PostgreSQL for the backend?,CogniSync_v1.0,Ranking Error,1
How do I implement Kubernetes pod autoscaling for the backend?,CogniSync_v1.0,Ranking Error,1
How do I implement Kubernetes pod autoscaling for the backend?,CogniSync_v1.0,Ranking Error,1
How do I implement Kubernetes pod autoscaling for the backend?,CogniSync_v1.0,Ranking Error,1
How do I implement JWT authentication flow for the backend?,CogniSync_v1.0,Ranking Error,1
How do I implement OAuth2 token refresh for the backend?,CogniSync_v1.0,Ranking Error,1
How do I implement Kubernetes pod autoscaling for the backend?,CogniSync_v1.0,Ranking Error,1
How do I implement Redis caching strategies for the backend?,CogniSync_v1.0,Ranking Error,1
How do I implement GraphQL query optimization for the backend?,CogniSync_v1.0,Ranking Error,1
How do I implement Docker container orchestration for the backend?,CogniSync_v1.0,Ranking Error,1
How do I implement CI/CD pipeline configuration for the backend?,CogniSync_v1.0,Ranking Error,1
How do I implement Docker container orchestration for the backend?,CogniSync_v1.0,Ranking Error,1
How do I implement JWT authentication flow for the backend?,CogniSync_v1.0,Ranking Error,1
How do I implement schema migrations in PostgreSQL for the backend?,CogniSync_v1.0,Ranking Error,1
How do I implement schema migrations in PostgreSQL for the backend?,CogniSync_v1.0,Ranking Error,1
How do I implement JWT authentication flow for the backend?,CogniSync_v1.0,Ranking Error,1
How do I implement CI/CD pipeline configuration for the backend?,CogniSync_v1.0,Ranking Error,1
How do I implement Kubernetes pod autoscaling for the backend?,CogniSync_v1.0,Ranking Error,1
How do I implement GraphQL query optimization for the backend?,CogniSync_v1.0,Ranking Error,1
How do I implement Redis caching strategies for the backend?,CogniSync_v1.0,Ranking Error,1
How do I implement GraphQL query optimization for the backend?,CogniSync_v1.0,Ranking Error,1
How do I implement schema migrations in PostgreSQL for the backend?,CogniSync_v1.0,Ranking Error,1
How do I implement Kubernetes pod autoscaling for the backend?,CogniSync_v1.0,Ranking Error,1
How do I implement Kubernetes pod autoscaling for the backend?,CogniSync_v1.0,Ranking Error,1
How do I implement OAuth2 token refresh for the backend?,CogniSync_v1.0,Ranking Error,1
How do I implement Redis caching strategies for the backend?,CogniSync_v1.0,Ranking Error,1
How do I implement OAuth2 token refresh for the backend?,CogniSync_v1.0,Ranking Error,1
How do I implement JWT authentication flow for the backend?,CogniSync_v1.0,Ranking Error,1
How do I implement Docker container orchestration for the backend?,CogniSync_v1.0,Ranking Error,1
How do I implement schema migrations in PostgreSQL for the backend?,CogniSync_v1.0,Ranking Error,1
How do I implement JWT authentication flow for the backend?,CogniSync_v1.0,Ranking Error,1
How do I implement Kubernetes pod autoscaling for the backend?,CogniSync_v1.0,Ranking Error,1
How do I implement Kubernetes pod autoscaling for the backend?,CogniSync_v1.0,Ranking Error,1
How do I implement Redis caching strategies for the backend?,CogniSync_v1.0,Ranking Error,1
How do I implement OAuth2 token refresh for the backend?,CogniSync_v1.0,Ranking Error,1
How do I implement JWT authentication flow for the backend?,CogniSync_v1.0,Ranking Error,1
How do I implement Redis caching strategies for the backend?,CogniSync_v1.0,Ranking Error,1
How do I implement JWT authentication flow for the backend?,CogniSync_v1.0,Ranking Error,1
How do I implement OAuth2 token refresh for the backend?,CogniSync_v1.0,Ranking Error,1
How do I implement schema migrations in PostgreSQL for the backend?,CogniSync_v1.0,Ranking Error,1
How do I implement Kubernetes pod autoscaling for the backend?,CogniSync_v1.0,Ranking Error,1
How do I implement Redis caching strategies for the backend?,CogniSync_v1.0,Ranking Error,1
How do I implement GraphQL query optimization for the backend?,CogniSync_v1.0,Ranking Error,1
How do I implement CI/CD pipeline configuration for the backend?,CogniSync_v1.0,Ranking Error,1
How do I implement GraphQL query optimization for the backend?,CogniSync_v1.0,Ranking Error,1
How do I implement Docker container orchestration for the backend?,CogniSync_v1.0,Ranking Error,1
How do I implement JWT authentication flow for the backend?,CogniSync_v1.0,Ranking Error,1
How do I implement JWT authentication flow for the backend?,CogniSync_v1.0,Ranking Error,1
How do I implement CI/CD pipeline configuration for the backend?,CogniSync_v1.0,Ranking Error,1
How do I implement Docker container orchestration for the backend?,CogniSync_v1.0,Ranking Error,1
How do I implement CI/CD pipeline configuration for the backend?,CogniSync_v1.0,Ranking Error,1
How do I implement CI/CD pipeline configuration for the backend?,CogniSync_v1.0,Ranking Error,1
How do I implement GraphQL query optimization for the backend?,CogniSync_v1.0,Ranking Error,1
How do I implement schema migrations in PostgreSQL for the backend?,CogniSync_v1.0,Ranking Error,1
How do I implement OAuth2 token refresh for the backend?,CogniSync_v1.0,Ranking Error,1
How do I implement CI/CD pipeline configuration for the backend?,CogniSync_v1.0,Ranking Error,1
How do I implement GraphQL query optimization for the backend?,CogniSync_v1.0,Ranking Error,1
How do I implement OAuth2 token refresh for the backend?,CogniSync_v1.0,Ranking Error,1
How do I implement Docker container orchestration for the backend?,CogniSync_v1.0,Ranking Error,1
How do I implement GraphQL query optimization for the backend?,CogniSync_v1.0,Ranking Error,1
How do I implement Kubernetes pod autoscaling for the backend?,CogniSync_v1.0,Ranking Error,1
How do I implement schema migrations in PostgreSQL for the backend?,CogniSync_v1.0,Ranking Error,1
How do I implement Redis caching strategies for the backend?,CogniSync_v1.0,Ranking Error,1
How do I implement Kubernetes pod autoscaling for the backend?,CogniSync_v1.0,Ranking Error,1
How do I implement schema migrations in PostgreSQL for the backend?,CogniSync_v1.0,Ranking Error,1
How do I implement OAuth2 token refresh for the backend?,CogniSync_v1.0,Ranking Error,1
How do I implement GraphQL query optimization for the backend?,CogniSync_v1.0,Ranking Error,1
How do I implement Redis caching strategies for the backend?,CogniSync_v1.0,Ranking Error,1
How do I implement schema migrations in PostgreSQL for the backend?,CogniSync_v1.0,Ranking Error,1
How do I implement OAuth2 token refresh for the backend?,CogniSync_v1.0,Ranking Error,1
How do I implement schema migrations in PostgreSQL for the backend?,CogniSync_v1.0,Ranking Error,1
How do I implement GraphQL query optimization for the backend?,CogniSync_v1.0,Ranking Error,1
How do I implement JWT authentication flow for the backend?,CogniSync_v1.0,Ranking Error,1
How do I implement Docker container orchestration for the backend?,CogniSync_v1.0,Ranking Error,1
How do I implement CI/CD pipeline configuration for the backend?,CogniSync_v1.0,Ranking Error,1
How do I implement Redis caching strategies for the backend?,CogniSync_v1.0,Ranking Error,1
How do I implement GraphQL query optimization for the backend?,CogniSync_v1.0,Ranking Error,1
How do I implement GraphQL query optimization for the backend?,CogniSync_v1.0,Ranking Error,1
How do I implement JWT authentication flow for the backend?,CogniSync_v1.0,Ranking Error,1
How do I implement Redis caching strategies for the backend?,CogniSync_v1.0,Ranking Error,1
How do I implement Docker container orchestration for the backend?,CogniSync_v1.0,Ranking Error,1
How do I implement JWT authentication flow for the backend?,CogniSync_v1.0,Ranking Error,1
How do I implement schema migrations in PostgreSQL for the backend?,CogniSync_v1.0,Ranking Error,1
How do I implement OAuth2 token refresh for the backend?,CogniSync_v1.0,Ranking Error,1
How do I implement Kubernetes pod autoscaling for the backend?,CogniSync_v1.0,Ranking Error,1
How do I implement Docker container orchestration for the backend?,CogniSync_v1.0,Ranking Error,1
How do I implement JWT authentication flow for the backend?,CogniSync_v1.0,Ranking Error,1
How do I implement Redis caching strategies for the backend?,CogniSync_v1.0,Ranking Error,1
How do I implement Redis caching strategies for the backend?,CogniSync_v1.0,Ranking Error,1
How do I implement schema migrations in PostgreSQL for the backend?,CogniSync_v1.0,Ranking Error,1
How do I implement Kubernetes pod autoscaling for the backend?,CogniSync_v1.0,Ranking Error,1
How do I implement CI/CD pipeline configuration for the backend?,CogniSync_v1.0,Ranking Error,1
How do I implement Redis caching strategies for the backend?,CogniSync_v1.0,Ranking Error,1
How do I implement JWT authentication flow for the backend?,CogniSync_v1.0,Ranking Error,1
How do I implement JWT authentication flow for the backend?,CogniSync_v1.0,Ranking Error,1
How do I implement schema migrations in PostgreSQL for the backend?,CogniSync_v1.0,Ranking Error,1
How do I implement schema migrations in PostgreSQL for the backend?,CogniSync_v1.0,Ranking Error,1
How do I implement CI/CD pipeline configuration for the backend?,CogniSync_v1.0,Ranking Error,1
How do I implement Docker container orchestration for the backend?,CogniSync_v1.0,Ranking Error,1
How do I implement Docker container orchestration for the backend?,CogniSync_v1.0,Ranking Error,1
How do I implement Kubernetes pod autoscaling for the backend?,CogniSync_v1.0,Ranking Error,1
How do I implement JWT authentication flow for the backend?,CogniSync_v1.0,Ranking Error,1
How do I implement Docker container orchestration for the backend?,CogniSync_v1.0,Ranking Error,1
How do I implement schema migrations in PostgreSQL for the backend?,CogniSync_v1.0,Ranking Error,1
How do I implement schema migrations in PostgreSQL for the backend?,CogniSync_v1.0,Ranking Error,1
How do I implement GraphQL query optimization for the backend?,CogniSync_v1.0,Ranking Error,1
How do I implement JWT authentication flow for the backend?,CogniSync_v1.0,Ranking Error,1
How do I implement OAuth2 token refresh for the backend?,CogniSync_v1.0,Ranking Error,1
How do I implement schema migrations in PostgreSQL for the backend?,CogniSync_v1.0,Ranking Error,1
How do I implement schema migrations in PostgreSQL for the backend?,CogniSync_v1.0,Ranking Error,1
How do I implement Redis caching strategies for the backend?,CogniSync_v1.0,Ranking Error,1
How do I implement Docker container orchestration for the backend?,CogniSync_v1.0,Ranking Error,1
How do I implement OAuth2 token refresh for the backend?,CogniSync_v1.0,Ranking Error,1
How do I implement OAuth2 token refresh for the backend?,CogniSync_v1.0,Ranking Error,1
How do I implement Kubernetes pod autoscaling for the backend?,CogniSync_v1.0,Ranking Error,1
How do I implement GraphQL query optimization for the backend?,CogniSync_v1.0,Ranking Error,1
How do I implement OAuth2 token refresh for the backend?,CogniSync_v1.0,Ranking Error,1
How do I implement Docker container orchestration for the backend?,CogniSync_v1.0,Ranking Error,1
How do I implement Kubernetes pod autoscaling for the backend?,CogniSync_v1.0,Ranking Error,1
How do I implement CI/CD pipeline configuration for the backend?,CogniSync_v1.0,Ranking Error,1
How do I implement OAuth2 token refresh for the backend?,CogniSync_v1.0,Ranking Error,1
How do I implement schema migrations in PostgreSQL for the backend?,CogniSync_v1.0,Ranking Error,1
How do I implement schema migrations in PostgreSQL for the backend?,CogniSync_v1.0,Ranking Error,1
How do I implement JWT authentication flow for the backend?,CogniSync_v1.0,Ranking Error,1
How do I implement OAuth2 token refresh for the backend?,CogniSync_v1.0,Ranking Error,1
How do I implement Kubernetes pod autoscaling for the backend?,CogniSync_v1.0,Ranking Error,1
How do I implement Kubernetes pod autoscaling for the backend?,CogniSync_v1.0,Ranking Error,1
How do I implement GraphQL query optimization for the backend?,CogniSync_v1.0,Ranking Error,1
How do I implement schema migrations in PostgreSQL for the backend?,CogniSync_v1.0,Ranking Error,1
How do I implement GraphQL query optimization for the backend?,CogniSync_v1.0,Ranking Error,1
How do I implement Docker container orchestration for the backend?,CogniSync_v1.0,Ranking Error,1
How do I implement Redis caching strategies for the backend?,CogniSync_v1.0,Ranking Error,1
How do I implement CI/CD pipeline configuration for the backend?,CogniSync_v1.0,Ranking Error,1
How do I implement Docker container orchestration for the backend?,CogniSync_v1.0,Ranking Error,1
How do I implement GraphQL query optimization for the backend?,CogniSync_v1.0,Ranking Error,1
How do I implement GraphQL query optimization for the backend?,CogniSync_v1.0,Ranking Error,1
How do I implement Redis caching strategies for the backend?,CogniSync_v1.0,Ranking Error,1
How do I implement Docker container orchestration for the backend?,CogniSync_v1.0,Ranking Error,1
How do I implement Kubernetes pod autoscaling for the backend?,CogniSync_v1.0,Ranking Error,1
How do I implement Redis caching strategies for the backend?,CogniSync_v1.0,Ranking Error,1
How do I implement schema migrations in PostgreSQL for the backend?,CogniSync_v1.0,Ranking Error,1
How do I implement schema migrations in PostgreSQL for the backend?,CogniSync_v1.0,Ranking Error,1
How do I implement Redis caching strategies for the backend?,CogniSync_v1.0,Ranking Error,1
How do I implement JWT authentication flow for the backend?,CogniSync_v1.0,Ranking Error,1
How do I implement Kubernetes pod autoscaling for the backend?,CogniSync_v1.0,Ranking Error,1
How do I implement Docker container orchestration for the backend?,CogniSync_v1.0,Ranking Error,1
How do I implement OAuth2 token refresh for the backend?,CogniSync_v1.0,Ranking Error,1
How do I implement GraphQL query optimization for the backend?,CogniSync_v1.0,Ranking Error,1
How do I implement Docker container orchestration for the backend?,CogniSync_v1.0,Ranking Error,1
How do I implement schema migrations in PostgreSQL for the backend?,CogniSync_v1.0,Ranking Error,1
How do I implement OAuth2 token refresh for the backend?,CogniSync_v1.0,Ranking Error,1
How do I implement GraphQL query optimization for the backend?,CogniSync_v1.0,Ranking Error,1
How do I implement Kubernetes pod autoscaling for the backend?,CogniSync_v1.0,Ranking Error,1
How do I implement GraphQL query optimization for the backend?,CogniSync_v1.0,Ranking Error,1
How do I implement CI/CD pipeline configuration for the backend?,CogniSync_v1.0,Ranking Error,1
How do I implement schema migrations in PostgreSQL for the backend?,CogniSync_v1.0,Ranking Error,1
How do I implement GraphQL query optimization for the backend?,CogniSync_v1.0,Ranking Error,1
How do I implement JWT authentication flow for the backend?,CogniSync_v1.0,Ranking Error,1
How do I implement Kubernetes pod autoscaling for the backend?,CogniSync_v1.0,Ranking Error,1
How do I implement GraphQL query optimization for the backend?,CogniSync_v1.0,Ranking Error,1
How do I implement Kubernetes pod autoscaling for the backend?,CogniSync_v1.0,Ranking Error,1
How do I implement schema migrations in PostgreSQL for the backend?,CogniSync_v1.0,Ranking Error,1
How do I implement schema migrations in PostgreSQL for the backend?,CogniSync_v1.0,Ranking Error,1
How do I implement schema migrations in PostgreSQL for the backend?,CogniSync_v1.0,Ranking Error,1
How do I implement JWT authentication flow for the backend?,CogniSync_v1.0,Ranking Error,1
How do I implement Redis caching strategies for the backend?,CogniSync_v1.0,Ranking Error,1
How do I implement Redis caching strategies for the backend?,CogniSync_v1.0,Ranking Error,1
How do I implement OAuth2 token refresh for the backend?,CogniSync_v1.0,Ranking Error,1
How do I implement OAuth2 token refresh for the backend?,CogniSync_v1.0,Ranking Error,1
How do I implement Kubernetes pod autoscaling for the backend?,CogniSync_v1.0,Ranking Error,1
How do I implement Docker container orchestration for the backend?,CogniSync_v1.0,Ranking Error,1
How do I implement Docker container orchestration for the backend?,CogniSync_v1.0,Ranking Error,1
How do I implement GraphQL query optimization for the backend?,CogniSync_v1.0,Ranking Error,1
How do I implement schema migrations in PostgreSQL for the backend?,CogniSync_v1.0,Ranking Error,1
How do I implement CI/CD pipeline configuration for the backend?,CogniSync_v1.0,Ranking Error,1
How do I implement OAuth2 token refresh for the backend?,CogniSync_v1.0,Ranking Error,1
How do I implement Redis caching strategies for the backend?,CogniSync_v1.0,Ranking Error,1
How do I implement Redis caching strategies for the backend?,CogniSync_v1.0,Ranking Error,1
How do I implement JWT authentication flow for the backend?,CogniSync_v1.0,Ranking Error,1
How do I implement OAuth2 token refresh for the backend?,CogniSync_v1.0,Ranking Error,1
How do I implement OAuth2 token refresh for the backend?,CogniSync_v1.0,Ranking Error,1
How do I implement Redis caching strategies for the backend?,CogniSync_v1.0,Ranking Error,1
How do I implement schema migrations in PostgreSQL for the backend?,CogniSync_v1.0,Ranking Error,1
How do I implement OAuth2 token refresh for the backend?,CogniSync_v1.0,Ranking Error,1
How do I implement Redis caching strategies for the backend?,CogniSync_v1.0,Ranking Error,1
How do I implement Docker container orchestration for the backend?,CogniSync_v1.0,Ranking Error,1
How do I implement OAuth2 token refresh for the backend?,CogniSync_v1.0,Ranking Error,1
How do I implement JWT authentication flow for the backend?,CogniSync_v1.0,Ranking Error,1
How do I implement schema migrations in PostgreSQL for the backend?,CogniSync_v1.0,Ranking Error,1
How do I implement Kubernetes pod autoscaling for the backend?,CogniSync_v1.0,Ranking Error,1
How do I implement schema migrations in PostgreSQL for the backend?,CogniSync_v1.0,Ranking Error,1
How do I implement schema migrations in PostgreSQL for the backend?,CogniSync_v1.0,Ranking Error,1
How do I implement GraphQL query optimization for the backend?,CogniSync_v1.0,Ranking Error,1
How do I implement Docker container orchestration for the backend?,CogniSync_v1.0,Ranking Error,1
